ggml_metal_device_init: testing tensor API for f16 support
ggml_metal_library_compile_pipeline: compiling pipeline: base = 'dummy_kernel', name = 'dummy_kernel'
ggml_metal_library_compile_pipeline: loaded dummy_kernel                                  0x106955140 | th_max = 1024 | th_width =   32
ggml_metal_device_init: testing tensor API for bfloat support
ggml_metal_library_compile_pipeline: compiling pipeline: base = 'dummy_kernel', name = 'dummy_kernel'
ggml_metal_library_compile_pipeline: loaded dummy_kernel                                  0x106954380 | th_max = 1024 | th_width =   32
ggml_metal_library_init: using embedded metal library
ggml_metal_library_compile_all: compiled 'fa_aux' library in 0.000 sec
ggml_metal_library_compile_all: compiled 'fa_f16' library in 0.003 sec
ggml_metal_library_compile_all: compiled 'fa_f32' library in 0.002 sec
ggml_metal_library_compile_all: compiled 'fa_q4_0' library in 0.008 sec
ggml_metal_library_compile_all: compiled 'fa_q4_1' library in 0.000 sec
ggml_metal_library_compile_all: compiled 'fa_q5_0' library in 0.002 sec
ggml_metal_library_compile_all: compiled 'fa_q5_1' library in 0.008 sec
ggml_metal_library_compile_all: compiled 'fa_q8_0' library in 0.002 sec
ggml_metal_library_compile_all: compiled 'fa_vec_f16' library in 0.011 sec
ggml_metal_library_compile_all: compiled 'fa_vec_f32' library in 0.010 sec
ggml_metal_library_compile_all: compiled 'fa_vec_q4_0' library in 0.010 sec
ggml_metal_library_compile_all: compiled 'fa_vec_q4_1' library in 0.009 sec
ggml_metal_library_compile_all: compiled 'fa_vec_q5_0' library in 0.007 sec
ggml_metal_library_compile_all: compiled 'fa_vec_q5_1' library in 0.001 sec
ggml_metal_library_compile_all: compiled 'fa_vec_q8_0' library in 0.006 sec
ggml_metal_library_compile_all: compiled 'mul_mv' library in 0.004 sec
ggml_metal_library_compile_all: compiled 'mul_mv_mma' library in 0.003 sec
ggml_metal_library_compile_all: compiled 'mul_mm' library in 0.005 sec
ggml_metal_library_compile_all: compiled 'quantize' library in 0.005 sec
ggml_metal_library_compile_all: compiled 'softmax' library in 0.005 sec
ggml_metal_library_compile_all: compiled 'norm' library in 0.002 sec
ggml_metal_library_compile_all: compiled 'unary' library in 0.008 sec
ggml_metal_library_compile_all: compiled 'binbcast' library in 0.008 sec
ggml_metal_library_compile_all: compiled 'reduce' library in 0.007 sec
ggml_metal_library_compile_all: compiled 'tri' library in 0.005 sec
ggml_metal_library_compile_all: compiled 'ssm' library in 0.005 sec
ggml_metal_library_compile_all: compiled 'wkv' library in 0.005 sec
ggml_metal_library_compile_all: compiled 'gated_delta_net' library in 0.009 sec
ggml_metal_library_compile_all: compiled 'solve_tri' library in 0.009 sec
ggml_metal_library_compile_all: compiled 'rope' library in 0.004 sec
ggml_metal_library_compile_all: compiled 'conv' library in 0.004 sec
ggml_metal_library_compile_all: compiled 'upscale' library in 0.007 sec
ggml_metal_library_compile_all: compiled 'argsort' library in 0.007 sec
ggml_metal_library_compile_all: compiled 'pool' library in 0.008 sec
ggml_metal_library_compile_all: compiled 'misc' library in 0.007 sec
ggml_metal_library_compile_all: loaded 35 libraries from embedded data in 0.011 sec (max single = 0.011 sec)
ggml_metal_rsets_init: creating a residency set collection (keep_alive = 180 s)
ggml_metal_device_init: GPU name:   MTL0 (Apple M5 Pro)
ggml_metal_device_init: GPU family: MTLGPUFamilyApple10  (1010)
ggml_metal_device_init: GPU family: MTLGPUFamilyMetal4  (5002)
ggml_metal_device_init: simdgroup reduction   = true
ggml_metal_device_init: simdgroup matrix mul. = true
ggml_metal_device_init: has unified memory    = true
ggml_metal_device_init: has bfloat            = true
ggml_metal_device_init: has tensor            = true
ggml_metal_device_init: use residency sets    = true
ggml_metal_device_init: use shared buffers    = true
ggml_metal_device_init: recommendedMaxWorkingSetSize  = 40200.90 MB
ggml_metal_init: allocating
ggml_metal_init: found device: Apple M5 Pro
ggml_metal_init: picking default device: Apple M5 Pro
ggml_metal_init: use fusion         = true
ggml_metal_init: use concurrency    = true
ggml_metal_init: use graph optimize = true
M5_OP_SHAPE {"dst":[248320,1,1,1],"family":"head","routing":"none","rows":1,"src0":[2560,248320,1,1],"src1":[2560,1,1,1],"type":"q5_K"}
M5_OP_SHAPE {"dst":[248320,2,1,1],"family":"head","routing":"none","rows":2,"src0":[2560,248320,1,1],"src1":[2560,2,1,1],"type":"q5_K"}
M5_OP_SHAPE {"dst":[248320,3,1,1],"family":"head","routing":"none","rows":3,"src0":[2560,248320,1,1],"src1":[2560,3,1,1],"type":"q5_K"}
M5_OP_SHAPE {"dst":[248320,4,1,1],"family":"head","routing":"none","rows":4,"src0":[2560,248320,1,1],"src1":[2560,4,1,1],"type":"q5_K"}
M5_OP_SHAPE {"dst":[248320,5,1,1],"family":"head","routing":"none","rows":5,"src0":[2560,248320,1,1],"src1":[2560,5,1,1],"type":"q5_K"}
M5_OP_CALL {"cache":"unflushed","family":"head","graph":1,"phase":"warmup","routing":"none","rows":1,"sample":-3,"unique_experts":0}
ggml_metal_library_compile_pipeline: compiling pipeline: base = 'kernel_mul_mv_q5_K_f32', name = 'kernel_mul_mv_q5_K_f32_nsg=2_ne12=1_r2=1_r3=1_split=0'
ggml_metal_library_compile_pipeline: loaded kernel_mul_mv_q5_K_f32_nsg=2_ne12=1_r2=1_r3=1_split=0      0x106955280 | th_max = 1024 | th_width =   32
M5_PROFILE {"context":"78b91e8780","graph":1,"cb":1,"original_nodes":1,"gpu_start_s":92303.125476875,"gpu_end_s":92303.132777667,"gpu_ms":7.300792,"valid":true,"completed":true,"op_counts":{"MUL_MAT":1}}
M5_OP_CALL {"cache":"unflushed","family":"head","graph":2,"phase":"warmup","routing":"none","rows":1,"sample":-2,"unique_experts":0}
M5_PROFILE {"context":"78b91e8780","graph":2,"cb":1,"original_nodes":1,"gpu_start_s":92303.133105375,"gpu_end_s":92303.136374750,"gpu_ms":3.269375,"valid":true,"completed":true,"op_counts":{"MUL_MAT":1}}
M5_OP_CALL {"cache":"unflushed","family":"head","graph":3,"phase":"warmup","routing":"none","rows":1,"sample":-1,"unique_experts":0}
M5_PROFILE {"context":"78b91e8780","graph":3,"cb":1,"original_nodes":1,"gpu_start_s":92303.136619375,"gpu_end_s":92303.138164500,"gpu_ms":1.545125,"valid":true,"completed":true,"op_counts":{"MUL_MAT":1}}
M5_OP_CALL {"cache":"unflushed","family":"head","graph":4,"phase":"measure","routing":"none","rows":1,"sample":0,"unique_experts":0}
M5_PROFILE {"context":"78b91e8780","graph":4,"cb":1,"original_nodes":1,"gpu_start_s":92303.138365625,"gpu_end_s":92303.140065375,"gpu_ms":1.699750,"valid":true,"completed":true,"op_counts":{"MUL_MAT":1}}
M5_OP_CALL {"cache":"unflushed","family":"head","graph":5,"phase":"measure","routing":"none","rows":1,"sample":1,"unique_experts":0}
M5_PROFILE {"context":"78b91e8780","graph":5,"cb":1,"original_nodes":1,"gpu_start_s":92303.140257875,"gpu_end_s":92303.141774250,"gpu_ms":1.516375,"valid":true,"completed":true,"op_counts":{"MUL_MAT":1}}
M5_OP_CALL {"cache":"unflushed","family":"head","graph":6,"phase":"measure","routing":"none","rows":1,"sample":2,"unique_experts":0}
M5_PROFILE {"context":"78b91e8780","graph":6,"cb":1,"original_nodes":1,"gpu_start_s":92303.142044375,"gpu_end_s":92303.143549167,"gpu_ms":1.504792,"valid":true,"completed":true,"op_counts":{"MUL_MAT":1}}
M5_OP_CALL {"cache":"unflushed","family":"head","graph":7,"phase":"measure","routing":"none","rows":1,"sample":3,"unique_experts":0}
M5_PROFILE {"context":"78b91e8780","graph":7,"cb":1,"original_nodes":1,"gpu_start_s":92303.143759000,"gpu_end_s":92303.145264542,"gpu_ms":1.505542,"valid":true,"completed":true,"op_counts":{"MUL_MAT":1}}
M5_OP_CALL {"cache":"unflushed","family":"head","graph":8,"phase":"measure","routing":"none","rows":1,"sample":4,"unique_experts":0}
M5_PROFILE {"context":"78b91e8780","graph":8,"cb":1,"original_nodes":1,"gpu_start_s":92303.145507250,"gpu_end_s":92303.147020000,"gpu_ms":1.512750,"valid":true,"completed":true,"op_counts":{"MUL_MAT":1}}
M5_OP_CALL {"cache":"unflushed","family":"head","graph":9,"phase":"measure","routing":"none","rows":1,"sample":5,"unique_experts":0}
M5_PROFILE {"context":"78b91e8780","graph":9,"cb":1,"original_nodes":1,"gpu_start_s":92303.147194125,"gpu_end_s":92303.148898500,"gpu_ms":1.704375,"valid":true,"completed":true,"op_counts":{"MUL_MAT":1}}
M5_OP_CALL {"cache":"unflushed","family":"head","graph":10,"phase":"measure","routing":"none","rows":1,"sample":6,"unique_experts":0}
M5_PROFILE {"context":"78b91e8780","graph":10,"cb":1,"original_nodes":1,"gpu_start_s":92303.149157667,"gpu_end_s":92303.150673250,"gpu_ms":1.515583,"valid":true,"completed":true,"op_counts":{"MUL_MAT":1}}
M5_OP_CALL {"cache":"unflushed","family":"head","graph":11,"phase":"measure","routing":"none","rows":1,"sample":7,"unique_experts":0}
M5_PROFILE {"context":"78b91e8780","graph":11,"cb":1,"original_nodes":1,"gpu_start_s":92303.150929625,"gpu_end_s":92303.152431625,"gpu_ms":1.502000,"valid":true,"completed":true,"op_counts":{"MUL_MAT":1}}
M5_OP_CALL {"cache":"unflushed","family":"head","graph":12,"phase":"measure","routing":"none","rows":1,"sample":8,"unique_experts":0}
M5_PROFILE {"context":"78b91e8780","graph":12,"cb":1,"original_nodes":1,"gpu_start_s":92303.152722917,"gpu_end_s":92303.154231250,"gpu_ms":1.508333,"valid":true,"completed":true,"op_counts":{"MUL_MAT":1}}
M5_OP_CALL {"cache":"unflushed","family":"head","graph":13,"phase":"measure","routing":"none","rows":1,"sample":9,"unique_experts":0}
M5_PROFILE {"context":"78b91e8780","graph":13,"cb":1,"original_nodes":1,"gpu_start_s":92303.154443250,"gpu_end_s":92303.156147875,"gpu_ms":1.704625,"valid":true,"completed":true,"op_counts":{"MUL_MAT":1}}
M5_OP_CALL {"cache":"unflushed","family":"head","graph":14,"phase":"measure","routing":"none","rows":1,"sample":10,"unique_experts":0}
M5_PROFILE {"context":"78b91e8780","graph":14,"cb":1,"original_nodes":1,"gpu_start_s":92303.156378792,"gpu_end_s":92303.157892000,"gpu_ms":1.513208,"valid":true,"completed":true,"op_counts":{"MUL_MAT":1}}
M5_OP_CALL {"cache":"unflushed","family":"head","graph":15,"phase":"measure","routing":"none","rows":1,"sample":11,"unique_experts":0}
M5_PROFILE {"context":"78b91e8780","graph":15,"cb":1,"original_nodes":1,"gpu_start_s":92303.158076750,"gpu_end_s":92303.159592625,"gpu_ms":1.515875,"valid":true,"completed":true,"op_counts":{"MUL_MAT":1}}
M5_OP_CALL {"cache":"unflushed","family":"head","graph":16,"phase":"measure","routing":"none","rows":1,"sample":12,"unique_experts":0}
M5_PROFILE {"context":"78b91e8780","graph":16,"cb":1,"original_nodes":1,"gpu_start_s":92303.159901375,"gpu_end_s":92303.161404500,"gpu_ms":1.503125,"valid":true,"completed":true,"op_counts":{"MUL_MAT":1}}
M5_OP_CALL {"cache":"unflushed","family":"head","graph":17,"phase":"measure","routing":"none","rows":1,"sample":13,"unique_experts":0}
M5_PROFILE {"context":"78b91e8780","graph":17,"cb":1,"original_nodes":1,"gpu_start_s":92303.161638417,"gpu_end_s":92303.163152750,"gpu_ms":1.514333,"valid":true,"completed":true,"op_counts":{"MUL_MAT":1}}
M5_OP_CALL {"cache":"unflushed","family":"head","graph":18,"phase":"measure","routing":"none","rows":1,"sample":14,"unique_experts":0}
M5_PROFILE {"context":"78b91e8780","graph":18,"cb":1,"original_nodes":1,"gpu_start_s":92303.163386000,"gpu_end_s":92303.165096625,"gpu_ms":1.710625,"valid":true,"completed":true,"op_counts":{"MUL_MAT":1}}
M5_OP_CALL {"cache":"unflushed","family":"head","graph":19,"phase":"measure","routing":"none","rows":1,"sample":15,"unique_experts":0}
M5_PROFILE {"context":"78b91e8780","graph":19,"cb":1,"original_nodes":1,"gpu_start_s":92303.165387375,"gpu_end_s":92303.166901250,"gpu_ms":1.513875,"valid":true,"completed":true,"op_counts":{"MUL_MAT":1}}
M5_OP_CALL {"cache":"unflushed","family":"head","graph":20,"phase":"measure","routing":"none","rows":1,"sample":16,"unique_experts":0}
M5_PROFILE {"context":"78b91e8780","graph":20,"cb":1,"original_nodes":1,"gpu_start_s":92303.167190125,"gpu_end_s":92303.168694250,"gpu_ms":1.504125,"valid":true,"completed":true,"op_counts":{"MUL_MAT":1}}
M5_OP_CALL {"cache":"unflushed","family":"head","graph":21,"phase":"measure","routing":"none","rows":1,"sample":17,"unique_experts":0}
M5_PROFILE {"context":"78b91e8780","graph":21,"cb":1,"original_nodes":1,"gpu_start_s":92303.168872875,"gpu_end_s":92303.170378292,"gpu_ms":1.505417,"valid":true,"completed":true,"op_counts":{"MUL_MAT":1}}
M5_OP_CALL {"cache":"unflushed","family":"head","graph":22,"phase":"measure","routing":"none","rows":1,"sample":18,"unique_experts":0}
M5_PROFILE {"context":"78b91e8780","graph":22,"cb":1,"original_nodes":1,"gpu_start_s":92303.170612625,"gpu_end_s":92303.172319125,"gpu_ms":1.706500,"valid":true,"completed":true,"op_counts":{"MUL_MAT":1}}
M5_OP_CALL {"cache":"unflushed","family":"head","graph":23,"phase":"measure","routing":"none","rows":1,"sample":19,"unique_experts":0}
M5_PROFILE {"context":"78b91e8780","graph":23,"cb":1,"original_nodes":1,"gpu_start_s":92303.172569417,"gpu_end_s":92303.174077500,"gpu_ms":1.508083,"valid":true,"completed":true,"op_counts":{"MUL_MAT":1}}
M5_OP_CALL {"cache":"unflushed","family":"head","graph":24,"phase":"measure","routing":"none","rows":1,"sample":20,"unique_experts":0}
M5_PROFILE {"context":"78b91e8780","graph":24,"cb":1,"original_nodes":1,"gpu_start_s":92303.174312625,"gpu_end_s":92303.175825875,"gpu_ms":1.513250,"valid":true,"completed":true,"op_counts":{"MUL_MAT":1}}
M5_OP_CALL {"cache":"unflushed","family":"head","graph":25,"phase":"measure","routing":"none","rows":1,"sample":21,"unique_experts":0}
M5_PROFILE {"context":"78b91e8780","graph":25,"cb":1,"original_nodes":1,"gpu_start_s":92303.176066000,"gpu_end_s":92303.177573417,"gpu_ms":1.507417,"valid":true,"completed":true,"op_counts":{"MUL_MAT":1}}
M5_OP_CALL {"cache":"unflushed","family":"head","graph":26,"phase":"measure","routing":"none","rows":1,"sample":22,"unique_experts":0}
M5_PROFILE {"context":"78b91e8780","graph":26,"cb":1,"original_nodes":1,"gpu_start_s":92303.177759500,"gpu_end_s":92303.179272750,"gpu_ms":1.513250,"valid":true,"completed":true,"op_counts":{"MUL_MAT":1}}
M5_OP_CALL {"cache":"unflushed","family":"head","graph":27,"phase":"measure","routing":"none","rows":1,"sample":23,"unique_experts":0}
M5_PROFILE {"context":"78b91e8780","graph":27,"cb":1,"original_nodes":1,"gpu_start_s":92303.179444625,"gpu_end_s":92303.181151500,"gpu_ms":1.706875,"valid":true,"completed":true,"op_counts":{"MUL_MAT":1}}
M5_OP_CALL {"cache":"unflushed","family":"head","graph":28,"phase":"measure","routing":"none","rows":1,"sample":24,"unique_experts":0}
M5_PROFILE {"context":"78b91e8780","graph":28,"cb":1,"original_nodes":1,"gpu_start_s":92303.181328875,"gpu_end_s":92303.182835792,"gpu_ms":1.506917,"valid":true,"completed":true,"op_counts":{"MUL_MAT":1}}
M5_OP_CALL {"cache":"unflushed","family":"head","graph":29,"phase":"measure","routing":"none","rows":1,"sample":25,"unique_experts":0}
M5_PROFILE {"context":"78b91e8780","graph":29,"cb":1,"original_nodes":1,"gpu_start_s":92303.183085792,"gpu_end_s":92303.184598250,"gpu_ms":1.512458,"valid":true,"completed":true,"op_counts":{"MUL_MAT":1}}
M5_OP_CALL {"cache":"unflushed","family":"head","graph":30,"phase":"measure","routing":"none","rows":1,"sample":26,"unique_experts":0}
M5_PROFILE {"context":"78b91e8780","graph":30,"cb":1,"original_nodes":1,"gpu_start_s":92303.184900042,"gpu_end_s":92303.186405500,"gpu_ms":1.505458,"valid":true,"completed":true,"op_counts":{"MUL_MAT":1}}
M5_OP_CALL {"cache":"unflushed","family":"head","graph":31,"phase":"measure","routing":"none","rows":1,"sample":27,"unique_experts":0}
M5_PROFILE {"context":"78b91e8780","graph":31,"cb":1,"original_nodes":1,"gpu_start_s":92303.186641667,"gpu_end_s":92303.188156292,"gpu_ms":1.514625,"valid":true,"completed":true,"op_counts":{"MUL_MAT":1}}
M5_OP_CALL {"cache":"unflushed","family":"head","graph":32,"phase":"measure","routing":"none","rows":1,"sample":28,"unique_experts":0}
M5_PROFILE {"context":"78b91e8780","graph":32,"cb":1,"original_nodes":1,"gpu_start_s":92303.188387917,"gpu_end_s":92303.190102417,"gpu_ms":1.714500,"valid":true,"completed":true,"op_counts":{"MUL_MAT":1}}
M5_OP_CALL {"cache":"unflushed","family":"head","graph":33,"phase":"measure","routing":"none","rows":1,"sample":29,"unique_experts":0}
M5_PROFILE {"context":"78b91e8780","graph":33,"cb":1,"original_nodes":1,"gpu_start_s":92303.190274625,"gpu_end_s":92303.191793750,"gpu_ms":1.519125,"valid":true,"completed":true,"op_counts":{"MUL_MAT":1}}
M5_OP_CALL {"cache":"unflushed","family":"head","graph":34,"phase":"measure","routing":"none","rows":1,"sample":30,"unique_experts":0}
M5_PROFILE {"context":"78b91e8780","graph":34,"cb":1,"original_nodes":1,"gpu_start_s":92303.192052750,"gpu_end_s":92303.193559625,"gpu_ms":1.506875,"valid":true,"completed":true,"op_counts":{"MUL_MAT":1}}
M5_OP_CALL {"cache":"unflushed","family":"head","graph":35,"phase":"measure","routing":"none","rows":1,"sample":31,"unique_experts":0}
M5_PROFILE {"context":"78b91e8780","graph":35,"cb":1,"original_nodes":1,"gpu_start_s":92303.193755667,"gpu_end_s":92303.195262500,"gpu_ms":1.506833,"valid":true,"completed":true,"op_counts":{"MUL_MAT":1}}
M5_OP_CALL {"cache":"unflushed","family":"head","graph":36,"phase":"measure","routing":"none","rows":1,"sample":32,"unique_experts":0}
M5_PROFILE {"context":"78b91e8780","graph":36,"cb":1,"original_nodes":1,"gpu_start_s":92303.195493000,"gpu_end_s":92303.197182375,"gpu_ms":1.689375,"valid":true,"completed":true,"op_counts":{"MUL_MAT":1}}
M5_OP_CALL {"cache":"unflushed","family":"head","graph":37,"phase":"measure","routing":"none","rows":1,"sample":33,"unique_experts":0}
M5_PROFILE {"context":"78b91e8780","graph":37,"cb":1,"original_nodes":1,"gpu_start_s":92303.197405792,"gpu_end_s":92303.198924667,"gpu_ms":1.518875,"valid":true,"completed":true,"op_counts":{"MUL_MAT":1}}
M5_OP_CALL {"cache":"unflushed","family":"head","graph":38,"phase":"measure","routing":"none","rows":1,"sample":34,"unique_experts":0}
M5_PROFILE {"context":"78b91e8780","graph":38,"cb":1,"original_nodes":1,"gpu_start_s":92303.199156000,"gpu_end_s":92303.200734500,"gpu_ms":1.578500,"valid":true,"completed":true,"op_counts":{"MUL_MAT":1}}
M5_OP_CALL {"cache":"unflushed","family":"head","graph":39,"phase":"measure","routing":"none","rows":1,"sample":35,"unique_experts":0}
M5_PROFILE {"context":"78b91e8780","graph":39,"cb":1,"original_nodes":1,"gpu_start_s":92303.200972625,"gpu_end_s":92303.202471292,"gpu_ms":1.498667,"valid":true,"completed":true,"op_counts":{"MUL_MAT":1}}
M5_OP_CALL {"cache":"unflushed","family":"head","graph":40,"phase":"measure","routing":"none","rows":1,"sample":36,"unique_experts":0}
M5_PROFILE {"context":"78b91e8780","graph":40,"cb":1,"original_nodes":1,"gpu_start_s":92303.202759667,"gpu_end_s":92303.204270375,"gpu_ms":1.510708,"valid":true,"completed":true,"op_counts":{"MUL_MAT":1}}
M5_OP_CALL {"cache":"unflushed","family":"head","graph":41,"phase":"measure","routing":"none","rows":1,"sample":37,"unique_experts":0}
M5_PROFILE {"context":"78b91e8780","graph":41,"cb":1,"original_nodes":1,"gpu_start_s":92303.204503417,"gpu_end_s":92303.206205000,"gpu_ms":1.701583,"valid":true,"completed":true,"op_counts":{"MUL_MAT":1}}
M5_OP_CALL {"cache":"unflushed","family":"head","graph":42,"phase":"measure","routing":"none","rows":1,"sample":38,"unique_experts":0}
M5_PROFILE {"context":"78b91e8780","graph":42,"cb":1,"original_nodes":1,"gpu_start_s":92303.206453625,"gpu_end_s":92303.207955417,"gpu_ms":1.501792,"valid":true,"completed":true,"op_counts":{"MUL_MAT":1}}
M5_OP_CALL {"cache":"unflushed","family":"head","graph":43,"phase":"measure","routing":"none","rows":1,"sample":39,"unique_experts":0}
M5_PROFILE {"context":"78b91e8780","graph":43,"cb":1,"original_nodes":1,"gpu_start_s":92303.208200375,"gpu_end_s":92303.209710500,"gpu_ms":1.510125,"valid":true,"completed":true,"op_counts":{"MUL_MAT":1}}
M5_OP_CALL {"family":"head","graph":44,"phase":"cache-pressure","rows":1}
ggml_metal_library_compile_pipeline: compiling pipeline: base = 'kernel_unary_f32_f32_4', name = 'kernel_unary_f32_f32_4_op=13_cnt=0'
ggml_metal_library_compile_pipeline: loaded kernel_unary_f32_f32_4_op=13_cnt=0           0x78b9244700 | th_max = 1024 | th_width =   32
M5_PROFILE {"context":"78b91e8780","graph":44,"cb":1,"original_nodes":1,"gpu_start_s":92303.210115667,"gpu_end_s":92303.211090292,"gpu_ms":0.974625,"valid":true,"completed":true,"op_counts":{"SQR":1}}
M5_OP_CALL {"cache":"pressure-128MiB","family":"head","graph":45,"phase":"warmup","routing":"none","rows":1,"sample":-3,"unique_experts":0}
M5_PROFILE {"context":"78b91e8780","graph":45,"cb":1,"original_nodes":1,"gpu_start_s":92303.211318500,"gpu_end_s":92303.212846125,"gpu_ms":1.527625,"valid":true,"completed":true,"op_counts":{"MUL_MAT":1}}
M5_OP_CALL {"family":"head","graph":46,"phase":"cache-pressure","rows":1}
M5_PROFILE {"context":"78b91e8780","graph":46,"cb":1,"original_nodes":1,"gpu_start_s":92303.213018667,"gpu_end_s":92303.214178750,"gpu_ms":1.160083,"valid":true,"completed":true,"op_counts":{"SQR":1}}
M5_OP_CALL {"cache":"pressure-128MiB","family":"head","graph":47,"phase":"warmup","routing":"none","rows":1,"sample":-2,"unique_experts":0}
M5_PROFILE {"context":"78b91e8780","graph":47,"cb":1,"original_nodes":1,"gpu_start_s":92303.214436375,"gpu_end_s":92303.215955542,"gpu_ms":1.519167,"valid":true,"completed":true,"op_counts":{"MUL_MAT":1}}
M5_OP_CALL {"family":"head","graph":48,"phase":"cache-pressure","rows":1}
M5_PROFILE {"context":"78b91e8780","graph":48,"cb":1,"original_nodes":1,"gpu_start_s":92303.216181292,"gpu_end_s":92303.217165167,"gpu_ms":0.983875,"valid":true,"completed":true,"op_counts":{"SQR":1}}
M5_OP_CALL {"cache":"pressure-128MiB","family":"head","graph":49,"phase":"warmup","routing":"none","rows":1,"sample":-1,"unique_experts":0}
M5_PROFILE {"context":"78b91e8780","graph":49,"cb":1,"original_nodes":1,"gpu_start_s":92303.217364000,"gpu_end_s":92303.218880625,"gpu_ms":1.516625,"valid":true,"completed":true,"op_counts":{"MUL_MAT":1}}
M5_OP_CALL {"family":"head","graph":50,"phase":"cache-pressure","rows":1}
M5_PROFILE {"context":"78b91e8780","graph":50,"cb":1,"original_nodes":1,"gpu_start_s":92303.219128000,"gpu_end_s":92303.220104417,"gpu_ms":0.976417,"valid":true,"completed":true,"op_counts":{"SQR":1}}
M5_OP_CALL {"cache":"pressure-128MiB","family":"head","graph":51,"phase":"measure","routing":"none","rows":1,"sample":0,"unique_experts":0}
M5_PROFILE {"context":"78b91e8780","graph":51,"cb":1,"original_nodes":1,"gpu_start_s":92303.220326125,"gpu_end_s":92303.222032000,"gpu_ms":1.705875,"valid":true,"completed":true,"op_counts":{"MUL_MAT":1}}
M5_OP_CALL {"family":"head","graph":52,"phase":"cache-pressure","rows":1}
M5_PROFILE {"context":"78b91e8780","graph":52,"cb":1,"original_nodes":1,"gpu_start_s":92303.222289000,"gpu_end_s":92303.223273792,"gpu_ms":0.984792,"valid":true,"completed":true,"op_counts":{"SQR":1}}
M5_OP_CALL {"cache":"pressure-128MiB","family":"head","graph":53,"phase":"measure","routing":"none","rows":1,"sample":1,"unique_experts":0}
M5_PROFILE {"context":"78b91e8780","graph":53,"cb":1,"original_nodes":1,"gpu_start_s":92303.223522667,"gpu_end_s":92303.225059875,"gpu_ms":1.537208,"valid":true,"completed":true,"op_counts":{"MUL_MAT":1}}
M5_OP_CALL {"family":"head","graph":54,"phase":"cache-pressure","rows":1}
M5_PROFILE {"context":"78b91e8780","graph":54,"cb":1,"original_nodes":1,"gpu_start_s":92303.225353042,"gpu_end_s":92303.226326667,"gpu_ms":0.973625,"valid":true,"completed":true,"op_counts":{"SQR":1}}
M5_OP_CALL {"cache":"pressure-128MiB","family":"head","graph":55,"phase":"measure","routing":"none","rows":1,"sample":2,"unique_experts":0}
M5_PROFILE {"context":"78b91e8780","graph":55,"cb":1,"original_nodes":1,"gpu_start_s":92303.226569125,"gpu_end_s":92303.228089125,"gpu_ms":1.520000,"valid":true,"completed":true,"op_counts":{"MUL_MAT":1}}
M5_OP_CALL {"family":"head","graph":56,"phase":"cache-pressure","rows":1}
M5_PROFILE {"context":"78b91e8780","graph":56,"cb":1,"original_nodes":1,"gpu_start_s":92303.228255750,"gpu_end_s":92303.229233750,"gpu_ms":0.978000,"valid":true,"completed":true,"op_counts":{"SQR":1}}
M5_OP_CALL {"cache":"pressure-128MiB","family":"head","graph":57,"phase":"measure","routing":"none","rows":1,"sample":3,"unique_experts":0}
M5_PROFILE {"context":"78b91e8780","graph":57,"cb":1,"original_nodes":1,"gpu_start_s":92303.229452375,"gpu_end_s":92303.231183917,"gpu_ms":1.731542,"valid":true,"completed":true,"op_counts":{"MUL_MAT":1}}
M5_OP_CALL {"family":"head","graph":58,"phase":"cache-pressure","rows":1}
M5_PROFILE {"context":"78b91e8780","graph":58,"cb":1,"original_nodes":1,"gpu_start_s":92303.231418500,"gpu_end_s":92303.232390375,"gpu_ms":0.971875,"valid":true,"completed":true,"op_counts":{"SQR":1}}
M5_OP_CALL {"cache":"pressure-128MiB","family":"head","graph":59,"phase":"measure","routing":"none","rows":1,"sample":4,"unique_experts":0}
M5_PROFILE {"context":"78b91e8780","graph":59,"cb":1,"original_nodes":1,"gpu_start_s":92303.232633625,"gpu_end_s":92303.234161500,"gpu_ms":1.527875,"valid":true,"completed":true,"op_counts":{"MUL_MAT":1}}
M5_OP_CALL {"family":"head","graph":60,"phase":"cache-pressure","rows":1}
M5_PROFILE {"context":"78b91e8780","graph":60,"cb":1,"original_nodes":1,"gpu_start_s":92303.234385000,"gpu_end_s":92303.235358500,"gpu_ms":0.973500,"valid":true,"completed":true,"op_counts":{"SQR":1}}
M5_OP_CALL {"cache":"pressure-128MiB","family":"head","graph":61,"phase":"measure","routing":"none","rows":1,"sample":5,"unique_experts":0}
M5_PROFILE {"context":"78b91e8780","graph":61,"cb":1,"original_nodes":1,"gpu_start_s":92303.235592750,"gpu_end_s":92303.237112792,"gpu_ms":1.520042,"valid":true,"completed":true,"op_counts":{"MUL_MAT":1}}
M5_OP_CALL {"family":"head","graph":62,"phase":"cache-pressure","rows":1}
M5_PROFILE {"context":"78b91e8780","graph":62,"cb":1,"original_nodes":1,"gpu_start_s":92303.237338125,"gpu_end_s":92303.238318375,"gpu_ms":0.980250,"valid":true,"completed":true,"op_counts":{"SQR":1}}
M5_OP_CALL {"cache":"pressure-128MiB","family":"head","graph":63,"phase":"measure","routing":"none","rows":1,"sample":6,"unique_experts":0}
M5_PROFILE {"context":"78b91e8780","graph":63,"cb":1,"original_nodes":1,"gpu_start_s":92303.238611500,"gpu_end_s":92303.240328125,"gpu_ms":1.716625,"valid":true,"completed":true,"op_counts":{"MUL_MAT":1}}
M5_OP_CALL {"family":"head","graph":64,"phase":"cache-pressure","rows":1}
M5_PROFILE {"context":"78b91e8780","graph":64,"cb":1,"original_nodes":1,"gpu_start_s":92303.240625542,"gpu_end_s":92303.241614375,"gpu_ms":0.988833,"valid":true,"completed":true,"op_counts":{"SQR":1}}
M5_OP_CALL {"cache":"pressure-128MiB","family":"head","graph":65,"phase":"measure","routing":"none","rows":1,"sample":7,"unique_experts":0}
M5_PROFILE {"context":"78b91e8780","graph":65,"cb":1,"original_nodes":1,"gpu_start_s":92303.241862667,"gpu_end_s":92303.243397917,"gpu_ms":1.535250,"valid":true,"completed":true,"op_counts":{"MUL_MAT":1}}
M5_OP_CALL {"family":"head","graph":66,"phase":"cache-pressure","rows":1}
M5_PROFILE {"context":"78b91e8780","graph":66,"cb":1,"original_nodes":1,"gpu_start_s":92303.243559167,"gpu_end_s":92303.244531250,"gpu_ms":0.972083,"valid":true,"completed":true,"op_counts":{"SQR":1}}
M5_OP_CALL {"cache":"pressure-128MiB","family":"head","graph":67,"phase":"measure","routing":"none","rows":1,"sample":8,"unique_experts":0}
M5_PROFILE {"context":"78b91e8780","graph":67,"cb":1,"original_nodes":1,"gpu_start_s":92303.244755500,"gpu_end_s":92303.246285750,"gpu_ms":1.530250,"valid":true,"completed":true,"op_counts":{"MUL_MAT":1}}
M5_OP_CALL {"family":"head","graph":68,"phase":"cache-pressure","rows":1}
M5_PROFILE {"context":"78b91e8780","graph":68,"cb":1,"original_nodes":1,"gpu_start_s":92303.246574250,"gpu_end_s":92303.247730792,"gpu_ms":1.156542,"valid":true,"completed":true,"op_counts":{"SQR":1}}
M5_OP_CALL {"cache":"pressure-128MiB","family":"head","graph":69,"phase":"measure","routing":"none","rows":1,"sample":9,"unique_experts":0}
M5_PROFILE {"context":"78b91e8780","graph":69,"cb":1,"original_nodes":1,"gpu_start_s":92303.247974292,"gpu_end_s":92303.249493292,"gpu_ms":1.519000,"valid":true,"completed":true,"op_counts":{"MUL_MAT":1}}
M5_OP_CALL {"family":"head","graph":70,"phase":"cache-pressure","rows":1}
M5_PROFILE {"context":"78b91e8780","graph":70,"cb":1,"original_nodes":1,"gpu_start_s":92303.249705417,"gpu_end_s":92303.250688250,"gpu_ms":0.982833,"valid":true,"completed":true,"op_counts":{"SQR":1}}
M5_OP_CALL {"cache":"pressure-128MiB","family":"head","graph":71,"phase":"measure","routing":"none","rows":1,"sample":10,"unique_experts":0}
M5_PROFILE {"context":"78b91e8780","graph":71,"cb":1,"original_nodes":1,"gpu_start_s":92303.250869167,"gpu_end_s":92303.252386875,"gpu_ms":1.517708,"valid":true,"completed":true,"op_counts":{"MUL_MAT":1}}
M5_OP_CALL {"family":"head","graph":72,"phase":"cache-pressure","rows":1}
M5_PROFILE {"context":"78b91e8780","graph":72,"cb":1,"original_nodes":1,"gpu_start_s":92303.252682542,"gpu_end_s":92303.253655500,"gpu_ms":0.972958,"valid":true,"completed":true,"op_counts":{"SQR":1}}
M5_OP_CALL {"cache":"pressure-128MiB","family":"head","graph":73,"phase":"measure","routing":"none","rows":1,"sample":11,"unique_experts":0}
M5_PROFILE {"context":"78b91e8780","graph":73,"cb":1,"original_nodes":1,"gpu_start_s":92303.253877375,"gpu_end_s":92303.255593542,"gpu_ms":1.716167,"valid":true,"completed":true,"op_counts":{"MUL_MAT":1}}
M5_OP_CALL {"family":"head","graph":74,"phase":"cache-pressure","rows":1}
M5_PROFILE {"context":"78b91e8780","graph":74,"cb":1,"original_nodes":1,"gpu_start_s":92303.255819417,"gpu_end_s":92303.256795042,"gpu_ms":0.975625,"valid":true,"completed":true,"op_counts":{"SQR":1}}
M5_OP_CALL {"cache":"pressure-128MiB","family":"head","graph":75,"phase":"measure","routing":"none","rows":1,"sample":12,"unique_experts":0}
M5_PROFILE {"context":"78b91e8780","graph":75,"cb":1,"original_nodes":1,"gpu_start_s":92303.257060750,"gpu_end_s":92303.258591292,"gpu_ms":1.530542,"valid":true,"completed":true,"op_counts":{"MUL_MAT":1}}
M5_OP_CALL {"family":"head","graph":76,"phase":"cache-pressure","rows":1}
M5_PROFILE {"context":"78b91e8780","graph":76,"cb":1,"original_nodes":1,"gpu_start_s":92303.258763375,"gpu_end_s":92303.259735667,"gpu_ms":0.972292,"valid":true,"completed":true,"op_counts":{"SQR":1}}
M5_OP_CALL {"cache":"pressure-128MiB","family":"head","graph":77,"phase":"measure","routing":"none","rows":1,"sample":13,"unique_experts":0}
M5_PROFILE {"context":"78b91e8780","graph":77,"cb":1,"original_nodes":1,"gpu_start_s":92303.260035125,"gpu_end_s":92303.261555542,"gpu_ms":1.520417,"valid":true,"completed":true,"op_counts":{"MUL_MAT":1}}
M5_OP_CALL {"family":"head","graph":78,"phase":"cache-pressure","rows":1}
M5_PROFILE {"context":"78b91e8780","graph":78,"cb":1,"original_nodes":1,"gpu_start_s":92303.261777750,"gpu_end_s":92303.262756542,"gpu_ms":0.978792,"valid":true,"completed":true,"op_counts":{"SQR":1}}
M5_OP_CALL {"cache":"pressure-128MiB","family":"head","graph":79,"phase":"measure","routing":"none","rows":1,"sample":14,"unique_experts":0}
M5_PROFILE {"context":"78b91e8780","graph":79,"cb":1,"original_nodes":1,"gpu_start_s":92303.262996875,"gpu_end_s":92303.264718917,"gpu_ms":1.722042,"valid":true,"completed":true,"op_counts":{"MUL_MAT":1}}
M5_OP_CALL {"family":"head","graph":80,"phase":"cache-pressure","rows":1}
M5_PROFILE {"context":"78b91e8780","graph":80,"cb":1,"original_nodes":1,"gpu_start_s":92303.264910750,"gpu_end_s":92303.265885875,"gpu_ms":0.975125,"valid":true,"completed":true,"op_counts":{"SQR":1}}
M5_OP_CALL {"cache":"pressure-128MiB","family":"head","graph":81,"phase":"measure","routing":"none","rows":1,"sample":15,"unique_experts":0}
M5_PROFILE {"context":"78b91e8780","graph":81,"cb":1,"original_nodes":1,"gpu_start_s":92303.266075500,"gpu_end_s":92303.267602875,"gpu_ms":1.527375,"valid":true,"completed":true,"op_counts":{"MUL_MAT":1}}
M5_OP_CALL {"family":"head","graph":82,"phase":"cache-pressure","rows":1}
M5_PROFILE {"context":"78b91e8780","graph":82,"cb":1,"original_nodes":1,"gpu_start_s":92303.267911375,"gpu_end_s":92303.268885667,"gpu_ms":0.974292,"valid":true,"completed":true,"op_counts":{"SQR":1}}
M5_OP_CALL {"cache":"pressure-128MiB","family":"head","graph":83,"phase":"measure","routing":"none","rows":1,"sample":16,"unique_experts":0}
M5_PROFILE {"context":"78b91e8780","graph":83,"cb":1,"original_nodes":1,"gpu_start_s":92303.269115292,"gpu_end_s":92303.270639125,"gpu_ms":1.523833,"valid":true,"completed":true,"op_counts":{"MUL_MAT":1}}
M5_OP_CALL {"family":"head","graph":84,"phase":"cache-pressure","rows":1}
M5_PROFILE {"context":"78b91e8780","graph":84,"cb":1,"original_nodes":1,"gpu_start_s":92303.270856542,"gpu_end_s":92303.271834500,"gpu_ms":0.977958,"valid":true,"completed":true,"op_counts":{"SQR":1}}
M5_OP_CALL {"cache":"pressure-128MiB","family":"head","graph":85,"phase":"measure","routing":"none","rows":1,"sample":17,"unique_experts":0}
M5_PROFILE {"context":"78b91e8780","graph":85,"cb":1,"original_nodes":1,"gpu_start_s":92303.272065667,"gpu_end_s":92303.273778542,"gpu_ms":1.712875,"valid":true,"completed":true,"op_counts":{"MUL_MAT":1}}
M5_OP_CALL {"family":"head","graph":86,"phase":"cache-pressure","rows":1}
M5_PROFILE {"context":"78b91e8780","graph":86,"cb":1,"original_nodes":1,"gpu_start_s":92303.274016167,"gpu_end_s":92303.274990500,"gpu_ms":0.974333,"valid":true,"completed":true,"op_counts":{"SQR":1}}
M5_OP_CALL {"cache":"pressure-128MiB","family":"head","graph":87,"phase":"measure","routing":"none","rows":1,"sample":18,"unique_experts":0}
M5_PROFILE {"context":"78b91e8780","graph":87,"cb":1,"original_nodes":1,"gpu_start_s":92303.275205625,"gpu_end_s":92303.276726500,"gpu_ms":1.520875,"valid":true,"completed":true,"op_counts":{"MUL_MAT":1}}
M5_OP_CALL {"family":"head","graph":88,"phase":"cache-pressure","rows":1}
M5_PROFILE {"context":"78b91e8780","graph":88,"cb":1,"original_nodes":1,"gpu_start_s":92303.276954625,"gpu_end_s":92303.277926375,"gpu_ms":0.971750,"valid":true,"completed":true,"op_counts":{"SQR":1}}
M5_OP_CALL {"cache":"pressure-128MiB","family":"head","graph":89,"phase":"measure","routing":"none","rows":1,"sample":19,"unique_experts":0}
M5_PROFILE {"context":"78b91e8780","graph":89,"cb":1,"original_nodes":1,"gpu_start_s":92303.278203875,"gpu_end_s":92303.279734875,"gpu_ms":1.531000,"valid":true,"completed":true,"op_counts":{"MUL_MAT":1}}
M5_OP_CALL {"family":"head","graph":90,"phase":"cache-pressure","rows":1}
M5_PROFILE {"context":"78b91e8780","graph":90,"cb":1,"original_nodes":1,"gpu_start_s":92303.279988417,"gpu_end_s":92303.280974167,"gpu_ms":0.985750,"valid":true,"completed":true,"op_counts":{"SQR":1}}
M5_OP_CALL {"cache":"pressure-128MiB","family":"head","graph":91,"phase":"measure","routing":"none","rows":1,"sample":20,"unique_experts":0}
M5_PROFILE {"context":"78b91e8780","graph":91,"cb":1,"original_nodes":1,"gpu_start_s":92303.281206625,"gpu_end_s":92303.282727542,"gpu_ms":1.520917,"valid":true,"completed":true,"op_counts":{"MUL_MAT":1}}
M5_OP_CALL {"family":"head","graph":92,"phase":"cache-pressure","rows":1}
M5_PROFILE {"context":"78b91e8780","graph":92,"cb":1,"original_nodes":1,"gpu_start_s":92303.282952500,"gpu_end_s":92303.283948667,"gpu_ms":0.996167,"valid":true,"completed":true,"op_counts":{"SQR":1}}
M5_OP_CALL {"cache":"pressure-128MiB","family":"head","graph":93,"phase":"measure","routing":"none","rows":1,"sample":21,"unique_experts":0}
M5_PROFILE {"context":"78b91e8780","graph":93,"cb":1,"original_nodes":1,"gpu_start_s":92303.284126875,"gpu_end_s":92303.285797375,"gpu_ms":1.670500,"valid":true,"completed":true,"op_counts":{"MUL_MAT":1}}
M5_OP_CALL {"family":"head","graph":94,"phase":"cache-pressure","rows":1}
M5_PROFILE {"context":"78b91e8780","graph":94,"cb":1,"original_nodes":1,"gpu_start_s":92303.285964417,"gpu_end_s":92303.286938000,"gpu_ms":0.973583,"valid":true,"completed":true,"op_counts":{"SQR":1}}
M5_OP_CALL {"cache":"pressure-128MiB","family":"head","graph":95,"phase":"measure","routing":"none","rows":1,"sample":22,"unique_experts":0}
M5_PROFILE {"context":"78b91e8780","graph":95,"cb":1,"original_nodes":1,"gpu_start_s":92303.287167417,"gpu_end_s":92303.288697875,"gpu_ms":1.530458,"valid":true,"completed":true,"op_counts":{"MUL_MAT":1}}
M5_OP_CALL {"family":"head","graph":96,"phase":"cache-pressure","rows":1}
M5_PROFILE {"context":"78b91e8780","graph":96,"cb":1,"original_nodes":1,"gpu_start_s":92303.288938417,"gpu_end_s":92303.289929125,"gpu_ms":0.990708,"valid":true,"completed":true,"op_counts":{"SQR":1}}
M5_OP_CALL {"cache":"pressure-128MiB","family":"head","graph":97,"phase":"measure","routing":"none","rows":1,"sample":23,"unique_experts":0}
M5_PROFILE {"context":"78b91e8780","graph":97,"cb":1,"original_nodes":1,"gpu_start_s":92303.290115667,"gpu_end_s":92303.291642417,"gpu_ms":1.526750,"valid":true,"completed":true,"op_counts":{"MUL_MAT":1}}
M5_OP_CALL {"family":"head","graph":98,"phase":"cache-pressure","rows":1}
M5_PROFILE {"context":"78b91e8780","graph":98,"cb":1,"original_nodes":1,"gpu_start_s":92303.291855417,"gpu_end_s":92303.292913667,"gpu_ms":1.058250,"valid":true,"completed":true,"op_counts":{"SQR":1}}
M5_OP_CALL {"cache":"pressure-128MiB","family":"head","graph":99,"phase":"measure","routing":"none","rows":1,"sample":24,"unique_experts":0}
M5_PROFILE {"context":"78b91e8780","graph":99,"cb":1,"original_nodes":1,"gpu_start_s":92303.293073750,"gpu_end_s":92303.294594417,"gpu_ms":1.520667,"valid":true,"completed":true,"op_counts":{"MUL_MAT":1}}
M5_OP_CALL {"family":"head","graph":100,"phase":"cache-pressure","rows":1}
M5_PROFILE {"context":"78b91e8780","graph":100,"cb":1,"original_nodes":1,"gpu_start_s":92303.294866792,"gpu_end_s":92303.295845875,"gpu_ms":0.979083,"valid":true,"completed":true,"op_counts":{"SQR":1}}
M5_OP_CALL {"cache":"pressure-128MiB","family":"head","graph":101,"phase":"measure","routing":"none","rows":1,"sample":25,"unique_experts":0}
M5_PROFILE {"context":"78b91e8780","graph":101,"cb":1,"original_nodes":1,"gpu_start_s":92303.296020000,"gpu_end_s":92303.297748875,"gpu_ms":1.728875,"valid":true,"completed":true,"op_counts":{"MUL_MAT":1}}
M5_OP_CALL {"family":"head","graph":102,"phase":"cache-pressure","rows":1}
M5_PROFILE {"context":"78b91e8780","graph":102,"cb":1,"original_nodes":1,"gpu_start_s":92303.297916000,"gpu_end_s":92303.298922500,"gpu_ms":1.006500,"valid":true,"completed":true,"op_counts":{"SQR":1}}
M5_OP_CALL {"cache":"pressure-128MiB","family":"head","graph":103,"phase":"measure","routing":"none","rows":1,"sample":26,"unique_experts":0}
M5_PROFILE {"context":"78b91e8780","graph":103,"cb":1,"original_nodes":1,"gpu_start_s":92303.299083667,"gpu_end_s":92303.300811792,"gpu_ms":1.728125,"valid":true,"completed":true,"op_counts":{"MUL_MAT":1}}
M5_OP_CALL {"family":"head","graph":104,"phase":"cache-pressure","rows":1}
M5_PROFILE {"context":"78b91e8780","graph":104,"cb":1,"original_nodes":1,"gpu_start_s":92303.301020125,"gpu_end_s":92303.302001625,"gpu_ms":0.981500,"valid":true,"completed":true,"op_counts":{"SQR":1}}
M5_OP_CALL {"cache":"pressure-128MiB","family":"head","graph":105,"phase":"measure","routing":"none","rows":1,"sample":27,"unique_experts":0}
M5_PROFILE {"context":"78b91e8780","graph":105,"cb":1,"original_nodes":1,"gpu_start_s":92303.302209292,"gpu_end_s":92303.303735875,"gpu_ms":1.526583,"valid":true,"completed":true,"op_counts":{"MUL_MAT":1}}
M5_OP_CALL {"family":"head","graph":106,"phase":"cache-pressure","rows":1}
M5_PROFILE {"context":"78b91e8780","graph":106,"cb":1,"original_nodes":1,"gpu_start_s":92303.303973667,"gpu_end_s":92303.304955500,"gpu_ms":0.981833,"valid":true,"completed":true,"op_counts":{"SQR":1}}
M5_OP_CALL {"cache":"pressure-128MiB","family":"head","graph":107,"phase":"measure","routing":"none","rows":1,"sample":28,"unique_experts":0}
M5_PROFILE {"context":"78b91e8780","graph":107,"cb":1,"original_nodes":1,"gpu_start_s":92303.305178250,"gpu_end_s":92303.306898000,"gpu_ms":1.719750,"valid":true,"completed":true,"op_counts":{"MUL_MAT":1}}
M5_OP_CALL {"family":"head","graph":108,"phase":"cache-pressure","rows":1}
M5_PROFILE {"context":"78b91e8780","graph":108,"cb":1,"original_nodes":1,"gpu_start_s":92303.307126042,"gpu_end_s":92303.308101292,"gpu_ms":0.975250,"valid":true,"completed":true,"op_counts":{"SQR":1}}
M5_OP_CALL {"cache":"pressure-128MiB","family":"head","graph":109,"phase":"measure","routing":"none","rows":1,"sample":29,"unique_experts":0}
M5_PROFILE {"context":"78b91e8780","graph":109,"cb":1,"original_nodes":1,"gpu_start_s":92303.308359625,"gpu_end_s":92303.309899042,"gpu_ms":1.539417,"valid":true,"completed":true,"op_counts":{"MUL_MAT":1}}
M5_OP_CALL {"family":"head","graph":110,"phase":"cache-pressure","rows":1}
M5_PROFILE {"context":"78b91e8780","graph":110,"cb":1,"original_nodes":1,"gpu_start_s":92303.310071250,"gpu_end_s":92303.311043875,"gpu_ms":0.972625,"valid":true,"completed":true,"op_counts":{"SQR":1}}
M5_OP_CALL {"cache":"pressure-128MiB","family":"head","graph":111,"phase":"measure","routing":"none","rows":1,"sample":30,"unique_experts":0}
M5_PROFILE {"context":"78b91e8780","graph":111,"cb":1,"original_nodes":1,"gpu_start_s":92303.311340375,"gpu_end_s":92303.312881500,"gpu_ms":1.541125,"valid":true,"completed":true,"op_counts":{"MUL_MAT":1}}
M5_OP_CALL {"family":"head","graph":112,"phase":"cache-pressure","rows":1}
M5_PROFILE {"context":"78b91e8780","graph":112,"cb":1,"original_nodes":1,"gpu_start_s":92303.313060875,"gpu_end_s":92303.314041125,"gpu_ms":0.980250,"valid":true,"completed":true,"op_counts":{"SQR":1}}
M5_OP_CALL {"cache":"pressure-128MiB","family":"head","graph":113,"phase":"measure","routing":"none","rows":1,"sample":31,"unique_experts":0}
M5_PROFILE {"context":"78b91e8780","graph":113,"cb":1,"original_nodes":1,"gpu_start_s":92303.314301625,"gpu_end_s":92303.315824292,"gpu_ms":1.522667,"valid":true,"completed":true,"op_counts":{"MUL_MAT":1}}
M5_OP_CALL {"family":"head","graph":114,"phase":"cache-pressure","rows":1}
M5_PROFILE {"context":"78b91e8780","graph":114,"cb":1,"original_nodes":1,"gpu_start_s":92303.316062500,"gpu_end_s":92303.317051417,"gpu_ms":0.988917,"valid":true,"completed":true,"op_counts":{"SQR":1}}
M5_OP_CALL {"cache":"pressure-128MiB","family":"head","graph":115,"phase":"measure","routing":"none","rows":1,"sample":32,"unique_experts":0}
M5_PROFILE {"context":"78b91e8780","graph":115,"cb":1,"original_nodes":1,"gpu_start_s":92303.317207417,"gpu_end_s":92303.318739500,"gpu_ms":1.532083,"valid":true,"completed":true,"op_counts":{"MUL_MAT":1}}
M5_OP_CALL {"family":"head","graph":116,"phase":"cache-pressure","rows":1}
M5_PROFILE {"context":"78b91e8780","graph":116,"cb":1,"original_nodes":1,"gpu_start_s":92303.318960625,"gpu_end_s":92303.319936625,"gpu_ms":0.976000,"valid":true,"completed":true,"op_counts":{"SQR":1}}
M5_OP_CALL {"cache":"pressure-128MiB","family":"head","graph":117,"phase":"measure","routing":"none","rows":1,"sample":33,"unique_experts":0}
M5_PROFILE {"context":"78b91e8780","graph":117,"cb":1,"original_nodes":1,"gpu_start_s":92303.320167542,"gpu_end_s":92303.321699292,"gpu_ms":1.531750,"valid":true,"completed":true,"op_counts":{"MUL_MAT":1}}
M5_OP_CALL {"family":"head","graph":118,"phase":"cache-pressure","rows":1}
M5_PROFILE {"context":"78b91e8780","graph":118,"cb":1,"original_nodes":1,"gpu_start_s":92303.321872875,"gpu_end_s":92303.323031750,"gpu_ms":1.158875,"valid":true,"completed":true,"op_counts":{"SQR":1}}
M5_OP_CALL {"cache":"pressure-128MiB","family":"head","graph":119,"phase":"measure","routing":"none","rows":1,"sample":34,"unique_experts":0}
M5_PROFILE {"context":"78b91e8780","graph":119,"cb":1,"original_nodes":1,"gpu_start_s":92303.323267125,"gpu_end_s":92303.324790042,"gpu_ms":1.522917,"valid":true,"completed":true,"op_counts":{"MUL_MAT":1}}
M5_OP_CALL {"family":"head","graph":120,"phase":"cache-pressure","rows":1}
M5_PROFILE {"context":"78b91e8780","graph":120,"cb":1,"original_nodes":1,"gpu_start_s":92303.325028000,"gpu_end_s":92303.326013417,"gpu_ms":0.985417,"valid":true,"completed":true,"op_counts":{"SQR":1}}
M5_OP_CALL {"cache":"pressure-128MiB","family":"head","graph":121,"phase":"measure","routing":"none","rows":1,"sample":35,"unique_experts":0}
M5_PROFILE {"context":"78b91e8780","graph":121,"cb":1,"original_nodes":1,"gpu_start_s":92303.326259250,"gpu_end_s":92303.327777667,"gpu_ms":1.518417,"valid":true,"completed":true,"op_counts":{"MUL_MAT":1}}
M5_OP_CALL {"family":"head","graph":122,"phase":"cache-pressure","rows":1}
M5_PROFILE {"context":"78b91e8780","graph":122,"cb":1,"original_nodes":1,"gpu_start_s":92303.328026875,"gpu_end_s":92303.329002625,"gpu_ms":0.975750,"valid":true,"completed":true,"op_counts":{"SQR":1}}
M5_OP_CALL {"cache":"pressure-128MiB","family":"head","graph":123,"phase":"measure","routing":"none","rows":1,"sample":36,"unique_experts":0}
M5_PROFILE {"context":"78b91e8780","graph":123,"cb":1,"original_nodes":1,"gpu_start_s":92303.329229250,"gpu_end_s":92303.330948000,"gpu_ms":1.718750,"valid":true,"completed":true,"op_counts":{"MUL_MAT":1}}
M5_OP_CALL {"family":"head","graph":124,"phase":"cache-pressure","rows":1}
M5_PROFILE {"context":"78b91e8780","graph":124,"cb":1,"original_nodes":1,"gpu_start_s":92303.331169750,"gpu_end_s":92303.332143750,"gpu_ms":0.974000,"valid":true,"completed":true,"op_counts":{"SQR":1}}
M5_OP_CALL {"cache":"pressure-128MiB","family":"head","graph":125,"phase":"measure","routing":"none","rows":1,"sample":37,"unique_experts":0}
M5_PROFILE {"context":"78b91e8780","graph":125,"cb":1,"original_nodes":1,"gpu_start_s":92303.332376375,"gpu_end_s":92303.333957792,"gpu_ms":1.581417,"valid":true,"completed":true,"op_counts":{"MUL_MAT":1}}
M5_OP_CALL {"family":"head","graph":126,"phase":"cache-pressure","rows":1}
M5_PROFILE {"context":"78b91e8780","graph":126,"cb":1,"original_nodes":1,"gpu_start_s":92303.334232000,"gpu_end_s":92303.335203500,"gpu_ms":0.971500,"valid":true,"completed":true,"op_counts":{"SQR":1}}
M5_OP_CALL {"cache":"pressure-128MiB","family":"head","graph":127,"phase":"measure","routing":"none","rows":1,"sample":38,"unique_experts":0}
M5_PROFILE {"context":"78b91e8780","graph":127,"cb":1,"original_nodes":1,"gpu_start_s":92303.335494625,"gpu_end_s":92303.337015667,"gpu_ms":1.521042,"valid":true,"completed":true,"op_counts":{"MUL_MAT":1}}
M5_OP_CALL {"family":"head","graph":128,"phase":"cache-pressure","rows":1}
M5_PROFILE {"context":"78b91e8780","graph":128,"cb":1,"original_nodes":1,"gpu_start_s":92303.337259167,"gpu_end_s":92303.338237625,"gpu_ms":0.978458,"valid":true,"completed":true,"op_counts":{"SQR":1}}
M5_OP_CALL {"cache":"pressure-128MiB","family":"head","graph":129,"phase":"measure","routing":"none","rows":1,"sample":39,"unique_experts":0}
M5_PROFILE {"context":"78b91e8780","graph":129,"cb":1,"original_nodes":1,"gpu_start_s":92303.338438125,"gpu_end_s":92303.340138625,"gpu_ms":1.700500,"valid":true,"completed":true,"op_counts":{"MUL_MAT":1}}
M5_OP_CALL {"cache":"unflushed","family":"head","graph":130,"phase":"warmup","routing":"none","rows":2,"sample":-3,"unique_experts":0}
ggml_metal_library_compile_pipeline: compiling pipeline: base = 'kernel_mul_mv_mma_q5_K_f32_nt4_rt1', name = 'kernel_mul_mv_mma_q5_K_f32_nt4_rt1_nsg=8_ne12=1_r2=1_r3=1_ne00=2560_add=0'
ggml_metal_library_compile_pipeline: loaded kernel_mul_mv_mma_q5_K_f32_nt4_rt1_nsg=8_ne12=1_r2=1_r3=1_ne00=2560_add=0     0x78b9244000 | th_max = 1024 | th_width =   32
M5_PROFILE {"context":"78b91e8780","graph":130,"cb":1,"original_nodes":1,"gpu_start_s":92303.340731667,"gpu_end_s":92303.342883000,"gpu_ms":2.151333,"valid":true,"completed":true,"op_counts":{"MUL_MAT":1}}
M5_OP_CALL {"cache":"unflushed","family":"head","graph":131,"phase":"warmup","routing":"none","rows":2,"sample":-2,"unique_experts":0}
M5_PROFILE {"context":"78b91e8780","graph":131,"cb":1,"original_nodes":1,"gpu_start_s":92303.343056625,"gpu_end_s":92303.345195292,"gpu_ms":2.138667,"valid":true,"completed":true,"op_counts":{"MUL_MAT":1}}
M5_OP_CALL {"cache":"unflushed","family":"head","graph":132,"phase":"warmup","routing":"none","rows":2,"sample":-1,"unique_experts":0}
M5_PROFILE {"context":"78b91e8780","graph":132,"cb":1,"original_nodes":1,"gpu_start_s":92303.345489292,"gpu_end_s":92303.347815625,"gpu_ms":2.326333,"valid":true,"completed":true,"op_counts":{"MUL_MAT":1}}
M5_OP_CALL {"cache":"unflushed","family":"head","graph":133,"phase":"measure","routing":"none","rows":2,"sample":0,"unique_experts":0}
M5_PROFILE {"context":"78b91e8780","graph":133,"cb":1,"original_nodes":1,"gpu_start_s":92303.348050417,"gpu_end_s":92303.350272625,"gpu_ms":2.222208,"valid":true,"completed":true,"op_counts":{"MUL_MAT":1}}
M5_OP_CALL {"cache":"unflushed","family":"head","graph":134,"phase":"measure","routing":"none","rows":2,"sample":1,"unique_experts":0}
M5_PROFILE {"context":"78b91e8780","graph":134,"cb":1,"original_nodes":1,"gpu_start_s":92303.350467417,"gpu_end_s":92303.352611500,"gpu_ms":2.144083,"valid":true,"completed":true,"op_counts":{"MUL_MAT":1}}
M5_OP_CALL {"cache":"unflushed","family":"head","graph":135,"phase":"measure","routing":"none","rows":2,"sample":2,"unique_experts":0}
M5_PROFILE {"context":"78b91e8780","graph":135,"cb":1,"original_nodes":1,"gpu_start_s":92303.352898125,"gpu_end_s":92303.355038542,"gpu_ms":2.140417,"valid":true,"completed":true,"op_counts":{"MUL_MAT":1}}
M5_OP_CALL {"cache":"unflushed","family":"head","graph":136,"phase":"measure","routing":"none","rows":2,"sample":3,"unique_experts":0}
M5_PROFILE {"context":"78b91e8780","graph":136,"cb":1,"original_nodes":1,"gpu_start_s":92303.355226000,"gpu_end_s":92303.357531250,"gpu_ms":2.305250,"valid":true,"completed":true,"op_counts":{"MUL_MAT":1}}
M5_OP_CALL {"cache":"unflushed","family":"head","graph":137,"phase":"measure","routing":"none","rows":2,"sample":4,"unique_experts":0}
M5_PROFILE {"context":"78b91e8780","graph":137,"cb":1,"original_nodes":1,"gpu_start_s":92303.357784375,"gpu_end_s":92303.359920625,"gpu_ms":2.136250,"valid":true,"completed":true,"op_counts":{"MUL_MAT":1}}
M5_OP_CALL {"cache":"unflushed","family":"head","graph":138,"phase":"measure","routing":"none","rows":2,"sample":5,"unique_experts":0}
M5_PROFILE {"context":"78b91e8780","graph":138,"cb":1,"original_nodes":1,"gpu_start_s":92303.360141125,"gpu_end_s":92303.362279750,"gpu_ms":2.138625,"valid":true,"completed":true,"op_counts":{"MUL_MAT":1}}
M5_OP_CALL {"cache":"unflushed","family":"head","graph":139,"phase":"measure","routing":"none","rows":2,"sample":6,"unique_experts":0}
M5_PROFILE {"context":"78b91e8780","graph":139,"cb":1,"original_nodes":1,"gpu_start_s":92303.362514250,"gpu_end_s":92303.364842792,"gpu_ms":2.328542,"valid":true,"completed":true,"op_counts":{"MUL_MAT":1}}
M5_OP_CALL {"cache":"unflushed","family":"head","graph":140,"phase":"measure","routing":"none","rows":2,"sample":7,"unique_experts":0}
M5_PROFILE {"context":"78b91e8780","graph":140,"cb":1,"original_nodes":1,"gpu_start_s":92303.365134125,"gpu_end_s":92303.367282667,"gpu_ms":2.148542,"valid":true,"completed":true,"op_counts":{"MUL_MAT":1}}
M5_OP_CALL {"cache":"unflushed","family":"head","graph":141,"phase":"measure","routing":"none","rows":2,"sample":8,"unique_experts":0}
M5_PROFILE {"context":"78b91e8780","graph":141,"cb":1,"original_nodes":1,"gpu_start_s":92303.367518625,"gpu_end_s":92303.369662292,"gpu_ms":2.143667,"valid":true,"completed":true,"op_counts":{"MUL_MAT":1}}
M5_OP_CALL {"cache":"unflushed","family":"head","graph":142,"phase":"measure","routing":"none","rows":2,"sample":9,"unique_experts":0}
M5_PROFILE {"context":"78b91e8780","graph":142,"cb":1,"original_nodes":1,"gpu_start_s":92303.369872125,"gpu_end_s":92303.372196375,"gpu_ms":2.324250,"valid":true,"completed":true,"op_counts":{"MUL_MAT":1}}
M5_OP_CALL {"cache":"unflushed","family":"head","graph":143,"phase":"measure","routing":"none","rows":2,"sample":10,"unique_experts":0}
M5_PROFILE {"context":"78b91e8780","graph":143,"cb":1,"original_nodes":1,"gpu_start_s":92303.372413250,"gpu_end_s":92303.374560292,"gpu_ms":2.147042,"valid":true,"completed":true,"op_counts":{"MUL_MAT":1}}
M5_OP_CALL {"cache":"unflushed","family":"head","graph":144,"phase":"measure","routing":"none","rows":2,"sample":11,"unique_experts":0}
M5_PROFILE {"context":"78b91e8780","graph":144,"cb":1,"original_nodes":1,"gpu_start_s":92303.374768000,"gpu_end_s":92303.376905417,"gpu_ms":2.137417,"valid":true,"completed":true,"op_counts":{"MUL_MAT":1}}
M5_OP_CALL {"cache":"unflushed","family":"head","graph":145,"phase":"measure","routing":"none","rows":2,"sample":12,"unique_experts":0}
M5_PROFILE {"context":"78b91e8780","graph":145,"cb":1,"original_nodes":1,"gpu_start_s":92303.377102625,"gpu_end_s":92303.379240500,"gpu_ms":2.137875,"valid":true,"completed":true,"op_counts":{"MUL_MAT":1}}
M5_OP_CALL {"cache":"unflushed","family":"head","graph":146,"phase":"measure","routing":"none","rows":2,"sample":13,"unique_experts":0}
M5_PROFILE {"context":"78b91e8780","graph":146,"cb":1,"original_nodes":1,"gpu_start_s":92303.379457625,"gpu_end_s":92303.381787250,"gpu_ms":2.329625,"valid":true,"completed":true,"op_counts":{"MUL_MAT":1}}
M5_OP_CALL {"cache":"unflushed","family":"head","graph":147,"phase":"measure","routing":"none","rows":2,"sample":14,"unique_experts":0}
M5_PROFILE {"context":"78b91e8780","graph":147,"cb":1,"original_nodes":1,"gpu_start_s":92303.382025917,"gpu_end_s":92303.384171500,"gpu_ms":2.145583,"valid":true,"completed":true,"op_counts":{"MUL_MAT":1}}
M5_OP_CALL {"cache":"unflushed","family":"head","graph":148,"phase":"measure","routing":"none","rows":2,"sample":15,"unique_experts":0}
M5_PROFILE {"context":"78b91e8780","graph":148,"cb":1,"original_nodes":1,"gpu_start_s":92303.384460792,"gpu_end_s":92303.386599875,"gpu_ms":2.139083,"valid":true,"completed":true,"op_counts":{"MUL_MAT":1}}
M5_OP_CALL {"cache":"unflushed","family":"head","graph":149,"phase":"measure","routing":"none","rows":2,"sample":16,"unique_experts":0}
M5_PROFILE {"context":"78b91e8780","graph":149,"cb":1,"original_nodes":1,"gpu_start_s":92303.386811667,"gpu_end_s":92303.389135750,"gpu_ms":2.324083,"valid":true,"completed":true,"op_counts":{"MUL_MAT":1}}
M5_OP_CALL {"cache":"unflushed","family":"head","graph":150,"phase":"measure","routing":"none","rows":2,"sample":17,"unique_experts":0}
M5_PROFILE {"context":"78b91e8780","graph":150,"cb":1,"original_nodes":1,"gpu_start_s":92303.389403000,"gpu_end_s":92303.391544125,"gpu_ms":2.141125,"valid":true,"completed":true,"op_counts":{"MUL_MAT":1}}
M5_OP_CALL {"cache":"unflushed","family":"head","graph":151,"phase":"measure","routing":"none","rows":2,"sample":18,"unique_experts":0}
M5_PROFILE {"context":"78b91e8780","graph":151,"cb":1,"original_nodes":1,"gpu_start_s":92303.391717000,"gpu_end_s":92303.393862667,"gpu_ms":2.145667,"valid":true,"completed":true,"op_counts":{"MUL_MAT":1}}
M5_OP_CALL {"cache":"unflushed","family":"head","graph":152,"phase":"measure","routing":"none","rows":2,"sample":19,"unique_experts":0}
M5_PROFILE {"context":"78b91e8780","graph":152,"cb":1,"original_nodes":1,"gpu_start_s":92303.394097667,"gpu_end_s":92303.396236917,"gpu_ms":2.139250,"valid":true,"completed":true,"op_counts":{"MUL_MAT":1}}
M5_OP_CALL {"cache":"unflushed","family":"head","graph":153,"phase":"measure","routing":"none","rows":2,"sample":20,"unique_experts":0}
M5_PROFILE {"context":"78b91e8780","graph":153,"cb":1,"original_nodes":1,"gpu_start_s":92303.396467542,"gpu_end_s":92303.398796375,"gpu_ms":2.328833,"valid":true,"completed":true,"op_counts":{"MUL_MAT":1}}
M5_OP_CALL {"cache":"unflushed","family":"head","graph":154,"phase":"measure","routing":"none","rows":2,"sample":21,"unique_experts":0}
M5_PROFILE {"context":"78b91e8780","graph":154,"cb":1,"original_nodes":1,"gpu_start_s":92303.398976625,"gpu_end_s":92303.401125875,"gpu_ms":2.149250,"valid":true,"completed":true,"op_counts":{"MUL_MAT":1}}
M5_OP_CALL {"cache":"unflushed","family":"head","graph":155,"phase":"measure","routing":"none","rows":2,"sample":22,"unique_experts":0}
M5_PROFILE {"context":"78b91e8780","graph":155,"cb":1,"original_nodes":1,"gpu_start_s":92303.401321000,"gpu_end_s":92303.403457500,"gpu_ms":2.136500,"valid":true,"completed":true,"op_counts":{"MUL_MAT":1}}
M5_OP_CALL {"cache":"unflushed","family":"head","graph":156,"phase":"measure","routing":"none","rows":2,"sample":23,"unique_experts":0}
M5_PROFILE {"context":"78b91e8780","graph":156,"cb":1,"original_nodes":1,"gpu_start_s":92303.403661250,"gpu_end_s":92303.405988417,"gpu_ms":2.327167,"valid":true,"completed":true,"op_counts":{"MUL_MAT":1}}
M5_OP_CALL {"cache":"unflushed","family":"head","graph":157,"phase":"measure","routing":"none","rows":2,"sample":24,"unique_experts":0}
M5_PROFILE {"context":"78b91e8780","graph":157,"cb":1,"original_nodes":1,"gpu_start_s":92303.406231250,"gpu_end_s":92303.408374000,"gpu_ms":2.142750,"valid":true,"completed":true,"op_counts":{"MUL_MAT":1}}
M5_OP_CALL {"cache":"unflushed","family":"head","graph":158,"phase":"measure","routing":"none","rows":2,"sample":25,"unique_experts":0}
M5_PROFILE {"context":"78b91e8780","graph":158,"cb":1,"original_nodes":1,"gpu_start_s":92303.408645125,"gpu_end_s":92303.410782000,"gpu_ms":2.136875,"valid":true,"completed":true,"op_counts":{"MUL_MAT":1}}
M5_OP_CALL {"cache":"unflushed","family":"head","graph":159,"phase":"measure","routing":"none","rows":2,"sample":26,"unique_experts":0}
M5_PROFILE {"context":"78b91e8780","graph":159,"cb":1,"original_nodes":1,"gpu_start_s":92303.411008500,"gpu_end_s":92303.413154000,"gpu_ms":2.145500,"valid":true,"completed":true,"op_counts":{"MUL_MAT":1}}
M5_OP_CALL {"cache":"unflushed","family":"head","graph":160,"phase":"measure","routing":"none","rows":2,"sample":27,"unique_experts":0}
M5_PROFILE {"context":"78b91e8780","graph":160,"cb":1,"original_nodes":1,"gpu_start_s":92303.413407125,"gpu_end_s":92303.415718125,"gpu_ms":2.311000,"valid":true,"completed":true,"op_counts":{"MUL_MAT":1}}
M5_OP_CALL {"cache":"unflushed","family":"head","graph":161,"phase":"measure","routing":"none","rows":2,"sample":28,"unique_experts":0}
M5_PROFILE {"context":"78b91e8780","graph":161,"cb":1,"original_nodes":1,"gpu_start_s":92303.415959125,"gpu_end_s":92303.418101167,"gpu_ms":2.142042,"valid":true,"completed":true,"op_counts":{"MUL_MAT":1}}
M5_OP_CALL {"cache":"unflushed","family":"head","graph":162,"phase":"measure","routing":"none","rows":2,"sample":29,"unique_experts":0}
M5_PROFILE {"context":"78b91e8780","graph":162,"cb":1,"original_nodes":1,"gpu_start_s":92303.418339500,"gpu_end_s":92303.420470000,"gpu_ms":2.130500,"valid":true,"completed":true,"op_counts":{"MUL_MAT":1}}
M5_OP_CALL {"cache":"unflushed","family":"head","graph":163,"phase":"measure","routing":"none","rows":2,"sample":30,"unique_experts":0}
M5_PROFILE {"context":"78b91e8780","graph":163,"cb":1,"original_nodes":1,"gpu_start_s":92303.420698417,"gpu_end_s":92303.423026750,"gpu_ms":2.328333,"valid":true,"completed":true,"op_counts":{"MUL_MAT":1}}
M5_OP_CALL {"cache":"unflushed","family":"head","graph":164,"phase":"measure","routing":"none","rows":2,"sample":31,"unique_experts":0}
M5_PROFILE {"context":"78b91e8780","graph":164,"cb":1,"original_nodes":1,"gpu_start_s":92303.423281375,"gpu_end_s":92303.425429125,"gpu_ms":2.147750,"valid":true,"completed":true,"op_counts":{"MUL_MAT":1}}
M5_OP_CALL {"cache":"unflushed","family":"head","graph":165,"phase":"measure","routing":"none","rows":2,"sample":32,"unique_experts":0}
M5_PROFILE {"context":"78b91e8780","graph":165,"cb":1,"original_nodes":1,"gpu_start_s":92303.425605500,"gpu_end_s":92303.427749042,"gpu_ms":2.143542,"valid":true,"completed":true,"op_counts":{"MUL_MAT":1}}
M5_OP_CALL {"cache":"unflushed","family":"head","graph":166,"phase":"measure","routing":"none","rows":2,"sample":33,"unique_experts":0}
M5_PROFILE {"context":"78b91e8780","graph":166,"cb":1,"original_nodes":1,"gpu_start_s":92303.427911417,"gpu_end_s":92303.430049500,"gpu_ms":2.138083,"valid":true,"completed":true,"op_counts":{"MUL_MAT":1}}
M5_OP_CALL {"cache":"unflushed","family":"head","graph":167,"phase":"measure","routing":"none","rows":2,"sample":34,"unique_experts":0}
M5_PROFILE {"context":"78b91e8780","graph":167,"cb":1,"original_nodes":1,"gpu_start_s":92303.430271750,"gpu_end_s":92303.432548042,"gpu_ms":2.276292,"valid":true,"completed":true,"op_counts":{"MUL_MAT":1}}
M5_OP_CALL {"cache":"unflushed","family":"head","graph":168,"phase":"measure","routing":"none","rows":2,"sample":35,"unique_experts":0}
M5_PROFILE {"context":"78b91e8780","graph":168,"cb":1,"original_nodes":1,"gpu_start_s":92303.432835625,"gpu_end_s":92303.434974750,"gpu_ms":2.139125,"valid":true,"completed":true,"op_counts":{"MUL_MAT":1}}
M5_OP_CALL {"cache":"unflushed","family":"head","graph":169,"phase":"measure","routing":"none","rows":2,"sample":36,"unique_experts":0}
M5_PROFILE {"context":"78b91e8780","graph":169,"cb":1,"original_nodes":1,"gpu_start_s":92303.435224417,"gpu_end_s":92303.437370875,"gpu_ms":2.146458,"valid":true,"completed":true,"op_counts":{"MUL_MAT":1}}
M5_OP_CALL {"cache":"unflushed","family":"head","graph":170,"phase":"measure","routing":"none","rows":2,"sample":37,"unique_experts":0}
M5_PROFILE {"context":"78b91e8780","graph":170,"cb":1,"original_nodes":1,"gpu_start_s":92303.437593542,"gpu_end_s":92303.439922250,"gpu_ms":2.328708,"valid":true,"completed":true,"op_counts":{"MUL_MAT":1}}
M5_OP_CALL {"cache":"unflushed","family":"head","graph":171,"phase":"measure","routing":"none","rows":2,"sample":38,"unique_experts":0}
M5_PROFILE {"context":"78b91e8780","graph":171,"cb":1,"original_nodes":1,"gpu_start_s":92303.440153917,"gpu_end_s":92303.442322417,"gpu_ms":2.168500,"valid":true,"completed":true,"op_counts":{"MUL_MAT":1}}
M5_OP_CALL {"cache":"unflushed","family":"head","graph":172,"phase":"measure","routing":"none","rows":2,"sample":39,"unique_experts":0}
M5_PROFILE {"context":"78b91e8780","graph":172,"cb":1,"original_nodes":1,"gpu_start_s":92303.442477542,"gpu_end_s":92303.444615042,"gpu_ms":2.137500,"valid":true,"completed":true,"op_counts":{"MUL_MAT":1}}
M5_OP_CALL {"family":"head","graph":173,"phase":"cache-pressure","rows":2}
M5_PROFILE {"context":"78b91e8780","graph":173,"cb":1,"original_nodes":1,"gpu_start_s":92303.444861167,"gpu_end_s":92303.445837125,"gpu_ms":0.975958,"valid":true,"completed":true,"op_counts":{"SQR":1}}
M5_OP_CALL {"cache":"pressure-128MiB","family":"head","graph":174,"phase":"warmup","routing":"none","rows":2,"sample":-3,"unique_experts":0}
M5_PROFILE {"context":"78b91e8780","graph":174,"cb":1,"original_nodes":1,"gpu_start_s":92303.446071042,"gpu_end_s":92303.448399375,"gpu_ms":2.328333,"valid":true,"completed":true,"op_counts":{"MUL_MAT":1}}
M5_OP_CALL {"family":"head","graph":175,"phase":"cache-pressure","rows":2}
M5_PROFILE {"context":"78b91e8780","graph":175,"cb":1,"original_nodes":1,"gpu_start_s":92303.448558542,"gpu_end_s":92303.449527500,"gpu_ms":0.968958,"valid":true,"completed":true,"op_counts":{"SQR":1}}
M5_OP_CALL {"cache":"pressure-128MiB","family":"head","graph":176,"phase":"warmup","routing":"none","rows":2,"sample":-2,"unique_experts":0}
M5_PROFILE {"context":"78b91e8780","graph":176,"cb":1,"original_nodes":1,"gpu_start_s":92303.449765125,"gpu_end_s":92303.451901000,"gpu_ms":2.135875,"valid":true,"completed":true,"op_counts":{"MUL_MAT":1}}
M5_OP_CALL {"family":"head","graph":177,"phase":"cache-pressure","rows":2}
M5_PROFILE {"context":"78b91e8780","graph":177,"cb":1,"original_nodes":1,"gpu_start_s":92303.452099167,"gpu_end_s":92303.453069417,"gpu_ms":0.970250,"valid":true,"completed":true,"op_counts":{"SQR":1}}
M5_OP_CALL {"cache":"pressure-128MiB","family":"head","graph":178,"phase":"warmup","routing":"none","rows":2,"sample":-1,"unique_experts":0}
M5_PROFILE {"context":"78b91e8780","graph":178,"cb":1,"original_nodes":1,"gpu_start_s":92303.453299000,"gpu_end_s":92303.455655500,"gpu_ms":2.356500,"valid":true,"completed":true,"op_counts":{"MUL_MAT":1}}
M5_OP_CALL {"family":"head","graph":179,"phase":"cache-pressure","rows":2}
M5_PROFILE {"context":"78b91e8780","graph":179,"cb":1,"original_nodes":1,"gpu_start_s":92303.455893167,"gpu_end_s":92303.456868167,"gpu_ms":0.975000,"valid":true,"completed":true,"op_counts":{"SQR":1}}
M5_OP_CALL {"cache":"pressure-128MiB","family":"head","graph":180,"phase":"measure","routing":"none","rows":2,"sample":0,"unique_experts":0}
M5_PROFILE {"context":"78b91e8780","graph":180,"cb":1,"original_nodes":1,"gpu_start_s":92303.457160500,"gpu_end_s":92303.459303750,"gpu_ms":2.143250,"valid":true,"completed":true,"op_counts":{"MUL_MAT":1}}
M5_OP_CALL {"family":"head","graph":181,"phase":"cache-pressure","rows":2}
M5_PROFILE {"context":"78b91e8780","graph":181,"cb":1,"original_nodes":1,"gpu_start_s":92303.459496250,"gpu_end_s":92303.460467542,"gpu_ms":0.971292,"valid":true,"completed":true,"op_counts":{"SQR":1}}
M5_OP_CALL {"cache":"pressure-128MiB","family":"head","graph":182,"phase":"measure","routing":"none","rows":2,"sample":1,"unique_experts":0}
M5_PROFILE {"context":"78b91e8780","graph":182,"cb":1,"original_nodes":1,"gpu_start_s":92303.460685917,"gpu_end_s":92303.462831125,"gpu_ms":2.145208,"valid":true,"completed":true,"op_counts":{"MUL_MAT":1}}
M5_OP_CALL {"family":"head","graph":183,"phase":"cache-pressure","rows":2}
M5_PROFILE {"context":"78b91e8780","graph":183,"cb":1,"original_nodes":1,"gpu_start_s":92303.463116250,"gpu_end_s":92303.464269375,"gpu_ms":1.153125,"valid":true,"completed":true,"op_counts":{"SQR":1}}
M5_OP_CALL {"cache":"pressure-128MiB","family":"head","graph":184,"phase":"measure","routing":"none","rows":2,"sample":2,"unique_experts":0}
M5_PROFILE {"context":"78b91e8780","graph":184,"cb":1,"original_nodes":1,"gpu_start_s":92303.464498500,"gpu_end_s":92303.466649750,"gpu_ms":2.151250,"valid":true,"completed":true,"op_counts":{"MUL_MAT":1}}
M5_OP_CALL {"family":"head","graph":185,"phase":"cache-pressure","rows":2}
M5_PROFILE {"context":"78b91e8780","graph":185,"cb":1,"original_nodes":1,"gpu_start_s":92303.466955000,"gpu_end_s":92303.467925375,"gpu_ms":0.970375,"valid":true,"completed":true,"op_counts":{"SQR":1}}
M5_OP_CALL {"cache":"pressure-128MiB","family":"head","graph":186,"phase":"measure","routing":"none","rows":2,"sample":3,"unique_experts":0}
M5_PROFILE {"context":"78b91e8780","graph":186,"cb":1,"original_nodes":1,"gpu_start_s":92303.468165000,"gpu_end_s":92303.470305042,"gpu_ms":2.140042,"valid":true,"completed":true,"op_counts":{"MUL_MAT":1}}
M5_OP_CALL {"family":"head","graph":187,"phase":"cache-pressure","rows":2}
M5_PROFILE {"context":"78b91e8780","graph":187,"cb":1,"original_nodes":1,"gpu_start_s":92303.470525625,"gpu_end_s":92303.471509792,"gpu_ms":0.984167,"valid":true,"completed":true,"op_counts":{"SQR":1}}
M5_OP_CALL {"cache":"pressure-128MiB","family":"head","graph":188,"phase":"measure","routing":"none","rows":2,"sample":4,"unique_experts":0}
M5_PROFILE {"context":"78b91e8780","graph":188,"cb":1,"original_nodes":1,"gpu_start_s":92303.471687250,"gpu_end_s":92303.474004792,"gpu_ms":2.317542,"valid":true,"completed":true,"op_counts":{"MUL_MAT":1}}
M5_OP_CALL {"family":"head","graph":189,"phase":"cache-pressure","rows":2}
M5_PROFILE {"context":"78b91e8780","graph":189,"cb":1,"original_nodes":1,"gpu_start_s":92303.474239042,"gpu_end_s":92303.475216000,"gpu_ms":0.976958,"valid":true,"completed":true,"op_counts":{"SQR":1}}
M5_OP_CALL {"cache":"pressure-128MiB","family":"head","graph":190,"phase":"measure","routing":"none","rows":2,"sample":5,"unique_experts":0}
M5_PROFILE {"context":"78b91e8780","graph":190,"cb":1,"original_nodes":1,"gpu_start_s":92303.475516292,"gpu_end_s":92303.477660375,"gpu_ms":2.144083,"valid":true,"completed":true,"op_counts":{"MUL_MAT":1}}
M5_OP_CALL {"family":"head","graph":191,"phase":"cache-pressure","rows":2}
M5_PROFILE {"context":"78b91e8780","graph":191,"cb":1,"original_nodes":1,"gpu_start_s":92303.477884667,"gpu_end_s":92303.478858292,"gpu_ms":0.973625,"valid":true,"completed":true,"op_counts":{"SQR":1}}
M5_OP_CALL {"cache":"pressure-128MiB","family":"head","graph":192,"phase":"measure","routing":"none","rows":2,"sample":6,"unique_experts":0}
M5_PROFILE {"context":"78b91e8780","graph":192,"cb":1,"original_nodes":1,"gpu_start_s":92303.479087875,"gpu_end_s":92303.481424500,"gpu_ms":2.336625,"valid":true,"completed":true,"op_counts":{"MUL_MAT":1}}
M5_OP_CALL {"family":"head","graph":193,"phase":"cache-pressure","rows":2}
M5_PROFILE {"context":"78b91e8780","graph":193,"cb":1,"original_nodes":1,"gpu_start_s":92303.481607375,"gpu_end_s":92303.482577625,"gpu_ms":0.970250,"valid":true,"completed":true,"op_counts":{"SQR":1}}
M5_OP_CALL {"cache":"pressure-128MiB","family":"head","graph":194,"phase":"measure","routing":"none","rows":2,"sample":7,"unique_experts":0}
M5_PROFILE {"context":"78b91e8780","graph":194,"cb":1,"original_nodes":1,"gpu_start_s":92303.482818500,"gpu_end_s":92303.484955917,"gpu_ms":2.137417,"valid":true,"completed":true,"op_counts":{"MUL_MAT":1}}
M5_OP_CALL {"family":"head","graph":195,"phase":"cache-pressure","rows":2}
M5_PROFILE {"context":"78b91e8780","graph":195,"cb":1,"original_nodes":1,"gpu_start_s":92303.485167042,"gpu_end_s":92303.486137250,"gpu_ms":0.970208,"valid":true,"completed":true,"op_counts":{"SQR":1}}
M5_OP_CALL {"cache":"pressure-128MiB","family":"head","graph":196,"phase":"measure","routing":"none","rows":2,"sample":8,"unique_experts":0}
M5_PROFILE {"context":"78b91e8780","graph":196,"cb":1,"original_nodes":1,"gpu_start_s":92303.486340167,"gpu_end_s":92303.488666750,"gpu_ms":2.326583,"valid":true,"completed":true,"op_counts":{"MUL_MAT":1}}
M5_OP_CALL {"family":"head","graph":197,"phase":"cache-pressure","rows":2}
M5_PROFILE {"context":"78b91e8780","graph":197,"cb":1,"original_nodes":1,"gpu_start_s":92303.488867500,"gpu_end_s":92303.489850542,"gpu_ms":0.983042,"valid":true,"completed":true,"op_counts":{"SQR":1}}
M5_OP_CALL {"cache":"pressure-128MiB","family":"head","graph":198,"phase":"measure","routing":"none","rows":2,"sample":9,"unique_experts":0}
M5_PROFILE {"context":"78b91e8780","graph":198,"cb":1,"original_nodes":1,"gpu_start_s":92303.490081792,"gpu_end_s":92303.492231917,"gpu_ms":2.150125,"valid":true,"completed":true,"op_counts":{"MUL_MAT":1}}
M5_OP_CALL {"family":"head","graph":199,"phase":"cache-pressure","rows":2}
M5_PROFILE {"context":"78b91e8780","graph":199,"cb":1,"original_nodes":1,"gpu_start_s":92303.492444125,"gpu_end_s":92303.493427875,"gpu_ms":0.983750,"valid":true,"completed":true,"op_counts":{"SQR":1}}
M5_OP_CALL {"cache":"pressure-128MiB","family":"head","graph":200,"phase":"measure","routing":"none","rows":2,"sample":10,"unique_experts":0}
M5_PROFILE {"context":"78b91e8780","graph":200,"cb":1,"original_nodes":1,"gpu_start_s":92303.493672125,"gpu_end_s":92303.495815625,"gpu_ms":2.143500,"valid":true,"completed":true,"op_counts":{"MUL_MAT":1}}
M5_OP_CALL {"family":"head","graph":201,"phase":"cache-pressure","rows":2}
M5_PROFILE {"context":"78b91e8780","graph":201,"cb":1,"original_nodes":1,"gpu_start_s":92303.496030375,"gpu_end_s":92303.497005417,"gpu_ms":0.975042,"valid":true,"completed":true,"op_counts":{"SQR":1}}
M5_OP_CALL {"cache":"pressure-128MiB","family":"head","graph":202,"phase":"measure","routing":"none","rows":2,"sample":11,"unique_experts":0}
M5_PROFILE {"context":"78b91e8780","graph":202,"cb":1,"original_nodes":1,"gpu_start_s":92303.497231667,"gpu_end_s":92303.499552500,"gpu_ms":2.320833,"valid":true,"completed":true,"op_counts":{"MUL_MAT":1}}
M5_OP_CALL {"family":"head","graph":203,"phase":"cache-pressure","rows":2}
M5_PROFILE {"context":"78b91e8780","graph":203,"cb":1,"original_nodes":1,"gpu_start_s":92303.499752000,"gpu_end_s":92303.500740167,"gpu_ms":0.988167,"valid":true,"completed":true,"op_counts":{"SQR":1}}
M5_OP_CALL {"cache":"pressure-128MiB","family":"head","graph":204,"phase":"measure","routing":"none","rows":2,"sample":12,"unique_experts":0}
M5_PROFILE {"context":"78b91e8780","graph":204,"cb":1,"original_nodes":1,"gpu_start_s":92303.500905875,"gpu_end_s":92303.503048375,"gpu_ms":2.142500,"valid":true,"completed":true,"op_counts":{"MUL_MAT":1}}
M5_OP_CALL {"family":"head","graph":205,"phase":"cache-pressure","rows":2}
M5_PROFILE {"context":"78b91e8780","graph":205,"cb":1,"original_nodes":1,"gpu_start_s":92303.503278250,"gpu_end_s":92303.504254792,"gpu_ms":0.976542,"valid":true,"completed":true,"op_counts":{"SQR":1}}
M5_OP_CALL {"cache":"pressure-128MiB","family":"head","graph":206,"phase":"measure","routing":"none","rows":2,"sample":13,"unique_experts":0}
M5_PROFILE {"context":"78b91e8780","graph":206,"cb":1,"original_nodes":1,"gpu_start_s":92303.504484625,"gpu_end_s":92303.506816250,"gpu_ms":2.331625,"valid":true,"completed":true,"op_counts":{"MUL_MAT":1}}
M5_OP_CALL {"family":"head","graph":207,"phase":"cache-pressure","rows":2}
M5_PROFILE {"context":"78b91e8780","graph":207,"cb":1,"original_nodes":1,"gpu_start_s":92303.507044625,"gpu_end_s":92303.508016917,"gpu_ms":0.972292,"valid":true,"completed":true,"op_counts":{"SQR":1}}
M5_OP_CALL {"cache":"pressure-128MiB","family":"head","graph":208,"phase":"measure","routing":"none","rows":2,"sample":14,"unique_experts":0}
M5_PROFILE {"context":"78b91e8780","graph":208,"cb":1,"original_nodes":1,"gpu_start_s":92303.508214042,"gpu_end_s":92303.510355375,"gpu_ms":2.141333,"valid":true,"completed":true,"op_counts":{"MUL_MAT":1}}
M5_OP_CALL {"family":"head","graph":209,"phase":"cache-pressure","rows":2}
M5_PROFILE {"context":"78b91e8780","graph":209,"cb":1,"original_nodes":1,"gpu_start_s":92303.510580917,"gpu_end_s":92303.511552792,"gpu_ms":0.971875,"valid":true,"completed":true,"op_counts":{"SQR":1}}
M5_OP_CALL {"cache":"pressure-128MiB","family":"head","graph":210,"phase":"measure","routing":"none","rows":2,"sample":15,"unique_experts":0}
M5_PROFILE {"context":"78b91e8780","graph":210,"cb":1,"original_nodes":1,"gpu_start_s":92303.511780250,"gpu_end_s":92303.514127792,"gpu_ms":2.347542,"valid":true,"completed":true,"op_counts":{"MUL_MAT":1}}
M5_OP_CALL {"family":"head","graph":211,"phase":"cache-pressure","rows":2}
M5_PROFILE {"context":"78b91e8780","graph":211,"cb":1,"original_nodes":1,"gpu_start_s":92303.514368500,"gpu_end_s":92303.515342167,"gpu_ms":0.973667,"valid":true,"completed":true,"op_counts":{"SQR":1}}
M5_OP_CALL {"cache":"pressure-128MiB","family":"head","graph":212,"phase":"measure","routing":"none","rows":2,"sample":16,"unique_experts":0}
M5_PROFILE {"context":"78b91e8780","graph":212,"cb":1,"original_nodes":1,"gpu_start_s":92303.515581875,"gpu_end_s":92303.517726375,"gpu_ms":2.144500,"valid":true,"completed":true,"op_counts":{"MUL_MAT":1}}
M5_OP_CALL {"family":"head","graph":213,"phase":"cache-pressure","rows":2}
M5_PROFILE {"context":"78b91e8780","graph":213,"cb":1,"original_nodes":1,"gpu_start_s":92303.517915292,"gpu_end_s":92303.518884542,"gpu_ms":0.969250,"valid":true,"completed":true,"op_counts":{"SQR":1}}
M5_OP_CALL {"cache":"pressure-128MiB","family":"head","graph":214,"phase":"measure","routing":"none","rows":2,"sample":17,"unique_experts":0}
M5_PROFILE {"context":"78b91e8780","graph":214,"cb":1,"original_nodes":1,"gpu_start_s":92303.519071292,"gpu_end_s":92303.521214125,"gpu_ms":2.142833,"valid":true,"completed":true,"op_counts":{"MUL_MAT":1}}
M5_OP_CALL {"family":"head","graph":215,"phase":"cache-pressure","rows":2}
M5_PROFILE {"context":"78b91e8780","graph":215,"cb":1,"original_nodes":1,"gpu_start_s":92303.521436292,"gpu_end_s":92303.522590875,"gpu_ms":1.154583,"valid":true,"completed":true,"op_counts":{"SQR":1}}
M5_OP_CALL {"cache":"pressure-128MiB","family":"head","graph":216,"phase":"measure","routing":"none","rows":2,"sample":18,"unique_experts":0}
M5_PROFILE {"context":"78b91e8780","graph":216,"cb":1,"original_nodes":1,"gpu_start_s":92303.522761500,"gpu_end_s":92303.524903750,"gpu_ms":2.142250,"valid":true,"completed":true,"op_counts":{"MUL_MAT":1}}
M5_OP_CALL {"family":"head","graph":217,"phase":"cache-pressure","rows":2}
M5_PROFILE {"context":"78b91e8780","graph":217,"cb":1,"original_nodes":1,"gpu_start_s":92303.525123792,"gpu_end_s":92303.526094750,"gpu_ms":0.970958,"valid":true,"completed":true,"op_counts":{"SQR":1}}
M5_OP_CALL {"cache":"pressure-128MiB","family":"head","graph":218,"phase":"measure","routing":"none","rows":2,"sample":19,"unique_experts":0}
M5_PROFILE {"context":"78b91e8780","graph":218,"cb":1,"original_nodes":1,"gpu_start_s":92303.526380375,"gpu_end_s":92303.528524667,"gpu_ms":2.144292,"valid":true,"completed":true,"op_counts":{"MUL_MAT":1}}
M5_OP_CALL {"family":"head","graph":219,"phase":"cache-pressure","rows":2}
M5_PROFILE {"context":"78b91e8780","graph":219,"cb":1,"original_nodes":1,"gpu_start_s":92303.528764625,"gpu_end_s":92303.529742625,"gpu_ms":0.978000,"valid":true,"completed":true,"op_counts":{"SQR":1}}
M5_OP_CALL {"cache":"pressure-128MiB","family":"head","graph":220,"phase":"measure","routing":"none","rows":2,"sample":20,"unique_experts":0}
M5_PROFILE {"context":"78b91e8780","graph":220,"cb":1,"original_nodes":1,"gpu_start_s":92303.529962250,"gpu_end_s":92303.532289500,"gpu_ms":2.327250,"valid":true,"completed":true,"op_counts":{"MUL_MAT":1}}
M5_OP_CALL {"family":"head","graph":221,"phase":"cache-pressure","rows":2}
M5_PROFILE {"context":"78b91e8780","graph":221,"cb":1,"original_nodes":1,"gpu_start_s":92303.532538500,"gpu_end_s":92303.533514417,"gpu_ms":0.975917,"valid":true,"completed":true,"op_counts":{"SQR":1}}
M5_OP_CALL {"cache":"pressure-128MiB","family":"head","graph":222,"phase":"measure","routing":"none","rows":2,"sample":21,"unique_experts":0}
M5_PROFILE {"context":"78b91e8780","graph":222,"cb":1,"original_nodes":1,"gpu_start_s":92303.533745750,"gpu_end_s":92303.535893500,"gpu_ms":2.147750,"valid":true,"completed":true,"op_counts":{"MUL_MAT":1}}
M5_OP_CALL {"family":"head","graph":223,"phase":"cache-pressure","rows":2}
M5_PROFILE {"context":"78b91e8780","graph":223,"cb":1,"original_nodes":1,"gpu_start_s":92303.536039625,"gpu_end_s":92303.537028750,"gpu_ms":0.989125,"valid":true,"completed":true,"op_counts":{"SQR":1}}
M5_OP_CALL {"cache":"pressure-128MiB","family":"head","graph":224,"phase":"measure","routing":"none","rows":2,"sample":22,"unique_experts":0}
M5_PROFILE {"context":"78b91e8780","graph":224,"cb":1,"original_nodes":1,"gpu_start_s":92303.537252125,"gpu_end_s":92303.539592375,"gpu_ms":2.340250,"valid":true,"completed":true,"op_counts":{"MUL_MAT":1}}
M5_OP_CALL {"family":"head","graph":225,"phase":"cache-pressure","rows":2}
M5_PROFILE {"context":"78b91e8780","graph":225,"cb":1,"original_nodes":1,"gpu_start_s":92303.539827625,"gpu_end_s":92303.540800625,"gpu_ms":0.973000,"valid":true,"completed":true,"op_counts":{"SQR":1}}
M5_OP_CALL {"cache":"pressure-128MiB","family":"head","graph":226,"phase":"measure","routing":"none","rows":2,"sample":23,"unique_experts":0}
M5_PROFILE {"context":"78b91e8780","graph":226,"cb":1,"original_nodes":1,"gpu_start_s":92303.541025000,"gpu_end_s":92303.543170250,"gpu_ms":2.145250,"valid":true,"completed":true,"op_counts":{"MUL_MAT":1}}
M5_OP_CALL {"family":"head","graph":227,"phase":"cache-pressure","rows":2}
M5_PROFILE {"context":"78b91e8780","graph":227,"cb":1,"original_nodes":1,"gpu_start_s":92303.543322500,"gpu_end_s":92303.544293625,"gpu_ms":0.971125,"valid":true,"completed":true,"op_counts":{"SQR":1}}
M5_OP_CALL {"cache":"pressure-128MiB","family":"head","graph":228,"phase":"measure","routing":"none","rows":2,"sample":24,"unique_experts":0}
M5_PROFILE {"context":"78b91e8780","graph":228,"cb":1,"original_nodes":1,"gpu_start_s":92303.544534375,"gpu_end_s":92303.546680000,"gpu_ms":2.145625,"valid":true,"completed":true,"op_counts":{"MUL_MAT":1}}
M5_OP_CALL {"family":"head","graph":229,"phase":"cache-pressure","rows":2}
M5_PROFILE {"context":"78b91e8780","graph":229,"cb":1,"original_nodes":1,"gpu_start_s":92303.546849167,"gpu_end_s":92303.547826542,"gpu_ms":0.977375,"valid":true,"completed":true,"op_counts":{"SQR":1}}
M5_OP_CALL {"cache":"pressure-128MiB","family":"head","graph":230,"phase":"measure","routing":"none","rows":2,"sample":25,"unique_experts":0}
M5_PROFILE {"context":"78b91e8780","graph":230,"cb":1,"original_nodes":1,"gpu_start_s":92303.548059417,"gpu_end_s":92303.550388667,"gpu_ms":2.329250,"valid":true,"completed":true,"op_counts":{"MUL_MAT":1}}
M5_OP_CALL {"family":"head","graph":231,"phase":"cache-pressure","rows":2}
M5_PROFILE {"context":"78b91e8780","graph":231,"cb":1,"original_nodes":1,"gpu_start_s":92303.550569292,"gpu_end_s":92303.551538417,"gpu_ms":0.969125,"valid":true,"completed":true,"op_counts":{"SQR":1}}
M5_OP_CALL {"cache":"pressure-128MiB","family":"head","graph":232,"phase":"measure","routing":"none","rows":2,"sample":26,"unique_experts":0}
M5_PROFILE {"context":"78b91e8780","graph":232,"cb":1,"original_nodes":1,"gpu_start_s":92303.551729375,"gpu_end_s":92303.553869000,"gpu_ms":2.139625,"valid":true,"completed":true,"op_counts":{"MUL_MAT":1}}
M5_OP_CALL {"family":"head","graph":233,"phase":"cache-pressure","rows":2}
M5_PROFILE {"context":"78b91e8780","graph":233,"cb":1,"original_nodes":1,"gpu_start_s":92303.554089500,"gpu_end_s":92303.555069042,"gpu_ms":0.979542,"valid":true,"completed":true,"op_counts":{"SQR":1}}
M5_OP_CALL {"cache":"pressure-128MiB","family":"head","graph":234,"phase":"measure","routing":"none","rows":2,"sample":27,"unique_experts":0}
M5_PROFILE {"context":"78b91e8780","graph":234,"cb":1,"original_nodes":1,"gpu_start_s":92303.555262000,"gpu_end_s":92303.557580000,"gpu_ms":2.318000,"valid":true,"completed":true,"op_counts":{"MUL_MAT":1}}
M5_OP_CALL {"family":"head","graph":235,"phase":"cache-pressure","rows":2}
M5_PROFILE {"context":"78b91e8780","graph":235,"cb":1,"original_nodes":1,"gpu_start_s":92303.557827125,"gpu_end_s":92303.558804625,"gpu_ms":0.977500,"valid":true,"completed":true,"op_counts":{"SQR":1}}
M5_OP_CALL {"cache":"pressure-128MiB","family":"head","graph":236,"phase":"measure","routing":"none","rows":2,"sample":28,"unique_experts":0}
M5_PROFILE {"context":"78b91e8780","graph":236,"cb":1,"original_nodes":1,"gpu_start_s":92303.558983750,"gpu_end_s":92303.561129875,"gpu_ms":2.146125,"valid":true,"completed":true,"op_counts":{"MUL_MAT":1}}
M5_OP_CALL {"family":"head","graph":237,"phase":"cache-pressure","rows":2}
M5_PROFILE {"context":"78b91e8780","graph":237,"cb":1,"original_nodes":1,"gpu_start_s":92303.561293000,"gpu_end_s":92303.562270375,"gpu_ms":0.977375,"valid":true,"completed":true,"op_counts":{"SQR":1}}
M5_OP_CALL {"cache":"pressure-128MiB","family":"head","graph":238,"phase":"measure","routing":"none","rows":2,"sample":29,"unique_experts":0}
M5_PROFILE {"context":"78b91e8780","graph":238,"cb":1,"original_nodes":1,"gpu_start_s":92303.562511542,"gpu_end_s":92303.564851125,"gpu_ms":2.339583,"valid":true,"completed":true,"op_counts":{"MUL_MAT":1}}
M5_OP_CALL {"family":"head","graph":239,"phase":"cache-pressure","rows":2}
M5_PROFILE {"context":"78b91e8780","graph":239,"cb":1,"original_nodes":1,"gpu_start_s":92303.565151417,"gpu_end_s":92303.566124542,"gpu_ms":0.973125,"valid":true,"completed":true,"op_counts":{"SQR":1}}
M5_OP_CALL {"cache":"pressure-128MiB","family":"head","graph":240,"phase":"measure","routing":"none","rows":2,"sample":30,"unique_experts":0}
M5_PROFILE {"context":"78b91e8780","graph":240,"cb":1,"original_nodes":1,"gpu_start_s":92303.566305000,"gpu_end_s":92303.568451250,"gpu_ms":2.146250,"valid":true,"completed":true,"op_counts":{"MUL_MAT":1}}
M5_OP_CALL {"family":"head","graph":241,"phase":"cache-pressure","rows":2}
M5_PROFILE {"context":"78b91e8780","graph":241,"cb":1,"original_nodes":1,"gpu_start_s":92303.568681250,"gpu_end_s":92303.569649542,"gpu_ms":0.968292,"valid":true,"completed":true,"op_counts":{"SQR":1}}
M5_OP_CALL {"cache":"pressure-128MiB","family":"head","graph":242,"phase":"measure","routing":"none","rows":2,"sample":31,"unique_experts":0}
M5_PROFILE {"context":"78b91e8780","graph":242,"cb":1,"original_nodes":1,"gpu_start_s":92303.569873000,"gpu_end_s":92303.572020875,"gpu_ms":2.147875,"valid":true,"completed":true,"op_counts":{"MUL_MAT":1}}
M5_OP_CALL {"family":"head","graph":243,"phase":"cache-pressure","rows":2}
M5_PROFILE {"context":"78b91e8780","graph":243,"cb":1,"original_nodes":1,"gpu_start_s":92303.572213125,"gpu_end_s":92303.573369375,"gpu_ms":1.156250,"valid":true,"completed":true,"op_counts":{"SQR":1}}
M5_OP_CALL {"cache":"pressure-128MiB","family":"head","graph":244,"phase":"measure","routing":"none","rows":2,"sample":32,"unique_experts":0}
M5_PROFILE {"context":"78b91e8780","graph":244,"cb":1,"original_nodes":1,"gpu_start_s":92303.573563417,"gpu_end_s":92303.575706917,"gpu_ms":2.143500,"valid":true,"completed":true,"op_counts":{"MUL_MAT":1}}
M5_OP_CALL {"family":"head","graph":245,"phase":"cache-pressure","rows":2}
M5_PROFILE {"context":"78b91e8780","graph":245,"cb":1,"original_nodes":1,"gpu_start_s":92303.575882417,"gpu_end_s":92303.576853667,"gpu_ms":0.971250,"valid":true,"completed":true,"op_counts":{"SQR":1}}
M5_OP_CALL {"cache":"pressure-128MiB","family":"head","graph":246,"phase":"measure","routing":"none","rows":2,"sample":33,"unique_experts":0}
M5_PROFILE {"context":"78b91e8780","graph":246,"cb":1,"original_nodes":1,"gpu_start_s":92303.577113542,"gpu_end_s":92303.579258875,"gpu_ms":2.145333,"valid":true,"completed":true,"op_counts":{"MUL_MAT":1}}
M5_OP_CALL {"family":"head","graph":247,"phase":"cache-pressure","rows":2}
M5_PROFILE {"context":"78b91e8780","graph":247,"cb":1,"original_nodes":1,"gpu_start_s":92303.579439542,"gpu_end_s":92303.580417250,"gpu_ms":0.977708,"valid":true,"completed":true,"op_counts":{"SQR":1}}
M5_OP_CALL {"cache":"pressure-128MiB","family":"head","graph":248,"phase":"measure","routing":"none","rows":2,"sample":34,"unique_experts":0}
M5_PROFILE {"context":"78b91e8780","graph":248,"cb":1,"original_nodes":1,"gpu_start_s":92303.580604917,"gpu_end_s":92303.582751375,"gpu_ms":2.146458,"valid":true,"completed":true,"op_counts":{"MUL_MAT":1}}
M5_OP_CALL {"family":"head","graph":249,"phase":"cache-pressure","rows":2}
M5_PROFILE {"context":"78b91e8780","graph":249,"cb":1,"original_nodes":1,"gpu_start_s":92303.582974250,"gpu_end_s":92303.583951375,"gpu_ms":0.977125,"valid":true,"completed":true,"op_counts":{"SQR":1}}
M5_OP_CALL {"cache":"pressure-128MiB","family":"head","graph":250,"phase":"measure","routing":"none","rows":2,"sample":35,"unique_experts":0}
M5_PROFILE {"context":"78b91e8780","graph":250,"cb":1,"original_nodes":1,"gpu_start_s":92303.584128750,"gpu_end_s":92303.586269167,"gpu_ms":2.140417,"valid":true,"completed":true,"op_counts":{"MUL_MAT":1}}
M5_OP_CALL {"family":"head","graph":251,"phase":"cache-pressure","rows":2}
M5_PROFILE {"context":"78b91e8780","graph":251,"cb":1,"original_nodes":1,"gpu_start_s":92303.586515292,"gpu_end_s":92303.587492125,"gpu_ms":0.976833,"valid":true,"completed":true,"op_counts":{"SQR":1}}
M5_OP_CALL {"cache":"pressure-128MiB","family":"head","graph":252,"phase":"measure","routing":"none","rows":2,"sample":36,"unique_experts":0}
M5_PROFILE {"context":"78b91e8780","graph":252,"cb":1,"original_nodes":1,"gpu_start_s":92303.587723750,"gpu_end_s":92303.590052125,"gpu_ms":2.328375,"valid":true,"completed":true,"op_counts":{"MUL_MAT":1}}
M5_OP_CALL {"family":"head","graph":253,"phase":"cache-pressure","rows":2}
M5_PROFILE {"context":"78b91e8780","graph":253,"cb":1,"original_nodes":1,"gpu_start_s":92303.590287250,"gpu_end_s":92303.591257875,"gpu_ms":0.970625,"valid":true,"completed":true,"op_counts":{"SQR":1}}
M5_OP_CALL {"cache":"pressure-128MiB","family":"head","graph":254,"phase":"measure","routing":"none","rows":2,"sample":37,"unique_experts":0}
M5_PROFILE {"context":"78b91e8780","graph":254,"cb":1,"original_nodes":1,"gpu_start_s":92303.591505125,"gpu_end_s":92303.593653167,"gpu_ms":2.148042,"valid":true,"completed":true,"op_counts":{"MUL_MAT":1}}
M5_OP_CALL {"family":"head","graph":255,"phase":"cache-pressure","rows":2}
M5_PROFILE {"context":"78b91e8780","graph":255,"cb":1,"original_nodes":1,"gpu_start_s":92303.593815000,"gpu_end_s":92303.594788250,"gpu_ms":0.973250,"valid":true,"completed":true,"op_counts":{"SQR":1}}
M5_OP_CALL {"cache":"pressure-128MiB","family":"head","graph":256,"phase":"measure","routing":"none","rows":2,"sample":38,"unique_experts":0}
M5_PROFILE {"context":"78b91e8780","graph":256,"cb":1,"original_nodes":1,"gpu_start_s":92303.595022667,"gpu_end_s":92303.597166250,"gpu_ms":2.143583,"valid":true,"completed":true,"op_counts":{"MUL_MAT":1}}
M5_OP_CALL {"family":"head","graph":257,"phase":"cache-pressure","rows":2}
M5_PROFILE {"context":"78b91e8780","graph":257,"cb":1,"original_nodes":1,"gpu_start_s":92303.597402000,"gpu_end_s":92303.598387500,"gpu_ms":0.985500,"valid":true,"completed":true,"op_counts":{"SQR":1}}
M5_OP_CALL {"cache":"pressure-128MiB","family":"head","graph":258,"phase":"measure","routing":"none","rows":2,"sample":39,"unique_experts":0}
M5_PROFILE {"context":"78b91e8780","graph":258,"cb":1,"original_nodes":1,"gpu_start_s":92303.598622542,"gpu_end_s":92303.600772375,"gpu_ms":2.149833,"valid":true,"completed":true,"op_counts":{"MUL_MAT":1}}
M5_OP_CALL {"cache":"unflushed","family":"head","graph":259,"phase":"warmup","routing":"none","rows":3,"sample":-3,"unique_experts":0}
M5_PROFILE {"context":"78b91e8780","graph":259,"cb":1,"original_nodes":1,"gpu_start_s":92303.600962125,"gpu_end_s":92303.603105375,"gpu_ms":2.143250,"valid":true,"completed":true,"op_counts":{"MUL_MAT":1}}
M5_OP_CALL {"cache":"unflushed","family":"head","graph":260,"phase":"warmup","routing":"none","rows":3,"sample":-2,"unique_experts":0}
M5_PROFILE {"context":"78b91e8780","graph":260,"cb":1,"original_nodes":1,"gpu_start_s":92303.603339625,"gpu_end_s":92303.605663375,"gpu_ms":2.323750,"valid":true,"completed":true,"op_counts":{"MUL_MAT":1}}
M5_OP_CALL {"cache":"unflushed","family":"head","graph":261,"phase":"warmup","routing":"none","rows":3,"sample":-1,"unique_experts":0}
M5_PROFILE {"context":"78b91e8780","graph":261,"cb":1,"original_nodes":1,"gpu_start_s":92303.605879417,"gpu_end_s":92303.608024500,"gpu_ms":2.145083,"valid":true,"completed":true,"op_counts":{"MUL_MAT":1}}
M5_OP_CALL {"cache":"unflushed","family":"head","graph":262,"phase":"measure","routing":"none","rows":3,"sample":0,"unique_experts":0}
M5_PROFILE {"context":"78b91e8780","graph":262,"cb":1,"original_nodes":1,"gpu_start_s":92303.608206792,"gpu_end_s":92303.610351125,"gpu_ms":2.144333,"valid":true,"completed":true,"op_counts":{"MUL_MAT":1}}
M5_OP_CALL {"cache":"unflushed","family":"head","graph":263,"phase":"measure","routing":"none","rows":3,"sample":1,"unique_experts":0}
M5_PROFILE {"context":"78b91e8780","graph":263,"cb":1,"original_nodes":1,"gpu_start_s":92303.610647250,"gpu_end_s":92303.612788000,"gpu_ms":2.140750,"valid":true,"completed":true,"op_counts":{"MUL_MAT":1}}
M5_OP_CALL {"cache":"unflushed","family":"head","graph":264,"phase":"measure","routing":"none","rows":3,"sample":2,"unique_experts":0}
M5_PROFILE {"context":"78b91e8780","graph":264,"cb":1,"original_nodes":1,"gpu_start_s":92303.612995000,"gpu_end_s":92303.615327792,"gpu_ms":2.332792,"valid":true,"completed":true,"op_counts":{"MUL_MAT":1}}
M5_OP_CALL {"cache":"unflushed","family":"head","graph":265,"phase":"measure","routing":"none","rows":3,"sample":3,"unique_experts":0}
M5_PROFILE {"context":"78b91e8780","graph":265,"cb":1,"original_nodes":1,"gpu_start_s":92303.615568792,"gpu_end_s":92303.617713500,"gpu_ms":2.144708,"valid":true,"completed":true,"op_counts":{"MUL_MAT":1}}
M5_OP_CALL {"cache":"unflushed","family":"head","graph":266,"phase":"measure","routing":"none","rows":3,"sample":4,"unique_experts":0}
M5_PROFILE {"context":"78b91e8780","graph":266,"cb":1,"original_nodes":1,"gpu_start_s":92303.617987292,"gpu_end_s":92303.620133875,"gpu_ms":2.146583,"valid":true,"completed":true,"op_counts":{"MUL_MAT":1}}
M5_OP_CALL {"cache":"unflushed","family":"head","graph":267,"phase":"measure","routing":"none","rows":3,"sample":5,"unique_experts":0}
M5_PROFILE {"context":"78b91e8780","graph":267,"cb":1,"original_nodes":1,"gpu_start_s":92303.620417000,"gpu_end_s":92303.622740875,"gpu_ms":2.323875,"valid":true,"completed":true,"op_counts":{"MUL_MAT":1}}
M5_OP_CALL {"cache":"unflushed","family":"head","graph":268,"phase":"measure","routing":"none","rows":3,"sample":6,"unique_experts":0}
M5_PROFILE {"context":"78b91e8780","graph":268,"cb":1,"original_nodes":1,"gpu_start_s":92303.622937500,"gpu_end_s":92303.625084667,"gpu_ms":2.147167,"valid":true,"completed":true,"op_counts":{"MUL_MAT":1}}
M5_OP_CALL {"cache":"unflushed","family":"head","graph":269,"phase":"measure","routing":"none","rows":3,"sample":7,"unique_experts":0}
M5_PROFILE {"context":"78b91e8780","graph":269,"cb":1,"original_nodes":1,"gpu_start_s":92303.625248500,"gpu_end_s":92303.627395542,"gpu_ms":2.147042,"valid":true,"completed":true,"op_counts":{"MUL_MAT":1}}
M5_OP_CALL {"cache":"unflushed","family":"head","graph":270,"phase":"measure","routing":"none","rows":3,"sample":8,"unique_experts":0}
M5_PROFILE {"context":"78b91e8780","graph":270,"cb":1,"original_nodes":1,"gpu_start_s":92303.627613750,"gpu_end_s":92303.629758917,"gpu_ms":2.145167,"valid":true,"completed":true,"op_counts":{"MUL_MAT":1}}
M5_OP_CALL {"cache":"unflushed","family":"head","graph":271,"phase":"measure","routing":"none","rows":3,"sample":9,"unique_experts":0}
M5_PROFILE {"context":"78b91e8780","graph":271,"cb":1,"original_nodes":1,"gpu_start_s":92303.629966625,"gpu_end_s":92303.632289667,"gpu_ms":2.323042,"valid":true,"completed":true,"op_counts":{"MUL_MAT":1}}
M5_OP_CALL {"cache":"unflushed","family":"head","graph":272,"phase":"measure","routing":"none","rows":3,"sample":10,"unique_experts":0}
M5_PROFILE {"context":"78b91e8780","graph":272,"cb":1,"original_nodes":1,"gpu_start_s":92303.632533125,"gpu_end_s":92303.634677250,"gpu_ms":2.144125,"valid":true,"completed":true,"op_counts":{"MUL_MAT":1}}
M5_OP_CALL {"cache":"unflushed","family":"head","graph":273,"phase":"measure","routing":"none","rows":3,"sample":11,"unique_experts":0}
M5_PROFILE {"context":"78b91e8780","graph":273,"cb":1,"original_nodes":1,"gpu_start_s":92303.634917875,"gpu_end_s":92303.637052000,"gpu_ms":2.134125,"valid":true,"completed":true,"op_counts":{"MUL_MAT":1}}
M5_OP_CALL {"cache":"unflushed","family":"head","graph":274,"phase":"measure","routing":"none","rows":3,"sample":12,"unique_experts":0}
M5_PROFILE {"context":"78b91e8780","graph":274,"cb":1,"original_nodes":1,"gpu_start_s":92303.637262625,"gpu_end_s":92303.639596917,"gpu_ms":2.334292,"valid":true,"completed":true,"op_counts":{"MUL_MAT":1}}
M5_OP_CALL {"cache":"unflushed","family":"head","graph":275,"phase":"measure","routing":"none","rows":3,"sample":13,"unique_experts":0}
M5_PROFILE {"context":"78b91e8780","graph":275,"cb":1,"original_nodes":1,"gpu_start_s":92303.639833875,"gpu_end_s":92303.642000792,"gpu_ms":2.166917,"valid":true,"completed":true,"op_counts":{"MUL_MAT":1}}
M5_OP_CALL {"cache":"unflushed","family":"head","graph":276,"phase":"measure","routing":"none","rows":3,"sample":14,"unique_experts":0}
M5_PROFILE {"context":"78b91e8780","graph":276,"cb":1,"original_nodes":1,"gpu_start_s":92303.642205250,"gpu_end_s":92303.644348417,"gpu_ms":2.143167,"valid":true,"completed":true,"op_counts":{"MUL_MAT":1}}
M5_OP_CALL {"cache":"unflushed","family":"head","graph":277,"phase":"measure","routing":"none","rows":3,"sample":15,"unique_experts":0}
M5_PROFILE {"context":"78b91e8780","graph":277,"cb":1,"original_nodes":1,"gpu_start_s":92303.644666625,"gpu_end_s":92303.646990250,"gpu_ms":2.323625,"valid":true,"completed":true,"op_counts":{"MUL_MAT":1}}
M5_OP_CALL {"cache":"unflushed","family":"head","graph":278,"phase":"measure","routing":"none","rows":3,"sample":16,"unique_experts":0}
M5_PROFILE {"context":"78b91e8780","graph":278,"cb":1,"original_nodes":1,"gpu_start_s":92303.647227375,"gpu_end_s":92303.649374750,"gpu_ms":2.147375,"valid":true,"completed":true,"op_counts":{"MUL_MAT":1}}
M5_OP_CALL {"cache":"unflushed","family":"head","graph":279,"phase":"measure","routing":"none","rows":3,"sample":17,"unique_experts":0}
M5_PROFILE {"context":"78b91e8780","graph":279,"cb":1,"original_nodes":1,"gpu_start_s":92303.649609500,"gpu_end_s":92303.651750667,"gpu_ms":2.141167,"valid":true,"completed":true,"op_counts":{"MUL_MAT":1}}
M5_OP_CALL {"cache":"unflushed","family":"head","graph":280,"phase":"measure","routing":"none","rows":3,"sample":18,"unique_experts":0}
M5_PROFILE {"context":"78b91e8780","graph":280,"cb":1,"original_nodes":1,"gpu_start_s":92303.651928750,"gpu_end_s":92303.654081042,"gpu_ms":2.152292,"valid":true,"completed":true,"op_counts":{"MUL_MAT":1}}
M5_OP_CALL {"cache":"unflushed","family":"head","graph":281,"phase":"measure","routing":"none","rows":3,"sample":19,"unique_experts":0}
M5_PROFILE {"context":"78b91e8780","graph":281,"cb":1,"original_nodes":1,"gpu_start_s":92303.654258000,"gpu_end_s":92303.656581417,"gpu_ms":2.323417,"valid":true,"completed":true,"op_counts":{"MUL_MAT":1}}
M5_OP_CALL {"cache":"unflushed","family":"head","graph":282,"phase":"measure","routing":"none","rows":3,"sample":20,"unique_experts":0}
M5_PROFILE {"context":"78b91e8780","graph":282,"cb":1,"original_nodes":1,"gpu_start_s":92303.656820750,"gpu_end_s":92303.658963667,"gpu_ms":2.142917,"valid":true,"completed":true,"op_counts":{"MUL_MAT":1}}
M5_OP_CALL {"cache":"unflushed","family":"head","graph":283,"phase":"measure","routing":"none","rows":3,"sample":21,"unique_experts":0}
M5_PROFILE {"context":"78b91e8780","graph":283,"cb":1,"original_nodes":1,"gpu_start_s":92303.659204542,"gpu_end_s":92303.661344750,"gpu_ms":2.140208,"valid":true,"completed":true,"op_counts":{"MUL_MAT":1}}
M5_OP_CALL {"cache":"unflushed","family":"head","graph":284,"phase":"measure","routing":"none","rows":3,"sample":22,"unique_experts":0}
M5_PROFILE {"context":"78b91e8780","graph":284,"cb":1,"original_nodes":1,"gpu_start_s":92303.661522750,"gpu_end_s":92303.663849417,"gpu_ms":2.326667,"valid":true,"completed":true,"op_counts":{"MUL_MAT":1}}
M5_OP_CALL {"cache":"unflushed","family":"head","graph":285,"phase":"measure","routing":"none","rows":3,"sample":23,"unique_experts":0}
M5_PROFILE {"context":"78b91e8780","graph":285,"cb":1,"original_nodes":1,"gpu_start_s":92303.664075667,"gpu_end_s":92303.666222042,"gpu_ms":2.146375,"valid":true,"completed":true,"op_counts":{"MUL_MAT":1}}
M5_OP_CALL {"cache":"unflushed","family":"head","graph":286,"phase":"measure","routing":"none","rows":3,"sample":24,"unique_experts":0}
M5_PROFILE {"context":"78b91e8780","graph":286,"cb":1,"original_nodes":1,"gpu_start_s":92303.666404417,"gpu_end_s":92303.668542167,"gpu_ms":2.137750,"valid":true,"completed":true,"op_counts":{"MUL_MAT":1}}
M5_OP_CALL {"cache":"unflushed","family":"head","graph":287,"phase":"measure","routing":"none","rows":3,"sample":25,"unique_experts":0}
M5_PROFILE {"context":"78b91e8780","graph":287,"cb":1,"original_nodes":1,"gpu_start_s":92303.668767000,"gpu_end_s":92303.670905625,"gpu_ms":2.138625,"valid":true,"completed":true,"op_counts":{"MUL_MAT":1}}
M5_OP_CALL {"cache":"unflushed","family":"head","graph":288,"phase":"measure","routing":"none","rows":3,"sample":26,"unique_experts":0}
M5_PROFILE {"context":"78b91e8780","graph":288,"cb":1,"original_nodes":1,"gpu_start_s":92303.671113375,"gpu_end_s":92303.673442250,"gpu_ms":2.328875,"valid":true,"completed":true,"op_counts":{"MUL_MAT":1}}
M5_OP_CALL {"cache":"unflushed","family":"head","graph":289,"phase":"measure","routing":"none","rows":3,"sample":27,"unique_experts":0}
M5_PROFILE {"context":"78b91e8780","graph":289,"cb":1,"original_nodes":1,"gpu_start_s":92303.673672375,"gpu_end_s":92303.675820917,"gpu_ms":2.148542,"valid":true,"completed":true,"op_counts":{"MUL_MAT":1}}
M5_OP_CALL {"cache":"unflushed","family":"head","graph":290,"phase":"measure","routing":"none","rows":3,"sample":28,"unique_experts":0}
M5_PROFILE {"context":"78b91e8780","graph":290,"cb":1,"original_nodes":1,"gpu_start_s":92303.676067000,"gpu_end_s":92303.678215500,"gpu_ms":2.148500,"valid":true,"completed":true,"op_counts":{"MUL_MAT":1}}
M5_OP_CALL {"cache":"unflushed","family":"head","graph":291,"phase":"measure","routing":"none","rows":3,"sample":29,"unique_experts":0}
M5_PROFILE {"context":"78b91e8780","graph":291,"cb":1,"original_nodes":1,"gpu_start_s":92303.678427500,"gpu_end_s":92303.680768250,"gpu_ms":2.340750,"valid":true,"completed":true,"op_counts":{"MUL_MAT":1}}
M5_OP_CALL {"cache":"unflushed","family":"head","graph":292,"phase":"measure","routing":"none","rows":3,"sample":30,"unique_experts":0}
M5_PROFILE {"context":"78b91e8780","graph":292,"cb":1,"original_nodes":1,"gpu_start_s":92303.681009542,"gpu_end_s":92303.683152542,"gpu_ms":2.143000,"valid":true,"completed":true,"op_counts":{"MUL_MAT":1}}
M5_OP_CALL {"cache":"unflushed","family":"head","graph":293,"phase":"measure","routing":"none","rows":3,"sample":31,"unique_experts":0}
M5_PROFILE {"context":"78b91e8780","graph":293,"cb":1,"original_nodes":1,"gpu_start_s":92303.683344625,"gpu_end_s":92303.685483375,"gpu_ms":2.138750,"valid":true,"completed":true,"op_counts":{"MUL_MAT":1}}
M5_OP_CALL {"cache":"unflushed","family":"head","graph":294,"phase":"measure","routing":"none","rows":3,"sample":32,"unique_experts":0}
M5_PROFILE {"context":"78b91e8780","graph":294,"cb":1,"original_nodes":1,"gpu_start_s":92303.685662792,"gpu_end_s":92303.687806500,"gpu_ms":2.143708,"valid":true,"completed":true,"op_counts":{"MUL_MAT":1}}
M5_OP_CALL {"cache":"unflushed","family":"head","graph":295,"phase":"measure","routing":"none","rows":3,"sample":33,"unique_experts":0}
M5_PROFILE {"context":"78b91e8780","graph":295,"cb":1,"original_nodes":1,"gpu_start_s":92303.688030250,"gpu_end_s":92303.690362167,"gpu_ms":2.331917,"valid":true,"completed":true,"op_counts":{"MUL_MAT":1}}
M5_OP_CALL {"cache":"unflushed","family":"head","graph":296,"phase":"measure","routing":"none","rows":3,"sample":34,"unique_experts":0}
M5_PROFILE {"context":"78b91e8780","graph":296,"cb":1,"original_nodes":1,"gpu_start_s":92303.690607000,"gpu_end_s":92303.692756375,"gpu_ms":2.149375,"valid":true,"completed":true,"op_counts":{"MUL_MAT":1}}
M5_OP_CALL {"cache":"unflushed","family":"head","graph":297,"phase":"measure","routing":"none","rows":3,"sample":35,"unique_experts":0}
M5_PROFILE {"context":"78b91e8780","graph":297,"cb":1,"original_nodes":1,"gpu_start_s":92303.693041875,"gpu_end_s":92303.695188375,"gpu_ms":2.146500,"valid":true,"completed":true,"op_counts":{"MUL_MAT":1}}
M5_OP_CALL {"cache":"unflushed","family":"head","graph":298,"phase":"measure","routing":"none","rows":3,"sample":36,"unique_experts":0}
M5_PROFILE {"context":"78b91e8780","graph":298,"cb":1,"original_nodes":1,"gpu_start_s":92303.695412792,"gpu_end_s":92303.697748917,"gpu_ms":2.336125,"valid":true,"completed":true,"op_counts":{"MUL_MAT":1}}
M5_OP_CALL {"cache":"unflushed","family":"head","graph":299,"phase":"measure","routing":"none","rows":3,"sample":37,"unique_experts":0}
M5_PROFILE {"context":"78b91e8780","graph":299,"cb":1,"original_nodes":1,"gpu_start_s":92303.697973792,"gpu_end_s":92303.700122625,"gpu_ms":2.148833,"valid":true,"completed":true,"op_counts":{"MUL_MAT":1}}
M5_OP_CALL {"cache":"unflushed","family":"head","graph":300,"phase":"measure","routing":"none","rows":3,"sample":38,"unique_experts":0}
M5_PROFILE {"context":"78b91e8780","graph":300,"cb":1,"original_nodes":1,"gpu_start_s":92303.700321917,"gpu_end_s":92303.702467875,"gpu_ms":2.145958,"valid":true,"completed":true,"op_counts":{"MUL_MAT":1}}
M5_OP_CALL {"cache":"unflushed","family":"head","graph":301,"phase":"measure","routing":"none","rows":3,"sample":39,"unique_experts":0}
M5_PROFILE {"context":"78b91e8780","graph":301,"cb":1,"original_nodes":1,"gpu_start_s":92303.702627375,"gpu_end_s":92303.704772167,"gpu_ms":2.144792,"valid":true,"completed":true,"op_counts":{"MUL_MAT":1}}
M5_OP_CALL {"family":"head","graph":302,"phase":"cache-pressure","rows":3}
M5_PROFILE {"context":"78b91e8780","graph":302,"cb":1,"original_nodes":1,"gpu_start_s":92303.704966292,"gpu_end_s":92303.706121125,"gpu_ms":1.154833,"valid":true,"completed":true,"op_counts":{"SQR":1}}
M5_OP_CALL {"cache":"pressure-128MiB","family":"head","graph":303,"phase":"warmup","routing":"none","rows":3,"sample":-3,"unique_experts":0}
M5_PROFILE {"context":"78b91e8780","graph":303,"cb":1,"original_nodes":1,"gpu_start_s":92303.706349792,"gpu_end_s":92303.708504167,"gpu_ms":2.154375,"valid":true,"completed":true,"op_counts":{"MUL_MAT":1}}
M5_OP_CALL {"family":"head","graph":304,"phase":"cache-pressure","rows":3}
M5_PROFILE {"context":"78b91e8780","graph":304,"cb":1,"original_nodes":1,"gpu_start_s":92303.708743625,"gpu_end_s":92303.709722542,"gpu_ms":0.978917,"valid":true,"completed":true,"op_counts":{"SQR":1}}
M5_OP_CALL {"cache":"pressure-128MiB","family":"head","graph":305,"phase":"warmup","routing":"none","rows":3,"sample":-2,"unique_experts":0}
M5_PROFILE {"context":"78b91e8780","graph":305,"cb":1,"original_nodes":1,"gpu_start_s":92303.709911125,"gpu_end_s":92303.712058750,"gpu_ms":2.147625,"valid":true,"completed":true,"op_counts":{"MUL_MAT":1}}
M5_OP_CALL {"family":"head","graph":306,"phase":"cache-pressure","rows":3}
M5_PROFILE {"context":"78b91e8780","graph":306,"cb":1,"original_nodes":1,"gpu_start_s":92303.712236375,"gpu_end_s":92303.713214000,"gpu_ms":0.977625,"valid":true,"completed":true,"op_counts":{"SQR":1}}
M5_OP_CALL {"cache":"pressure-128MiB","family":"head","graph":307,"phase":"warmup","routing":"none","rows":3,"sample":-1,"unique_experts":0}
M5_PROFILE {"context":"78b91e8780","graph":307,"cb":1,"original_nodes":1,"gpu_start_s":92303.713437000,"gpu_end_s":92303.715772167,"gpu_ms":2.335167,"valid":true,"completed":true,"op_counts":{"MUL_MAT":1}}
M5_OP_CALL {"family":"head","graph":308,"phase":"cache-pressure","rows":3}
M5_PROFILE {"context":"78b91e8780","graph":308,"cb":1,"original_nodes":1,"gpu_start_s":92303.716006375,"gpu_end_s":92303.717008500,"gpu_ms":1.002125,"valid":true,"completed":true,"op_counts":{"SQR":1}}
M5_OP_CALL {"cache":"pressure-128MiB","family":"head","graph":309,"phase":"measure","routing":"none","rows":3,"sample":0,"unique_experts":0}
M5_PROFILE {"context":"78b91e8780","graph":309,"cb":1,"original_nodes":1,"gpu_start_s":92303.717208500,"gpu_end_s":92303.719367125,"gpu_ms":2.158625,"valid":true,"completed":true,"op_counts":{"MUL_MAT":1}}
M5_OP_CALL {"family":"head","graph":310,"phase":"cache-pressure","rows":3}
M5_PROFILE {"context":"78b91e8780","graph":310,"cb":1,"original_nodes":1,"gpu_start_s":92303.719550625,"gpu_end_s":92303.720530292,"gpu_ms":0.979667,"valid":true,"completed":true,"op_counts":{"SQR":1}}
M5_OP_CALL {"cache":"pressure-128MiB","family":"head","graph":311,"phase":"measure","routing":"none","rows":3,"sample":1,"unique_experts":0}
M5_PROFILE {"context":"78b91e8780","graph":311,"cb":1,"original_nodes":1,"gpu_start_s":92303.720766500,"gpu_end_s":92303.723106125,"gpu_ms":2.339625,"valid":true,"completed":true,"op_counts":{"MUL_MAT":1}}
M5_OP_CALL {"family":"head","graph":312,"phase":"cache-pressure","rows":3}
M5_PROFILE {"context":"78b91e8780","graph":312,"cb":1,"original_nodes":1,"gpu_start_s":92303.723342875,"gpu_end_s":92303.724313792,"gpu_ms":0.970917,"valid":true,"completed":true,"op_counts":{"SQR":1}}
M5_OP_CALL {"cache":"pressure-128MiB","family":"head","graph":313,"phase":"measure","routing":"none","rows":3,"sample":2,"unique_experts":0}
M5_PROFILE {"context":"78b91e8780","graph":313,"cb":1,"original_nodes":1,"gpu_start_s":92303.724553250,"gpu_end_s":92303.726702917,"gpu_ms":2.149667,"valid":true,"completed":true,"op_counts":{"MUL_MAT":1}}
M5_OP_CALL {"family":"head","graph":314,"phase":"cache-pressure","rows":3}
M5_PROFILE {"context":"78b91e8780","graph":314,"cb":1,"original_nodes":1,"gpu_start_s":92303.726942417,"gpu_end_s":92303.727911875,"gpu_ms":0.969458,"valid":true,"completed":true,"op_counts":{"SQR":1}}
M5_OP_CALL {"cache":"pressure-128MiB","family":"head","graph":315,"phase":"measure","routing":"none","rows":3,"sample":3,"unique_experts":0}
M5_PROFILE {"context":"78b91e8780","graph":315,"cb":1,"original_nodes":1,"gpu_start_s":92303.728191500,"gpu_end_s":92303.730349125,"gpu_ms":2.157625,"valid":true,"completed":true,"op_counts":{"MUL_MAT":1}}
M5_OP_CALL {"family":"head","graph":316,"phase":"cache-pressure","rows":3}
M5_PROFILE {"context":"78b91e8780","graph":316,"cb":1,"original_nodes":1,"gpu_start_s":92303.730467375,"gpu_end_s":92303.731504417,"gpu_ms":1.037042,"valid":true,"completed":true,"op_counts":{"SQR":1}}
M5_OP_CALL {"cache":"pressure-128MiB","family":"head","graph":317,"phase":"measure","routing":"none","rows":3,"sample":4,"unique_experts":0}
M5_PROFILE {"context":"78b91e8780","graph":317,"cb":1,"original_nodes":1,"gpu_start_s":92303.731675250,"gpu_end_s":92303.733828125,"gpu_ms":2.152875,"valid":true,"completed":true,"op_counts":{"MUL_MAT":1}}
M5_OP_CALL {"family":"head","graph":318,"phase":"cache-pressure","rows":3}
M5_PROFILE {"context":"78b91e8780","graph":318,"cb":1,"original_nodes":1,"gpu_start_s":92303.734020667,"gpu_end_s":92303.734989292,"gpu_ms":0.968625,"valid":true,"completed":true,"op_counts":{"SQR":1}}
M5_OP_CALL {"cache":"pressure-128MiB","family":"head","graph":319,"phase":"measure","routing":"none","rows":3,"sample":5,"unique_experts":0}
M5_PROFILE {"context":"78b91e8780","graph":319,"cb":1,"original_nodes":1,"gpu_start_s":92303.735233750,"gpu_end_s":92303.737378750,"gpu_ms":2.145000,"valid":true,"completed":true,"op_counts":{"MUL_MAT":1}}
M5_OP_CALL {"family":"head","graph":320,"phase":"cache-pressure","rows":3}
M5_PROFILE {"context":"78b91e8780","graph":320,"cb":1,"original_nodes":1,"gpu_start_s":92303.737600750,"gpu_end_s":92303.738577375,"gpu_ms":0.976625,"valid":true,"completed":true,"op_counts":{"SQR":1}}
M5_OP_CALL {"cache":"pressure-128MiB","family":"head","graph":321,"phase":"measure","routing":"none","rows":3,"sample":6,"unique_experts":0}
M5_PROFILE {"context":"78b91e8780","graph":321,"cb":1,"original_nodes":1,"gpu_start_s":92303.738812875,"gpu_end_s":92303.741146542,"gpu_ms":2.333667,"valid":true,"completed":true,"op_counts":{"MUL_MAT":1}}
M5_OP_CALL {"family":"head","graph":322,"phase":"cache-pressure","rows":3}
M5_PROFILE {"context":"78b91e8780","graph":322,"cb":1,"original_nodes":1,"gpu_start_s":92303.741392792,"gpu_end_s":92303.742383000,"gpu_ms":0.990208,"valid":true,"completed":true,"op_counts":{"SQR":1}}
M5_OP_CALL {"cache":"pressure-128MiB","family":"head","graph":323,"phase":"measure","routing":"none","rows":3,"sample":7,"unique_experts":0}
M5_PROFILE {"context":"78b91e8780","graph":323,"cb":1,"original_nodes":1,"gpu_start_s":92303.742681500,"gpu_end_s":92303.744828542,"gpu_ms":2.147042,"valid":true,"completed":true,"op_counts":{"MUL_MAT":1}}
M5_OP_CALL {"family":"head","graph":324,"phase":"cache-pressure","rows":3}
M5_PROFILE {"context":"78b91e8780","graph":324,"cb":1,"original_nodes":1,"gpu_start_s":92303.745064000,"gpu_end_s":92303.746041042,"gpu_ms":0.977042,"valid":true,"completed":true,"op_counts":{"SQR":1}}
M5_OP_CALL {"cache":"pressure-128MiB","family":"head","graph":325,"phase":"measure","routing":"none","rows":3,"sample":8,"unique_experts":0}
M5_PROFILE {"context":"78b91e8780","graph":325,"cb":1,"original_nodes":1,"gpu_start_s":92303.746314500,"gpu_end_s":92303.748664500,"gpu_ms":2.350000,"valid":true,"completed":true,"op_counts":{"MUL_MAT":1}}
M5_OP_CALL {"family":"head","graph":326,"phase":"cache-pressure","rows":3}
M5_PROFILE {"context":"78b91e8780","graph":326,"cb":1,"original_nodes":1,"gpu_start_s":92303.748893042,"gpu_end_s":92303.749863750,"gpu_ms":0.970708,"valid":true,"completed":true,"op_counts":{"SQR":1}}
M5_OP_CALL {"cache":"pressure-128MiB","family":"head","graph":327,"phase":"measure","routing":"none","rows":3,"sample":9,"unique_experts":0}
M5_PROFILE {"context":"78b91e8780","graph":327,"cb":1,"original_nodes":1,"gpu_start_s":92303.750040542,"gpu_end_s":92303.752188375,"gpu_ms":2.147833,"valid":true,"completed":true,"op_counts":{"MUL_MAT":1}}
M5_OP_CALL {"family":"head","graph":328,"phase":"cache-pressure","rows":3}
M5_PROFILE {"context":"78b91e8780","graph":328,"cb":1,"original_nodes":1,"gpu_start_s":92303.752473917,"gpu_end_s":92303.753450000,"gpu_ms":0.976083,"valid":true,"completed":true,"op_counts":{"SQR":1}}
M5_OP_CALL {"cache":"pressure-128MiB","family":"head","graph":329,"phase":"measure","routing":"none","rows":3,"sample":10,"unique_experts":0}
M5_PROFILE {"context":"78b91e8780","graph":329,"cb":1,"original_nodes":1,"gpu_start_s":92303.753673292,"gpu_end_s":92303.756002125,"gpu_ms":2.328833,"valid":true,"completed":true,"op_counts":{"MUL_MAT":1}}
M5_OP_CALL {"family":"head","graph":330,"phase":"cache-pressure","rows":3}
M5_PROFILE {"context":"78b91e8780","graph":330,"cb":1,"original_nodes":1,"gpu_start_s":92303.756250750,"gpu_end_s":92303.757222000,"gpu_ms":0.971250,"valid":true,"completed":true,"op_counts":{"SQR":1}}
M5_OP_CALL {"cache":"pressure-128MiB","family":"head","graph":331,"phase":"measure","routing":"none","rows":3,"sample":11,"unique_experts":0}
M5_PROFILE {"context":"78b91e8780","graph":331,"cb":1,"original_nodes":1,"gpu_start_s":92303.757464375,"gpu_end_s":92303.759616875,"gpu_ms":2.152500,"valid":true,"completed":true,"op_counts":{"MUL_MAT":1}}
M5_OP_CALL {"family":"head","graph":332,"phase":"cache-pressure","rows":3}
M5_PROFILE {"context":"78b91e8780","graph":332,"cb":1,"original_nodes":1,"gpu_start_s":92303.759902542,"gpu_end_s":92303.760872750,"gpu_ms":0.970208,"valid":true,"completed":true,"op_counts":{"SQR":1}}
M5_OP_CALL {"cache":"pressure-128MiB","family":"head","graph":333,"phase":"measure","routing":"none","rows":3,"sample":12,"unique_experts":0}
M5_PROFILE {"context":"78b91e8780","graph":333,"cb":1,"original_nodes":1,"gpu_start_s":92303.761098000,"gpu_end_s":92303.763253292,"gpu_ms":2.155292,"valid":true,"completed":true,"op_counts":{"MUL_MAT":1}}
M5_OP_CALL {"family":"head","graph":334,"phase":"cache-pressure","rows":3}
M5_PROFILE {"context":"78b91e8780","graph":334,"cb":1,"original_nodes":1,"gpu_start_s":92303.763556167,"gpu_end_s":92303.764714000,"gpu_ms":1.157833,"valid":true,"completed":true,"op_counts":{"SQR":1}}
M5_OP_CALL {"cache":"pressure-128MiB","family":"head","graph":335,"phase":"measure","routing":"none","rows":3,"sample":13,"unique_experts":0}
M5_PROFILE {"context":"78b91e8780","graph":335,"cb":1,"original_nodes":1,"gpu_start_s":92303.764949875,"gpu_end_s":92303.767099000,"gpu_ms":2.149125,"valid":true,"completed":true,"op_counts":{"MUL_MAT":1}}
M5_OP_CALL {"family":"head","graph":336,"phase":"cache-pressure","rows":3}
M5_PROFILE {"context":"78b91e8780","graph":336,"cb":1,"original_nodes":1,"gpu_start_s":92303.767278167,"gpu_end_s":92303.768247625,"gpu_ms":0.969458,"valid":true,"completed":true,"op_counts":{"SQR":1}}
M5_OP_CALL {"cache":"pressure-128MiB","family":"head","graph":337,"phase":"measure","routing":"none","rows":3,"sample":14,"unique_experts":0}
M5_PROFILE {"context":"78b91e8780","graph":337,"cb":1,"original_nodes":1,"gpu_start_s":92303.768435375,"gpu_end_s":92303.770588500,"gpu_ms":2.153125,"valid":true,"completed":true,"op_counts":{"MUL_MAT":1}}
M5_OP_CALL {"family":"head","graph":338,"phase":"cache-pressure","rows":3}
M5_PROFILE {"context":"78b91e8780","graph":338,"cb":1,"original_nodes":1,"gpu_start_s":92303.770813375,"gpu_end_s":92303.771788792,"gpu_ms":0.975417,"valid":true,"completed":true,"op_counts":{"SQR":1}}
M5_OP_CALL {"cache":"pressure-128MiB","family":"head","graph":339,"phase":"measure","routing":"none","rows":3,"sample":15,"unique_experts":0}
M5_PROFILE {"context":"78b91e8780","graph":339,"cb":1,"original_nodes":1,"gpu_start_s":92303.772016625,"gpu_end_s":92303.774345625,"gpu_ms":2.329000,"valid":true,"completed":true,"op_counts":{"MUL_MAT":1}}
M5_OP_CALL {"family":"head","graph":340,"phase":"cache-pressure","rows":3}
M5_PROFILE {"context":"78b91e8780","graph":340,"cb":1,"original_nodes":1,"gpu_start_s":92303.774602500,"gpu_end_s":92303.775582250,"gpu_ms":0.979750,"valid":true,"completed":true,"op_counts":{"SQR":1}}
M5_OP_CALL {"cache":"pressure-128MiB","family":"head","graph":341,"phase":"measure","routing":"none","rows":3,"sample":16,"unique_experts":0}
M5_PROFILE {"context":"78b91e8780","graph":341,"cb":1,"original_nodes":1,"gpu_start_s":92303.775815042,"gpu_end_s":92303.777958042,"gpu_ms":2.143000,"valid":true,"completed":true,"op_counts":{"MUL_MAT":1}}
M5_OP_CALL {"family":"head","graph":342,"phase":"cache-pressure","rows":3}
M5_PROFILE {"context":"78b91e8780","graph":342,"cb":1,"original_nodes":1,"gpu_start_s":92303.778194000,"gpu_end_s":92303.779167042,"gpu_ms":0.973042,"valid":true,"completed":true,"op_counts":{"SQR":1}}
M5_OP_CALL {"cache":"pressure-128MiB","family":"head","graph":343,"phase":"measure","routing":"none","rows":3,"sample":17,"unique_experts":0}
M5_PROFILE {"context":"78b91e8780","graph":343,"cb":1,"original_nodes":1,"gpu_start_s":92303.779459875,"gpu_end_s":92303.781807000,"gpu_ms":2.347125,"valid":true,"completed":true,"op_counts":{"MUL_MAT":1}}
M5_OP_CALL {"family":"head","graph":344,"phase":"cache-pressure","rows":3}
M5_PROFILE {"context":"78b91e8780","graph":344,"cb":1,"original_nodes":1,"gpu_start_s":92303.782064750,"gpu_end_s":92303.783033875,"gpu_ms":0.969125,"valid":true,"completed":true,"op_counts":{"SQR":1}}
M5_OP_CALL {"cache":"pressure-128MiB","family":"head","graph":345,"phase":"measure","routing":"none","rows":3,"sample":18,"unique_experts":0}
M5_PROFILE {"context":"78b91e8780","graph":345,"cb":1,"original_nodes":1,"gpu_start_s":92303.783221875,"gpu_end_s":92303.785496375,"gpu_ms":2.274500,"valid":true,"completed":true,"op_counts":{"MUL_MAT":1}}
M5_OP_CALL {"family":"head","graph":346,"phase":"cache-pressure","rows":3}
M5_PROFILE {"context":"78b91e8780","graph":346,"cb":1,"original_nodes":1,"gpu_start_s":92303.785709500,"gpu_end_s":92303.786686875,"gpu_ms":0.977375,"valid":true,"completed":true,"op_counts":{"SQR":1}}
M5_OP_CALL {"cache":"pressure-128MiB","family":"head","graph":347,"phase":"measure","routing":"none","rows":3,"sample":19,"unique_experts":0}
M5_PROFILE {"context":"78b91e8780","graph":347,"cb":1,"original_nodes":1,"gpu_start_s":92303.786922750,"gpu_end_s":92303.789254875,"gpu_ms":2.332125,"valid":true,"completed":true,"op_counts":{"MUL_MAT":1}}
M5_OP_CALL {"family":"head","graph":348,"phase":"cache-pressure","rows":3}
M5_PROFILE {"context":"78b91e8780","graph":348,"cb":1,"original_nodes":1,"gpu_start_s":92303.789492625,"gpu_end_s":92303.790464375,"gpu_ms":0.971750,"valid":true,"completed":true,"op_counts":{"SQR":1}}
M5_OP_CALL {"cache":"pressure-128MiB","family":"head","graph":349,"phase":"measure","routing":"none","rows":3,"sample":20,"unique_experts":0}
M5_PROFILE {"context":"78b91e8780","graph":349,"cb":1,"original_nodes":1,"gpu_start_s":92303.790705375,"gpu_end_s":92303.792969625,"gpu_ms":2.264250,"valid":true,"completed":true,"op_counts":{"MUL_MAT":1}}
M5_OP_CALL {"family":"head","graph":350,"phase":"cache-pressure","rows":3}
M5_PROFILE {"context":"78b91e8780","graph":350,"cb":1,"original_nodes":1,"gpu_start_s":92303.793140125,"gpu_end_s":92303.794111000,"gpu_ms":0.970875,"valid":true,"completed":true,"op_counts":{"SQR":1}}
M5_OP_CALL {"cache":"pressure-128MiB","family":"head","graph":351,"phase":"measure","routing":"none","rows":3,"sample":21,"unique_experts":0}
M5_PROFILE {"context":"78b91e8780","graph":351,"cb":1,"original_nodes":1,"gpu_start_s":92303.794296625,"gpu_end_s":92303.796450375,"gpu_ms":2.153750,"valid":true,"completed":true,"op_counts":{"MUL_MAT":1}}
M5_OP_CALL {"family":"head","graph":352,"phase":"cache-pressure","rows":3}
M5_PROFILE {"context":"78b91e8780","graph":352,"cb":1,"original_nodes":1,"gpu_start_s":92303.796621125,"gpu_end_s":92303.797777667,"gpu_ms":1.156542,"valid":true,"completed":true,"op_counts":{"SQR":1}}
M5_OP_CALL {"cache":"pressure-128MiB","family":"head","graph":353,"phase":"measure","routing":"none","rows":3,"sample":22,"unique_experts":0}
M5_PROFILE {"context":"78b91e8780","graph":353,"cb":1,"original_nodes":1,"gpu_start_s":92303.797999000,"gpu_end_s":92303.800264792,"gpu_ms":2.265792,"valid":true,"completed":true,"op_counts":{"MUL_MAT":1}}
M5_OP_CALL {"family":"head","graph":354,"phase":"cache-pressure","rows":3}
M5_PROFILE {"context":"78b91e8780","graph":354,"cb":1,"original_nodes":1,"gpu_start_s":92303.800472500,"gpu_end_s":92303.801464417,"gpu_ms":0.991917,"valid":true,"completed":true,"op_counts":{"SQR":1}}
M5_OP_CALL {"cache":"pressure-128MiB","family":"head","graph":355,"phase":"measure","routing":"none","rows":3,"sample":23,"unique_experts":0}
M5_PROFILE {"context":"78b91e8780","graph":355,"cb":1,"original_nodes":1,"gpu_start_s":92303.801699125,"gpu_end_s":92303.803851875,"gpu_ms":2.152750,"valid":true,"completed":true,"op_counts":{"MUL_MAT":1}}
M5_OP_CALL {"family":"head","graph":356,"phase":"cache-pressure","rows":3}
M5_PROFILE {"context":"78b91e8780","graph":356,"cb":1,"original_nodes":1,"gpu_start_s":92303.804082417,"gpu_end_s":92303.805061875,"gpu_ms":0.979458,"valid":true,"completed":true,"op_counts":{"SQR":1}}
M5_OP_CALL {"cache":"pressure-128MiB","family":"head","graph":357,"phase":"measure","routing":"none","rows":3,"sample":24,"unique_experts":0}
M5_PROFILE {"context":"78b91e8780","graph":357,"cb":1,"original_nodes":1,"gpu_start_s":92303.805241417,"gpu_end_s":92303.807568792,"gpu_ms":2.327375,"valid":true,"completed":true,"op_counts":{"MUL_MAT":1}}
M5_OP_CALL {"family":"head","graph":358,"phase":"cache-pressure","rows":3}
M5_PROFILE {"context":"78b91e8780","graph":358,"cb":1,"original_nodes":1,"gpu_start_s":92303.807857375,"gpu_end_s":92303.808840875,"gpu_ms":0.983500,"valid":true,"completed":true,"op_counts":{"SQR":1}}
M5_OP_CALL {"cache":"pressure-128MiB","family":"head","graph":359,"phase":"measure","routing":"none","rows":3,"sample":25,"unique_experts":0}
M5_PROFILE {"context":"78b91e8780","graph":359,"cb":1,"original_nodes":1,"gpu_start_s":92303.809021917,"gpu_end_s":92303.811172125,"gpu_ms":2.150208,"valid":true,"completed":true,"op_counts":{"MUL_MAT":1}}
M5_OP_CALL {"family":"head","graph":360,"phase":"cache-pressure","rows":3}
M5_PROFILE {"context":"78b91e8780","graph":360,"cb":1,"original_nodes":1,"gpu_start_s":92303.811397625,"gpu_end_s":92303.812370125,"gpu_ms":0.972500,"valid":true,"completed":true,"op_counts":{"SQR":1}}
M5_OP_CALL {"cache":"pressure-128MiB","family":"head","graph":361,"phase":"measure","routing":"none","rows":3,"sample":26,"unique_experts":0}
M5_PROFILE {"context":"78b91e8780","graph":361,"cb":1,"original_nodes":1,"gpu_start_s":92303.812605625,"gpu_end_s":92303.814942250,"gpu_ms":2.336625,"valid":true,"completed":true,"op_counts":{"MUL_MAT":1}}
M5_OP_CALL {"family":"head","graph":362,"phase":"cache-pressure","rows":3}
M5_PROFILE {"context":"78b91e8780","graph":362,"cb":1,"original_nodes":1,"gpu_start_s":92303.815120500,"gpu_end_s":92303.816091750,"gpu_ms":0.971250,"valid":true,"completed":true,"op_counts":{"SQR":1}}
M5_OP_CALL {"cache":"pressure-128MiB","family":"head","graph":363,"phase":"measure","routing":"none","rows":3,"sample":27,"unique_experts":0}
M5_PROFILE {"context":"78b91e8780","graph":363,"cb":1,"original_nodes":1,"gpu_start_s":92303.816323417,"gpu_end_s":92303.818473375,"gpu_ms":2.149958,"valid":true,"completed":true,"op_counts":{"MUL_MAT":1}}
M5_OP_CALL {"family":"head","graph":364,"phase":"cache-pressure","rows":3}
M5_PROFILE {"context":"78b91e8780","graph":364,"cb":1,"original_nodes":1,"gpu_start_s":92303.818765792,"gpu_end_s":92303.819743000,"gpu_ms":0.977208,"valid":true,"completed":true,"op_counts":{"SQR":1}}
M5_OP_CALL {"cache":"pressure-128MiB","family":"head","graph":365,"phase":"measure","routing":"none","rows":3,"sample":28,"unique_experts":0}
M5_PROFILE {"context":"78b91e8780","graph":365,"cb":1,"original_nodes":1,"gpu_start_s":92303.819981625,"gpu_end_s":92303.822323125,"gpu_ms":2.341500,"valid":true,"completed":true,"op_counts":{"MUL_MAT":1}}
M5_OP_CALL {"family":"head","graph":366,"phase":"cache-pressure","rows":3}
M5_PROFILE {"context":"78b91e8780","graph":366,"cb":1,"original_nodes":1,"gpu_start_s":92303.822558625,"gpu_end_s":92303.823530125,"gpu_ms":0.971500,"valid":true,"completed":true,"op_counts":{"SQR":1}}
M5_OP_CALL {"cache":"pressure-128MiB","family":"head","graph":367,"phase":"measure","routing":"none","rows":3,"sample":29,"unique_experts":0}
M5_PROFILE {"context":"78b91e8780","graph":367,"cb":1,"original_nodes":1,"gpu_start_s":92303.823771750,"gpu_end_s":92303.825921750,"gpu_ms":2.150000,"valid":true,"completed":true,"op_counts":{"MUL_MAT":1}}
M5_OP_CALL {"family":"head","graph":368,"phase":"cache-pressure","rows":3}
M5_PROFILE {"context":"78b91e8780","graph":368,"cb":1,"original_nodes":1,"gpu_start_s":92303.826213167,"gpu_end_s":92303.827182875,"gpu_ms":0.969708,"valid":true,"completed":true,"op_counts":{"SQR":1}}
M5_OP_CALL {"cache":"pressure-128MiB","family":"head","graph":369,"phase":"measure","routing":"none","rows":3,"sample":30,"unique_experts":0}
M5_PROFILE {"context":"78b91e8780","graph":369,"cb":1,"original_nodes":1,"gpu_start_s":92303.827417875,"gpu_end_s":92303.829562417,"gpu_ms":2.144542,"valid":true,"completed":true,"op_counts":{"MUL_MAT":1}}
M5_OP_CALL {"family":"head","graph":370,"phase":"cache-pressure","rows":3}
M5_PROFILE {"context":"78b91e8780","graph":370,"cb":1,"original_nodes":1,"gpu_start_s":92303.829843750,"gpu_end_s":92303.831002375,"gpu_ms":1.158625,"valid":true,"completed":true,"op_counts":{"SQR":1}}
M5_OP_CALL {"cache":"pressure-128MiB","family":"head","graph":371,"phase":"measure","routing":"none","rows":3,"sample":31,"unique_experts":0}
M5_PROFILE {"context":"78b91e8780","graph":371,"cb":1,"original_nodes":1,"gpu_start_s":92303.831256000,"gpu_end_s":92303.833411750,"gpu_ms":2.155750,"valid":true,"completed":true,"op_counts":{"MUL_MAT":1}}
M5_OP_CALL {"family":"head","graph":372,"phase":"cache-pressure","rows":3}
M5_PROFILE {"context":"78b91e8780","graph":372,"cb":1,"original_nodes":1,"gpu_start_s":92303.833634000,"gpu_end_s":92303.834604625,"gpu_ms":0.970625,"valid":true,"completed":true,"op_counts":{"SQR":1}}
M5_OP_CALL {"cache":"pressure-128MiB","family":"head","graph":373,"phase":"measure","routing":"none","rows":3,"sample":32,"unique_experts":0}
M5_PROFILE {"context":"78b91e8780","graph":373,"cb":1,"original_nodes":1,"gpu_start_s":92303.834841000,"gpu_end_s":92303.836985792,"gpu_ms":2.144792,"valid":true,"completed":true,"op_counts":{"MUL_MAT":1}}
M5_OP_CALL {"family":"head","graph":374,"phase":"cache-pressure","rows":3}
M5_PROFILE {"context":"78b91e8780","graph":374,"cb":1,"original_nodes":1,"gpu_start_s":92303.837210042,"gpu_end_s":92303.838186375,"gpu_ms":0.976333,"valid":true,"completed":true,"op_counts":{"SQR":1}}
M5_OP_CALL {"cache":"pressure-128MiB","family":"head","graph":375,"phase":"measure","routing":"none","rows":3,"sample":33,"unique_experts":0}
M5_PROFILE {"context":"78b91e8780","graph":375,"cb":1,"original_nodes":1,"gpu_start_s":92303.838413250,"gpu_end_s":92303.840741417,"gpu_ms":2.328167,"valid":true,"completed":true,"op_counts":{"MUL_MAT":1}}
M5_OP_CALL {"family":"head","graph":376,"phase":"cache-pressure","rows":3}
M5_PROFILE {"context":"78b91e8780","graph":376,"cb":1,"original_nodes":1,"gpu_start_s":92303.840971750,"gpu_end_s":92303.841971167,"gpu_ms":0.999417,"valid":true,"completed":true,"op_counts":{"SQR":1}}
M5_OP_CALL {"cache":"pressure-128MiB","family":"head","graph":377,"phase":"measure","routing":"none","rows":3,"sample":34,"unique_experts":0}
M5_PROFILE {"context":"78b91e8780","graph":377,"cb":1,"original_nodes":1,"gpu_start_s":92303.842198125,"gpu_end_s":92303.844345250,"gpu_ms":2.147125,"valid":true,"completed":true,"op_counts":{"MUL_MAT":1}}
M5_OP_CALL {"family":"head","graph":378,"phase":"cache-pressure","rows":3}
M5_PROFILE {"context":"78b91e8780","graph":378,"cb":1,"original_nodes":1,"gpu_start_s":92303.844576750,"gpu_end_s":92303.845551042,"gpu_ms":0.974292,"valid":true,"completed":true,"op_counts":{"SQR":1}}
M5_OP_CALL {"cache":"pressure-128MiB","family":"head","graph":379,"phase":"measure","routing":"none","rows":3,"sample":35,"unique_experts":0}
M5_PROFILE {"context":"78b91e8780","graph":379,"cb":1,"original_nodes":1,"gpu_start_s":92303.845779375,"gpu_end_s":92303.848109875,"gpu_ms":2.330500,"valid":true,"completed":true,"op_counts":{"MUL_MAT":1}}
M5_OP_CALL {"family":"head","graph":380,"phase":"cache-pressure","rows":3}
M5_PROFILE {"context":"78b91e8780","graph":380,"cb":1,"original_nodes":1,"gpu_start_s":92303.848341292,"gpu_end_s":92303.849313625,"gpu_ms":0.972333,"valid":true,"completed":true,"op_counts":{"SQR":1}}
M5_OP_CALL {"cache":"pressure-128MiB","family":"head","graph":381,"phase":"measure","routing":"none","rows":3,"sample":36,"unique_experts":0}
M5_PROFILE {"context":"78b91e8780","graph":381,"cb":1,"original_nodes":1,"gpu_start_s":92303.849550042,"gpu_end_s":92303.851697125,"gpu_ms":2.147083,"valid":true,"completed":true,"op_counts":{"MUL_MAT":1}}
M5_OP_CALL {"family":"head","graph":382,"phase":"cache-pressure","rows":3}
M5_PROFILE {"context":"78b91e8780","graph":382,"cb":1,"original_nodes":1,"gpu_start_s":92303.851992250,"gpu_end_s":92303.852962750,"gpu_ms":0.970500,"valid":true,"completed":true,"op_counts":{"SQR":1}}
M5_OP_CALL {"cache":"pressure-128MiB","family":"head","graph":383,"phase":"measure","routing":"none","rows":3,"sample":37,"unique_experts":0}
M5_PROFILE {"context":"78b91e8780","graph":383,"cb":1,"original_nodes":1,"gpu_start_s":92303.853284750,"gpu_end_s":92303.855611375,"gpu_ms":2.326625,"valid":true,"completed":true,"op_counts":{"MUL_MAT":1}}
M5_OP_CALL {"family":"head","graph":384,"phase":"cache-pressure","rows":3}
M5_PROFILE {"context":"78b91e8780","graph":384,"cb":1,"original_nodes":1,"gpu_start_s":92303.855834542,"gpu_end_s":92303.856810417,"gpu_ms":0.975875,"valid":true,"completed":true,"op_counts":{"SQR":1}}
M5_OP_CALL {"cache":"pressure-128MiB","family":"head","graph":385,"phase":"measure","routing":"none","rows":3,"sample":38,"unique_experts":0}
M5_PROFILE {"context":"78b91e8780","graph":385,"cb":1,"original_nodes":1,"gpu_start_s":92303.857066667,"gpu_end_s":92303.859216125,"gpu_ms":2.149458,"valid":true,"completed":true,"op_counts":{"MUL_MAT":1}}
M5_OP_CALL {"family":"head","graph":386,"phase":"cache-pressure","rows":3}
M5_PROFILE {"context":"78b91e8780","graph":386,"cb":1,"original_nodes":1,"gpu_start_s":92303.859511250,"gpu_end_s":92303.860484667,"gpu_ms":0.973417,"valid":true,"completed":true,"op_counts":{"SQR":1}}
M5_OP_CALL {"cache":"pressure-128MiB","family":"head","graph":387,"phase":"measure","routing":"none","rows":3,"sample":39,"unique_experts":0}
M5_PROFILE {"context":"78b91e8780","graph":387,"cb":1,"original_nodes":1,"gpu_start_s":92303.860698375,"gpu_end_s":92303.862846792,"gpu_ms":2.148417,"valid":true,"completed":true,"op_counts":{"MUL_MAT":1}}
M5_OP_CALL {"cache":"unflushed","family":"head","graph":388,"phase":"warmup","routing":"none","rows":4,"sample":-3,"unique_experts":0}
M5_PROFILE {"context":"78b91e8780","graph":388,"cb":1,"original_nodes":1,"gpu_start_s":92303.863076750,"gpu_end_s":92303.865411500,"gpu_ms":2.334750,"valid":true,"completed":true,"op_counts":{"MUL_MAT":1}}
M5_OP_CALL {"cache":"unflushed","family":"head","graph":389,"phase":"warmup","routing":"none","rows":4,"sample":-2,"unique_experts":0}
M5_PROFILE {"context":"78b91e8780","graph":389,"cb":1,"original_nodes":1,"gpu_start_s":92303.865658125,"gpu_end_s":92303.867810125,"gpu_ms":2.152000,"valid":true,"completed":true,"op_counts":{"MUL_MAT":1}}
M5_OP_CALL {"cache":"unflushed","family":"head","graph":390,"phase":"warmup","routing":"none","rows":4,"sample":-1,"unique_experts":0}
M5_PROFILE {"context":"78b91e8780","graph":390,"cb":1,"original_nodes":1,"gpu_start_s":92303.867973667,"gpu_end_s":92303.870123875,"gpu_ms":2.150208,"valid":true,"completed":true,"op_counts":{"MUL_MAT":1}}
M5_OP_CALL {"cache":"unflushed","family":"head","graph":391,"phase":"measure","routing":"none","rows":4,"sample":0,"unique_experts":0}
M5_PROFILE {"context":"78b91e8780","graph":391,"cb":1,"original_nodes":1,"gpu_start_s":92303.870326125,"gpu_end_s":92303.872656917,"gpu_ms":2.330792,"valid":true,"completed":true,"op_counts":{"MUL_MAT":1}}
M5_OP_CALL {"cache":"unflushed","family":"head","graph":392,"phase":"measure","routing":"none","rows":4,"sample":1,"unique_experts":0}
M5_PROFILE {"context":"78b91e8780","graph":392,"cb":1,"original_nodes":1,"gpu_start_s":92303.872824875,"gpu_end_s":92303.874974250,"gpu_ms":2.149375,"valid":true,"completed":true,"op_counts":{"MUL_MAT":1}}
M5_OP_CALL {"cache":"unflushed","family":"head","graph":393,"phase":"measure","routing":"none","rows":4,"sample":2,"unique_experts":0}
M5_PROFILE {"context":"78b91e8780","graph":393,"cb":1,"original_nodes":1,"gpu_start_s":92303.875264000,"gpu_end_s":92303.877409375,"gpu_ms":2.145375,"valid":true,"completed":true,"op_counts":{"MUL_MAT":1}}
M5_OP_CALL {"cache":"unflushed","family":"head","graph":394,"phase":"measure","routing":"none","rows":4,"sample":3,"unique_experts":0}
M5_PROFILE {"context":"78b91e8780","graph":394,"cb":1,"original_nodes":1,"gpu_start_s":92303.877621042,"gpu_end_s":92303.879771875,"gpu_ms":2.150833,"valid":true,"completed":true,"op_counts":{"MUL_MAT":1}}
M5_OP_CALL {"cache":"unflushed","family":"head","graph":395,"phase":"measure","routing":"none","rows":4,"sample":4,"unique_experts":0}
M5_PROFILE {"context":"78b91e8780","graph":395,"cb":1,"original_nodes":1,"gpu_start_s":92303.879961417,"gpu_end_s":92303.882286125,"gpu_ms":2.324708,"valid":true,"completed":true,"op_counts":{"MUL_MAT":1}}
M5_OP_CALL {"cache":"unflushed","family":"head","graph":396,"phase":"measure","routing":"none","rows":4,"sample":5,"unique_experts":0}
M5_PROFILE {"context":"78b91e8780","graph":396,"cb":1,"original_nodes":1,"gpu_start_s":92303.882512000,"gpu_end_s":92303.884662500,"gpu_ms":2.150500,"valid":true,"completed":true,"op_counts":{"MUL_MAT":1}}
M5_OP_CALL {"cache":"unflushed","family":"head","graph":397,"phase":"measure","routing":"none","rows":4,"sample":6,"unique_experts":0}
M5_PROFILE {"context":"78b91e8780","graph":397,"cb":1,"original_nodes":1,"gpu_start_s":92303.884879750,"gpu_end_s":92303.887032375,"gpu_ms":2.152625,"valid":true,"completed":true,"op_counts":{"MUL_MAT":1}}
M5_OP_CALL {"cache":"unflushed","family":"head","graph":398,"phase":"measure","routing":"none","rows":4,"sample":7,"unique_experts":0}
M5_PROFILE {"context":"78b91e8780","graph":398,"cb":1,"original_nodes":1,"gpu_start_s":92303.887264125,"gpu_end_s":92303.889600375,"gpu_ms":2.336250,"valid":true,"completed":true,"op_counts":{"MUL_MAT":1}}
M5_OP_CALL {"cache":"unflushed","family":"head","graph":399,"phase":"measure","routing":"none","rows":4,"sample":8,"unique_experts":0}
M5_PROFILE {"context":"78b91e8780","graph":399,"cb":1,"original_nodes":1,"gpu_start_s":92303.889812417,"gpu_end_s":92303.891963375,"gpu_ms":2.150958,"valid":true,"completed":true,"op_counts":{"MUL_MAT":1}}
M5_OP_CALL {"cache":"unflushed","family":"head","graph":400,"phase":"measure","routing":"none","rows":4,"sample":9,"unique_experts":0}
M5_PROFILE {"context":"78b91e8780","graph":400,"cb":1,"original_nodes":1,"gpu_start_s":92303.892190375,"gpu_end_s":92303.894336542,"gpu_ms":2.146167,"valid":true,"completed":true,"op_counts":{"MUL_MAT":1}}
M5_OP_CALL {"cache":"unflushed","family":"head","graph":401,"phase":"measure","routing":"none","rows":4,"sample":10,"unique_experts":0}
M5_PROFILE {"context":"78b91e8780","graph":401,"cb":1,"original_nodes":1,"gpu_start_s":92303.894548000,"gpu_end_s":92303.896700125,"gpu_ms":2.152125,"valid":true,"completed":true,"op_counts":{"MUL_MAT":1}}
M5_OP_CALL {"cache":"unflushed","family":"head","graph":402,"phase":"measure","routing":"none","rows":4,"sample":11,"unique_experts":0}
M5_PROFILE {"context":"78b91e8780","graph":402,"cb":1,"original_nodes":1,"gpu_start_s":92303.896892750,"gpu_end_s":92303.899212250,"gpu_ms":2.319500,"valid":true,"completed":true,"op_counts":{"MUL_MAT":1}}
M5_OP_CALL {"cache":"unflushed","family":"head","graph":403,"phase":"measure","routing":"none","rows":4,"sample":12,"unique_experts":0}
M5_PROFILE {"context":"78b91e8780","graph":403,"cb":1,"original_nodes":1,"gpu_start_s":92303.899441000,"gpu_end_s":92303.901589875,"gpu_ms":2.148875,"valid":true,"completed":true,"op_counts":{"MUL_MAT":1}}
M5_OP_CALL {"cache":"unflushed","family":"head","graph":404,"phase":"measure","routing":"none","rows":4,"sample":13,"unique_experts":0}
M5_PROFILE {"context":"78b91e8780","graph":404,"cb":1,"original_nodes":1,"gpu_start_s":92303.901876167,"gpu_end_s":92303.904023792,"gpu_ms":2.147625,"valid":true,"completed":true,"op_counts":{"MUL_MAT":1}}
M5_OP_CALL {"cache":"unflushed","family":"head","graph":405,"phase":"measure","routing":"none","rows":4,"sample":14,"unique_experts":0}
M5_PROFILE {"context":"78b91e8780","graph":405,"cb":1,"original_nodes":1,"gpu_start_s":92303.904252625,"gpu_end_s":92303.906586792,"gpu_ms":2.334167,"valid":true,"completed":true,"op_counts":{"MUL_MAT":1}}
M5_OP_CALL {"cache":"unflushed","family":"head","graph":406,"phase":"measure","routing":"none","rows":4,"sample":15,"unique_experts":0}
M5_PROFILE {"context":"78b91e8780","graph":406,"cb":1,"original_nodes":1,"gpu_start_s":92303.906838250,"gpu_end_s":92303.908988000,"gpu_ms":2.149750,"valid":true,"completed":true,"op_counts":{"MUL_MAT":1}}
M5_OP_CALL {"cache":"unflushed","family":"head","graph":407,"phase":"measure","routing":"none","rows":4,"sample":16,"unique_experts":0}
M5_PROFILE {"context":"78b91e8780","graph":407,"cb":1,"original_nodes":1,"gpu_start_s":92303.909152000,"gpu_end_s":92303.911297750,"gpu_ms":2.145750,"valid":true,"completed":true,"op_counts":{"MUL_MAT":1}}
M5_OP_CALL {"cache":"unflushed","family":"head","graph":408,"phase":"measure","routing":"none","rows":4,"sample":17,"unique_experts":0}
M5_PROFILE {"context":"78b91e8780","graph":408,"cb":1,"original_nodes":1,"gpu_start_s":92303.911504875,"gpu_end_s":92303.913832375,"gpu_ms":2.327500,"valid":true,"completed":true,"op_counts":{"MUL_MAT":1}}
M5_OP_CALL {"cache":"unflushed","family":"head","graph":409,"phase":"measure","routing":"none","rows":4,"sample":18,"unique_experts":0}
M5_PROFILE {"context":"78b91e8780","graph":409,"cb":1,"original_nodes":1,"gpu_start_s":92303.914074667,"gpu_end_s":92303.916224042,"gpu_ms":2.149375,"valid":true,"completed":true,"op_counts":{"MUL_MAT":1}}
M5_OP_CALL {"cache":"unflushed","family":"head","graph":410,"phase":"measure","routing":"none","rows":4,"sample":19,"unique_experts":0}
M5_PROFILE {"context":"78b91e8780","graph":410,"cb":1,"original_nodes":1,"gpu_start_s":92303.916445000,"gpu_end_s":92303.918594500,"gpu_ms":2.149500,"valid":true,"completed":true,"op_counts":{"MUL_MAT":1}}
M5_OP_CALL {"cache":"unflushed","family":"head","graph":411,"phase":"measure","routing":"none","rows":4,"sample":20,"unique_experts":0}
M5_PROFILE {"context":"78b91e8780","graph":411,"cb":1,"original_nodes":1,"gpu_start_s":92303.918846500,"gpu_end_s":92303.920990875,"gpu_ms":2.144375,"valid":true,"completed":true,"op_counts":{"MUL_MAT":1}}
M5_OP_CALL {"cache":"unflushed","family":"head","graph":412,"phase":"measure","routing":"none","rows":4,"sample":21,"unique_experts":0}
M5_PROFILE {"context":"78b91e8780","graph":412,"cb":1,"original_nodes":1,"gpu_start_s":92303.921219500,"gpu_end_s":92303.923551292,"gpu_ms":2.331792,"valid":true,"completed":true,"op_counts":{"MUL_MAT":1}}
M5_OP_CALL {"cache":"unflushed","family":"head","graph":413,"phase":"measure","routing":"none","rows":4,"sample":22,"unique_experts":0}
M5_PROFILE {"context":"78b91e8780","graph":413,"cb":1,"original_nodes":1,"gpu_start_s":92303.923840250,"gpu_end_s":92303.925988375,"gpu_ms":2.148125,"valid":true,"completed":true,"op_counts":{"MUL_MAT":1}}
M5_OP_CALL {"cache":"unflushed","family":"head","graph":414,"phase":"measure","routing":"none","rows":4,"sample":23,"unique_experts":0}
M5_PROFILE {"context":"78b91e8780","graph":414,"cb":1,"original_nodes":1,"gpu_start_s":92303.926213917,"gpu_end_s":92303.928363917,"gpu_ms":2.150000,"valid":true,"completed":true,"op_counts":{"MUL_MAT":1}}
M5_OP_CALL {"cache":"unflushed","family":"head","graph":415,"phase":"measure","routing":"none","rows":4,"sample":24,"unique_experts":0}
M5_PROFILE {"context":"78b91e8780","graph":415,"cb":1,"original_nodes":1,"gpu_start_s":92303.928514792,"gpu_end_s":92303.930854417,"gpu_ms":2.339625,"valid":true,"completed":true,"op_counts":{"MUL_MAT":1}}
M5_OP_CALL {"cache":"unflushed","family":"head","graph":416,"phase":"measure","routing":"none","rows":4,"sample":25,"unique_experts":0}
M5_PROFILE {"context":"78b91e8780","graph":416,"cb":1,"original_nodes":1,"gpu_start_s":92303.931083667,"gpu_end_s":92303.933234000,"gpu_ms":2.150333,"valid":true,"completed":true,"op_counts":{"MUL_MAT":1}}
M5_OP_CALL {"cache":"unflushed","family":"head","graph":417,"phase":"measure","routing":"none","rows":4,"sample":26,"unique_experts":0}
M5_PROFILE {"context":"78b91e8780","graph":417,"cb":1,"original_nodes":1,"gpu_start_s":92303.933456000,"gpu_end_s":92303.935602500,"gpu_ms":2.146500,"valid":true,"completed":true,"op_counts":{"MUL_MAT":1}}
M5_OP_CALL {"cache":"unflushed","family":"head","graph":418,"phase":"measure","routing":"none","rows":4,"sample":27,"unique_experts":0}
M5_PROFILE {"context":"78b91e8780","graph":418,"cb":1,"original_nodes":1,"gpu_start_s":92303.935842750,"gpu_end_s":92303.937990500,"gpu_ms":2.147750,"valid":true,"completed":true,"op_counts":{"MUL_MAT":1}}
M5_OP_CALL {"cache":"unflushed","family":"head","graph":419,"phase":"measure","routing":"none","rows":4,"sample":28,"unique_experts":0}
M5_PROFILE {"context":"78b91e8780","graph":419,"cb":1,"original_nodes":1,"gpu_start_s":92303.938154792,"gpu_end_s":92303.940481750,"gpu_ms":2.326958,"valid":true,"completed":true,"op_counts":{"MUL_MAT":1}}
M5_OP_CALL {"cache":"unflushed","family":"head","graph":420,"phase":"measure","routing":"none","rows":4,"sample":29,"unique_experts":0}
M5_PROFILE {"context":"78b91e8780","graph":420,"cb":1,"original_nodes":1,"gpu_start_s":92303.940656000,"gpu_end_s":92303.942807125,"gpu_ms":2.151125,"valid":true,"completed":true,"op_counts":{"MUL_MAT":1}}
M5_OP_CALL {"cache":"unflushed","family":"head","graph":421,"phase":"measure","routing":"none","rows":4,"sample":30,"unique_experts":0}
M5_PROFILE {"context":"78b91e8780","graph":421,"cb":1,"original_nodes":1,"gpu_start_s":92303.942991750,"gpu_end_s":92303.945137000,"gpu_ms":2.145250,"valid":true,"completed":true,"op_counts":{"MUL_MAT":1}}
M5_OP_CALL {"cache":"unflushed","family":"head","graph":422,"phase":"measure","routing":"none","rows":4,"sample":31,"unique_experts":0}
M5_PROFILE {"context":"78b91e8780","graph":422,"cb":1,"original_nodes":1,"gpu_start_s":92303.945361250,"gpu_end_s":92303.947693375,"gpu_ms":2.332125,"valid":true,"completed":true,"op_counts":{"MUL_MAT":1}}
M5_OP_CALL {"cache":"unflushed","family":"head","graph":423,"phase":"measure","routing":"none","rows":4,"sample":32,"unique_experts":0}
M5_PROFILE {"context":"78b91e8780","graph":423,"cb":1,"original_nodes":1,"gpu_start_s":92303.947926000,"gpu_end_s":92303.950177667,"gpu_ms":2.251667,"valid":true,"completed":true,"op_counts":{"MUL_MAT":1}}
M5_OP_CALL {"cache":"unflushed","family":"head","graph":424,"phase":"measure","routing":"none","rows":4,"sample":33,"unique_experts":0}
M5_PROFILE {"context":"78b91e8780","graph":424,"cb":1,"original_nodes":1,"gpu_start_s":92303.950354500,"gpu_end_s":92303.952501625,"gpu_ms":2.147125,"valid":true,"completed":true,"op_counts":{"MUL_MAT":1}}
M5_OP_CALL {"cache":"unflushed","family":"head","graph":425,"phase":"measure","routing":"none","rows":4,"sample":34,"unique_experts":0}
M5_PROFILE {"context":"78b91e8780","graph":425,"cb":1,"original_nodes":1,"gpu_start_s":92303.952731875,"gpu_end_s":92303.954885667,"gpu_ms":2.153792,"valid":true,"completed":true,"op_counts":{"MUL_MAT":1}}
M5_OP_CALL {"cache":"unflushed","family":"head","graph":426,"phase":"measure","routing":"none","rows":4,"sample":35,"unique_experts":0}
M5_PROFILE {"context":"78b91e8780","graph":426,"cb":1,"original_nodes":1,"gpu_start_s":92303.955113750,"gpu_end_s":92303.957441375,"gpu_ms":2.327625,"valid":true,"completed":true,"op_counts":{"MUL_MAT":1}}
M5_OP_CALL {"cache":"unflushed","family":"head","graph":427,"phase":"measure","routing":"none","rows":4,"sample":36,"unique_experts":0}
M5_PROFILE {"context":"78b91e8780","graph":427,"cb":1,"original_nodes":1,"gpu_start_s":92303.957671917,"gpu_end_s":92303.959816250,"gpu_ms":2.144333,"valid":true,"completed":true,"op_counts":{"MUL_MAT":1}}
M5_OP_CALL {"cache":"unflushed","family":"head","graph":428,"phase":"measure","routing":"none","rows":4,"sample":37,"unique_experts":0}
M5_PROFILE {"context":"78b91e8780","graph":428,"cb":1,"original_nodes":1,"gpu_start_s":92303.960066000,"gpu_end_s":92303.962215417,"gpu_ms":2.149417,"valid":true,"completed":true,"op_counts":{"MUL_MAT":1}}
M5_OP_CALL {"cache":"unflushed","family":"head","graph":429,"phase":"measure","routing":"none","rows":4,"sample":38,"unique_experts":0}
M5_PROFILE {"context":"78b91e8780","graph":429,"cb":1,"original_nodes":1,"gpu_start_s":92303.962461417,"gpu_end_s":92303.964611125,"gpu_ms":2.149708,"valid":true,"completed":true,"op_counts":{"MUL_MAT":1}}
M5_OP_CALL {"cache":"unflushed","family":"head","graph":430,"phase":"measure","routing":"none","rows":4,"sample":39,"unique_experts":0}
M5_PROFILE {"context":"78b91e8780","graph":430,"cb":1,"original_nodes":1,"gpu_start_s":92303.964833500,"gpu_end_s":92303.967115750,"gpu_ms":2.282250,"valid":true,"completed":true,"op_counts":{"MUL_MAT":1}}
M5_OP_CALL {"family":"head","graph":431,"phase":"cache-pressure","rows":4}
M5_PROFILE {"context":"78b91e8780","graph":431,"cb":1,"original_nodes":1,"gpu_start_s":92303.967292042,"gpu_end_s":92303.968263125,"gpu_ms":0.971083,"valid":true,"completed":true,"op_counts":{"SQR":1}}
M5_OP_CALL {"cache":"pressure-128MiB","family":"head","graph":432,"phase":"warmup","routing":"none","rows":4,"sample":-3,"unique_experts":0}
M5_PROFILE {"context":"78b91e8780","graph":432,"cb":1,"original_nodes":1,"gpu_start_s":92303.968518875,"gpu_end_s":92303.970671500,"gpu_ms":2.152625,"valid":true,"completed":true,"op_counts":{"MUL_MAT":1}}
M5_OP_CALL {"family":"head","graph":433,"phase":"cache-pressure","rows":4}
M5_PROFILE {"context":"78b91e8780","graph":433,"cb":1,"original_nodes":1,"gpu_start_s":92303.970872042,"gpu_end_s":92303.971849500,"gpu_ms":0.977458,"valid":true,"completed":true,"op_counts":{"SQR":1}}
M5_OP_CALL {"cache":"pressure-128MiB","family":"head","graph":434,"phase":"warmup","routing":"none","rows":4,"sample":-2,"unique_experts":0}
M5_PROFILE {"context":"78b91e8780","graph":434,"cb":1,"original_nodes":1,"gpu_start_s":92303.972030667,"gpu_end_s":92303.974363417,"gpu_ms":2.332750,"valid":true,"completed":true,"op_counts":{"MUL_MAT":1}}
M5_OP_CALL {"family":"head","graph":435,"phase":"cache-pressure","rows":4}
M5_PROFILE {"context":"78b91e8780","graph":435,"cb":1,"original_nodes":1,"gpu_start_s":92303.974605250,"gpu_end_s":92303.975582417,"gpu_ms":0.977167,"valid":true,"completed":true,"op_counts":{"SQR":1}}
M5_OP_CALL {"cache":"pressure-128MiB","family":"head","graph":436,"phase":"warmup","routing":"none","rows":4,"sample":-1,"unique_experts":0}
M5_PROFILE {"context":"78b91e8780","graph":436,"cb":1,"original_nodes":1,"gpu_start_s":92303.975886625,"gpu_end_s":92303.978035500,"gpu_ms":2.148875,"valid":true,"completed":true,"op_counts":{"MUL_MAT":1}}
M5_OP_CALL {"family":"head","graph":437,"phase":"cache-pressure","rows":4}
M5_PROFILE {"context":"78b91e8780","graph":437,"cb":1,"original_nodes":1,"gpu_start_s":92303.978202417,"gpu_end_s":92303.979175792,"gpu_ms":0.973375,"valid":true,"completed":true,"op_counts":{"SQR":1}}
M5_OP_CALL {"cache":"pressure-128MiB","family":"head","graph":438,"phase":"measure","routing":"none","rows":4,"sample":0,"unique_experts":0}
M5_PROFILE {"context":"78b91e8780","graph":438,"cb":1,"original_nodes":1,"gpu_start_s":92303.979401750,"gpu_end_s":92303.981739375,"gpu_ms":2.337625,"valid":true,"completed":true,"op_counts":{"MUL_MAT":1}}
M5_OP_CALL {"family":"head","graph":439,"phase":"cache-pressure","rows":4}
M5_PROFILE {"context":"78b91e8780","graph":439,"cb":1,"original_nodes":1,"gpu_start_s":92303.981972750,"gpu_end_s":92303.982943500,"gpu_ms":0.970750,"valid":true,"completed":true,"op_counts":{"SQR":1}}
M5_OP_CALL {"cache":"pressure-128MiB","family":"head","graph":440,"phase":"measure","routing":"none","rows":4,"sample":1,"unique_experts":0}
M5_PROFILE {"context":"78b91e8780","graph":440,"cb":1,"original_nodes":1,"gpu_start_s":92303.983181625,"gpu_end_s":92303.985334000,"gpu_ms":2.152375,"valid":true,"completed":true,"op_counts":{"MUL_MAT":1}}
M5_OP_CALL {"family":"head","graph":441,"phase":"cache-pressure","rows":4}
M5_PROFILE {"context":"78b91e8780","graph":441,"cb":1,"original_nodes":1,"gpu_start_s":92303.985573417,"gpu_end_s":92303.986545875,"gpu_ms":0.972458,"valid":true,"completed":true,"op_counts":{"SQR":1}}
M5_OP_CALL {"cache":"pressure-128MiB","family":"head","graph":442,"phase":"measure","routing":"none","rows":4,"sample":2,"unique_experts":0}
M5_PROFILE {"context":"78b91e8780","graph":442,"cb":1,"original_nodes":1,"gpu_start_s":92303.986765792,"gpu_end_s":92303.989117125,"gpu_ms":2.351333,"valid":true,"completed":true,"op_counts":{"MUL_MAT":1}}
M5_OP_CALL {"family":"head","graph":443,"phase":"cache-pressure","rows":4}
M5_PROFILE {"context":"78b91e8780","graph":443,"cb":1,"original_nodes":1,"gpu_start_s":92303.989369250,"gpu_end_s":92303.990341542,"gpu_ms":0.972292,"valid":true,"completed":true,"op_counts":{"SQR":1}}
M5_OP_CALL {"cache":"pressure-128MiB","family":"head","graph":444,"phase":"measure","routing":"none","rows":4,"sample":3,"unique_experts":0}
M5_PROFILE {"context":"78b91e8780","graph":444,"cb":1,"original_nodes":1,"gpu_start_s":92303.990534125,"gpu_end_s":92303.992694375,"gpu_ms":2.160250,"valid":true,"completed":true,"op_counts":{"MUL_MAT":1}}
M5_OP_CALL {"family":"head","graph":445,"phase":"cache-pressure","rows":4}
M5_PROFILE {"context":"78b91e8780","graph":445,"cb":1,"original_nodes":1,"gpu_start_s":92303.992840792,"gpu_end_s":92303.993814375,"gpu_ms":0.973583,"valid":true,"completed":true,"op_counts":{"SQR":1}}
M5_OP_CALL {"cache":"pressure-128MiB","family":"head","graph":446,"phase":"measure","routing":"none","rows":4,"sample":4,"unique_experts":0}
M5_PROFILE {"context":"78b91e8780","graph":446,"cb":1,"original_nodes":1,"gpu_start_s":92303.994047125,"gpu_end_s":92303.996199375,"gpu_ms":2.152250,"valid":true,"completed":true,"op_counts":{"MUL_MAT":1}}
M5_OP_CALL {"family":"head","graph":447,"phase":"cache-pressure","rows":4}
M5_PROFILE {"context":"78b91e8780","graph":447,"cb":1,"original_nodes":1,"gpu_start_s":92303.996426875,"gpu_end_s":92303.997590917,"gpu_ms":1.164042,"valid":true,"completed":true,"op_counts":{"SQR":1}}
M5_OP_CALL {"cache":"pressure-128MiB","family":"head","graph":448,"phase":"measure","routing":"none","rows":4,"sample":5,"unique_experts":0}
M5_PROFILE {"context":"78b91e8780","graph":448,"cb":1,"original_nodes":1,"gpu_start_s":92303.997758042,"gpu_end_s":92303.999909500,"gpu_ms":2.151458,"valid":true,"completed":true,"op_counts":{"MUL_MAT":1}}
M5_OP_CALL {"family":"head","graph":449,"phase":"cache-pressure","rows":4}
M5_PROFILE {"context":"78b91e8780","graph":449,"cb":1,"original_nodes":1,"gpu_start_s":92304.000062792,"gpu_end_s":92304.001038125,"gpu_ms":0.975333,"valid":true,"completed":true,"op_counts":{"SQR":1}}
M5_OP_CALL {"cache":"pressure-128MiB","family":"head","graph":450,"phase":"measure","routing":"none","rows":4,"sample":6,"unique_experts":0}
M5_PROFILE {"context":"78b91e8780","graph":450,"cb":1,"original_nodes":1,"gpu_start_s":92304.001274417,"gpu_end_s":92304.003428375,"gpu_ms":2.153958,"valid":true,"completed":true,"op_counts":{"MUL_MAT":1}}
M5_OP_CALL {"family":"head","graph":451,"phase":"cache-pressure","rows":4}
M5_PROFILE {"context":"78b91e8780","graph":451,"cb":1,"original_nodes":1,"gpu_start_s":92304.003720542,"gpu_end_s":92304.004700250,"gpu_ms":0.979708,"valid":true,"completed":true,"op_counts":{"SQR":1}}
M5_OP_CALL {"cache":"pressure-128MiB","family":"head","graph":452,"phase":"measure","routing":"none","rows":4,"sample":7,"unique_experts":0}
M5_PROFILE {"context":"78b91e8780","graph":452,"cb":1,"original_nodes":1,"gpu_start_s":92304.004876250,"gpu_end_s":92304.007204542,"gpu_ms":2.328292,"valid":true,"completed":true,"op_counts":{"MUL_MAT":1}}
M5_OP_CALL {"family":"head","graph":453,"phase":"cache-pressure","rows":4}
M5_PROFILE {"context":"78b91e8780","graph":453,"cb":1,"original_nodes":1,"gpu_start_s":92304.007436625,"gpu_end_s":92304.008409375,"gpu_ms":0.972750,"valid":true,"completed":true,"op_counts":{"SQR":1}}
M5_OP_CALL {"cache":"pressure-128MiB","family":"head","graph":454,"phase":"measure","routing":"none","rows":4,"sample":8,"unique_experts":0}
M5_PROFILE {"context":"78b91e8780","graph":454,"cb":1,"original_nodes":1,"gpu_start_s":92304.008626750,"gpu_end_s":92304.010781000,"gpu_ms":2.154250,"valid":true,"completed":true,"op_counts":{"MUL_MAT":1}}
M5_OP_CALL {"family":"head","graph":455,"phase":"cache-pressure","rows":4}
M5_PROFILE {"context":"78b91e8780","graph":455,"cb":1,"original_nodes":1,"gpu_start_s":92304.011014750,"gpu_end_s":92304.011987875,"gpu_ms":0.973125,"valid":true,"completed":true,"op_counts":{"SQR":1}}
M5_OP_CALL {"cache":"pressure-128MiB","family":"head","graph":456,"phase":"measure","routing":"none","rows":4,"sample":9,"unique_experts":0}
M5_PROFILE {"context":"78b91e8780","graph":456,"cb":1,"original_nodes":1,"gpu_start_s":92304.012206750,"gpu_end_s":92304.014538625,"gpu_ms":2.331875,"valid":true,"completed":true,"op_counts":{"MUL_MAT":1}}
M5_OP_CALL {"family":"head","graph":457,"phase":"cache-pressure","rows":4}
M5_PROFILE {"context":"78b91e8780","graph":457,"cb":1,"original_nodes":1,"gpu_start_s":92304.014764375,"gpu_end_s":92304.015737375,"gpu_ms":0.973000,"valid":true,"completed":true,"op_counts":{"SQR":1}}
M5_OP_CALL {"cache":"pressure-128MiB","family":"head","graph":458,"phase":"measure","routing":"none","rows":4,"sample":10,"unique_experts":0}
M5_PROFILE {"context":"78b91e8780","graph":458,"cb":1,"original_nodes":1,"gpu_start_s":92304.015920292,"gpu_end_s":92304.018074125,"gpu_ms":2.153833,"valid":true,"completed":true,"op_counts":{"MUL_MAT":1}}
M5_OP_CALL {"family":"head","graph":459,"phase":"cache-pressure","rows":4}
M5_PROFILE {"context":"78b91e8780","graph":459,"cb":1,"original_nodes":1,"gpu_start_s":92304.018315000,"gpu_end_s":92304.019287500,"gpu_ms":0.972500,"valid":true,"completed":true,"op_counts":{"SQR":1}}
M5_OP_CALL {"cache":"pressure-128MiB","family":"head","graph":460,"phase":"measure","routing":"none","rows":4,"sample":11,"unique_experts":0}
M5_PROFILE {"context":"78b91e8780","graph":460,"cb":1,"original_nodes":1,"gpu_start_s":92304.019584542,"gpu_end_s":92304.021739250,"gpu_ms":2.154708,"valid":true,"completed":true,"op_counts":{"MUL_MAT":1}}
M5_OP_CALL {"family":"head","graph":461,"phase":"cache-pressure","rows":4}
M5_PROFILE {"context":"78b91e8780","graph":461,"cb":1,"original_nodes":1,"gpu_start_s":92304.021927167,"gpu_end_s":92304.023088375,"gpu_ms":1.161208,"valid":true,"completed":true,"op_counts":{"SQR":1}}
M5_OP_CALL {"cache":"pressure-128MiB","family":"head","graph":462,"phase":"measure","routing":"none","rows":4,"sample":12,"unique_experts":0}
M5_PROFILE {"context":"78b91e8780","graph":462,"cb":1,"original_nodes":1,"gpu_start_s":92304.023319875,"gpu_end_s":92304.025478542,"gpu_ms":2.158667,"valid":true,"completed":true,"op_counts":{"MUL_MAT":1}}
M5_OP_CALL {"family":"head","graph":463,"phase":"cache-pressure","rows":4}
M5_PROFILE {"context":"78b91e8780","graph":463,"cb":1,"original_nodes":1,"gpu_start_s":92304.025667917,"gpu_end_s":92304.026638167,"gpu_ms":0.970250,"valid":true,"completed":true,"op_counts":{"SQR":1}}
M5_OP_CALL {"cache":"pressure-128MiB","family":"head","graph":464,"phase":"measure","routing":"none","rows":4,"sample":13,"unique_experts":0}
M5_PROFILE {"context":"78b91e8780","graph":464,"cb":1,"original_nodes":1,"gpu_start_s":92304.026870125,"gpu_end_s":92304.029022875,"gpu_ms":2.152750,"valid":true,"completed":true,"op_counts":{"MUL_MAT":1}}
M5_OP_CALL {"family":"head","graph":465,"phase":"cache-pressure","rows":4}
M5_PROFILE {"context":"78b91e8780","graph":465,"cb":1,"original_nodes":1,"gpu_start_s":92304.029242917,"gpu_end_s":92304.030217875,"gpu_ms":0.974958,"valid":true,"completed":true,"op_counts":{"SQR":1}}
M5_OP_CALL {"cache":"pressure-128MiB","family":"head","graph":466,"phase":"measure","routing":"none","rows":4,"sample":14,"unique_experts":0}
M5_PROFILE {"context":"78b91e8780","graph":466,"cb":1,"original_nodes":1,"gpu_start_s":92304.030497250,"gpu_end_s":92304.032833875,"gpu_ms":2.336625,"valid":true,"completed":true,"op_counts":{"MUL_MAT":1}}
M5_OP_CALL {"family":"head","graph":467,"phase":"cache-pressure","rows":4}
M5_PROFILE {"context":"78b91e8780","graph":467,"cb":1,"original_nodes":1,"gpu_start_s":92304.033118750,"gpu_end_s":92304.034094375,"gpu_ms":0.975625,"valid":true,"completed":true,"op_counts":{"SQR":1}}
M5_OP_CALL {"cache":"pressure-128MiB","family":"head","graph":468,"phase":"measure","routing":"none","rows":4,"sample":15,"unique_experts":0}
M5_PROFILE {"context":"78b91e8780","graph":468,"cb":1,"original_nodes":1,"gpu_start_s":92304.034276792,"gpu_end_s":92304.036431167,"gpu_ms":2.154375,"valid":true,"completed":true,"op_counts":{"MUL_MAT":1}}
M5_OP_CALL {"family":"head","graph":469,"phase":"cache-pressure","rows":4}
M5_PROFILE {"context":"78b91e8780","graph":469,"cb":1,"original_nodes":1,"gpu_start_s":92304.036667417,"gpu_end_s":92304.037642125,"gpu_ms":0.974708,"valid":true,"completed":true,"op_counts":{"SQR":1}}
M5_OP_CALL {"cache":"pressure-128MiB","family":"head","graph":470,"phase":"measure","routing":"none","rows":4,"sample":16,"unique_experts":0}
M5_PROFILE {"context":"78b91e8780","graph":470,"cb":1,"original_nodes":1,"gpu_start_s":92304.037825500,"gpu_end_s":92304.040168042,"gpu_ms":2.342542,"valid":true,"completed":true,"op_counts":{"MUL_MAT":1}}
M5_OP_CALL {"family":"head","graph":471,"phase":"cache-pressure","rows":4}
M5_PROFILE {"context":"78b91e8780","graph":471,"cb":1,"original_nodes":1,"gpu_start_s":92304.040418292,"gpu_end_s":92304.041389125,"gpu_ms":0.970833,"valid":true,"completed":true,"op_counts":{"SQR":1}}
M5_OP_CALL {"cache":"pressure-128MiB","family":"head","graph":472,"phase":"measure","routing":"none","rows":4,"sample":17,"unique_experts":0}
M5_PROFILE {"context":"78b91e8780","graph":472,"cb":1,"original_nodes":1,"gpu_start_s":92304.041577375,"gpu_end_s":92304.043746917,"gpu_ms":2.169542,"valid":true,"completed":true,"op_counts":{"MUL_MAT":1}}
M5_OP_CALL {"family":"head","graph":473,"phase":"cache-pressure","rows":4}
M5_PROFILE {"context":"78b91e8780","graph":473,"cb":1,"original_nodes":1,"gpu_start_s":92304.043980500,"gpu_end_s":92304.044952250,"gpu_ms":0.971750,"valid":true,"completed":true,"op_counts":{"SQR":1}}
M5_OP_CALL {"cache":"pressure-128MiB","family":"head","graph":474,"phase":"measure","routing":"none","rows":4,"sample":18,"unique_experts":0}
M5_PROFILE {"context":"78b91e8780","graph":474,"cb":1,"original_nodes":1,"gpu_start_s":92304.045131375,"gpu_end_s":92304.047474875,"gpu_ms":2.343500,"valid":true,"completed":true,"op_counts":{"MUL_MAT":1}}
M5_OP_CALL {"family":"head","graph":475,"phase":"cache-pressure","rows":4}
M5_PROFILE {"context":"78b91e8780","graph":475,"cb":1,"original_nodes":1,"gpu_start_s":92304.047710000,"gpu_end_s":92304.048683500,"gpu_ms":0.973500,"valid":true,"completed":true,"op_counts":{"SQR":1}}
M5_OP_CALL {"cache":"pressure-128MiB","family":"head","graph":476,"phase":"measure","routing":"none","rows":4,"sample":19,"unique_experts":0}
M5_PROFILE {"context":"78b91e8780","graph":476,"cb":1,"original_nodes":1,"gpu_start_s":92304.048872125,"gpu_end_s":92304.051029167,"gpu_ms":2.157042,"valid":true,"completed":true,"op_counts":{"MUL_MAT":1}}
M5_OP_CALL {"family":"head","graph":477,"phase":"cache-pressure","rows":4}
M5_PROFILE {"context":"78b91e8780","graph":477,"cb":1,"original_nodes":1,"gpu_start_s":92304.051186125,"gpu_end_s":92304.052158000,"gpu_ms":0.971875,"valid":true,"completed":true,"op_counts":{"SQR":1}}
M5_OP_CALL {"cache":"pressure-128MiB","family":"head","graph":478,"phase":"measure","routing":"none","rows":4,"sample":20,"unique_experts":0}
M5_PROFILE {"context":"78b91e8780","graph":478,"cb":1,"original_nodes":1,"gpu_start_s":92304.052370250,"gpu_end_s":92304.054522917,"gpu_ms":2.152667,"valid":true,"completed":true,"op_counts":{"MUL_MAT":1}}
M5_OP_CALL {"family":"head","graph":479,"phase":"cache-pressure","rows":4}
M5_PROFILE {"context":"78b91e8780","graph":479,"cb":1,"original_nodes":1,"gpu_start_s":92304.054728875,"gpu_end_s":92304.055705125,"gpu_ms":0.976250,"valid":true,"completed":true,"op_counts":{"SQR":1}}
M5_OP_CALL {"cache":"pressure-128MiB","family":"head","graph":480,"phase":"measure","routing":"none","rows":4,"sample":21,"unique_experts":0}
M5_PROFILE {"context":"78b91e8780","graph":480,"cb":1,"original_nodes":1,"gpu_start_s":92304.055900000,"gpu_end_s":92304.058056042,"gpu_ms":2.156042,"valid":true,"completed":true,"op_counts":{"MUL_MAT":1}}
M5_OP_CALL {"family":"head","graph":481,"phase":"cache-pressure","rows":4}
M5_PROFILE {"context":"78b91e8780","graph":481,"cb":1,"original_nodes":1,"gpu_start_s":92304.058215917,"gpu_end_s":92304.059193125,"gpu_ms":0.977208,"valid":true,"completed":true,"op_counts":{"SQR":1}}
M5_OP_CALL {"cache":"pressure-128MiB","family":"head","graph":482,"phase":"measure","routing":"none","rows":4,"sample":22,"unique_experts":0}
M5_PROFILE {"context":"78b91e8780","graph":482,"cb":1,"original_nodes":1,"gpu_start_s":92304.059411792,"gpu_end_s":92304.061566917,"gpu_ms":2.155125,"valid":true,"completed":true,"op_counts":{"MUL_MAT":1}}
M5_OP_CALL {"family":"head","graph":483,"phase":"cache-pressure","rows":4}
M5_PROFILE {"context":"78b91e8780","graph":483,"cb":1,"original_nodes":1,"gpu_start_s":92304.061772250,"gpu_end_s":92304.062749875,"gpu_ms":0.977625,"valid":true,"completed":true,"op_counts":{"SQR":1}}
M5_OP_CALL {"cache":"pressure-128MiB","family":"head","graph":484,"phase":"measure","routing":"none","rows":4,"sample":23,"unique_experts":0}
M5_PROFILE {"context":"78b91e8780","graph":484,"cb":1,"original_nodes":1,"gpu_start_s":92304.062980125,"gpu_end_s":92304.065316750,"gpu_ms":2.336625,"valid":true,"completed":true,"op_counts":{"MUL_MAT":1}}
M5_OP_CALL {"family":"head","graph":485,"phase":"cache-pressure","rows":4}
M5_PROFILE {"context":"78b91e8780","graph":485,"cb":1,"original_nodes":1,"gpu_start_s":92304.065558625,"gpu_end_s":92304.066530292,"gpu_ms":0.971667,"valid":true,"completed":true,"op_counts":{"SQR":1}}
M5_OP_CALL {"cache":"pressure-128MiB","family":"head","graph":486,"phase":"measure","routing":"none","rows":4,"sample":24,"unique_experts":0}
M5_PROFILE {"context":"78b91e8780","graph":486,"cb":1,"original_nodes":1,"gpu_start_s":92304.066733250,"gpu_end_s":92304.068882750,"gpu_ms":2.149500,"valid":true,"completed":true,"op_counts":{"MUL_MAT":1}}
M5_OP_CALL {"family":"head","graph":487,"phase":"cache-pressure","rows":4}
M5_PROFILE {"context":"78b91e8780","graph":487,"cb":1,"original_nodes":1,"gpu_start_s":92304.069112375,"gpu_end_s":92304.070083375,"gpu_ms":0.971000,"valid":true,"completed":true,"op_counts":{"SQR":1}}
M5_OP_CALL {"cache":"pressure-128MiB","family":"head","graph":488,"phase":"measure","routing":"none","rows":4,"sample":25,"unique_experts":0}
M5_PROFILE {"context":"78b91e8780","graph":488,"cb":1,"original_nodes":1,"gpu_start_s":92304.070323250,"gpu_end_s":92304.072662625,"gpu_ms":2.339375,"valid":true,"completed":true,"op_counts":{"MUL_MAT":1}}
M5_OP_CALL {"family":"head","graph":489,"phase":"cache-pressure","rows":4}
M5_PROFILE {"context":"78b91e8780","graph":489,"cb":1,"original_nodes":1,"gpu_start_s":92304.072902417,"gpu_end_s":92304.073873667,"gpu_ms":0.971250,"valid":true,"completed":true,"op_counts":{"SQR":1}}
M5_OP_CALL {"cache":"pressure-128MiB","family":"head","graph":490,"phase":"measure","routing":"none","rows":4,"sample":26,"unique_experts":0}
M5_PROFILE {"context":"78b91e8780","graph":490,"cb":1,"original_nodes":1,"gpu_start_s":92304.074116625,"gpu_end_s":92304.076264292,"gpu_ms":2.147667,"valid":true,"completed":true,"op_counts":{"MUL_MAT":1}}
M5_OP_CALL {"family":"head","graph":491,"phase":"cache-pressure","rows":4}
M5_PROFILE {"context":"78b91e8780","graph":491,"cb":1,"original_nodes":1,"gpu_start_s":92304.076439750,"gpu_end_s":92304.077409542,"gpu_ms":0.969792,"valid":true,"completed":true,"op_counts":{"SQR":1}}
M5_OP_CALL {"cache":"pressure-128MiB","family":"head","graph":492,"phase":"measure","routing":"none","rows":4,"sample":27,"unique_experts":0}
M5_PROFILE {"context":"78b91e8780","graph":492,"cb":1,"original_nodes":1,"gpu_start_s":92304.077647875,"gpu_end_s":92304.079800375,"gpu_ms":2.152500,"valid":true,"completed":true,"op_counts":{"MUL_MAT":1}}
M5_OP_CALL {"family":"head","graph":493,"phase":"cache-pressure","rows":4}
M5_PROFILE {"context":"78b91e8780","graph":493,"cb":1,"original_nodes":1,"gpu_start_s":92304.079966667,"gpu_end_s":92304.081119542,"gpu_ms":1.152875,"valid":true,"completed":true,"op_counts":{"SQR":1}}
M5_OP_CALL {"cache":"pressure-128MiB","family":"head","graph":494,"phase":"measure","routing":"none","rows":4,"sample":28,"unique_experts":0}
M5_PROFILE {"context":"78b91e8780","graph":494,"cb":1,"original_nodes":1,"gpu_start_s":92304.081312542,"gpu_end_s":92304.083547167,"gpu_ms":2.234625,"valid":true,"completed":true,"op_counts":{"MUL_MAT":1}}
M5_OP_CALL {"family":"head","graph":495,"phase":"cache-pressure","rows":4}
M5_PROFILE {"context":"78b91e8780","graph":495,"cb":1,"original_nodes":1,"gpu_start_s":92304.083720750,"gpu_end_s":92304.084692875,"gpu_ms":0.972125,"valid":true,"completed":true,"op_counts":{"SQR":1}}
M5_OP_CALL {"cache":"pressure-128MiB","family":"head","graph":496,"phase":"measure","routing":"none","rows":4,"sample":29,"unique_experts":0}
M5_PROFILE {"context":"78b91e8780","graph":496,"cb":1,"original_nodes":1,"gpu_start_s":92304.084992667,"gpu_end_s":92304.087141000,"gpu_ms":2.148333,"valid":true,"completed":true,"op_counts":{"MUL_MAT":1}}
M5_OP_CALL {"family":"head","graph":497,"phase":"cache-pressure","rows":4}
M5_PROFILE {"context":"78b91e8780","graph":497,"cb":1,"original_nodes":1,"gpu_start_s":92304.087366167,"gpu_end_s":92304.088342500,"gpu_ms":0.976333,"valid":true,"completed":true,"op_counts":{"SQR":1}}
M5_OP_CALL {"cache":"pressure-128MiB","family":"head","graph":498,"phase":"measure","routing":"none","rows":4,"sample":30,"unique_experts":0}
M5_PROFILE {"context":"78b91e8780","graph":498,"cb":1,"original_nodes":1,"gpu_start_s":92304.088545667,"gpu_end_s":92304.090710292,"gpu_ms":2.164625,"valid":true,"completed":true,"op_counts":{"MUL_MAT":1}}
M5_OP_CALL {"family":"head","graph":499,"phase":"cache-pressure","rows":4}
M5_PROFILE {"context":"78b91e8780","graph":499,"cb":1,"original_nodes":1,"gpu_start_s":92304.090912375,"gpu_end_s":92304.091890875,"gpu_ms":0.978500,"valid":true,"completed":true,"op_counts":{"SQR":1}}
M5_OP_CALL {"cache":"pressure-128MiB","family":"head","graph":500,"phase":"measure","routing":"none","rows":4,"sample":31,"unique_experts":0}
M5_PROFILE {"context":"78b91e8780","graph":500,"cb":1,"original_nodes":1,"gpu_start_s":92304.092095125,"gpu_end_s":92304.094245875,"gpu_ms":2.150750,"valid":true,"completed":true,"op_counts":{"MUL_MAT":1}}
M5_OP_CALL {"family":"head","graph":501,"phase":"cache-pressure","rows":4}
M5_PROFILE {"context":"78b91e8780","graph":501,"cb":1,"original_nodes":1,"gpu_start_s":92304.094494875,"gpu_end_s":92304.095468167,"gpu_ms":0.973292,"valid":true,"completed":true,"op_counts":{"SQR":1}}
M5_OP_CALL {"cache":"pressure-128MiB","family":"head","graph":502,"phase":"measure","routing":"none","rows":4,"sample":32,"unique_experts":0}
M5_PROFILE {"context":"78b91e8780","graph":502,"cb":1,"original_nodes":1,"gpu_start_s":92304.095697750,"gpu_end_s":92304.098034542,"gpu_ms":2.336792,"valid":true,"completed":true,"op_counts":{"MUL_MAT":1}}
M5_OP_CALL {"family":"head","graph":503,"phase":"cache-pressure","rows":4}
M5_PROFILE {"context":"78b91e8780","graph":503,"cb":1,"original_nodes":1,"gpu_start_s":92304.098263625,"gpu_end_s":92304.099240250,"gpu_ms":0.976625,"valid":true,"completed":true,"op_counts":{"SQR":1}}
M5_OP_CALL {"cache":"pressure-128MiB","family":"head","graph":504,"phase":"measure","routing":"none","rows":4,"sample":33,"unique_experts":0}
M5_PROFILE {"context":"78b91e8780","graph":504,"cb":1,"original_nodes":1,"gpu_start_s":92304.099419250,"gpu_end_s":92304.101573792,"gpu_ms":2.154542,"valid":true,"completed":true,"op_counts":{"MUL_MAT":1}}
M5_OP_CALL {"family":"head","graph":505,"phase":"cache-pressure","rows":4}
M5_PROFILE {"context":"78b91e8780","graph":505,"cb":1,"original_nodes":1,"gpu_start_s":92304.101808625,"gpu_end_s":92304.102778125,"gpu_ms":0.969500,"valid":true,"completed":true,"op_counts":{"SQR":1}}
M5_OP_CALL {"cache":"pressure-128MiB","family":"head","graph":506,"phase":"measure","routing":"none","rows":4,"sample":34,"unique_experts":0}
M5_PROFILE {"context":"78b91e8780","graph":506,"cb":1,"original_nodes":1,"gpu_start_s":92304.103051542,"gpu_end_s":92304.105208500,"gpu_ms":2.156958,"valid":true,"completed":true,"op_counts":{"MUL_MAT":1}}
M5_OP_CALL {"family":"head","graph":507,"phase":"cache-pressure","rows":4}
M5_PROFILE {"context":"78b91e8780","graph":507,"cb":1,"original_nodes":1,"gpu_start_s":92304.105344625,"gpu_end_s":92304.106362042,"gpu_ms":1.017417,"valid":true,"completed":true,"op_counts":{"SQR":1}}
M5_OP_CALL {"cache":"pressure-128MiB","family":"head","graph":508,"phase":"measure","routing":"none","rows":4,"sample":35,"unique_experts":0}
M5_PROFILE {"context":"78b91e8780","graph":508,"cb":1,"original_nodes":1,"gpu_start_s":92304.106600167,"gpu_end_s":92304.108748750,"gpu_ms":2.148583,"valid":true,"completed":true,"op_counts":{"MUL_MAT":1}}
M5_OP_CALL {"family":"head","graph":509,"phase":"cache-pressure","rows":4}
M5_PROFILE {"context":"78b91e8780","graph":509,"cb":1,"original_nodes":1,"gpu_start_s":92304.108930375,"gpu_end_s":92304.109900917,"gpu_ms":0.970542,"valid":true,"completed":true,"op_counts":{"SQR":1}}
M5_OP_CALL {"cache":"pressure-128MiB","family":"head","graph":510,"phase":"measure","routing":"none","rows":4,"sample":36,"unique_experts":0}
M5_PROFILE {"context":"78b91e8780","graph":510,"cb":1,"original_nodes":1,"gpu_start_s":92304.110092542,"gpu_end_s":92304.112247250,"gpu_ms":2.154708,"valid":true,"completed":true,"op_counts":{"MUL_MAT":1}}
M5_OP_CALL {"family":"head","graph":511,"phase":"cache-pressure","rows":4}
M5_PROFILE {"context":"78b91e8780","graph":511,"cb":1,"original_nodes":1,"gpu_start_s":92304.112465250,"gpu_end_s":92304.113440250,"gpu_ms":0.975000,"valid":true,"completed":true,"op_counts":{"SQR":1}}
M5_OP_CALL {"cache":"pressure-128MiB","family":"head","graph":512,"phase":"measure","routing":"none","rows":4,"sample":37,"unique_experts":0}
M5_PROFILE {"context":"78b91e8780","graph":512,"cb":1,"original_nodes":1,"gpu_start_s":92304.113640917,"gpu_end_s":92304.115852167,"gpu_ms":2.211250,"valid":true,"completed":true,"op_counts":{"MUL_MAT":1}}
M5_OP_CALL {"family":"head","graph":513,"phase":"cache-pressure","rows":4}
M5_PROFILE {"context":"78b91e8780","graph":513,"cb":1,"original_nodes":1,"gpu_start_s":92304.116103875,"gpu_end_s":92304.117079500,"gpu_ms":0.975625,"valid":true,"completed":true,"op_counts":{"SQR":1}}
M5_OP_CALL {"cache":"pressure-128MiB","family":"head","graph":514,"phase":"measure","routing":"none","rows":4,"sample":38,"unique_experts":0}
M5_PROFILE {"context":"78b91e8780","graph":514,"cb":1,"original_nodes":1,"gpu_start_s":92304.117260750,"gpu_end_s":92304.119415375,"gpu_ms":2.154625,"valid":true,"completed":true,"op_counts":{"MUL_MAT":1}}
M5_OP_CALL {"family":"head","graph":515,"phase":"cache-pressure","rows":4}
M5_PROFILE {"context":"78b91e8780","graph":515,"cb":1,"original_nodes":1,"gpu_start_s":92304.119650125,"gpu_end_s":92304.120625125,"gpu_ms":0.975000,"valid":true,"completed":true,"op_counts":{"SQR":1}}
M5_OP_CALL {"cache":"pressure-128MiB","family":"head","graph":516,"phase":"measure","routing":"none","rows":4,"sample":39,"unique_experts":0}
M5_PROFILE {"context":"78b91e8780","graph":516,"cb":1,"original_nodes":1,"gpu_start_s":92304.120857667,"gpu_end_s":92304.123190167,"gpu_ms":2.332500,"valid":true,"completed":true,"op_counts":{"MUL_MAT":1}}
M5_OP_CALL {"cache":"unflushed","family":"head","graph":517,"phase":"warmup","routing":"none","rows":5,"sample":-3,"unique_experts":0}
M5_PROFILE {"context":"78b91e8780","graph":517,"cb":1,"original_nodes":1,"gpu_start_s":92304.123425625,"gpu_end_s":92304.125586125,"gpu_ms":2.160500,"valid":true,"completed":true,"op_counts":{"MUL_MAT":1}}
M5_OP_CALL {"cache":"unflushed","family":"head","graph":518,"phase":"warmup","routing":"none","rows":5,"sample":-2,"unique_experts":0}
M5_PROFILE {"context":"78b91e8780","graph":518,"cb":1,"original_nodes":1,"gpu_start_s":92304.125821250,"gpu_end_s":92304.127977167,"gpu_ms":2.155917,"valid":true,"completed":true,"op_counts":{"MUL_MAT":1}}
M5_OP_CALL {"cache":"unflushed","family":"head","graph":519,"phase":"warmup","routing":"none","rows":5,"sample":-1,"unique_experts":0}
M5_PROFILE {"context":"78b91e8780","graph":519,"cb":1,"original_nodes":1,"gpu_start_s":92304.128221375,"gpu_end_s":92304.130554125,"gpu_ms":2.332750,"valid":true,"completed":true,"op_counts":{"MUL_MAT":1}}
M5_OP_CALL {"cache":"unflushed","family":"head","graph":520,"phase":"measure","routing":"none","rows":5,"sample":0,"unique_experts":0}
M5_PROFILE {"context":"78b91e8780","graph":520,"cb":1,"original_nodes":1,"gpu_start_s":92304.130768792,"gpu_end_s":92304.132927167,"gpu_ms":2.158375,"valid":true,"completed":true,"op_counts":{"MUL_MAT":1}}
M5_OP_CALL {"cache":"unflushed","family":"head","graph":521,"phase":"measure","routing":"none","rows":5,"sample":1,"unique_experts":0}
M5_PROFILE {"context":"78b91e8780","graph":521,"cb":1,"original_nodes":1,"gpu_start_s":92304.133181250,"gpu_end_s":92304.135336292,"gpu_ms":2.155042,"valid":true,"completed":true,"op_counts":{"MUL_MAT":1}}
M5_OP_CALL {"cache":"unflushed","family":"head","graph":522,"phase":"measure","routing":"none","rows":5,"sample":2,"unique_experts":0}
M5_PROFILE {"context":"78b91e8780","graph":522,"cb":1,"original_nodes":1,"gpu_start_s":92304.135571000,"gpu_end_s":92304.137720375,"gpu_ms":2.149375,"valid":true,"completed":true,"op_counts":{"MUL_MAT":1}}
M5_OP_CALL {"cache":"unflushed","family":"head","graph":523,"phase":"measure","routing":"none","rows":5,"sample":3,"unique_experts":0}
M5_PROFILE {"context":"78b91e8780","graph":523,"cb":1,"original_nodes":1,"gpu_start_s":92304.137948500,"gpu_end_s":92304.140288125,"gpu_ms":2.339625,"valid":true,"completed":true,"op_counts":{"MUL_MAT":1}}
M5_OP_CALL {"cache":"unflushed","family":"head","graph":524,"phase":"measure","routing":"none","rows":5,"sample":4,"unique_experts":0}
M5_PROFILE {"context":"78b91e8780","graph":524,"cb":1,"original_nodes":1,"gpu_start_s":92304.140567417,"gpu_end_s":92304.142728625,"gpu_ms":2.161208,"valid":true,"completed":true,"op_counts":{"MUL_MAT":1}}
M5_OP_CALL {"cache":"unflushed","family":"head","graph":525,"phase":"measure","routing":"none","rows":5,"sample":5,"unique_experts":0}
M5_PROFILE {"context":"78b91e8780","graph":525,"cb":1,"original_nodes":1,"gpu_start_s":92304.142968750,"gpu_end_s":92304.145128167,"gpu_ms":2.159417,"valid":true,"completed":true,"op_counts":{"MUL_MAT":1}}
M5_OP_CALL {"cache":"unflushed","family":"head","graph":526,"phase":"measure","routing":"none","rows":5,"sample":6,"unique_experts":0}
M5_PROFILE {"context":"78b91e8780","graph":526,"cb":1,"original_nodes":1,"gpu_start_s":92304.145360667,"gpu_end_s":92304.147698167,"gpu_ms":2.337500,"valid":true,"completed":true,"op_counts":{"MUL_MAT":1}}
M5_OP_CALL {"cache":"unflushed","family":"head","graph":527,"phase":"measure","routing":"none","rows":5,"sample":7,"unique_experts":0}
M5_PROFILE {"context":"78b91e8780","graph":527,"cb":1,"original_nodes":1,"gpu_start_s":92304.147895125,"gpu_end_s":92304.150053375,"gpu_ms":2.158250,"valid":true,"completed":true,"op_counts":{"MUL_MAT":1}}
M5_OP_CALL {"cache":"unflushed","family":"head","graph":528,"phase":"measure","routing":"none","rows":5,"sample":8,"unique_experts":0}
M5_PROFILE {"context":"78b91e8780","graph":528,"cb":1,"original_nodes":1,"gpu_start_s":92304.150353375,"gpu_end_s":92304.152509000,"gpu_ms":2.155625,"valid":true,"completed":true,"op_counts":{"MUL_MAT":1}}
M5_OP_CALL {"cache":"unflushed","family":"head","graph":529,"phase":"measure","routing":"none","rows":5,"sample":9,"unique_experts":0}
M5_PROFILE {"context":"78b91e8780","graph":529,"cb":1,"original_nodes":1,"gpu_start_s":92304.152660625,"gpu_end_s":92304.154818542,"gpu_ms":2.157917,"valid":true,"completed":true,"op_counts":{"MUL_MAT":1}}
M5_OP_CALL {"cache":"unflushed","family":"head","graph":530,"phase":"measure","routing":"none","rows":5,"sample":10,"unique_experts":0}
M5_PROFILE {"context":"78b91e8780","graph":530,"cb":1,"original_nodes":1,"gpu_start_s":92304.155045250,"gpu_end_s":92304.157377125,"gpu_ms":2.331875,"valid":true,"completed":true,"op_counts":{"MUL_MAT":1}}
M5_OP_CALL {"cache":"unflushed","family":"head","graph":531,"phase":"measure","routing":"none","rows":5,"sample":11,"unique_experts":0}
M5_PROFILE {"context":"78b91e8780","graph":531,"cb":1,"original_nodes":1,"gpu_start_s":92304.157594292,"gpu_end_s":92304.159754000,"gpu_ms":2.159708,"valid":true,"completed":true,"op_counts":{"MUL_MAT":1}}
M5_OP_CALL {"cache":"unflushed","family":"head","graph":532,"phase":"measure","routing":"none","rows":5,"sample":12,"unique_experts":0}
M5_PROFILE {"context":"78b91e8780","graph":532,"cb":1,"original_nodes":1,"gpu_start_s":92304.159997000,"gpu_end_s":92304.162149250,"gpu_ms":2.152250,"valid":true,"completed":true,"op_counts":{"MUL_MAT":1}}
M5_OP_CALL {"cache":"unflushed","family":"head","graph":533,"phase":"measure","routing":"none","rows":5,"sample":13,"unique_experts":0}
M5_PROFILE {"context":"78b91e8780","graph":533,"cb":1,"original_nodes":1,"gpu_start_s":92304.162378667,"gpu_end_s":92304.164715250,"gpu_ms":2.336583,"valid":true,"completed":true,"op_counts":{"MUL_MAT":1}}
M5_OP_CALL {"cache":"unflushed","family":"head","graph":534,"phase":"measure","routing":"none","rows":5,"sample":14,"unique_experts":0}
M5_PROFILE {"context":"78b91e8780","graph":534,"cb":1,"original_nodes":1,"gpu_start_s":92304.164870500,"gpu_end_s":92304.167026167,"gpu_ms":2.155667,"valid":true,"completed":true,"op_counts":{"MUL_MAT":1}}
M5_OP_CALL {"cache":"unflushed","family":"head","graph":535,"phase":"measure","routing":"none","rows":5,"sample":15,"unique_experts":0}
M5_PROFILE {"context":"78b91e8780","graph":535,"cb":1,"original_nodes":1,"gpu_start_s":92304.167223375,"gpu_end_s":92304.169379125,"gpu_ms":2.155750,"valid":true,"completed":true,"op_counts":{"MUL_MAT":1}}
M5_OP_CALL {"cache":"unflushed","family":"head","graph":536,"phase":"measure","routing":"none","rows":5,"sample":16,"unique_experts":0}
M5_PROFILE {"context":"78b91e8780","graph":536,"cb":1,"original_nodes":1,"gpu_start_s":92304.169550625,"gpu_end_s":92304.171708125,"gpu_ms":2.157500,"valid":true,"completed":true,"op_counts":{"MUL_MAT":1}}
M5_OP_CALL {"cache":"unflushed","family":"head","graph":537,"phase":"measure","routing":"none","rows":5,"sample":17,"unique_experts":0}
M5_PROFILE {"context":"78b91e8780","graph":537,"cb":1,"original_nodes":1,"gpu_start_s":92304.171952000,"gpu_end_s":92304.174110917,"gpu_ms":2.158917,"valid":true,"completed":true,"op_counts":{"MUL_MAT":1}}
M5_OP_CALL {"cache":"unflushed","family":"head","graph":538,"phase":"measure","routing":"none","rows":5,"sample":18,"unique_experts":0}
M5_PROFILE {"context":"78b91e8780","graph":538,"cb":1,"original_nodes":1,"gpu_start_s":92304.174350500,"gpu_end_s":92304.176507375,"gpu_ms":2.156875,"valid":true,"completed":true,"op_counts":{"MUL_MAT":1}}
M5_OP_CALL {"cache":"unflushed","family":"head","graph":539,"phase":"measure","routing":"none","rows":5,"sample":19,"unique_experts":0}
M5_PROFILE {"context":"78b91e8780","graph":539,"cb":1,"original_nodes":1,"gpu_start_s":92304.176750875,"gpu_end_s":92304.178910667,"gpu_ms":2.159792,"valid":true,"completed":true,"op_counts":{"MUL_MAT":1}}
M5_OP_CALL {"cache":"unflushed","family":"head","graph":540,"phase":"measure","routing":"none","rows":5,"sample":20,"unique_experts":0}
M5_PROFILE {"context":"78b91e8780","graph":540,"cb":1,"original_nodes":1,"gpu_start_s":92304.179131875,"gpu_end_s":92304.181466750,"gpu_ms":2.334875,"valid":true,"completed":true,"op_counts":{"MUL_MAT":1}}
M5_OP_CALL {"cache":"unflushed","family":"head","graph":541,"phase":"measure","routing":"none","rows":5,"sample":21,"unique_experts":0}
M5_PROFILE {"context":"78b91e8780","graph":541,"cb":1,"original_nodes":1,"gpu_start_s":92304.181706500,"gpu_end_s":92304.183867792,"gpu_ms":2.161292,"valid":true,"completed":true,"op_counts":{"MUL_MAT":1}}
M5_OP_CALL {"cache":"unflushed","family":"head","graph":542,"phase":"measure","routing":"none","rows":5,"sample":22,"unique_experts":0}
M5_PROFILE {"context":"78b91e8780","graph":542,"cb":1,"original_nodes":1,"gpu_start_s":92304.184172250,"gpu_end_s":92304.186327417,"gpu_ms":2.155167,"valid":true,"completed":true,"op_counts":{"MUL_MAT":1}}
M5_OP_CALL {"cache":"unflushed","family":"head","graph":543,"phase":"measure","routing":"none","rows":5,"sample":23,"unique_experts":0}
M5_PROFILE {"context":"78b91e8780","graph":543,"cb":1,"original_nodes":1,"gpu_start_s":92304.186573625,"gpu_end_s":92304.188928500,"gpu_ms":2.354875,"valid":true,"completed":true,"op_counts":{"MUL_MAT":1}}
M5_OP_CALL {"cache":"unflushed","family":"head","graph":544,"phase":"measure","routing":"none","rows":5,"sample":24,"unique_experts":0}
M5_PROFILE {"context":"78b91e8780","graph":544,"cb":1,"original_nodes":1,"gpu_start_s":92304.189154792,"gpu_end_s":92304.191311500,"gpu_ms":2.156708,"valid":true,"completed":true,"op_counts":{"MUL_MAT":1}}
M5_OP_CALL {"cache":"unflushed","family":"head","graph":545,"phase":"measure","routing":"none","rows":5,"sample":25,"unique_experts":0}
M5_PROFILE {"context":"78b91e8780","graph":545,"cb":1,"original_nodes":1,"gpu_start_s":92304.191568042,"gpu_end_s":92304.193725875,"gpu_ms":2.157833,"valid":true,"completed":true,"op_counts":{"MUL_MAT":1}}
M5_OP_CALL {"cache":"unflushed","family":"head","graph":546,"phase":"measure","routing":"none","rows":5,"sample":26,"unique_experts":0}
M5_PROFILE {"context":"78b91e8780","graph":546,"cb":1,"original_nodes":1,"gpu_start_s":92304.193964625,"gpu_end_s":92304.196121917,"gpu_ms":2.157292,"valid":true,"completed":true,"op_counts":{"MUL_MAT":1}}
M5_OP_CALL {"cache":"unflushed","family":"head","graph":547,"phase":"measure","routing":"none","rows":5,"sample":27,"unique_experts":0}
M5_PROFILE {"context":"78b91e8780","graph":547,"cb":1,"original_nodes":1,"gpu_start_s":92304.196377875,"gpu_end_s":92304.198708417,"gpu_ms":2.330542,"valid":true,"completed":true,"op_counts":{"MUL_MAT":1}}
M5_OP_CALL {"cache":"unflushed","family":"head","graph":548,"phase":"measure","routing":"none","rows":5,"sample":28,"unique_experts":0}
M5_PROFILE {"context":"78b91e8780","graph":548,"cb":1,"original_nodes":1,"gpu_start_s":92304.198934750,"gpu_end_s":92304.201088125,"gpu_ms":2.153375,"valid":true,"completed":true,"op_counts":{"MUL_MAT":1}}
M5_OP_CALL {"cache":"unflushed","family":"head","graph":549,"phase":"measure","routing":"none","rows":5,"sample":29,"unique_experts":0}
M5_PROFILE {"context":"78b91e8780","graph":549,"cb":1,"original_nodes":1,"gpu_start_s":92304.201312875,"gpu_end_s":92304.203469292,"gpu_ms":2.156417,"valid":true,"completed":true,"op_counts":{"MUL_MAT":1}}
M5_OP_CALL {"cache":"unflushed","family":"head","graph":550,"phase":"measure","routing":"none","rows":5,"sample":30,"unique_experts":0}
M5_PROFILE {"context":"78b91e8780","graph":550,"cb":1,"original_nodes":1,"gpu_start_s":92304.203678042,"gpu_end_s":92304.206012625,"gpu_ms":2.334583,"valid":true,"completed":true,"op_counts":{"MUL_MAT":1}}
M5_OP_CALL {"cache":"unflushed","family":"head","graph":551,"phase":"measure","routing":"none","rows":5,"sample":31,"unique_experts":0}
M5_PROFILE {"context":"78b91e8780","graph":551,"cb":1,"original_nodes":1,"gpu_start_s":92304.206248500,"gpu_end_s":92304.208405750,"gpu_ms":2.157250,"valid":true,"completed":true,"op_counts":{"MUL_MAT":1}}
M5_OP_CALL {"cache":"unflushed","family":"head","graph":552,"phase":"measure","routing":"none","rows":5,"sample":32,"unique_experts":0}
M5_PROFILE {"context":"78b91e8780","graph":552,"cb":1,"original_nodes":1,"gpu_start_s":92304.208665125,"gpu_end_s":92304.210817375,"gpu_ms":2.152250,"valid":true,"completed":true,"op_counts":{"MUL_MAT":1}}
M5_OP_CALL {"cache":"unflushed","family":"head","graph":553,"phase":"measure","routing":"none","rows":5,"sample":33,"unique_experts":0}
M5_PROFILE {"context":"78b91e8780","graph":553,"cb":1,"original_nodes":1,"gpu_start_s":92304.211038875,"gpu_end_s":92304.213195375,"gpu_ms":2.156500,"valid":true,"completed":true,"op_counts":{"MUL_MAT":1}}
M5_OP_CALL {"cache":"unflushed","family":"head","graph":554,"phase":"measure","routing":"none","rows":5,"sample":34,"unique_experts":0}
M5_PROFILE {"context":"78b91e8780","graph":554,"cb":1,"original_nodes":1,"gpu_start_s":92304.213439000,"gpu_end_s":92304.215770917,"gpu_ms":2.331917,"valid":true,"completed":true,"op_counts":{"MUL_MAT":1}}
M5_OP_CALL {"cache":"unflushed","family":"head","graph":555,"phase":"measure","routing":"none","rows":5,"sample":35,"unique_experts":0}
M5_PROFILE {"context":"78b91e8780","graph":555,"cb":1,"original_nodes":1,"gpu_start_s":92304.216012750,"gpu_end_s":92304.218170000,"gpu_ms":2.157250,"valid":true,"completed":true,"op_counts":{"MUL_MAT":1}}
M5_OP_CALL {"cache":"unflushed","family":"head","graph":556,"phase":"measure","routing":"none","rows":5,"sample":36,"unique_experts":0}
M5_PROFILE {"context":"78b91e8780","graph":556,"cb":1,"original_nodes":1,"gpu_start_s":92304.218411750,"gpu_end_s":92304.220568875,"gpu_ms":2.157125,"valid":true,"completed":true,"op_counts":{"MUL_MAT":1}}
M5_OP_CALL {"cache":"unflushed","family":"head","graph":557,"phase":"measure","routing":"none","rows":5,"sample":37,"unique_experts":0}
M5_PROFILE {"context":"78b91e8780","graph":557,"cb":1,"original_nodes":1,"gpu_start_s":92304.220790875,"gpu_end_s":92304.223130292,"gpu_ms":2.339417,"valid":true,"completed":true,"op_counts":{"MUL_MAT":1}}
M5_OP_CALL {"cache":"unflushed","family":"head","graph":558,"phase":"measure","routing":"none","rows":5,"sample":38,"unique_experts":0}
M5_PROFILE {"context":"78b91e8780","graph":558,"cb":1,"original_nodes":1,"gpu_start_s":92304.223292667,"gpu_end_s":92304.225455125,"gpu_ms":2.162458,"valid":true,"completed":true,"op_counts":{"MUL_MAT":1}}
M5_OP_CALL {"cache":"unflushed","family":"head","graph":559,"phase":"measure","routing":"none","rows":5,"sample":39,"unique_experts":0}
M5_PROFILE {"context":"78b91e8780","graph":559,"cb":1,"original_nodes":1,"gpu_start_s":92304.225669875,"gpu_end_s":92304.227822750,"gpu_ms":2.152875,"valid":true,"completed":true,"op_counts":{"MUL_MAT":1}}
M5_OP_CALL {"family":"head","graph":560,"phase":"cache-pressure","rows":5}
M5_PROFILE {"context":"78b91e8780","graph":560,"cb":1,"original_nodes":1,"gpu_start_s":92304.228051917,"gpu_end_s":92304.229028500,"gpu_ms":0.976583,"valid":true,"completed":true,"op_counts":{"SQR":1}}
M5_OP_CALL {"cache":"pressure-128MiB","family":"head","graph":561,"phase":"warmup","routing":"none","rows":5,"sample":-3,"unique_experts":0}
M5_PROFILE {"context":"78b91e8780","graph":561,"cb":1,"original_nodes":1,"gpu_start_s":92304.229258625,"gpu_end_s":92304.231601917,"gpu_ms":2.343292,"valid":true,"completed":true,"op_counts":{"MUL_MAT":1}}
M5_OP_CALL {"family":"head","graph":562,"phase":"cache-pressure","rows":5}
M5_PROFILE {"context":"78b91e8780","graph":562,"cb":1,"original_nodes":1,"gpu_start_s":92304.231814125,"gpu_end_s":92304.232788375,"gpu_ms":0.974250,"valid":true,"completed":true,"op_counts":{"SQR":1}}
M5_OP_CALL {"cache":"pressure-128MiB","family":"head","graph":563,"phase":"warmup","routing":"none","rows":5,"sample":-2,"unique_experts":0}
M5_PROFILE {"context":"78b91e8780","graph":563,"cb":1,"original_nodes":1,"gpu_start_s":92304.232973167,"gpu_end_s":92304.235137625,"gpu_ms":2.164458,"valid":true,"completed":true,"op_counts":{"MUL_MAT":1}}
M5_OP_CALL {"family":"head","graph":564,"phase":"cache-pressure","rows":5}
M5_PROFILE {"context":"78b91e8780","graph":564,"cb":1,"original_nodes":1,"gpu_start_s":92304.235488750,"gpu_end_s":92304.236464042,"gpu_ms":0.975292,"valid":true,"completed":true,"op_counts":{"SQR":1}}
M5_OP_CALL {"cache":"pressure-128MiB","family":"head","graph":565,"phase":"warmup","routing":"none","rows":5,"sample":-1,"unique_experts":0}
M5_PROFILE {"context":"78b91e8780","graph":565,"cb":1,"original_nodes":1,"gpu_start_s":92304.236715500,"gpu_end_s":92304.239055917,"gpu_ms":2.340417,"valid":true,"completed":true,"op_counts":{"MUL_MAT":1}}
M5_OP_CALL {"family":"head","graph":566,"phase":"cache-pressure","rows":5}
M5_PROFILE {"context":"78b91e8780","graph":566,"cb":1,"original_nodes":1,"gpu_start_s":92304.239274667,"gpu_end_s":92304.240257250,"gpu_ms":0.982583,"valid":true,"completed":true,"op_counts":{"SQR":1}}
M5_OP_CALL {"cache":"pressure-128MiB","family":"head","graph":567,"phase":"measure","routing":"none","rows":5,"sample":0,"unique_experts":0}
M5_PROFILE {"context":"78b91e8780","graph":567,"cb":1,"original_nodes":1,"gpu_start_s":92304.240499000,"gpu_end_s":92304.242679500,"gpu_ms":2.180500,"valid":true,"completed":true,"op_counts":{"MUL_MAT":1}}
M5_OP_CALL {"family":"head","graph":568,"phase":"cache-pressure","rows":5}
M5_PROFILE {"context":"78b91e8780","graph":568,"cb":1,"original_nodes":1,"gpu_start_s":92304.242832167,"gpu_end_s":92304.243805000,"gpu_ms":0.972833,"valid":true,"completed":true,"op_counts":{"SQR":1}}
M5_OP_CALL {"cache":"pressure-128MiB","family":"head","graph":569,"phase":"measure","routing":"none","rows":5,"sample":1,"unique_experts":0}
M5_PROFILE {"context":"78b91e8780","graph":569,"cb":1,"original_nodes":1,"gpu_start_s":92304.244052667,"gpu_end_s":92304.246214000,"gpu_ms":2.161333,"valid":true,"completed":true,"op_counts":{"MUL_MAT":1}}
M5_OP_CALL {"family":"head","graph":570,"phase":"cache-pressure","rows":5}
M5_PROFILE {"context":"78b91e8780","graph":570,"cb":1,"original_nodes":1,"gpu_start_s":92304.246365500,"gpu_end_s":92304.247520500,"gpu_ms":1.155000,"valid":true,"completed":true,"op_counts":{"SQR":1}}
M5_OP_CALL {"cache":"pressure-128MiB","family":"head","graph":571,"phase":"measure","routing":"none","rows":5,"sample":2,"unique_experts":0}
M5_PROFILE {"context":"78b91e8780","graph":571,"cb":1,"original_nodes":1,"gpu_start_s":92304.247757750,"gpu_end_s":92304.249913000,"gpu_ms":2.155250,"valid":true,"completed":true,"op_counts":{"MUL_MAT":1}}
M5_OP_CALL {"family":"head","graph":572,"phase":"cache-pressure","rows":5}
M5_PROFILE {"context":"78b91e8780","graph":572,"cb":1,"original_nodes":1,"gpu_start_s":92304.250059000,"gpu_end_s":92304.251036292,"gpu_ms":0.977292,"valid":true,"completed":true,"op_counts":{"SQR":1}}
M5_OP_CALL {"cache":"pressure-128MiB","family":"head","graph":573,"phase":"measure","routing":"none","rows":5,"sample":3,"unique_experts":0}
M5_PROFILE {"context":"78b91e8780","graph":573,"cb":1,"original_nodes":1,"gpu_start_s":92304.251285875,"gpu_end_s":92304.253440875,"gpu_ms":2.155000,"valid":true,"completed":true,"op_counts":{"MUL_MAT":1}}
M5_OP_CALL {"family":"head","graph":574,"phase":"cache-pressure","rows":5}
M5_PROFILE {"context":"78b91e8780","graph":574,"cb":1,"original_nodes":1,"gpu_start_s":92304.253671000,"gpu_end_s":92304.254648250,"gpu_ms":0.977250,"valid":true,"completed":true,"op_counts":{"SQR":1}}
M5_OP_CALL {"cache":"pressure-128MiB","family":"head","graph":575,"phase":"measure","routing":"none","rows":5,"sample":4,"unique_experts":0}
M5_PROFILE {"context":"78b91e8780","graph":575,"cb":1,"original_nodes":1,"gpu_start_s":92304.254874375,"gpu_end_s":92304.257211667,"gpu_ms":2.337292,"valid":true,"completed":true,"op_counts":{"MUL_MAT":1}}
M5_OP_CALL {"family":"head","graph":576,"phase":"cache-pressure","rows":5}
M5_PROFILE {"context":"78b91e8780","graph":576,"cb":1,"original_nodes":1,"gpu_start_s":92304.257380500,"gpu_end_s":92304.258353042,"gpu_ms":0.972542,"valid":true,"completed":true,"op_counts":{"SQR":1}}
M5_OP_CALL {"cache":"pressure-128MiB","family":"head","graph":577,"phase":"measure","routing":"none","rows":5,"sample":5,"unique_experts":0}
M5_PROFILE {"context":"78b91e8780","graph":577,"cb":1,"original_nodes":1,"gpu_start_s":92304.258571500,"gpu_end_s":92304.260733167,"gpu_ms":2.161667,"valid":true,"completed":true,"op_counts":{"MUL_MAT":1}}
M5_OP_CALL {"family":"head","graph":578,"phase":"cache-pressure","rows":5}
M5_PROFILE {"context":"78b91e8780","graph":578,"cb":1,"original_nodes":1,"gpu_start_s":92304.260972250,"gpu_end_s":92304.261942250,"gpu_ms":0.970000,"valid":true,"completed":true,"op_counts":{"SQR":1}}
M5_OP_CALL {"cache":"pressure-128MiB","family":"head","graph":579,"phase":"measure","routing":"none","rows":5,"sample":6,"unique_experts":0}
M5_PROFILE {"context":"78b91e8780","graph":579,"cb":1,"original_nodes":1,"gpu_start_s":92304.262170500,"gpu_end_s":92304.264519000,"gpu_ms":2.348500,"valid":true,"completed":true,"op_counts":{"MUL_MAT":1}}
M5_OP_CALL {"family":"head","graph":580,"phase":"cache-pressure","rows":5}
M5_PROFILE {"context":"78b91e8780","graph":580,"cb":1,"original_nodes":1,"gpu_start_s":92304.264752500,"gpu_end_s":92304.265723750,"gpu_ms":0.971250,"valid":true,"completed":true,"op_counts":{"SQR":1}}
M5_OP_CALL {"cache":"pressure-128MiB","family":"head","graph":581,"phase":"measure","routing":"none","rows":5,"sample":7,"unique_experts":0}
M5_PROFILE {"context":"78b91e8780","graph":581,"cb":1,"original_nodes":1,"gpu_start_s":92304.265959000,"gpu_end_s":92304.268118750,"gpu_ms":2.159750,"valid":true,"completed":true,"op_counts":{"MUL_MAT":1}}
M5_OP_CALL {"family":"head","graph":582,"phase":"cache-pressure","rows":5}
M5_PROFILE {"context":"78b91e8780","graph":582,"cb":1,"original_nodes":1,"gpu_start_s":92304.268304375,"gpu_end_s":92304.269275625,"gpu_ms":0.971250,"valid":true,"completed":true,"op_counts":{"SQR":1}}
M5_OP_CALL {"cache":"pressure-128MiB","family":"head","graph":583,"phase":"measure","routing":"none","rows":5,"sample":8,"unique_experts":0}
M5_PROFILE {"context":"78b91e8780","graph":583,"cb":1,"original_nodes":1,"gpu_start_s":92304.269520000,"gpu_end_s":92304.271677250,"gpu_ms":2.157250,"valid":true,"completed":true,"op_counts":{"MUL_MAT":1}}
M5_OP_CALL {"family":"head","graph":584,"phase":"cache-pressure","rows":5}
M5_PROFILE {"context":"78b91e8780","graph":584,"cb":1,"original_nodes":1,"gpu_start_s":92304.271880667,"gpu_end_s":92304.272912292,"gpu_ms":1.031625,"valid":true,"completed":true,"op_counts":{"SQR":1}}
M5_OP_CALL {"cache":"pressure-128MiB","family":"head","graph":585,"phase":"measure","routing":"none","rows":5,"sample":9,"unique_experts":0}
M5_PROFILE {"context":"78b91e8780","graph":585,"cb":1,"original_nodes":1,"gpu_start_s":92304.273154000,"gpu_end_s":92304.275318500,"gpu_ms":2.164500,"valid":true,"completed":true,"op_counts":{"MUL_MAT":1}}
M5_OP_CALL {"family":"head","graph":586,"phase":"cache-pressure","rows":5}
M5_PROFILE {"context":"78b91e8780","graph":586,"cb":1,"original_nodes":1,"gpu_start_s":92304.275556625,"gpu_end_s":92304.276525750,"gpu_ms":0.969125,"valid":true,"completed":true,"op_counts":{"SQR":1}}
M5_OP_CALL {"cache":"pressure-128MiB","family":"head","graph":587,"phase":"measure","routing":"none","rows":5,"sample":10,"unique_experts":0}
M5_PROFILE {"context":"78b91e8780","graph":587,"cb":1,"original_nodes":1,"gpu_start_s":92304.276712875,"gpu_end_s":92304.278876167,"gpu_ms":2.163292,"valid":true,"completed":true,"op_counts":{"MUL_MAT":1}}
M5_OP_CALL {"family":"head","graph":588,"phase":"cache-pressure","rows":5}
M5_PROFILE {"context":"78b91e8780","graph":588,"cb":1,"original_nodes":1,"gpu_start_s":92304.279055792,"gpu_end_s":92304.280034000,"gpu_ms":0.978208,"valid":true,"completed":true,"op_counts":{"SQR":1}}
M5_OP_CALL {"cache":"pressure-128MiB","family":"head","graph":589,"phase":"measure","routing":"none","rows":5,"sample":11,"unique_experts":0}
M5_PROFILE {"context":"78b91e8780","graph":589,"cb":1,"original_nodes":1,"gpu_start_s":92304.280269542,"gpu_end_s":92304.282612375,"gpu_ms":2.342833,"valid":true,"completed":true,"op_counts":{"MUL_MAT":1}}
M5_OP_CALL {"family":"head","graph":590,"phase":"cache-pressure","rows":5}
M5_PROFILE {"context":"78b91e8780","graph":590,"cb":1,"original_nodes":1,"gpu_start_s":92304.282858000,"gpu_end_s":92304.283850500,"gpu_ms":0.992500,"valid":true,"completed":true,"op_counts":{"SQR":1}}
M5_OP_CALL {"cache":"pressure-128MiB","family":"head","graph":591,"phase":"measure","routing":"none","rows":5,"sample":12,"unique_experts":0}
M5_PROFILE {"context":"78b91e8780","graph":591,"cb":1,"original_nodes":1,"gpu_start_s":92304.284010375,"gpu_end_s":92304.286276500,"gpu_ms":2.266125,"valid":true,"completed":true,"op_counts":{"MUL_MAT":1}}
M5_OP_CALL {"family":"head","graph":592,"phase":"cache-pressure","rows":5}
M5_PROFILE {"context":"78b91e8780","graph":592,"cb":1,"original_nodes":1,"gpu_start_s":92304.286561667,"gpu_end_s":92304.287536250,"gpu_ms":0.974583,"valid":true,"completed":true,"op_counts":{"SQR":1}}
M5_OP_CALL {"cache":"pressure-128MiB","family":"head","graph":593,"phase":"measure","routing":"none","rows":5,"sample":13,"unique_experts":0}
M5_PROFILE {"context":"78b91e8780","graph":593,"cb":1,"original_nodes":1,"gpu_start_s":92304.287753667,"gpu_end_s":92304.290111250,"gpu_ms":2.357583,"valid":true,"completed":true,"op_counts":{"MUL_MAT":1}}
M5_OP_CALL {"family":"head","graph":594,"phase":"cache-pressure","rows":5}
M5_PROFILE {"context":"78b91e8780","graph":594,"cb":1,"original_nodes":1,"gpu_start_s":92304.290343625,"gpu_end_s":92304.291315125,"gpu_ms":0.971500,"valid":true,"completed":true,"op_counts":{"SQR":1}}
M5_OP_CALL {"cache":"pressure-128MiB","family":"head","graph":595,"phase":"measure","routing":"none","rows":5,"sample":14,"unique_experts":0}
M5_PROFILE {"context":"78b91e8780","graph":595,"cb":1,"original_nodes":1,"gpu_start_s":92304.291552542,"gpu_end_s":92304.293821167,"gpu_ms":2.268625,"valid":true,"completed":true,"op_counts":{"MUL_MAT":1}}
M5_OP_CALL {"family":"head","graph":596,"phase":"cache-pressure","rows":5}
M5_PROFILE {"context":"78b91e8780","graph":596,"cb":1,"original_nodes":1,"gpu_start_s":92304.294056125,"gpu_end_s":92304.295029375,"gpu_ms":0.973250,"valid":true,"completed":true,"op_counts":{"SQR":1}}
M5_OP_CALL {"cache":"pressure-128MiB","family":"head","graph":597,"phase":"measure","routing":"none","rows":5,"sample":15,"unique_experts":0}
M5_PROFILE {"context":"78b91e8780","graph":597,"cb":1,"original_nodes":1,"gpu_start_s":92304.295271167,"gpu_end_s":92304.297642625,"gpu_ms":2.371458,"valid":true,"completed":true,"op_counts":{"MUL_MAT":1}}
M5_OP_CALL {"family":"head","graph":598,"phase":"cache-pressure","rows":5}
M5_PROFILE {"context":"78b91e8780","graph":598,"cb":1,"original_nodes":1,"gpu_start_s":92304.297873000,"gpu_end_s":92304.298844292,"gpu_ms":0.971292,"valid":true,"completed":true,"op_counts":{"SQR":1}}
M5_OP_CALL {"cache":"pressure-128MiB","family":"head","graph":599,"phase":"measure","routing":"none","rows":5,"sample":16,"unique_experts":0}
M5_PROFILE {"context":"78b91e8780","graph":599,"cb":1,"original_nodes":1,"gpu_start_s":92304.299022750,"gpu_end_s":92304.301323875,"gpu_ms":2.301125,"valid":true,"completed":true,"op_counts":{"MUL_MAT":1}}
M5_OP_CALL {"family":"head","graph":600,"phase":"cache-pressure","rows":5}
M5_PROFILE {"context":"78b91e8780","graph":600,"cb":1,"original_nodes":1,"gpu_start_s":92304.301566375,"gpu_end_s":92304.302542167,"gpu_ms":0.975792,"valid":true,"completed":true,"op_counts":{"SQR":1}}
M5_OP_CALL {"cache":"pressure-128MiB","family":"head","graph":601,"phase":"measure","routing":"none","rows":5,"sample":17,"unique_experts":0}
M5_PROFILE {"context":"78b91e8780","graph":601,"cb":1,"original_nodes":1,"gpu_start_s":92304.302779375,"gpu_end_s":92304.304940750,"gpu_ms":2.161375,"valid":true,"completed":true,"op_counts":{"MUL_MAT":1}}
M5_OP_CALL {"family":"head","graph":602,"phase":"cache-pressure","rows":5}
M5_PROFILE {"context":"78b91e8780","graph":602,"cb":1,"original_nodes":1,"gpu_start_s":92304.305160250,"gpu_end_s":92304.306313792,"gpu_ms":1.153542,"valid":true,"completed":true,"op_counts":{"SQR":1}}
M5_OP_CALL {"cache":"pressure-128MiB","family":"head","graph":603,"phase":"measure","routing":"none","rows":5,"sample":18,"unique_experts":0}
M5_PROFILE {"context":"78b91e8780","graph":603,"cb":1,"original_nodes":1,"gpu_start_s":92304.306564375,"gpu_end_s":92304.308724875,"gpu_ms":2.160500,"valid":true,"completed":true,"op_counts":{"MUL_MAT":1}}
M5_OP_CALL {"family":"head","graph":604,"phase":"cache-pressure","rows":5}
M5_PROFILE {"context":"78b91e8780","graph":604,"cb":1,"original_nodes":1,"gpu_start_s":92304.308916167,"gpu_end_s":92304.309885167,"gpu_ms":0.969000,"valid":true,"completed":true,"op_counts":{"SQR":1}}
M5_OP_CALL {"cache":"pressure-128MiB","family":"head","graph":605,"phase":"measure","routing":"none","rows":5,"sample":19,"unique_experts":0}
M5_PROFILE {"context":"78b91e8780","graph":605,"cb":1,"original_nodes":1,"gpu_start_s":92304.310185500,"gpu_end_s":92304.312346792,"gpu_ms":2.161292,"valid":true,"completed":true,"op_counts":{"MUL_MAT":1}}
M5_OP_CALL {"family":"head","graph":606,"phase":"cache-pressure","rows":5}
M5_PROFILE {"context":"78b91e8780","graph":606,"cb":1,"original_nodes":1,"gpu_start_s":92304.312587625,"gpu_end_s":92304.313743250,"gpu_ms":1.155625,"valid":true,"completed":true,"op_counts":{"SQR":1}}
M5_OP_CALL {"cache":"pressure-128MiB","family":"head","graph":607,"phase":"measure","routing":"none","rows":5,"sample":20,"unique_experts":0}
M5_PROFILE {"context":"78b91e8780","graph":607,"cb":1,"original_nodes":1,"gpu_start_s":92304.313987167,"gpu_end_s":92304.316151500,"gpu_ms":2.164333,"valid":true,"completed":true,"op_counts":{"MUL_MAT":1}}
M5_OP_CALL {"family":"head","graph":608,"phase":"cache-pressure","rows":5}
M5_PROFILE {"context":"78b91e8780","graph":608,"cb":1,"original_nodes":1,"gpu_start_s":92304.316384125,"gpu_end_s":92304.317363375,"gpu_ms":0.979250,"valid":true,"completed":true,"op_counts":{"SQR":1}}
M5_OP_CALL {"cache":"pressure-128MiB","family":"head","graph":609,"phase":"measure","routing":"none","rows":5,"sample":21,"unique_experts":0}
M5_PROFILE {"context":"78b91e8780","graph":609,"cb":1,"original_nodes":1,"gpu_start_s":92304.317565375,"gpu_end_s":92304.319724375,"gpu_ms":2.159000,"valid":true,"completed":true,"op_counts":{"MUL_MAT":1}}
M5_OP_CALL {"family":"head","graph":610,"phase":"cache-pressure","rows":5}
M5_PROFILE {"context":"78b91e8780","graph":610,"cb":1,"original_nodes":1,"gpu_start_s":92304.319946125,"gpu_end_s":92304.320919750,"gpu_ms":0.973625,"valid":true,"completed":true,"op_counts":{"SQR":1}}
M5_OP_CALL {"cache":"pressure-128MiB","family":"head","graph":611,"phase":"measure","routing":"none","rows":5,"sample":22,"unique_experts":0}
M5_PROFILE {"context":"78b91e8780","graph":611,"cb":1,"original_nodes":1,"gpu_start_s":92304.321128625,"gpu_end_s":92304.323470500,"gpu_ms":2.341875,"valid":true,"completed":true,"op_counts":{"MUL_MAT":1}}
M5_OP_CALL {"family":"head","graph":612,"phase":"cache-pressure","rows":5}
M5_PROFILE {"context":"78b91e8780","graph":612,"cb":1,"original_nodes":1,"gpu_start_s":92304.323727250,"gpu_end_s":92304.324697792,"gpu_ms":0.970542,"valid":true,"completed":true,"op_counts":{"SQR":1}}
M5_OP_CALL {"cache":"pressure-128MiB","family":"head","graph":613,"phase":"measure","routing":"none","rows":5,"sample":23,"unique_experts":0}
M5_PROFILE {"context":"78b91e8780","graph":613,"cb":1,"original_nodes":1,"gpu_start_s":92304.324879917,"gpu_end_s":92304.327040500,"gpu_ms":2.160583,"valid":true,"completed":true,"op_counts":{"MUL_MAT":1}}
M5_OP_CALL {"family":"head","graph":614,"phase":"cache-pressure","rows":5}
M5_PROFILE {"context":"78b91e8780","graph":614,"cb":1,"original_nodes":1,"gpu_start_s":92304.327280792,"gpu_end_s":92304.328252375,"gpu_ms":0.971583,"valid":true,"completed":true,"op_counts":{"SQR":1}}
M5_OP_CALL {"cache":"pressure-128MiB","family":"head","graph":615,"phase":"measure","routing":"none","rows":5,"sample":24,"unique_experts":0}
M5_PROFILE {"context":"78b91e8780","graph":615,"cb":1,"original_nodes":1,"gpu_start_s":92304.328480375,"gpu_end_s":92304.330819875,"gpu_ms":2.339500,"valid":true,"completed":true,"op_counts":{"MUL_MAT":1}}
M5_OP_CALL {"family":"head","graph":616,"phase":"cache-pressure","rows":5}
M5_PROFILE {"context":"78b91e8780","graph":616,"cb":1,"original_nodes":1,"gpu_start_s":92304.331028917,"gpu_end_s":92304.331999500,"gpu_ms":0.970583,"valid":true,"completed":true,"op_counts":{"SQR":1}}
M5_OP_CALL {"cache":"pressure-128MiB","family":"head","graph":617,"phase":"measure","routing":"none","rows":5,"sample":25,"unique_experts":0}
M5_PROFILE {"context":"78b91e8780","graph":617,"cb":1,"original_nodes":1,"gpu_start_s":92304.332234542,"gpu_end_s":92304.334394542,"gpu_ms":2.160000,"valid":true,"completed":true,"op_counts":{"MUL_MAT":1}}
M5_OP_CALL {"family":"head","graph":618,"phase":"cache-pressure","rows":5}
M5_PROFILE {"context":"78b91e8780","graph":618,"cb":1,"original_nodes":1,"gpu_start_s":92304.334562917,"gpu_end_s":92304.335536750,"gpu_ms":0.973833,"valid":true,"completed":true,"op_counts":{"SQR":1}}
M5_OP_CALL {"cache":"pressure-128MiB","family":"head","graph":619,"phase":"measure","routing":"none","rows":5,"sample":26,"unique_experts":0}
M5_PROFILE {"context":"78b91e8780","graph":619,"cb":1,"original_nodes":1,"gpu_start_s":92304.335722375,"gpu_end_s":92304.337882625,"gpu_ms":2.160250,"valid":true,"completed":true,"op_counts":{"MUL_MAT":1}}
M5_OP_CALL {"family":"head","graph":620,"phase":"cache-pressure","rows":5}
M5_PROFILE {"context":"78b91e8780","graph":620,"cb":1,"original_nodes":1,"gpu_start_s":92304.338122375,"gpu_end_s":92304.339283000,"gpu_ms":1.160625,"valid":true,"completed":true,"op_counts":{"SQR":1}}
M5_OP_CALL {"cache":"pressure-128MiB","family":"head","graph":621,"phase":"measure","routing":"none","rows":5,"sample":27,"unique_experts":0}
M5_PROFILE {"context":"78b91e8780","graph":621,"cb":1,"original_nodes":1,"gpu_start_s":92304.339515292,"gpu_end_s":92304.341678125,"gpu_ms":2.162833,"valid":true,"completed":true,"op_counts":{"MUL_MAT":1}}
M5_OP_CALL {"family":"head","graph":622,"phase":"cache-pressure","rows":5}
M5_PROFILE {"context":"78b91e8780","graph":622,"cb":1,"original_nodes":1,"gpu_start_s":92304.341944750,"gpu_end_s":92304.342919000,"gpu_ms":0.974250,"valid":true,"completed":true,"op_counts":{"SQR":1}}
M5_OP_CALL {"cache":"pressure-128MiB","family":"head","graph":623,"phase":"measure","routing":"none","rows":5,"sample":28,"unique_experts":0}
M5_PROFILE {"context":"78b91e8780","graph":623,"cb":1,"original_nodes":1,"gpu_start_s":92304.343112000,"gpu_end_s":92304.345274667,"gpu_ms":2.162667,"valid":true,"completed":true,"op_counts":{"MUL_MAT":1}}
M5_OP_CALL {"family":"head","graph":624,"phase":"cache-pressure","rows":5}
M5_PROFILE {"context":"78b91e8780","graph":624,"cb":1,"original_nodes":1,"gpu_start_s":92304.345505375,"gpu_end_s":92304.346481875,"gpu_ms":0.976500,"valid":true,"completed":true,"op_counts":{"SQR":1}}
M5_OP_CALL {"cache":"pressure-128MiB","family":"head","graph":625,"phase":"measure","routing":"none","rows":5,"sample":29,"unique_experts":0}
M5_PROFILE {"context":"78b91e8780","graph":625,"cb":1,"original_nodes":1,"gpu_start_s":92304.346713500,"gpu_end_s":92304.349056000,"gpu_ms":2.342500,"valid":true,"completed":true,"op_counts":{"MUL_MAT":1}}
M5_OP_CALL {"family":"head","graph":626,"phase":"cache-pressure","rows":5}
M5_PROFILE {"context":"78b91e8780","graph":626,"cb":1,"original_nodes":1,"gpu_start_s":92304.349259792,"gpu_end_s":92304.350234625,"gpu_ms":0.974833,"valid":true,"completed":true,"op_counts":{"SQR":1}}
M5_OP_CALL {"cache":"pressure-128MiB","family":"head","graph":627,"phase":"measure","routing":"none","rows":5,"sample":30,"unique_experts":0}
M5_PROFILE {"context":"78b91e8780","graph":627,"cb":1,"original_nodes":1,"gpu_start_s":92304.350398667,"gpu_end_s":92304.352556667,"gpu_ms":2.158000,"valid":true,"completed":true,"op_counts":{"MUL_MAT":1}}
M5_OP_CALL {"family":"head","graph":628,"phase":"cache-pressure","rows":5}
M5_PROFILE {"context":"78b91e8780","graph":628,"cb":1,"original_nodes":1,"gpu_start_s":92304.352782000,"gpu_end_s":92304.353753750,"gpu_ms":0.971750,"valid":true,"completed":true,"op_counts":{"SQR":1}}
M5_OP_CALL {"cache":"pressure-128MiB","family":"head","graph":629,"phase":"measure","routing":"none","rows":5,"sample":31,"unique_experts":0}
M5_PROFILE {"context":"78b91e8780","graph":629,"cb":1,"original_nodes":1,"gpu_start_s":92304.353941875,"gpu_end_s":92304.356287375,"gpu_ms":2.345500,"valid":true,"completed":true,"op_counts":{"MUL_MAT":1}}
M5_OP_CALL {"family":"head","graph":630,"phase":"cache-pressure","rows":5}
M5_PROFILE {"context":"78b91e8780","graph":630,"cb":1,"original_nodes":1,"gpu_start_s":92304.356515250,"gpu_end_s":92304.357487000,"gpu_ms":0.971750,"valid":true,"completed":true,"op_counts":{"SQR":1}}
M5_OP_CALL {"cache":"pressure-128MiB","family":"head","graph":631,"phase":"measure","routing":"none","rows":5,"sample":32,"unique_experts":0}
M5_PROFILE {"context":"78b91e8780","graph":631,"cb":1,"original_nodes":1,"gpu_start_s":92304.357745667,"gpu_end_s":92304.359910000,"gpu_ms":2.164333,"valid":true,"completed":true,"op_counts":{"MUL_MAT":1}}
M5_OP_CALL {"family":"head","graph":632,"phase":"cache-pressure","rows":5}
M5_PROFILE {"context":"78b91e8780","graph":632,"cb":1,"original_nodes":1,"gpu_start_s":92304.360148292,"gpu_end_s":92304.361116792,"gpu_ms":0.968500,"valid":true,"completed":true,"op_counts":{"SQR":1}}
M5_OP_CALL {"cache":"pressure-128MiB","family":"head","graph":633,"phase":"measure","routing":"none","rows":5,"sample":33,"unique_experts":0}
M5_PROFILE {"context":"78b91e8780","graph":633,"cb":1,"original_nodes":1,"gpu_start_s":92304.361388500,"gpu_end_s":92304.363741625,"gpu_ms":2.353125,"valid":true,"completed":true,"op_counts":{"MUL_MAT":1}}
M5_OP_CALL {"family":"head","graph":634,"phase":"cache-pressure","rows":5}
M5_PROFILE {"context":"78b91e8780","graph":634,"cb":1,"original_nodes":1,"gpu_start_s":92304.363970292,"gpu_end_s":92304.364951500,"gpu_ms":0.981208,"valid":true,"completed":true,"op_counts":{"SQR":1}}
M5_OP_CALL {"cache":"pressure-128MiB","family":"head","graph":635,"phase":"measure","routing":"none","rows":5,"sample":34,"unique_experts":0}
M5_PROFILE {"context":"78b91e8780","graph":635,"cb":1,"original_nodes":1,"gpu_start_s":92304.365250000,"gpu_end_s":92304.367409250,"gpu_ms":2.159250,"valid":true,"completed":true,"op_counts":{"MUL_MAT":1}}
M5_OP_CALL {"family":"head","graph":636,"phase":"cache-pressure","rows":5}
M5_PROFILE {"context":"78b91e8780","graph":636,"cb":1,"original_nodes":1,"gpu_start_s":92304.367572250,"gpu_end_s":92304.368549750,"gpu_ms":0.977500,"valid":true,"completed":true,"op_counts":{"SQR":1}}
M5_OP_CALL {"cache":"pressure-128MiB","family":"head","graph":637,"phase":"measure","routing":"none","rows":5,"sample":35,"unique_experts":0}
M5_PROFILE {"context":"78b91e8780","graph":637,"cb":1,"original_nodes":1,"gpu_start_s":92304.368777000,"gpu_end_s":92304.370940875,"gpu_ms":2.163875,"valid":true,"completed":true,"op_counts":{"MUL_MAT":1}}
M5_OP_CALL {"family":"head","graph":638,"phase":"cache-pressure","rows":5}
M5_PROFILE {"context":"78b91e8780","graph":638,"cb":1,"original_nodes":1,"gpu_start_s":92304.371171000,"gpu_end_s":92304.372146625,"gpu_ms":0.975625,"valid":true,"completed":true,"op_counts":{"SQR":1}}
M5_OP_CALL {"cache":"pressure-128MiB","family":"head","graph":639,"phase":"measure","routing":"none","rows":5,"sample":36,"unique_experts":0}
M5_PROFILE {"context":"78b91e8780","graph":639,"cb":1,"original_nodes":1,"gpu_start_s":92304.372351250,"gpu_end_s":92304.374685375,"gpu_ms":2.334125,"valid":true,"completed":true,"op_counts":{"MUL_MAT":1}}
M5_OP_CALL {"family":"head","graph":640,"phase":"cache-pressure","rows":5}
M5_PROFILE {"context":"78b91e8780","graph":640,"cb":1,"original_nodes":1,"gpu_start_s":92304.374919917,"gpu_end_s":92304.375893542,"gpu_ms":0.973625,"valid":true,"completed":true,"op_counts":{"SQR":1}}
M5_OP_CALL {"cache":"pressure-128MiB","family":"head","graph":641,"phase":"measure","routing":"none","rows":5,"sample":37,"unique_experts":0}
M5_PROFILE {"context":"78b91e8780","graph":641,"cb":1,"original_nodes":1,"gpu_start_s":92304.376130875,"gpu_end_s":92304.378291000,"gpu_ms":2.160125,"valid":true,"completed":true,"op_counts":{"MUL_MAT":1}}
M5_OP_CALL {"family":"head","graph":642,"phase":"cache-pressure","rows":5}
M5_PROFILE {"context":"78b91e8780","graph":642,"cb":1,"original_nodes":1,"gpu_start_s":92304.378509417,"gpu_end_s":92304.379482875,"gpu_ms":0.973458,"valid":true,"completed":true,"op_counts":{"SQR":1}}
M5_OP_CALL {"cache":"pressure-128MiB","family":"head","graph":643,"phase":"measure","routing":"none","rows":5,"sample":38,"unique_experts":0}
M5_PROFILE {"context":"78b91e8780","graph":643,"cb":1,"original_nodes":1,"gpu_start_s":92304.379722542,"gpu_end_s":92304.382060375,"gpu_ms":2.337833,"valid":true,"completed":true,"op_counts":{"MUL_MAT":1}}
M5_OP_CALL {"family":"head","graph":644,"phase":"cache-pressure","rows":5}
M5_PROFILE {"context":"78b91e8780","graph":644,"cb":1,"original_nodes":1,"gpu_start_s":92304.382302875,"gpu_end_s":92304.383273875,"gpu_ms":0.971000,"valid":true,"completed":true,"op_counts":{"SQR":1}}
M5_OP_CALL {"cache":"pressure-128MiB","family":"head","graph":645,"phase":"measure","routing":"none","rows":5,"sample":39,"unique_experts":0}
M5_PROFILE {"context":"78b91e8780","graph":645,"cb":1,"original_nodes":1,"gpu_start_s":92304.383527625,"gpu_end_s":92304.385691000,"gpu_ms":2.163375,"valid":true,"completed":true,"op_counts":{"MUL_MAT":1}}
M5_OP_DONE {"family":"head","graphs":645,"samples":40,"scratch_input_bytes":134217728,"weight_bytes":437043200}
ggml_metal_free: deallocating
