ggml_metal_device_init: testing tensor API for f16 support
ggml_metal_library_compile_pipeline: compiling pipeline: base = 'dummy_kernel', name = 'dummy_kernel'
ggml_metal_library_compile_pipeline: loaded dummy_kernel                                  0x1056315a0 | th_max = 1024 | th_width =   32
ggml_metal_device_init: testing tensor API for bfloat support
ggml_metal_library_compile_pipeline: compiling pipeline: base = 'dummy_kernel', name = 'dummy_kernel'
ggml_metal_library_compile_pipeline: loaded dummy_kernel                                  0x1056315a0 | th_max = 1024 | th_width =   32
ggml_metal_library_init: using embedded metal library
ggml_metal_library_compile_all: compiled 'fa_aux' library in 0.000 sec
ggml_metal_library_compile_all: compiled 'fa_f16' library in 0.001 sec
ggml_metal_library_compile_all: compiled 'fa_f32' library in 0.008 sec
ggml_metal_library_compile_all: compiled 'fa_q4_0' library in 0.008 sec
ggml_metal_library_compile_all: compiled 'fa_q4_1' library in 0.002 sec
ggml_metal_library_compile_all: compiled 'fa_q5_0' library in 0.010 sec
ggml_metal_library_compile_all: compiled 'fa_q5_1' library in 0.011 sec
ggml_metal_library_compile_all: compiled 'fa_q8_0' library in 0.002 sec
ggml_metal_library_compile_all: compiled 'fa_vec_f16' library in 0.002 sec
ggml_metal_library_compile_all: compiled 'fa_vec_f32' library in 0.003 sec
ggml_metal_library_compile_all: compiled 'fa_vec_q4_0' library in 0.007 sec
ggml_metal_library_compile_all: compiled 'fa_vec_q4_1' library in 0.007 sec
ggml_metal_library_compile_all: compiled 'fa_vec_q5_0' library in 0.009 sec
ggml_metal_library_compile_all: compiled 'fa_vec_q5_1' library in 0.006 sec
ggml_metal_library_compile_all: compiled 'fa_vec_q8_0' library in 0.004 sec
ggml_metal_library_compile_all: compiled 'mul_mv' library in 0.005 sec
ggml_metal_library_compile_all: compiled 'mul_mv_mma' library in 0.010 sec
ggml_metal_library_compile_all: compiled 'mul_mm' library in 0.003 sec
ggml_metal_library_compile_all: compiled 'quantize' library in 0.008 sec
ggml_metal_library_compile_all: compiled 'softmax' library in 0.009 sec
ggml_metal_library_compile_all: compiled 'norm' library in 0.002 sec
ggml_metal_library_compile_all: compiled 'unary' library in 0.000 sec
ggml_metal_library_compile_all: compiled 'binbcast' library in 0.010 sec
ggml_metal_library_compile_all: compiled 'reduce' library in 0.010 sec
ggml_metal_library_compile_all: compiled 'tri' library in 0.007 sec
ggml_metal_library_compile_all: compiled 'ssm' library in 0.007 sec
ggml_metal_library_compile_all: compiled 'wkv' library in 0.006 sec
ggml_metal_library_compile_all: compiled 'gated_delta_net' library in 0.010 sec
ggml_metal_library_compile_all: compiled 'solve_tri' library in 0.009 sec
ggml_metal_library_compile_all: compiled 'rope' library in 0.004 sec
ggml_metal_library_compile_all: compiled 'conv' library in 0.004 sec
ggml_metal_library_compile_all: compiled 'upscale' library in 0.008 sec
ggml_metal_library_compile_all: compiled 'argsort' library in 0.008 sec
ggml_metal_library_compile_all: compiled 'pool' library in 0.008 sec
ggml_metal_library_compile_all: compiled 'misc' library in 0.008 sec
ggml_metal_library_compile_all: loaded 35 libraries from embedded data in 0.011 sec (max single = 0.011 sec)
ggml_metal_rsets_init: creating a residency set collection (keep_alive = 180 s)
ggml_metal_device_init: GPU name:   MTL0 (Apple M5 Pro)
ggml_metal_device_init: GPU family: MTLGPUFamilyApple10  (1010)
ggml_metal_device_init: GPU family: MTLGPUFamilyMetal4  (5002)
ggml_metal_device_init: simdgroup reduction   = true
ggml_metal_device_init: simdgroup matrix mul. = true
ggml_metal_device_init: has unified memory    = true
ggml_metal_device_init: has bfloat            = true
ggml_metal_device_init: has tensor            = true
ggml_metal_device_init: use residency sets    = true
ggml_metal_device_init: use shared buffers    = true
ggml_metal_device_init: recommendedMaxWorkingSetSize  = 40200.90 MB
ggml_metal_init: allocating
ggml_metal_init: found device: Apple M5 Pro
ggml_metal_init: picking default device: Apple M5 Pro
ggml_metal_init: use fusion         = true
ggml_metal_init: use concurrency    = true
ggml_metal_init: use graph optimize = true
M5_COPY_CALL {"copy_bytes":3145728,"dst_nb":[4,3145728,3145728,3145728],"dst_ne":[786432,1,1,1],"layout":"contiguous","phase":"warmup","rows":1,"sample":-3,"src_nb":[4,3145728,3145728,3145728],"src_ne":[786432,1,1,1],"width":786432}
ggml_metal_library_compile_pipeline: compiling pipeline: base = 'kernel_cpy_f32_f32', name = 'kernel_cpy_f32_f32'
ggml_metal_library_compile_pipeline: loaded kernel_cpy_f32_f32                            0x105608000 | th_max = 1024 | th_width =   32
M5_PROFILE {"context":"1056357a0","graph":1,"cb":1,"original_nodes":3,"gpu_start_s":246342.452343250,"gpu_end_s":246342.452563167,"gpu_ms":0.219917,"valid":true,"completed":true,"op_counts":{"CPY":1,"VIEW":2}}
M5_COPY_RETURN {"copy_bytes":3145728,"dst_nb":[4,3145728,3145728,3145728],"dst_ne":[786432,1,1,1],"layout":"contiguous","phase":"warmup","rows":1,"sample":-3,"src_nb":[4,3145728,3145728,3145728],"src_ne":[786432,1,1,1],"wall_us":1085.292,"width":786432}
M5_COPY_CALL {"copy_bytes":3145728,"dst_nb":[4,3145728,3145728,3145728],"dst_ne":[786432,1,1,1],"layout":"contiguous","phase":"warmup","rows":1,"sample":-2,"src_nb":[4,3145728,3145728,3145728],"src_ne":[786432,1,1,1],"width":786432}
M5_PROFILE {"context":"1056357a0","graph":2,"cb":1,"original_nodes":3,"gpu_start_s":246342.452960875,"gpu_end_s":246342.453178000,"gpu_ms":0.217125,"valid":true,"completed":true,"op_counts":{"CPY":1,"VIEW":2}}
M5_COPY_RETURN {"copy_bytes":3145728,"dst_nb":[4,3145728,3145728,3145728],"dst_ne":[786432,1,1,1],"layout":"contiguous","phase":"warmup","rows":1,"sample":-2,"src_nb":[4,3145728,3145728,3145728],"src_ne":[786432,1,1,1],"wall_us":453.292,"width":786432}
M5_COPY_CALL {"copy_bytes":3145728,"dst_nb":[4,3145728,3145728,3145728],"dst_ne":[786432,1,1,1],"layout":"contiguous","phase":"warmup","rows":1,"sample":-1,"src_nb":[4,3145728,3145728,3145728],"src_ne":[786432,1,1,1],"width":786432}
M5_PROFILE {"context":"1056357a0","graph":3,"cb":1,"original_nodes":3,"gpu_start_s":246342.453428250,"gpu_end_s":246342.453645042,"gpu_ms":0.216792,"valid":true,"completed":true,"op_counts":{"CPY":1,"VIEW":2}}
M5_COPY_RETURN {"copy_bytes":3145728,"dst_nb":[4,3145728,3145728,3145728],"dst_ne":[786432,1,1,1],"layout":"contiguous","phase":"warmup","rows":1,"sample":-1,"src_nb":[4,3145728,3145728,3145728],"src_ne":[786432,1,1,1],"wall_us":435.25,"width":786432}
M5_COPY_CALL {"copy_bytes":3145728,"dst_nb":[4,3145728,3145728,3145728],"dst_ne":[786432,1,1,1],"layout":"contiguous","phase":"measure","rows":1,"sample":0,"src_nb":[4,3145728,3145728,3145728],"src_ne":[786432,1,1,1],"width":786432}
M5_PROFILE {"context":"1056357a0","graph":4,"cb":1,"original_nodes":3,"gpu_start_s":246342.453839500,"gpu_end_s":246342.454056250,"gpu_ms":0.216750,"valid":true,"completed":true,"op_counts":{"CPY":1,"VIEW":2}}
M5_COPY_RETURN {"copy_bytes":3145728,"dst_nb":[4,3145728,3145728,3145728],"dst_ne":[786432,1,1,1],"layout":"contiguous","phase":"measure","rows":1,"sample":0,"src_nb":[4,3145728,3145728,3145728],"src_ne":[786432,1,1,1],"wall_us":401.625,"width":786432}
M5_COPY_CALL {"copy_bytes":3145728,"dst_nb":[4,3145728,3145728,3145728],"dst_ne":[786432,1,1,1],"layout":"contiguous","phase":"measure","rows":1,"sample":1,"src_nb":[4,3145728,3145728,3145728],"src_ne":[786432,1,1,1],"width":786432}
M5_PROFILE {"context":"1056357a0","graph":5,"cb":1,"original_nodes":3,"gpu_start_s":246342.454233917,"gpu_end_s":246342.454450750,"gpu_ms":0.216833,"valid":true,"completed":true,"op_counts":{"CPY":1,"VIEW":2}}
M5_COPY_RETURN {"copy_bytes":3145728,"dst_nb":[4,3145728,3145728,3145728],"dst_ne":[786432,1,1,1],"layout":"contiguous","phase":"measure","rows":1,"sample":1,"src_nb":[4,3145728,3145728,3145728],"src_ne":[786432,1,1,1],"wall_us":383.375,"width":786432}
M5_COPY_CALL {"copy_bytes":3145728,"dst_nb":[4,3145728,3145728,3145728],"dst_ne":[786432,1,1,1],"layout":"contiguous","phase":"measure","rows":1,"sample":2,"src_nb":[4,3145728,3145728,3145728],"src_ne":[786432,1,1,1],"width":786432}
M5_PROFILE {"context":"1056357a0","graph":6,"cb":1,"original_nodes":3,"gpu_start_s":246342.454642792,"gpu_end_s":246342.454859250,"gpu_ms":0.216458,"valid":true,"completed":true,"op_counts":{"CPY":1,"VIEW":2}}
M5_COPY_RETURN {"copy_bytes":3145728,"dst_nb":[4,3145728,3145728,3145728],"dst_ne":[786432,1,1,1],"layout":"contiguous","phase":"measure","rows":1,"sample":2,"src_nb":[4,3145728,3145728,3145728],"src_ne":[786432,1,1,1],"wall_us":393.417,"width":786432}
M5_COPY_CALL {"copy_bytes":3145728,"dst_nb":[4,3145728,3145728,3145728],"dst_ne":[786432,1,1,1],"layout":"contiguous","phase":"measure","rows":1,"sample":3,"src_nb":[4,3145728,3145728,3145728],"src_ne":[786432,1,1,1],"width":786432}
M5_PROFILE {"context":"1056357a0","graph":7,"cb":1,"original_nodes":3,"gpu_start_s":246342.455076667,"gpu_end_s":246342.455293750,"gpu_ms":0.217083,"valid":true,"completed":true,"op_counts":{"CPY":1,"VIEW":2}}
M5_COPY_RETURN {"copy_bytes":3145728,"dst_nb":[4,3145728,3145728,3145728],"dst_ne":[786432,1,1,1],"layout":"contiguous","phase":"measure","rows":1,"sample":3,"src_nb":[4,3145728,3145728,3145728],"src_ne":[786432,1,1,1],"wall_us":435.416,"width":786432}
M5_COPY_CALL {"copy_bytes":3145728,"dst_nb":[4,3145728,3145728,3145728],"dst_ne":[786432,1,1,1],"layout":"contiguous","phase":"measure","rows":1,"sample":4,"src_nb":[4,3145728,3145728,3145728],"src_ne":[786432,1,1,1],"width":786432}
M5_PROFILE {"context":"1056357a0","graph":8,"cb":1,"original_nodes":3,"gpu_start_s":246342.455550250,"gpu_end_s":246342.455767125,"gpu_ms":0.216875,"valid":true,"completed":true,"op_counts":{"CPY":1,"VIEW":2}}
M5_COPY_RETURN {"copy_bytes":3145728,"dst_nb":[4,3145728,3145728,3145728],"dst_ne":[786432,1,1,1],"layout":"contiguous","phase":"measure","rows":1,"sample":4,"src_nb":[4,3145728,3145728,3145728],"src_ne":[786432,1,1,1],"wall_us":463.792,"width":786432}
M5_COPY_CALL {"copy_bytes":3145728,"dst_nb":[4,3145728,3145728,3145728],"dst_ne":[786432,1,1,1],"layout":"contiguous","phase":"measure","rows":1,"sample":5,"src_nb":[4,3145728,3145728,3145728],"src_ne":[786432,1,1,1],"width":786432}
M5_PROFILE {"context":"1056357a0","graph":9,"cb":1,"original_nodes":3,"gpu_start_s":246342.456119917,"gpu_end_s":246342.456336875,"gpu_ms":0.216958,"valid":true,"completed":true,"op_counts":{"CPY":1,"VIEW":2}}
M5_COPY_RETURN {"copy_bytes":3145728,"dst_nb":[4,3145728,3145728,3145728],"dst_ne":[786432,1,1,1],"layout":"contiguous","phase":"measure","rows":1,"sample":5,"src_nb":[4,3145728,3145728,3145728],"src_ne":[786432,1,1,1],"wall_us":557.708,"width":786432}
M5_COPY_CALL {"copy_bytes":3145728,"dst_nb":[4,3145728,3145728,3145728],"dst_ne":[786432,1,1,1],"layout":"contiguous","phase":"measure","rows":1,"sample":6,"src_nb":[4,3145728,3145728,3145728],"src_ne":[786432,1,1,1],"width":786432}
M5_PROFILE {"context":"1056357a0","graph":10,"cb":1,"original_nodes":3,"gpu_start_s":246342.456611000,"gpu_end_s":246342.456827792,"gpu_ms":0.216792,"valid":true,"completed":true,"op_counts":{"CPY":1,"VIEW":2}}
M5_COPY_RETURN {"copy_bytes":3145728,"dst_nb":[4,3145728,3145728,3145728],"dst_ne":[786432,1,1,1],"layout":"contiguous","phase":"measure","rows":1,"sample":6,"src_nb":[4,3145728,3145728,3145728],"src_ne":[786432,1,1,1],"wall_us":474.791,"width":786432}
M5_COPY_CALL {"copy_bytes":3145728,"dst_nb":[4,3145728,3145728,3145728],"dst_ne":[786432,1,1,1],"layout":"contiguous","phase":"measure","rows":1,"sample":7,"src_nb":[4,3145728,3145728,3145728],"src_ne":[786432,1,1,1],"width":786432}
M5_PROFILE {"context":"1056357a0","graph":11,"cb":1,"original_nodes":3,"gpu_start_s":246342.457053000,"gpu_end_s":246342.457269875,"gpu_ms":0.216875,"valid":true,"completed":true,"op_counts":{"CPY":1,"VIEW":2}}
M5_COPY_RETURN {"copy_bytes":3145728,"dst_nb":[4,3145728,3145728,3145728],"dst_ne":[786432,1,1,1],"layout":"contiguous","phase":"measure","rows":1,"sample":7,"src_nb":[4,3145728,3145728,3145728],"src_ne":[786432,1,1,1],"wall_us":423.167,"width":786432}
M5_COPY_CALL {"copy_bytes":3145728,"dst_nb":[4,3145728,3145728,3145728],"dst_ne":[786432,1,1,1],"layout":"contiguous","phase":"measure","rows":1,"sample":8,"src_nb":[4,3145728,3145728,3145728],"src_ne":[786432,1,1,1],"width":786432}
M5_PROFILE {"context":"1056357a0","graph":12,"cb":1,"original_nodes":3,"gpu_start_s":246342.457459750,"gpu_end_s":246342.457676667,"gpu_ms":0.216917,"valid":true,"completed":true,"op_counts":{"CPY":1,"VIEW":2}}
M5_COPY_RETURN {"copy_bytes":3145728,"dst_nb":[4,3145728,3145728,3145728],"dst_ne":[786432,1,1,1],"layout":"contiguous","phase":"measure","rows":1,"sample":8,"src_nb":[4,3145728,3145728,3145728],"src_ne":[786432,1,1,1],"wall_us":409.708,"width":786432}
M5_COPY_CALL {"copy_bytes":3145728,"dst_nb":[4,3145728,3145728,3145728],"dst_ne":[786432,1,1,1],"layout":"contiguous","phase":"measure","rows":1,"sample":9,"src_nb":[4,3145728,3145728,3145728],"src_ne":[786432,1,1,1],"width":786432}
M5_PROFILE {"context":"1056357a0","graph":13,"cb":1,"original_nodes":3,"gpu_start_s":246342.457900125,"gpu_end_s":246342.458117000,"gpu_ms":0.216875,"valid":true,"completed":true,"op_counts":{"CPY":1,"VIEW":2}}
M5_COPY_RETURN {"copy_bytes":3145728,"dst_nb":[4,3145728,3145728,3145728],"dst_ne":[786432,1,1,1],"layout":"contiguous","phase":"measure","rows":1,"sample":9,"src_nb":[4,3145728,3145728,3145728],"src_ne":[786432,1,1,1],"wall_us":437.708,"width":786432}
M5_COPY_CALL {"copy_bytes":3145728,"dst_nb":[4,3145728,3145728,3145728],"dst_ne":[786432,1,1,1],"layout":"contiguous","phase":"measure","rows":1,"sample":10,"src_nb":[4,3145728,3145728,3145728],"src_ne":[786432,1,1,1],"width":786432}
M5_PROFILE {"context":"1056357a0","graph":14,"cb":1,"original_nodes":3,"gpu_start_s":246342.458350125,"gpu_end_s":246342.458567167,"gpu_ms":0.217042,"valid":true,"completed":true,"op_counts":{"CPY":1,"VIEW":2}}
M5_COPY_RETURN {"copy_bytes":3145728,"dst_nb":[4,3145728,3145728,3145728],"dst_ne":[786432,1,1,1],"layout":"contiguous","phase":"measure","rows":1,"sample":10,"src_nb":[4,3145728,3145728,3145728],"src_ne":[786432,1,1,1],"wall_us":430.167,"width":786432}
M5_COPY_CALL {"copy_bytes":3145728,"dst_nb":[4,3145728,3145728,3145728],"dst_ne":[786432,1,1,1],"layout":"contiguous","phase":"measure","rows":1,"sample":11,"src_nb":[4,3145728,3145728,3145728],"src_ne":[786432,1,1,1],"width":786432}
M5_PROFILE {"context":"1056357a0","graph":15,"cb":1,"original_nodes":3,"gpu_start_s":246342.458764250,"gpu_end_s":246342.458981250,"gpu_ms":0.217000,"valid":true,"completed":true,"op_counts":{"CPY":1,"VIEW":2}}
M5_COPY_RETURN {"copy_bytes":3145728,"dst_nb":[4,3145728,3145728,3145728],"dst_ne":[786432,1,1,1],"layout":"contiguous","phase":"measure","rows":1,"sample":11,"src_nb":[4,3145728,3145728,3145728],"src_ne":[786432,1,1,1],"wall_us":439.917,"width":786432}
M5_COPY_CALL {"copy_bytes":3145728,"dst_nb":[4,3145728,3145728,3145728],"dst_ne":[786432,1,1,1],"layout":"contiguous","phase":"measure","rows":1,"sample":12,"src_nb":[4,3145728,3145728,3145728],"src_ne":[786432,1,1,1],"width":786432}
M5_PROFILE {"context":"1056357a0","graph":16,"cb":1,"original_nodes":3,"gpu_start_s":246342.459218500,"gpu_end_s":246342.459435417,"gpu_ms":0.216917,"valid":true,"completed":true,"op_counts":{"CPY":1,"VIEW":2}}
M5_COPY_RETURN {"copy_bytes":3145728,"dst_nb":[4,3145728,3145728,3145728],"dst_ne":[786432,1,1,1],"layout":"contiguous","phase":"measure","rows":1,"sample":12,"src_nb":[4,3145728,3145728,3145728],"src_ne":[786432,1,1,1],"wall_us":434.916,"width":786432}
M5_COPY_CALL {"copy_bytes":3145728,"dst_nb":[4,3145728,3145728,3145728],"dst_ne":[786432,1,1,1],"layout":"contiguous","phase":"measure","rows":1,"sample":13,"src_nb":[4,3145728,3145728,3145728],"src_ne":[786432,1,1,1],"width":786432}
M5_PROFILE {"context":"1056357a0","graph":17,"cb":1,"original_nodes":3,"gpu_start_s":246342.459723250,"gpu_end_s":246342.459939750,"gpu_ms":0.216500,"valid":true,"completed":true,"op_counts":{"CPY":1,"VIEW":2}}
M5_COPY_RETURN {"copy_bytes":3145728,"dst_nb":[4,3145728,3145728,3145728],"dst_ne":[786432,1,1,1],"layout":"contiguous","phase":"measure","rows":1,"sample":13,"src_nb":[4,3145728,3145728,3145728],"src_ne":[786432,1,1,1],"wall_us":491.834,"width":786432}
M5_COPY_CALL {"copy_bytes":3145728,"dst_nb":[4,3145728,3145728,3145728],"dst_ne":[786432,1,1,1],"layout":"contiguous","phase":"measure","rows":1,"sample":14,"src_nb":[4,3145728,3145728,3145728],"src_ne":[786432,1,1,1],"width":786432}
M5_PROFILE {"context":"1056357a0","graph":18,"cb":1,"original_nodes":3,"gpu_start_s":246342.460201250,"gpu_end_s":246342.460418250,"gpu_ms":0.217000,"valid":true,"completed":true,"op_counts":{"CPY":1,"VIEW":2}}
M5_COPY_RETURN {"copy_bytes":3145728,"dst_nb":[4,3145728,3145728,3145728],"dst_ne":[786432,1,1,1],"layout":"contiguous","phase":"measure","rows":1,"sample":14,"src_nb":[4,3145728,3145728,3145728],"src_ne":[786432,1,1,1],"wall_us":444.75,"width":786432}
M5_COPY_CALL {"copy_bytes":3145728,"dst_nb":[4,3145728,3145728,3145728],"dst_ne":[786432,1,1,1],"layout":"contiguous","phase":"measure","rows":1,"sample":15,"src_nb":[4,3145728,3145728,3145728],"src_ne":[786432,1,1,1],"width":786432}
M5_PROFILE {"context":"1056357a0","graph":19,"cb":1,"original_nodes":3,"gpu_start_s":246342.460630250,"gpu_end_s":246342.460847417,"gpu_ms":0.217167,"valid":true,"completed":true,"op_counts":{"CPY":1,"VIEW":2}}
M5_COPY_RETURN {"copy_bytes":3145728,"dst_nb":[4,3145728,3145728,3145728],"dst_ne":[786432,1,1,1],"layout":"contiguous","phase":"measure","rows":1,"sample":15,"src_nb":[4,3145728,3145728,3145728],"src_ne":[786432,1,1,1],"wall_us":413.834,"width":786432}
M5_COPY_CALL {"copy_bytes":3145728,"dst_nb":[4,3145728,3145728,3145728],"dst_ne":[786432,1,1,1],"layout":"contiguous","phase":"measure","rows":1,"sample":16,"src_nb":[4,3145728,3145728,3145728],"src_ne":[786432,1,1,1],"width":786432}
M5_PROFILE {"context":"1056357a0","graph":20,"cb":1,"original_nodes":3,"gpu_start_s":246342.461042542,"gpu_end_s":246342.461259542,"gpu_ms":0.217000,"valid":true,"completed":true,"op_counts":{"CPY":1,"VIEW":2}}
M5_COPY_RETURN {"copy_bytes":3145728,"dst_nb":[4,3145728,3145728,3145728],"dst_ne":[786432,1,1,1],"layout":"contiguous","phase":"measure","rows":1,"sample":16,"src_nb":[4,3145728,3145728,3145728],"src_ne":[786432,1,1,1],"wall_us":427.0,"width":786432}
M5_COPY_CALL {"copy_bytes":3145728,"dst_nb":[4,3145728,3145728,3145728],"dst_ne":[786432,1,1,1],"layout":"contiguous","phase":"measure","rows":1,"sample":17,"src_nb":[4,3145728,3145728,3145728],"src_ne":[786432,1,1,1],"width":786432}
M5_PROFILE {"context":"1056357a0","graph":21,"cb":1,"original_nodes":3,"gpu_start_s":246342.461550792,"gpu_end_s":246342.461767625,"gpu_ms":0.216833,"valid":true,"completed":true,"op_counts":{"CPY":1,"VIEW":2}}
M5_COPY_RETURN {"copy_bytes":3145728,"dst_nb":[4,3145728,3145728,3145728],"dst_ne":[786432,1,1,1],"layout":"contiguous","phase":"measure","rows":1,"sample":17,"src_nb":[4,3145728,3145728,3145728],"src_ne":[786432,1,1,1],"wall_us":479.75,"width":786432}
M5_COPY_CALL {"copy_bytes":3145728,"dst_nb":[4,3145728,3145728,3145728],"dst_ne":[786432,1,1,1],"layout":"contiguous","phase":"measure","rows":1,"sample":18,"src_nb":[4,3145728,3145728,3145728],"src_ne":[786432,1,1,1],"width":786432}
M5_PROFILE {"context":"1056357a0","graph":22,"cb":1,"original_nodes":3,"gpu_start_s":246342.461952000,"gpu_end_s":246342.462168792,"gpu_ms":0.216792,"valid":true,"completed":true,"op_counts":{"CPY":1,"VIEW":2}}
M5_COPY_RETURN {"copy_bytes":3145728,"dst_nb":[4,3145728,3145728,3145728],"dst_ne":[786432,1,1,1],"layout":"contiguous","phase":"measure","rows":1,"sample":18,"src_nb":[4,3145728,3145728,3145728],"src_ne":[786432,1,1,1],"wall_us":404.583,"width":786432}
M5_COPY_CALL {"copy_bytes":3145728,"dst_nb":[4,3145728,3145728,3145728],"dst_ne":[786432,1,1,1],"layout":"contiguous","phase":"measure","rows":1,"sample":19,"src_nb":[4,3145728,3145728,3145728],"src_ne":[786432,1,1,1],"width":786432}
M5_PROFILE {"context":"1056357a0","graph":23,"cb":1,"original_nodes":3,"gpu_start_s":246342.462393667,"gpu_end_s":246342.462610667,"gpu_ms":0.217000,"valid":true,"completed":true,"op_counts":{"CPY":1,"VIEW":2}}
M5_COPY_RETURN {"copy_bytes":3145728,"dst_nb":[4,3145728,3145728,3145728],"dst_ne":[786432,1,1,1],"layout":"contiguous","phase":"measure","rows":1,"sample":19,"src_nb":[4,3145728,3145728,3145728],"src_ne":[786432,1,1,1],"wall_us":439.667,"width":786432}
M5_COPY_CALL {"copy_bytes":3145728,"dst_nb":[4,3145728,3145728,3145728],"dst_ne":[786432,1,1,1],"layout":"contiguous","phase":"measure","rows":1,"sample":20,"src_nb":[4,3145728,3145728,3145728],"src_ne":[786432,1,1,1],"width":786432}
M5_PROFILE {"context":"1056357a0","graph":24,"cb":1,"original_nodes":3,"gpu_start_s":246342.462850125,"gpu_end_s":246342.463067042,"gpu_ms":0.216917,"valid":true,"completed":true,"op_counts":{"CPY":1,"VIEW":2}}
M5_COPY_RETURN {"copy_bytes":3145728,"dst_nb":[4,3145728,3145728,3145728],"dst_ne":[786432,1,1,1],"layout":"contiguous","phase":"measure","rows":1,"sample":20,"src_nb":[4,3145728,3145728,3145728],"src_ne":[786432,1,1,1],"wall_us":435.75,"width":786432}
M5_COPY_CALL {"copy_bytes":3145728,"dst_nb":[4,3145728,3145728,3145728],"dst_ne":[786432,1,1,1],"layout":"contiguous","phase":"measure","rows":1,"sample":21,"src_nb":[4,3145728,3145728,3145728],"src_ne":[786432,1,1,1],"width":786432}
M5_PROFILE {"context":"1056357a0","graph":25,"cb":1,"original_nodes":3,"gpu_start_s":246342.463310542,"gpu_end_s":246342.463527375,"gpu_ms":0.216833,"valid":true,"completed":true,"op_counts":{"CPY":1,"VIEW":2}}
M5_COPY_RETURN {"copy_bytes":3145728,"dst_nb":[4,3145728,3145728,3145728],"dst_ne":[786432,1,1,1],"layout":"contiguous","phase":"measure","rows":1,"sample":21,"src_nb":[4,3145728,3145728,3145728],"src_ne":[786432,1,1,1],"wall_us":450.0,"width":786432}
M5_COPY_CALL {"copy_bytes":3145728,"dst_nb":[4,3145728,3145728,3145728],"dst_ne":[786432,1,1,1],"layout":"contiguous","phase":"measure","rows":1,"sample":22,"src_nb":[4,3145728,3145728,3145728],"src_ne":[786432,1,1,1],"width":786432}
M5_PROFILE {"context":"1056357a0","graph":26,"cb":1,"original_nodes":3,"gpu_start_s":246342.463742375,"gpu_end_s":246342.463959167,"gpu_ms":0.216792,"valid":true,"completed":true,"op_counts":{"CPY":1,"VIEW":2}}
M5_COPY_RETURN {"copy_bytes":3145728,"dst_nb":[4,3145728,3145728,3145728],"dst_ne":[786432,1,1,1],"layout":"contiguous","phase":"measure","rows":1,"sample":22,"src_nb":[4,3145728,3145728,3145728],"src_ne":[786432,1,1,1],"wall_us":434.917,"width":786432}
M5_COPY_CALL {"copy_bytes":3145728,"dst_nb":[4,3145728,3145728,3145728],"dst_ne":[786432,1,1,1],"layout":"contiguous","phase":"measure","rows":1,"sample":23,"src_nb":[4,3145728,3145728,3145728],"src_ne":[786432,1,1,1],"width":786432}
M5_PROFILE {"context":"1056357a0","graph":27,"cb":1,"original_nodes":3,"gpu_start_s":246342.464183125,"gpu_end_s":246342.464393000,"gpu_ms":0.209875,"valid":true,"completed":true,"op_counts":{"CPY":1,"VIEW":2}}
M5_COPY_RETURN {"copy_bytes":3145728,"dst_nb":[4,3145728,3145728,3145728],"dst_ne":[786432,1,1,1],"layout":"contiguous","phase":"measure","rows":1,"sample":23,"src_nb":[4,3145728,3145728,3145728],"src_ne":[786432,1,1,1],"wall_us":400.583,"width":786432}
M5_COPY_CALL {"copy_bytes":3145728,"dst_nb":[4,3145728,3145728,3145728],"dst_ne":[786432,1,1,1],"layout":"contiguous","phase":"measure","rows":1,"sample":24,"src_nb":[4,3145728,3145728,3145728],"src_ne":[786432,1,1,1],"width":786432}
M5_PROFILE {"context":"1056357a0","graph":28,"cb":1,"original_nodes":3,"gpu_start_s":246342.464633500,"gpu_end_s":246342.464784500,"gpu_ms":0.151000,"valid":true,"completed":true,"op_counts":{"CPY":1,"VIEW":2}}
M5_COPY_RETURN {"copy_bytes":3145728,"dst_nb":[4,3145728,3145728,3145728],"dst_ne":[786432,1,1,1],"layout":"contiguous","phase":"measure","rows":1,"sample":24,"src_nb":[4,3145728,3145728,3145728],"src_ne":[786432,1,1,1],"wall_us":373.875,"width":786432}
M5_COPY_CALL {"copy_bytes":3145728,"dst_nb":[4,3145728,3145728,3145728],"dst_ne":[786432,1,1,1],"layout":"contiguous","phase":"measure","rows":1,"sample":25,"src_nb":[4,3145728,3145728,3145728],"src_ne":[786432,1,1,1],"width":786432}
M5_PROFILE {"context":"1056357a0","graph":29,"cb":1,"original_nodes":3,"gpu_start_s":246342.464970125,"gpu_end_s":246342.465121000,"gpu_ms":0.150875,"valid":true,"completed":true,"op_counts":{"CPY":1,"VIEW":2}}
M5_COPY_RETURN {"copy_bytes":3145728,"dst_nb":[4,3145728,3145728,3145728],"dst_ne":[786432,1,1,1],"layout":"contiguous","phase":"measure","rows":1,"sample":25,"src_nb":[4,3145728,3145728,3145728],"src_ne":[786432,1,1,1],"wall_us":327.958,"width":786432}
M5_COPY_CALL {"copy_bytes":3145728,"dst_nb":[4,3145728,3145728,3145728],"dst_ne":[786432,1,1,1],"layout":"contiguous","phase":"measure","rows":1,"sample":26,"src_nb":[4,3145728,3145728,3145728],"src_ne":[786432,1,1,1],"width":786432}
M5_PROFILE {"context":"1056357a0","graph":30,"cb":1,"original_nodes":3,"gpu_start_s":246342.465301417,"gpu_end_s":246342.465452375,"gpu_ms":0.150958,"valid":true,"completed":true,"op_counts":{"CPY":1,"VIEW":2}}
M5_COPY_RETURN {"copy_bytes":3145728,"dst_nb":[4,3145728,3145728,3145728],"dst_ne":[786432,1,1,1],"layout":"contiguous","phase":"measure","rows":1,"sample":26,"src_nb":[4,3145728,3145728,3145728],"src_ne":[786432,1,1,1],"wall_us":324.292,"width":786432}
M5_COPY_CALL {"copy_bytes":3145728,"dst_nb":[4,3145728,3145728,3145728],"dst_ne":[786432,1,1,1],"layout":"contiguous","phase":"measure","rows":1,"sample":27,"src_nb":[4,3145728,3145728,3145728],"src_ne":[786432,1,1,1],"width":786432}
M5_PROFILE {"context":"1056357a0","graph":31,"cb":1,"original_nodes":3,"gpu_start_s":246342.465699500,"gpu_end_s":246342.465850375,"gpu_ms":0.150875,"valid":true,"completed":true,"op_counts":{"CPY":1,"VIEW":2}}
M5_COPY_RETURN {"copy_bytes":3145728,"dst_nb":[4,3145728,3145728,3145728],"dst_ne":[786432,1,1,1],"layout":"contiguous","phase":"measure","rows":1,"sample":27,"src_nb":[4,3145728,3145728,3145728],"src_ne":[786432,1,1,1],"wall_us":389.042,"width":786432}
M5_COPY_CALL {"copy_bytes":3145728,"dst_nb":[4,3145728,3145728,3145728],"dst_ne":[786432,1,1,1],"layout":"contiguous","phase":"measure","rows":1,"sample":28,"src_nb":[4,3145728,3145728,3145728],"src_ne":[786432,1,1,1],"width":786432}
M5_PROFILE {"context":"1056357a0","graph":32,"cb":1,"original_nodes":3,"gpu_start_s":246342.466031125,"gpu_end_s":246342.466182250,"gpu_ms":0.151125,"valid":true,"completed":true,"op_counts":{"CPY":1,"VIEW":2}}
M5_COPY_RETURN {"copy_bytes":3145728,"dst_nb":[4,3145728,3145728,3145728],"dst_ne":[786432,1,1,1],"layout":"contiguous","phase":"measure","rows":1,"sample":28,"src_nb":[4,3145728,3145728,3145728],"src_ne":[786432,1,1,1],"wall_us":323.958,"width":786432}
M5_COPY_CALL {"copy_bytes":3145728,"dst_nb":[4,3145728,3145728,3145728],"dst_ne":[786432,1,1,1],"layout":"contiguous","phase":"measure","rows":1,"sample":29,"src_nb":[4,3145728,3145728,3145728],"src_ne":[786432,1,1,1],"width":786432}
M5_PROFILE {"context":"1056357a0","graph":33,"cb":1,"original_nodes":3,"gpu_start_s":246342.466355625,"gpu_end_s":246342.466506667,"gpu_ms":0.151042,"valid":true,"completed":true,"op_counts":{"CPY":1,"VIEW":2}}
M5_COPY_RETURN {"copy_bytes":3145728,"dst_nb":[4,3145728,3145728,3145728],"dst_ne":[786432,1,1,1],"layout":"contiguous","phase":"measure","rows":1,"sample":29,"src_nb":[4,3145728,3145728,3145728],"src_ne":[786432,1,1,1],"wall_us":314.709,"width":786432}
M5_COPY_CALL {"copy_bytes":3145728,"dst_nb":[4,3145728,3145728,3145728],"dst_ne":[786432,1,1,1],"layout":"contiguous","phase":"measure","rows":1,"sample":30,"src_nb":[4,3145728,3145728,3145728],"src_ne":[786432,1,1,1],"width":786432}
M5_PROFILE {"context":"1056357a0","graph":34,"cb":1,"original_nodes":3,"gpu_start_s":246342.466738500,"gpu_end_s":246342.466889417,"gpu_ms":0.150917,"valid":true,"completed":true,"op_counts":{"CPY":1,"VIEW":2}}
M5_COPY_RETURN {"copy_bytes":3145728,"dst_nb":[4,3145728,3145728,3145728],"dst_ne":[786432,1,1,1],"layout":"contiguous","phase":"measure","rows":1,"sample":30,"src_nb":[4,3145728,3145728,3145728],"src_ne":[786432,1,1,1],"wall_us":372.792,"width":786432}
M5_COPY_CALL {"copy_bytes":3145728,"dst_nb":[4,3145728,3145728,3145728],"dst_ne":[786432,1,1,1],"layout":"contiguous","phase":"measure","rows":1,"sample":31,"src_nb":[4,3145728,3145728,3145728],"src_ne":[786432,1,1,1],"width":786432}
M5_PROFILE {"context":"1056357a0","graph":35,"cb":1,"original_nodes":3,"gpu_start_s":246342.467067750,"gpu_end_s":246342.467218875,"gpu_ms":0.151125,"valid":true,"completed":true,"op_counts":{"CPY":1,"VIEW":2}}
M5_COPY_RETURN {"copy_bytes":3145728,"dst_nb":[4,3145728,3145728,3145728],"dst_ne":[786432,1,1,1],"layout":"contiguous","phase":"measure","rows":1,"sample":31,"src_nb":[4,3145728,3145728,3145728],"src_ne":[786432,1,1,1],"wall_us":328.084,"width":786432}
M5_COPY_CALL {"copy_bytes":3145728,"dst_nb":[4,3145728,3145728,3145728],"dst_ne":[786432,1,1,1],"layout":"contiguous","phase":"measure","rows":1,"sample":32,"src_nb":[4,3145728,3145728,3145728],"src_ne":[786432,1,1,1],"width":786432}
M5_PROFILE {"context":"1056357a0","graph":36,"cb":1,"original_nodes":3,"gpu_start_s":246342.467395417,"gpu_end_s":246342.467546500,"gpu_ms":0.151083,"valid":true,"completed":true,"op_counts":{"CPY":1,"VIEW":2}}
M5_COPY_RETURN {"copy_bytes":3145728,"dst_nb":[4,3145728,3145728,3145728],"dst_ne":[786432,1,1,1],"layout":"contiguous","phase":"measure","rows":1,"sample":32,"src_nb":[4,3145728,3145728,3145728],"src_ne":[786432,1,1,1],"wall_us":315.291,"width":786432}
M5_COPY_CALL {"copy_bytes":3145728,"dst_nb":[4,3145728,3145728,3145728],"dst_ne":[786432,1,1,1],"layout":"contiguous","phase":"measure","rows":1,"sample":33,"src_nb":[4,3145728,3145728,3145728],"src_ne":[786432,1,1,1],"width":786432}
M5_PROFILE {"context":"1056357a0","graph":37,"cb":1,"original_nodes":3,"gpu_start_s":246342.467783125,"gpu_end_s":246342.467934042,"gpu_ms":0.150917,"valid":true,"completed":true,"op_counts":{"CPY":1,"VIEW":2}}
M5_COPY_RETURN {"copy_bytes":3145728,"dst_nb":[4,3145728,3145728,3145728],"dst_ne":[786432,1,1,1],"layout":"contiguous","phase":"measure","rows":1,"sample":33,"src_nb":[4,3145728,3145728,3145728],"src_ne":[786432,1,1,1],"wall_us":387.5,"width":786432}
M5_COPY_CALL {"copy_bytes":3145728,"dst_nb":[4,3145728,3145728,3145728],"dst_ne":[786432,1,1,1],"layout":"contiguous","phase":"measure","rows":1,"sample":34,"src_nb":[4,3145728,3145728,3145728],"src_ne":[786432,1,1,1],"width":786432}
M5_PROFILE {"context":"1056357a0","graph":38,"cb":1,"original_nodes":3,"gpu_start_s":246342.468110000,"gpu_end_s":246342.468261042,"gpu_ms":0.151042,"valid":true,"completed":true,"op_counts":{"CPY":1,"VIEW":2}}
M5_COPY_RETURN {"copy_bytes":3145728,"dst_nb":[4,3145728,3145728,3145728],"dst_ne":[786432,1,1,1],"layout":"contiguous","phase":"measure","rows":1,"sample":34,"src_nb":[4,3145728,3145728,3145728],"src_ne":[786432,1,1,1],"wall_us":316.542,"width":786432}
M5_COPY_CALL {"copy_bytes":3145728,"dst_nb":[4,3145728,3145728,3145728],"dst_ne":[786432,1,1,1],"layout":"contiguous","phase":"measure","rows":1,"sample":35,"src_nb":[4,3145728,3145728,3145728],"src_ne":[786432,1,1,1],"width":786432}
M5_PROFILE {"context":"1056357a0","graph":39,"cb":1,"original_nodes":3,"gpu_start_s":246342.468453250,"gpu_end_s":246342.468604417,"gpu_ms":0.151167,"valid":true,"completed":true,"op_counts":{"CPY":1,"VIEW":2}}
M5_COPY_RETURN {"copy_bytes":3145728,"dst_nb":[4,3145728,3145728,3145728],"dst_ne":[786432,1,1,1],"layout":"contiguous","phase":"measure","rows":1,"sample":35,"src_nb":[4,3145728,3145728,3145728],"src_ne":[786432,1,1,1],"wall_us":319.416,"width":786432}
M5_COPY_CALL {"copy_bytes":3145728,"dst_nb":[4,3145728,3145728,3145728],"dst_ne":[786432,1,1,1],"layout":"contiguous","phase":"measure","rows":1,"sample":36,"src_nb":[4,3145728,3145728,3145728],"src_ne":[786432,1,1,1],"width":786432}
M5_PROFILE {"context":"1056357a0","graph":40,"cb":1,"original_nodes":3,"gpu_start_s":246342.468833625,"gpu_end_s":246342.468984625,"gpu_ms":0.151000,"valid":true,"completed":true,"op_counts":{"CPY":1,"VIEW":2}}
M5_COPY_RETURN {"copy_bytes":3145728,"dst_nb":[4,3145728,3145728,3145728],"dst_ne":[786432,1,1,1],"layout":"contiguous","phase":"measure","rows":1,"sample":36,"src_nb":[4,3145728,3145728,3145728],"src_ne":[786432,1,1,1],"wall_us":378.75,"width":786432}
M5_COPY_CALL {"copy_bytes":3145728,"dst_nb":[4,3145728,3145728,3145728],"dst_ne":[786432,1,1,1],"layout":"contiguous","phase":"measure","rows":1,"sample":37,"src_nb":[4,3145728,3145728,3145728],"src_ne":[786432,1,1,1],"width":786432}
M5_PROFILE {"context":"1056357a0","graph":41,"cb":1,"original_nodes":3,"gpu_start_s":246342.469163125,"gpu_end_s":246342.469314125,"gpu_ms":0.151000,"valid":true,"completed":true,"op_counts":{"CPY":1,"VIEW":2}}
M5_COPY_RETURN {"copy_bytes":3145728,"dst_nb":[4,3145728,3145728,3145728],"dst_ne":[786432,1,1,1],"layout":"contiguous","phase":"measure","rows":1,"sample":37,"src_nb":[4,3145728,3145728,3145728],"src_ne":[786432,1,1,1],"wall_us":325.625,"width":786432}
M5_COPY_CALL {"copy_bytes":3145728,"dst_nb":[4,3145728,3145728,3145728],"dst_ne":[786432,1,1,1],"layout":"contiguous","phase":"measure","rows":1,"sample":38,"src_nb":[4,3145728,3145728,3145728],"src_ne":[786432,1,1,1],"width":786432}
M5_PROFILE {"context":"1056357a0","graph":42,"cb":1,"original_nodes":3,"gpu_start_s":246342.469504750,"gpu_end_s":246342.469655750,"gpu_ms":0.151000,"valid":true,"completed":true,"op_counts":{"CPY":1,"VIEW":2}}
M5_COPY_RETURN {"copy_bytes":3145728,"dst_nb":[4,3145728,3145728,3145728],"dst_ne":[786432,1,1,1],"layout":"contiguous","phase":"measure","rows":1,"sample":38,"src_nb":[4,3145728,3145728,3145728],"src_ne":[786432,1,1,1],"wall_us":324.333,"width":786432}
M5_COPY_CALL {"copy_bytes":3145728,"dst_nb":[4,3145728,3145728,3145728],"dst_ne":[786432,1,1,1],"layout":"contiguous","phase":"measure","rows":1,"sample":39,"src_nb":[4,3145728,3145728,3145728],"src_ne":[786432,1,1,1],"width":786432}
M5_PROFILE {"context":"1056357a0","graph":43,"cb":1,"original_nodes":3,"gpu_start_s":246342.469928542,"gpu_end_s":246342.470044375,"gpu_ms":0.115833,"valid":true,"completed":true,"op_counts":{"CPY":1,"VIEW":2}}
M5_COPY_RETURN {"copy_bytes":3145728,"dst_nb":[4,3145728,3145728,3145728],"dst_ne":[786432,1,1,1],"layout":"contiguous","phase":"measure","rows":1,"sample":39,"src_nb":[4,3145728,3145728,3145728],"src_ne":[786432,1,1,1],"wall_us":383.0,"width":786432}
M5_COPY_PASS {"copy_bytes":3145728,"dst_nb":[4,3145728,3145728,3145728],"dst_ne":[786432,1,1,1],"layout":"contiguous","rows":1,"src_nb":[4,3145728,3145728,3145728],"src_ne":[786432,1,1,1],"width":786432}
M5_COPY_CALL {"copy_bytes":3145728,"dst_nb":[4,3145728,18874368,18874368],"dst_ne":[786432,1,1,1],"layout":"strided","phase":"warmup","rows":1,"sample":-3,"src_nb":[4,3145728,3145744,3145744],"src_ne":[786432,1,1,1],"width":786432}
M5_PROFILE {"context":"1056357a0","graph":44,"cb":1,"original_nodes":3,"gpu_start_s":246342.475727625,"gpu_end_s":246342.475882500,"gpu_ms":0.154875,"valid":true,"completed":true,"op_counts":{"CPY":1,"VIEW":2}}
M5_COPY_RETURN {"copy_bytes":3145728,"dst_nb":[4,3145728,18874368,18874368],"dst_ne":[786432,1,1,1],"layout":"strided","phase":"warmup","rows":1,"sample":-3,"src_nb":[4,3145728,3145744,3145744],"src_ne":[786432,1,1,1],"wall_us":1067.75,"width":786432}
M5_COPY_CALL {"copy_bytes":3145728,"dst_nb":[4,3145728,18874368,18874368],"dst_ne":[786432,1,1,1],"layout":"strided","phase":"warmup","rows":1,"sample":-2,"src_nb":[4,3145728,3145744,3145744],"src_ne":[786432,1,1,1],"width":786432}
M5_PROFILE {"context":"1056357a0","graph":45,"cb":1,"original_nodes":3,"gpu_start_s":246342.476181042,"gpu_end_s":246342.476332417,"gpu_ms":0.151375,"valid":true,"completed":true,"op_counts":{"CPY":1,"VIEW":2}}
M5_COPY_RETURN {"copy_bytes":3145728,"dst_nb":[4,3145728,18874368,18874368],"dst_ne":[786432,1,1,1],"layout":"strided","phase":"warmup","rows":1,"sample":-2,"src_nb":[4,3145728,3145744,3145744],"src_ne":[786432,1,1,1],"wall_us":346.959,"width":786432}
M5_COPY_CALL {"copy_bytes":3145728,"dst_nb":[4,3145728,18874368,18874368],"dst_ne":[786432,1,1,1],"layout":"strided","phase":"warmup","rows":1,"sample":-1,"src_nb":[4,3145728,3145744,3145744],"src_ne":[786432,1,1,1],"width":786432}
M5_PROFILE {"context":"1056357a0","graph":46,"cb":1,"original_nodes":3,"gpu_start_s":246342.476523125,"gpu_end_s":246342.476674042,"gpu_ms":0.150917,"valid":true,"completed":true,"op_counts":{"CPY":1,"VIEW":2}}
M5_COPY_RETURN {"copy_bytes":3145728,"dst_nb":[4,3145728,18874368,18874368],"dst_ne":[786432,1,1,1],"layout":"strided","phase":"warmup","rows":1,"sample":-1,"src_nb":[4,3145728,3145744,3145744],"src_ne":[786432,1,1,1],"wall_us":334.541,"width":786432}
M5_COPY_CALL {"copy_bytes":3145728,"dst_nb":[4,3145728,18874368,18874368],"dst_ne":[786432,1,1,1],"layout":"strided","phase":"measure","rows":1,"sample":0,"src_nb":[4,3145728,3145744,3145744],"src_ne":[786432,1,1,1],"width":786432}
M5_PROFILE {"context":"1056357a0","graph":47,"cb":1,"original_nodes":3,"gpu_start_s":246342.476921417,"gpu_end_s":246342.477072375,"gpu_ms":0.150958,"valid":true,"completed":true,"op_counts":{"CPY":1,"VIEW":2}}
M5_COPY_RETURN {"copy_bytes":3145728,"dst_nb":[4,3145728,18874368,18874368],"dst_ne":[786432,1,1,1],"layout":"strided","phase":"measure","rows":1,"sample":0,"src_nb":[4,3145728,3145744,3145744],"src_ne":[786432,1,1,1],"wall_us":383.125,"width":786432}
M5_COPY_CALL {"copy_bytes":3145728,"dst_nb":[4,3145728,18874368,18874368],"dst_ne":[786432,1,1,1],"layout":"strided","phase":"measure","rows":1,"sample":1,"src_nb":[4,3145728,3145744,3145744],"src_ne":[786432,1,1,1],"width":786432}
M5_PROFILE {"context":"1056357a0","graph":48,"cb":1,"original_nodes":3,"gpu_start_s":246342.477258250,"gpu_end_s":246342.477409250,"gpu_ms":0.151000,"valid":true,"completed":true,"op_counts":{"CPY":1,"VIEW":2}}
M5_COPY_RETURN {"copy_bytes":3145728,"dst_nb":[4,3145728,18874368,18874368],"dst_ne":[786432,1,1,1],"layout":"strided","phase":"measure","rows":1,"sample":1,"src_nb":[4,3145728,3145744,3145744],"src_ne":[786432,1,1,1],"wall_us":330.333,"width":786432}
M5_COPY_CALL {"copy_bytes":3145728,"dst_nb":[4,3145728,18874368,18874368],"dst_ne":[786432,1,1,1],"layout":"strided","phase":"measure","rows":1,"sample":2,"src_nb":[4,3145728,3145744,3145744],"src_ne":[786432,1,1,1],"width":786432}
M5_PROFILE {"context":"1056357a0","graph":49,"cb":1,"original_nodes":3,"gpu_start_s":246342.477582375,"gpu_end_s":246342.477733542,"gpu_ms":0.151167,"valid":true,"completed":true,"op_counts":{"CPY":1,"VIEW":2}}
M5_COPY_RETURN {"copy_bytes":3145728,"dst_nb":[4,3145728,18874368,18874368],"dst_ne":[786432,1,1,1],"layout":"strided","phase":"measure","rows":1,"sample":2,"src_nb":[4,3145728,3145744,3145744],"src_ne":[786432,1,1,1],"wall_us":308.625,"width":786432}
M5_COPY_CALL {"copy_bytes":3145728,"dst_nb":[4,3145728,18874368,18874368],"dst_ne":[786432,1,1,1],"layout":"strided","phase":"measure","rows":1,"sample":3,"src_nb":[4,3145728,3145744,3145744],"src_ne":[786432,1,1,1],"width":786432}
M5_PROFILE {"context":"1056357a0","graph":50,"cb":1,"original_nodes":3,"gpu_start_s":246342.477949667,"gpu_end_s":246342.478100750,"gpu_ms":0.151083,"valid":true,"completed":true,"op_counts":{"CPY":1,"VIEW":2}}
M5_COPY_RETURN {"copy_bytes":3145728,"dst_nb":[4,3145728,18874368,18874368],"dst_ne":[786432,1,1,1],"layout":"strided","phase":"measure","rows":1,"sample":3,"src_nb":[4,3145728,3145744,3145744],"src_ne":[786432,1,1,1],"wall_us":352.083,"width":786432}
M5_COPY_CALL {"copy_bytes":3145728,"dst_nb":[4,3145728,18874368,18874368],"dst_ne":[786432,1,1,1],"layout":"strided","phase":"measure","rows":1,"sample":4,"src_nb":[4,3145728,3145744,3145744],"src_ne":[786432,1,1,1],"width":786432}
M5_PROFILE {"context":"1056357a0","graph":51,"cb":1,"original_nodes":3,"gpu_start_s":246342.478273625,"gpu_end_s":246342.478414375,"gpu_ms":0.140750,"valid":true,"completed":true,"op_counts":{"CPY":1,"VIEW":2}}
M5_COPY_RETURN {"copy_bytes":3145728,"dst_nb":[4,3145728,18874368,18874368],"dst_ne":[786432,1,1,1],"layout":"strided","phase":"measure","rows":1,"sample":4,"src_nb":[4,3145728,3145744,3145744],"src_ne":[786432,1,1,1],"wall_us":305.292,"width":786432}
M5_COPY_CALL {"copy_bytes":3145728,"dst_nb":[4,3145728,18874368,18874368],"dst_ne":[786432,1,1,1],"layout":"strided","phase":"measure","rows":1,"sample":5,"src_nb":[4,3145728,3145744,3145744],"src_ne":[786432,1,1,1],"width":786432}
M5_PROFILE {"context":"1056357a0","graph":52,"cb":1,"original_nodes":3,"gpu_start_s":246342.478586875,"gpu_end_s":246342.478702292,"gpu_ms":0.115417,"valid":true,"completed":true,"op_counts":{"CPY":1,"VIEW":2}}
M5_COPY_RETURN {"copy_bytes":3145728,"dst_nb":[4,3145728,18874368,18874368],"dst_ne":[786432,1,1,1],"layout":"strided","phase":"measure","rows":1,"sample":5,"src_nb":[4,3145728,3145744,3145744],"src_ne":[786432,1,1,1],"wall_us":281.916,"width":786432}
M5_COPY_CALL {"copy_bytes":3145728,"dst_nb":[4,3145728,18874368,18874368],"dst_ne":[786432,1,1,1],"layout":"strided","phase":"measure","rows":1,"sample":6,"src_nb":[4,3145728,3145744,3145744],"src_ne":[786432,1,1,1],"width":786432}
M5_PROFILE {"context":"1056357a0","graph":53,"cb":1,"original_nodes":3,"gpu_start_s":246342.478874000,"gpu_end_s":246342.478989500,"gpu_ms":0.115500,"valid":true,"completed":true,"op_counts":{"CPY":1,"VIEW":2}}
M5_COPY_RETURN {"copy_bytes":3145728,"dst_nb":[4,3145728,18874368,18874368],"dst_ne":[786432,1,1,1],"layout":"strided","phase":"measure","rows":1,"sample":6,"src_nb":[4,3145728,3145744,3145744],"src_ne":[786432,1,1,1],"wall_us":275.291,"width":786432}
M5_COPY_CALL {"copy_bytes":3145728,"dst_nb":[4,3145728,18874368,18874368],"dst_ne":[786432,1,1,1],"layout":"strided","phase":"measure","rows":1,"sample":7,"src_nb":[4,3145728,3145744,3145744],"src_ne":[786432,1,1,1],"width":786432}
M5_PROFILE {"context":"1056357a0","graph":54,"cb":1,"original_nodes":3,"gpu_start_s":246342.479181417,"gpu_end_s":246342.479297125,"gpu_ms":0.115708,"valid":true,"completed":true,"op_counts":{"CPY":1,"VIEW":2}}
M5_COPY_RETURN {"copy_bytes":3145728,"dst_nb":[4,3145728,18874368,18874368],"dst_ne":[786432,1,1,1],"layout":"strided","phase":"measure","rows":1,"sample":7,"src_nb":[4,3145728,3145744,3145744],"src_ne":[786432,1,1,1],"wall_us":302.042,"width":786432}
M5_COPY_CALL {"copy_bytes":3145728,"dst_nb":[4,3145728,18874368,18874368],"dst_ne":[786432,1,1,1],"layout":"strided","phase":"measure","rows":1,"sample":8,"src_nb":[4,3145728,3145744,3145744],"src_ne":[786432,1,1,1],"width":786432}
M5_PROFILE {"context":"1056357a0","graph":55,"cb":1,"original_nodes":3,"gpu_start_s":246342.479511500,"gpu_end_s":246342.479627167,"gpu_ms":0.115667,"valid":true,"completed":true,"op_counts":{"CPY":1,"VIEW":2}}
M5_COPY_RETURN {"copy_bytes":3145728,"dst_nb":[4,3145728,18874368,18874368],"dst_ne":[786432,1,1,1],"layout":"strided","phase":"measure","rows":1,"sample":8,"src_nb":[4,3145728,3145744,3145744],"src_ne":[786432,1,1,1],"wall_us":313.125,"width":786432}
M5_COPY_CALL {"copy_bytes":3145728,"dst_nb":[4,3145728,18874368,18874368],"dst_ne":[786432,1,1,1],"layout":"strided","phase":"measure","rows":1,"sample":9,"src_nb":[4,3145728,3145744,3145744],"src_ne":[786432,1,1,1],"width":786432}
M5_PROFILE {"context":"1056357a0","graph":56,"cb":1,"original_nodes":3,"gpu_start_s":246342.479808042,"gpu_end_s":246342.479923625,"gpu_ms":0.115583,"valid":true,"completed":true,"op_counts":{"CPY":1,"VIEW":2}}
M5_COPY_RETURN {"copy_bytes":3145728,"dst_nb":[4,3145728,18874368,18874368],"dst_ne":[786432,1,1,1],"layout":"strided","phase":"measure","rows":1,"sample":9,"src_nb":[4,3145728,3145744,3145744],"src_ne":[786432,1,1,1],"wall_us":287.708,"width":786432}
M5_COPY_CALL {"copy_bytes":3145728,"dst_nb":[4,3145728,18874368,18874368],"dst_ne":[786432,1,1,1],"layout":"strided","phase":"measure","rows":1,"sample":10,"src_nb":[4,3145728,3145744,3145744],"src_ne":[786432,1,1,1],"width":786432}
M5_PROFILE {"context":"1056357a0","graph":57,"cb":1,"original_nodes":3,"gpu_start_s":246342.480099500,"gpu_end_s":246342.480215125,"gpu_ms":0.115625,"valid":true,"completed":true,"op_counts":{"CPY":1,"VIEW":2}}
M5_COPY_RETURN {"copy_bytes":3145728,"dst_nb":[4,3145728,18874368,18874368],"dst_ne":[786432,1,1,1],"layout":"strided","phase":"measure","rows":1,"sample":10,"src_nb":[4,3145728,3145744,3145744],"src_ne":[786432,1,1,1],"wall_us":289.375,"width":786432}
M5_COPY_CALL {"copy_bytes":3145728,"dst_nb":[4,3145728,18874368,18874368],"dst_ne":[786432,1,1,1],"layout":"strided","phase":"measure","rows":1,"sample":11,"src_nb":[4,3145728,3145744,3145744],"src_ne":[786432,1,1,1],"width":786432}
M5_PROFILE {"context":"1056357a0","graph":58,"cb":1,"original_nodes":3,"gpu_start_s":246342.480397125,"gpu_end_s":246342.480512792,"gpu_ms":0.115667,"valid":true,"completed":true,"op_counts":{"CPY":1,"VIEW":2}}
M5_COPY_RETURN {"copy_bytes":3145728,"dst_nb":[4,3145728,18874368,18874368],"dst_ne":[786432,1,1,1],"layout":"strided","phase":"measure","rows":1,"sample":11,"src_nb":[4,3145728,3145744,3145744],"src_ne":[786432,1,1,1],"wall_us":289.0,"width":786432}
M5_COPY_CALL {"copy_bytes":3145728,"dst_nb":[4,3145728,18874368,18874368],"dst_ne":[786432,1,1,1],"layout":"strided","phase":"measure","rows":1,"sample":12,"src_nb":[4,3145728,3145744,3145744],"src_ne":[786432,1,1,1],"width":786432}
M5_PROFILE {"context":"1056357a0","graph":59,"cb":1,"original_nodes":3,"gpu_start_s":246342.480702250,"gpu_end_s":246342.480817750,"gpu_ms":0.115500,"valid":true,"completed":true,"op_counts":{"CPY":1,"VIEW":2}}
M5_COPY_RETURN {"copy_bytes":3145728,"dst_nb":[4,3145728,18874368,18874368],"dst_ne":[786432,1,1,1],"layout":"strided","phase":"measure","rows":1,"sample":12,"src_nb":[4,3145728,3145744,3145744],"src_ne":[786432,1,1,1],"wall_us":300.542,"width":786432}
M5_COPY_CALL {"copy_bytes":3145728,"dst_nb":[4,3145728,18874368,18874368],"dst_ne":[786432,1,1,1],"layout":"strided","phase":"measure","rows":1,"sample":13,"src_nb":[4,3145728,3145744,3145744],"src_ne":[786432,1,1,1],"width":786432}
M5_PROFILE {"context":"1056357a0","graph":60,"cb":1,"original_nodes":3,"gpu_start_s":246342.481056667,"gpu_end_s":246342.481172167,"gpu_ms":0.115500,"valid":true,"completed":true,"op_counts":{"CPY":1,"VIEW":2}}
M5_COPY_RETURN {"copy_bytes":3145728,"dst_nb":[4,3145728,18874368,18874368],"dst_ne":[786432,1,1,1],"layout":"strided","phase":"measure","rows":1,"sample":13,"src_nb":[4,3145728,3145744,3145744],"src_ne":[786432,1,1,1],"wall_us":328.833,"width":786432}
M5_COPY_CALL {"copy_bytes":3145728,"dst_nb":[4,3145728,18874368,18874368],"dst_ne":[786432,1,1,1],"layout":"strided","phase":"measure","rows":1,"sample":14,"src_nb":[4,3145728,3145744,3145744],"src_ne":[786432,1,1,1],"width":786432}
M5_PROFILE {"context":"1056357a0","graph":61,"cb":1,"original_nodes":3,"gpu_start_s":246342.481464875,"gpu_end_s":246342.481511542,"gpu_ms":0.046667,"valid":true,"completed":true,"op_counts":{"CPY":1,"VIEW":2}}
M5_COPY_RETURN {"copy_bytes":3145728,"dst_nb":[4,3145728,18874368,18874368],"dst_ne":[786432,1,1,1],"layout":"strided","phase":"measure","rows":1,"sample":14,"src_nb":[4,3145728,3145744,3145744],"src_ne":[786432,1,1,1],"wall_us":331.667,"width":786432}
M5_COPY_CALL {"copy_bytes":3145728,"dst_nb":[4,3145728,18874368,18874368],"dst_ne":[786432,1,1,1],"layout":"strided","phase":"measure","rows":1,"sample":15,"src_nb":[4,3145728,3145744,3145744],"src_ne":[786432,1,1,1],"width":786432}
M5_PROFILE {"context":"1056357a0","graph":62,"cb":1,"original_nodes":3,"gpu_start_s":246342.481687125,"gpu_end_s":246342.481733500,"gpu_ms":0.046375,"valid":true,"completed":true,"op_counts":{"CPY":1,"VIEW":2}}
M5_COPY_RETURN {"copy_bytes":3145728,"dst_nb":[4,3145728,18874368,18874368],"dst_ne":[786432,1,1,1],"layout":"strided","phase":"measure","rows":1,"sample":15,"src_nb":[4,3145728,3145744,3145744],"src_ne":[786432,1,1,1],"wall_us":215.291,"width":786432}
M5_COPY_CALL {"copy_bytes":3145728,"dst_nb":[4,3145728,18874368,18874368],"dst_ne":[786432,1,1,1],"layout":"strided","phase":"measure","rows":1,"sample":16,"src_nb":[4,3145728,3145744,3145744],"src_ne":[786432,1,1,1],"width":786432}
M5_PROFILE {"context":"1056357a0","graph":63,"cb":1,"original_nodes":3,"gpu_start_s":246342.481908375,"gpu_end_s":246342.481954500,"gpu_ms":0.046125,"valid":true,"completed":true,"op_counts":{"CPY":1,"VIEW":2}}
M5_COPY_RETURN {"copy_bytes":3145728,"dst_nb":[4,3145728,18874368,18874368],"dst_ne":[786432,1,1,1],"layout":"strided","phase":"measure","rows":1,"sample":16,"src_nb":[4,3145728,3145744,3145744],"src_ne":[786432,1,1,1],"wall_us":216.792,"width":786432}
M5_COPY_CALL {"copy_bytes":3145728,"dst_nb":[4,3145728,18874368,18874368],"dst_ne":[786432,1,1,1],"layout":"strided","phase":"measure","rows":1,"sample":17,"src_nb":[4,3145728,3145744,3145744],"src_ne":[786432,1,1,1],"width":786432}
M5_PROFILE {"context":"1056357a0","graph":64,"cb":1,"original_nodes":3,"gpu_start_s":246342.482137250,"gpu_end_s":246342.482183375,"gpu_ms":0.046125,"valid":true,"completed":true,"op_counts":{"CPY":1,"VIEW":2}}
M5_COPY_RETURN {"copy_bytes":3145728,"dst_nb":[4,3145728,18874368,18874368],"dst_ne":[786432,1,1,1],"layout":"strided","phase":"measure","rows":1,"sample":17,"src_nb":[4,3145728,3145744,3145744],"src_ne":[786432,1,1,1],"wall_us":216.5,"width":786432}
M5_COPY_CALL {"copy_bytes":3145728,"dst_nb":[4,3145728,18874368,18874368],"dst_ne":[786432,1,1,1],"layout":"strided","phase":"measure","rows":1,"sample":18,"src_nb":[4,3145728,3145744,3145744],"src_ne":[786432,1,1,1],"width":786432}
M5_PROFILE {"context":"1056357a0","graph":65,"cb":1,"original_nodes":3,"gpu_start_s":246342.482408375,"gpu_end_s":246342.482454417,"gpu_ms":0.046042,"valid":true,"completed":true,"op_counts":{"CPY":1,"VIEW":2}}
M5_COPY_RETURN {"copy_bytes":3145728,"dst_nb":[4,3145728,18874368,18874368],"dst_ne":[786432,1,1,1],"layout":"strided","phase":"measure","rows":1,"sample":18,"src_nb":[4,3145728,3145744,3145744],"src_ne":[786432,1,1,1],"wall_us":265.667,"width":786432}
M5_COPY_CALL {"copy_bytes":3145728,"dst_nb":[4,3145728,18874368,18874368],"dst_ne":[786432,1,1,1],"layout":"strided","phase":"measure","rows":1,"sample":19,"src_nb":[4,3145728,3145744,3145744],"src_ne":[786432,1,1,1],"width":786432}
M5_PROFILE {"context":"1056357a0","graph":66,"cb":1,"original_nodes":3,"gpu_start_s":246342.482707250,"gpu_end_s":246342.482753167,"gpu_ms":0.045917,"valid":true,"completed":true,"op_counts":{"CPY":1,"VIEW":2}}
M5_COPY_RETURN {"copy_bytes":3145728,"dst_nb":[4,3145728,18874368,18874368],"dst_ne":[786432,1,1,1],"layout":"strided","phase":"measure","rows":1,"sample":19,"src_nb":[4,3145728,3145744,3145744],"src_ne":[786432,1,1,1],"wall_us":282.708,"width":786432}
M5_COPY_CALL {"copy_bytes":3145728,"dst_nb":[4,3145728,18874368,18874368],"dst_ne":[786432,1,1,1],"layout":"strided","phase":"measure","rows":1,"sample":20,"src_nb":[4,3145728,3145744,3145744],"src_ne":[786432,1,1,1],"width":786432}
M5_PROFILE {"context":"1056357a0","graph":67,"cb":1,"original_nodes":3,"gpu_start_s":246342.482914750,"gpu_end_s":246342.482960792,"gpu_ms":0.046042,"valid":true,"completed":true,"op_counts":{"CPY":1,"VIEW":2}}
M5_COPY_RETURN {"copy_bytes":3145728,"dst_nb":[4,3145728,18874368,18874368],"dst_ne":[786432,1,1,1],"layout":"strided","phase":"measure","rows":1,"sample":20,"src_nb":[4,3145728,3145744,3145744],"src_ne":[786432,1,1,1],"wall_us":202.625,"width":786432}
M5_COPY_CALL {"copy_bytes":3145728,"dst_nb":[4,3145728,18874368,18874368],"dst_ne":[786432,1,1,1],"layout":"strided","phase":"measure","rows":1,"sample":21,"src_nb":[4,3145728,3145744,3145744],"src_ne":[786432,1,1,1],"width":786432}
M5_PROFILE {"context":"1056357a0","graph":68,"cb":1,"original_nodes":3,"gpu_start_s":246342.483192750,"gpu_end_s":246342.483238625,"gpu_ms":0.045875,"valid":true,"completed":true,"op_counts":{"CPY":1,"VIEW":2}}
M5_COPY_RETURN {"copy_bytes":3145728,"dst_nb":[4,3145728,18874368,18874368],"dst_ne":[786432,1,1,1],"layout":"strided","phase":"measure","rows":1,"sample":21,"src_nb":[4,3145728,3145744,3145744],"src_ne":[786432,1,1,1],"wall_us":267.334,"width":786432}
M5_COPY_CALL {"copy_bytes":3145728,"dst_nb":[4,3145728,18874368,18874368],"dst_ne":[786432,1,1,1],"layout":"strided","phase":"measure","rows":1,"sample":22,"src_nb":[4,3145728,3145744,3145744],"src_ne":[786432,1,1,1],"width":786432}
M5_PROFILE {"context":"1056357a0","graph":69,"cb":1,"original_nodes":3,"gpu_start_s":246342.483455875,"gpu_end_s":246342.483501750,"gpu_ms":0.045875,"valid":true,"completed":true,"op_counts":{"CPY":1,"VIEW":2}}
M5_COPY_RETURN {"copy_bytes":3145728,"dst_nb":[4,3145728,18874368,18874368],"dst_ne":[786432,1,1,1],"layout":"strided","phase":"measure","rows":1,"sample":22,"src_nb":[4,3145728,3145744,3145744],"src_ne":[786432,1,1,1],"wall_us":252.083,"width":786432}
M5_COPY_CALL {"copy_bytes":3145728,"dst_nb":[4,3145728,18874368,18874368],"dst_ne":[786432,1,1,1],"layout":"strided","phase":"measure","rows":1,"sample":23,"src_nb":[4,3145728,3145744,3145744],"src_ne":[786432,1,1,1],"width":786432}
M5_PROFILE {"context":"1056357a0","graph":70,"cb":1,"original_nodes":3,"gpu_start_s":246342.483686417,"gpu_end_s":246342.483732250,"gpu_ms":0.045833,"valid":true,"completed":true,"op_counts":{"CPY":1,"VIEW":2}}
M5_COPY_RETURN {"copy_bytes":3145728,"dst_nb":[4,3145728,18874368,18874368],"dst_ne":[786432,1,1,1],"layout":"strided","phase":"measure","rows":1,"sample":23,"src_nb":[4,3145728,3145744,3145744],"src_ne":[786432,1,1,1],"wall_us":227.167,"width":786432}
M5_COPY_CALL {"copy_bytes":3145728,"dst_nb":[4,3145728,18874368,18874368],"dst_ne":[786432,1,1,1],"layout":"strided","phase":"measure","rows":1,"sample":24,"src_nb":[4,3145728,3145744,3145744],"src_ne":[786432,1,1,1],"width":786432}
M5_PROFILE {"context":"1056357a0","graph":71,"cb":1,"original_nodes":3,"gpu_start_s":246342.483914042,"gpu_end_s":246342.483960000,"gpu_ms":0.045958,"valid":true,"completed":true,"op_counts":{"CPY":1,"VIEW":2}}
M5_COPY_RETURN {"copy_bytes":3145728,"dst_nb":[4,3145728,18874368,18874368],"dst_ne":[786432,1,1,1],"layout":"strided","phase":"measure","rows":1,"sample":24,"src_nb":[4,3145728,3145744,3145744],"src_ne":[786432,1,1,1],"wall_us":215.208,"width":786432}
M5_COPY_CALL {"copy_bytes":3145728,"dst_nb":[4,3145728,18874368,18874368],"dst_ne":[786432,1,1,1],"layout":"strided","phase":"measure","rows":1,"sample":25,"src_nb":[4,3145728,3145744,3145744],"src_ne":[786432,1,1,1],"width":786432}
M5_PROFILE {"context":"1056357a0","graph":72,"cb":1,"original_nodes":3,"gpu_start_s":246342.484195000,"gpu_end_s":246342.484240917,"gpu_ms":0.045917,"valid":true,"completed":true,"op_counts":{"CPY":1,"VIEW":2}}
M5_COPY_RETURN {"copy_bytes":3145728,"dst_nb":[4,3145728,18874368,18874368],"dst_ne":[786432,1,1,1],"layout":"strided","phase":"measure","rows":1,"sample":25,"src_nb":[4,3145728,3145744,3145744],"src_ne":[786432,1,1,1],"wall_us":274.084,"width":786432}
M5_COPY_CALL {"copy_bytes":3145728,"dst_nb":[4,3145728,18874368,18874368],"dst_ne":[786432,1,1,1],"layout":"strided","phase":"measure","rows":1,"sample":26,"src_nb":[4,3145728,3145744,3145744],"src_ne":[786432,1,1,1],"width":786432}
M5_PROFILE {"context":"1056357a0","graph":73,"cb":1,"original_nodes":3,"gpu_start_s":246342.484464750,"gpu_end_s":246342.484510542,"gpu_ms":0.045792,"valid":true,"completed":true,"op_counts":{"CPY":1,"VIEW":2}}
M5_COPY_RETURN {"copy_bytes":3145728,"dst_nb":[4,3145728,18874368,18874368],"dst_ne":[786432,1,1,1],"layout":"strided","phase":"measure","rows":1,"sample":26,"src_nb":[4,3145728,3145744,3145744],"src_ne":[786432,1,1,1],"wall_us":261.167,"width":786432}
M5_COPY_CALL {"copy_bytes":3145728,"dst_nb":[4,3145728,18874368,18874368],"dst_ne":[786432,1,1,1],"layout":"strided","phase":"measure","rows":1,"sample":27,"src_nb":[4,3145728,3145744,3145744],"src_ne":[786432,1,1,1],"width":786432}
M5_PROFILE {"context":"1056357a0","graph":74,"cb":1,"original_nodes":3,"gpu_start_s":246342.484703542,"gpu_end_s":246342.484749542,"gpu_ms":0.046000,"valid":true,"completed":true,"op_counts":{"CPY":1,"VIEW":2}}
M5_COPY_RETURN {"copy_bytes":3145728,"dst_nb":[4,3145728,18874368,18874368],"dst_ne":[786432,1,1,1],"layout":"strided","phase":"measure","rows":1,"sample":27,"src_nb":[4,3145728,3145744,3145744],"src_ne":[786432,1,1,1],"wall_us":235.791,"width":786432}
M5_COPY_CALL {"copy_bytes":3145728,"dst_nb":[4,3145728,18874368,18874368],"dst_ne":[786432,1,1,1],"layout":"strided","phase":"measure","rows":1,"sample":28,"src_nb":[4,3145728,3145744,3145744],"src_ne":[786432,1,1,1],"width":786432}
M5_PROFILE {"context":"1056357a0","graph":75,"cb":1,"original_nodes":3,"gpu_start_s":246342.484963875,"gpu_end_s":246342.485009875,"gpu_ms":0.046000,"valid":true,"completed":true,"op_counts":{"CPY":1,"VIEW":2}}
M5_COPY_RETURN {"copy_bytes":3145728,"dst_nb":[4,3145728,18874368,18874368],"dst_ne":[786432,1,1,1],"layout":"strided","phase":"measure","rows":1,"sample":28,"src_nb":[4,3145728,3145744,3145744],"src_ne":[786432,1,1,1],"wall_us":254.708,"width":786432}
M5_COPY_CALL {"copy_bytes":3145728,"dst_nb":[4,3145728,18874368,18874368],"dst_ne":[786432,1,1,1],"layout":"strided","phase":"measure","rows":1,"sample":29,"src_nb":[4,3145728,3145744,3145744],"src_ne":[786432,1,1,1],"width":786432}
M5_PROFILE {"context":"1056357a0","graph":76,"cb":1,"original_nodes":3,"gpu_start_s":246342.485215000,"gpu_end_s":246342.485260750,"gpu_ms":0.045750,"valid":true,"completed":true,"op_counts":{"CPY":1,"VIEW":2}}
M5_COPY_RETURN {"copy_bytes":3145728,"dst_nb":[4,3145728,18874368,18874368],"dst_ne":[786432,1,1,1],"layout":"strided","phase":"measure","rows":1,"sample":29,"src_nb":[4,3145728,3145744,3145744],"src_ne":[786432,1,1,1],"wall_us":243.0,"width":786432}
M5_COPY_CALL {"copy_bytes":3145728,"dst_nb":[4,3145728,18874368,18874368],"dst_ne":[786432,1,1,1],"layout":"strided","phase":"measure","rows":1,"sample":30,"src_nb":[4,3145728,3145744,3145744],"src_ne":[786432,1,1,1],"width":786432}
M5_PROFILE {"context":"1056357a0","graph":77,"cb":1,"original_nodes":3,"gpu_start_s":246342.485484750,"gpu_end_s":246342.485530500,"gpu_ms":0.045750,"valid":true,"completed":true,"op_counts":{"CPY":1,"VIEW":2}}
M5_COPY_RETURN {"copy_bytes":3145728,"dst_nb":[4,3145728,18874368,18874368],"dst_ne":[786432,1,1,1],"layout":"strided","phase":"measure","rows":1,"sample":30,"src_nb":[4,3145728,3145744,3145744],"src_ne":[786432,1,1,1],"wall_us":262.958,"width":786432}
M5_COPY_CALL {"copy_bytes":3145728,"dst_nb":[4,3145728,18874368,18874368],"dst_ne":[786432,1,1,1],"layout":"strided","phase":"measure","rows":1,"sample":31,"src_nb":[4,3145728,3145744,3145744],"src_ne":[786432,1,1,1],"width":786432}
M5_PROFILE {"context":"1056357a0","graph":78,"cb":1,"original_nodes":3,"gpu_start_s":246342.485750625,"gpu_end_s":246342.485796625,"gpu_ms":0.046000,"valid":true,"completed":true,"op_counts":{"CPY":1,"VIEW":2}}
M5_COPY_RETURN {"copy_bytes":3145728,"dst_nb":[4,3145728,18874368,18874368],"dst_ne":[786432,1,1,1],"layout":"strided","phase":"measure","rows":1,"sample":31,"src_nb":[4,3145728,3145744,3145744],"src_ne":[786432,1,1,1],"wall_us":257.083,"width":786432}
M5_COPY_CALL {"copy_bytes":3145728,"dst_nb":[4,3145728,18874368,18874368],"dst_ne":[786432,1,1,1],"layout":"strided","phase":"measure","rows":1,"sample":32,"src_nb":[4,3145728,3145744,3145744],"src_ne":[786432,1,1,1],"width":786432}
M5_PROFILE {"context":"1056357a0","graph":79,"cb":1,"original_nodes":3,"gpu_start_s":246342.486004875,"gpu_end_s":246342.486050667,"gpu_ms":0.045792,"valid":true,"completed":true,"op_counts":{"CPY":1,"VIEW":2}}
M5_COPY_RETURN {"copy_bytes":3145728,"dst_nb":[4,3145728,18874368,18874368],"dst_ne":[786432,1,1,1],"layout":"strided","phase":"measure","rows":1,"sample":32,"src_nb":[4,3145728,3145744,3145744],"src_ne":[786432,1,1,1],"wall_us":249.0,"width":786432}
M5_COPY_CALL {"copy_bytes":3145728,"dst_nb":[4,3145728,18874368,18874368],"dst_ne":[786432,1,1,1],"layout":"strided","phase":"measure","rows":1,"sample":33,"src_nb":[4,3145728,3145744,3145744],"src_ne":[786432,1,1,1],"width":786432}
M5_PROFILE {"context":"1056357a0","graph":80,"cb":1,"original_nodes":3,"gpu_start_s":246342.486264500,"gpu_end_s":246342.486310417,"gpu_ms":0.045917,"valid":true,"completed":true,"op_counts":{"CPY":1,"VIEW":2}}
M5_COPY_RETURN {"copy_bytes":3145728,"dst_nb":[4,3145728,18874368,18874368],"dst_ne":[786432,1,1,1],"layout":"strided","phase":"measure","rows":1,"sample":33,"src_nb":[4,3145728,3145744,3145744],"src_ne":[786432,1,1,1],"wall_us":251.042,"width":786432}
M5_COPY_CALL {"copy_bytes":3145728,"dst_nb":[4,3145728,18874368,18874368],"dst_ne":[786432,1,1,1],"layout":"strided","phase":"measure","rows":1,"sample":34,"src_nb":[4,3145728,3145744,3145744],"src_ne":[786432,1,1,1],"width":786432}
M5_PROFILE {"context":"1056357a0","graph":81,"cb":1,"original_nodes":3,"gpu_start_s":246342.486521875,"gpu_end_s":246342.486567667,"gpu_ms":0.045792,"valid":true,"completed":true,"op_counts":{"CPY":1,"VIEW":2}}
M5_COPY_RETURN {"copy_bytes":3145728,"dst_nb":[4,3145728,18874368,18874368],"dst_ne":[786432,1,1,1],"layout":"strided","phase":"measure","rows":1,"sample":34,"src_nb":[4,3145728,3145744,3145744],"src_ne":[786432,1,1,1],"wall_us":250.167,"width":786432}
M5_COPY_CALL {"copy_bytes":3145728,"dst_nb":[4,3145728,18874368,18874368],"dst_ne":[786432,1,1,1],"layout":"strided","phase":"measure","rows":1,"sample":35,"src_nb":[4,3145728,3145744,3145744],"src_ne":[786432,1,1,1],"width":786432}
M5_PROFILE {"context":"1056357a0","graph":82,"cb":1,"original_nodes":3,"gpu_start_s":246342.486791875,"gpu_end_s":246342.486837667,"gpu_ms":0.045792,"valid":true,"completed":true,"op_counts":{"CPY":1,"VIEW":2}}
M5_COPY_RETURN {"copy_bytes":3145728,"dst_nb":[4,3145728,18874368,18874368],"dst_ne":[786432,1,1,1],"layout":"strided","phase":"measure","rows":1,"sample":35,"src_nb":[4,3145728,3145744,3145744],"src_ne":[786432,1,1,1],"wall_us":266.041,"width":786432}
M5_COPY_CALL {"copy_bytes":3145728,"dst_nb":[4,3145728,18874368,18874368],"dst_ne":[786432,1,1,1],"layout":"strided","phase":"measure","rows":1,"sample":36,"src_nb":[4,3145728,3145744,3145744],"src_ne":[786432,1,1,1],"width":786432}
M5_PROFILE {"context":"1056357a0","graph":83,"cb":1,"original_nodes":3,"gpu_start_s":246342.487052042,"gpu_end_s":246342.487097917,"gpu_ms":0.045875,"valid":true,"completed":true,"op_counts":{"CPY":1,"VIEW":2}}
M5_COPY_RETURN {"copy_bytes":3145728,"dst_nb":[4,3145728,18874368,18874368],"dst_ne":[786432,1,1,1],"layout":"strided","phase":"measure","rows":1,"sample":36,"src_nb":[4,3145728,3145744,3145744],"src_ne":[786432,1,1,1],"wall_us":251.5,"width":786432}
M5_COPY_CALL {"copy_bytes":3145728,"dst_nb":[4,3145728,18874368,18874368],"dst_ne":[786432,1,1,1],"layout":"strided","phase":"measure","rows":1,"sample":37,"src_nb":[4,3145728,3145744,3145744],"src_ne":[786432,1,1,1],"width":786432}
M5_PROFILE {"context":"1056357a0","graph":84,"cb":1,"original_nodes":3,"gpu_start_s":246342.487308625,"gpu_end_s":246342.487354375,"gpu_ms":0.045750,"valid":true,"completed":true,"op_counts":{"CPY":1,"VIEW":2}}
M5_COPY_RETURN {"copy_bytes":3145728,"dst_nb":[4,3145728,18874368,18874368],"dst_ne":[786432,1,1,1],"layout":"strided","phase":"measure","rows":1,"sample":37,"src_nb":[4,3145728,3145744,3145744],"src_ne":[786432,1,1,1],"wall_us":248.167,"width":786432}
M5_COPY_CALL {"copy_bytes":3145728,"dst_nb":[4,3145728,18874368,18874368],"dst_ne":[786432,1,1,1],"layout":"strided","phase":"measure","rows":1,"sample":38,"src_nb":[4,3145728,3145744,3145744],"src_ne":[786432,1,1,1],"width":786432}
M5_PROFILE {"context":"1056357a0","graph":85,"cb":1,"original_nodes":3,"gpu_start_s":246342.487562750,"gpu_end_s":246342.487608750,"gpu_ms":0.046000,"valid":true,"completed":true,"op_counts":{"CPY":1,"VIEW":2}}
M5_COPY_RETURN {"copy_bytes":3145728,"dst_nb":[4,3145728,18874368,18874368],"dst_ne":[786432,1,1,1],"layout":"strided","phase":"measure","rows":1,"sample":38,"src_nb":[4,3145728,3145744,3145744],"src_ne":[786432,1,1,1],"wall_us":248.041,"width":786432}
M5_COPY_CALL {"copy_bytes":3145728,"dst_nb":[4,3145728,18874368,18874368],"dst_ne":[786432,1,1,1],"layout":"strided","phase":"measure","rows":1,"sample":39,"src_nb":[4,3145728,3145744,3145744],"src_ne":[786432,1,1,1],"width":786432}
M5_PROFILE {"context":"1056357a0","graph":86,"cb":1,"original_nodes":3,"gpu_start_s":246342.487829167,"gpu_end_s":246342.487875000,"gpu_ms":0.045833,"valid":true,"completed":true,"op_counts":{"CPY":1,"VIEW":2}}
M5_COPY_RETURN {"copy_bytes":3145728,"dst_nb":[4,3145728,18874368,18874368],"dst_ne":[786432,1,1,1],"layout":"strided","phase":"measure","rows":1,"sample":39,"src_nb":[4,3145728,3145744,3145744],"src_ne":[786432,1,1,1],"wall_us":260.875,"width":786432}
M5_COPY_PASS {"copy_bytes":3145728,"dst_nb":[4,3145728,18874368,18874368],"dst_ne":[786432,1,1,1],"layout":"strided","rows":1,"src_nb":[4,3145728,3145744,3145744],"src_ne":[786432,1,1,1],"width":786432}
M5_COPY_CALL {"copy_bytes":12582912,"dst_nb":[4,3145728,3145728,12582912],"dst_ne":[786432,1,4,1],"layout":"contiguous","phase":"warmup","rows":4,"sample":-3,"src_nb":[4,3145728,3145728,12582912],"src_ne":[786432,1,4,1],"width":786432}
M5_PROFILE {"context":"1056357a0","graph":87,"cb":1,"original_nodes":3,"gpu_start_s":246342.508063042,"gpu_end_s":246342.508275625,"gpu_ms":0.212583,"valid":true,"completed":true,"op_counts":{"CPY":1,"VIEW":2}}
M5_COPY_RETURN {"copy_bytes":12582912,"dst_nb":[4,3145728,3145728,12582912],"dst_ne":[786432,1,4,1],"layout":"contiguous","phase":"warmup","rows":4,"sample":-3,"src_nb":[4,3145728,3145728,12582912],"src_ne":[786432,1,4,1],"wall_us":989.209,"width":786432}
M5_COPY_CALL {"copy_bytes":12582912,"dst_nb":[4,3145728,3145728,12582912],"dst_ne":[786432,1,4,1],"layout":"contiguous","phase":"warmup","rows":4,"sample":-2,"src_nb":[4,3145728,3145728,12582912],"src_ne":[786432,1,4,1],"width":786432}
M5_PROFILE {"context":"1056357a0","graph":88,"cb":1,"original_nodes":3,"gpu_start_s":246342.508455875,"gpu_end_s":246342.508669667,"gpu_ms":0.213792,"valid":true,"completed":true,"op_counts":{"CPY":1,"VIEW":2}}
M5_COPY_RETURN {"copy_bytes":12582912,"dst_nb":[4,3145728,3145728,12582912],"dst_ne":[786432,1,4,1],"layout":"contiguous","phase":"warmup","rows":4,"sample":-2,"src_nb":[4,3145728,3145728,12582912],"src_ne":[786432,1,4,1],"wall_us":448.875,"width":786432}
M5_COPY_CALL {"copy_bytes":12582912,"dst_nb":[4,3145728,3145728,12582912],"dst_ne":[786432,1,4,1],"layout":"contiguous","phase":"warmup","rows":4,"sample":-1,"src_nb":[4,3145728,3145728,12582912],"src_ne":[786432,1,4,1],"width":786432}
M5_PROFILE {"context":"1056357a0","graph":89,"cb":1,"original_nodes":3,"gpu_start_s":246342.508919500,"gpu_end_s":246342.509130875,"gpu_ms":0.211375,"valid":true,"completed":true,"op_counts":{"CPY":1,"VIEW":2}}
M5_COPY_RETURN {"copy_bytes":12582912,"dst_nb":[4,3145728,3145728,12582912],"dst_ne":[786432,1,4,1],"layout":"contiguous","phase":"warmup","rows":4,"sample":-1,"src_nb":[4,3145728,3145728,12582912],"src_ne":[786432,1,4,1],"wall_us":373.041,"width":786432}
M5_COPY_CALL {"copy_bytes":12582912,"dst_nb":[4,3145728,3145728,12582912],"dst_ne":[786432,1,4,1],"layout":"contiguous","phase":"measure","rows":4,"sample":0,"src_nb":[4,3145728,3145728,12582912],"src_ne":[786432,1,4,1],"width":786432}
M5_PROFILE {"context":"1056357a0","graph":90,"cb":1,"original_nodes":3,"gpu_start_s":246342.509299750,"gpu_end_s":246342.509511042,"gpu_ms":0.211292,"valid":true,"completed":true,"op_counts":{"CPY":1,"VIEW":2}}
M5_COPY_RETURN {"copy_bytes":12582912,"dst_nb":[4,3145728,3145728,12582912],"dst_ne":[786432,1,4,1],"layout":"contiguous","phase":"measure","rows":4,"sample":0,"src_nb":[4,3145728,3145728,12582912],"src_ne":[786432,1,4,1],"wall_us":372.083,"width":786432}
M5_COPY_CALL {"copy_bytes":12582912,"dst_nb":[4,3145728,3145728,12582912],"dst_ne":[786432,1,4,1],"layout":"contiguous","phase":"measure","rows":4,"sample":1,"src_nb":[4,3145728,3145728,12582912],"src_ne":[786432,1,4,1],"width":786432}
M5_PROFILE {"context":"1056357a0","graph":91,"cb":1,"original_nodes":3,"gpu_start_s":246342.509704667,"gpu_end_s":246342.509916292,"gpu_ms":0.211625,"valid":true,"completed":true,"op_counts":{"CPY":1,"VIEW":2}}
M5_COPY_RETURN {"copy_bytes":12582912,"dst_nb":[4,3145728,3145728,12582912],"dst_ne":[786432,1,4,1],"layout":"contiguous","phase":"measure","rows":4,"sample":1,"src_nb":[4,3145728,3145728,12582912],"src_ne":[786432,1,4,1],"wall_us":385.75,"width":786432}
M5_COPY_CALL {"copy_bytes":12582912,"dst_nb":[4,3145728,3145728,12582912],"dst_ne":[786432,1,4,1],"layout":"contiguous","phase":"measure","rows":4,"sample":2,"src_nb":[4,3145728,3145728,12582912],"src_ne":[786432,1,4,1],"width":786432}
M5_PROFILE {"context":"1056357a0","graph":92,"cb":1,"original_nodes":3,"gpu_start_s":246342.510100375,"gpu_end_s":246342.510311625,"gpu_ms":0.211250,"valid":true,"completed":true,"op_counts":{"CPY":1,"VIEW":2}}
M5_COPY_RETURN {"copy_bytes":12582912,"dst_nb":[4,3145728,3145728,12582912],"dst_ne":[786432,1,4,1],"layout":"contiguous","phase":"measure","rows":4,"sample":2,"src_nb":[4,3145728,3145728,12582912],"src_ne":[786432,1,4,1],"wall_us":392.708,"width":786432}
M5_COPY_CALL {"copy_bytes":12582912,"dst_nb":[4,3145728,3145728,12582912],"dst_ne":[786432,1,4,1],"layout":"contiguous","phase":"measure","rows":4,"sample":3,"src_nb":[4,3145728,3145728,12582912],"src_ne":[786432,1,4,1],"width":786432}
M5_PROFILE {"context":"1056357a0","graph":93,"cb":1,"original_nodes":3,"gpu_start_s":246342.510490917,"gpu_end_s":246342.510702250,"gpu_ms":0.211333,"valid":true,"completed":true,"op_counts":{"CPY":1,"VIEW":2}}
M5_COPY_RETURN {"copy_bytes":12582912,"dst_nb":[4,3145728,3145728,12582912],"dst_ne":[786432,1,4,1],"layout":"contiguous","phase":"measure","rows":4,"sample":3,"src_nb":[4,3145728,3145728,12582912],"src_ne":[786432,1,4,1],"wall_us":375.375,"width":786432}
M5_COPY_CALL {"copy_bytes":12582912,"dst_nb":[4,3145728,3145728,12582912],"dst_ne":[786432,1,4,1],"layout":"contiguous","phase":"measure","rows":4,"sample":4,"src_nb":[4,3145728,3145728,12582912],"src_ne":[786432,1,4,1],"width":786432}
M5_PROFILE {"context":"1056357a0","graph":94,"cb":1,"original_nodes":3,"gpu_start_s":246342.510863875,"gpu_end_s":246342.511075125,"gpu_ms":0.211250,"valid":true,"completed":true,"op_counts":{"CPY":1,"VIEW":2}}
M5_COPY_RETURN {"copy_bytes":12582912,"dst_nb":[4,3145728,3145728,12582912],"dst_ne":[786432,1,4,1],"layout":"contiguous","phase":"measure","rows":4,"sample":4,"src_nb":[4,3145728,3145728,12582912],"src_ne":[786432,1,4,1],"wall_us":361.75,"width":786432}
M5_COPY_CALL {"copy_bytes":12582912,"dst_nb":[4,3145728,3145728,12582912],"dst_ne":[786432,1,4,1],"layout":"contiguous","phase":"measure","rows":4,"sample":5,"src_nb":[4,3145728,3145728,12582912],"src_ne":[786432,1,4,1],"width":786432}
M5_PROFILE {"context":"1056357a0","graph":95,"cb":1,"original_nodes":3,"gpu_start_s":246342.511264750,"gpu_end_s":246342.511476250,"gpu_ms":0.211500,"valid":true,"completed":true,"op_counts":{"CPY":1,"VIEW":2}}
M5_COPY_RETURN {"copy_bytes":12582912,"dst_nb":[4,3145728,3145728,12582912],"dst_ne":[786432,1,4,1],"layout":"contiguous","phase":"measure","rows":4,"sample":5,"src_nb":[4,3145728,3145728,12582912],"src_ne":[786432,1,4,1],"wall_us":398.417,"width":786432}
M5_COPY_CALL {"copy_bytes":12582912,"dst_nb":[4,3145728,3145728,12582912],"dst_ne":[786432,1,4,1],"layout":"contiguous","phase":"measure","rows":4,"sample":6,"src_nb":[4,3145728,3145728,12582912],"src_ne":[786432,1,4,1],"width":786432}
M5_PROFILE {"context":"1056357a0","graph":96,"cb":1,"original_nodes":3,"gpu_start_s":246342.511657917,"gpu_end_s":246342.511869375,"gpu_ms":0.211458,"valid":true,"completed":true,"op_counts":{"CPY":1,"VIEW":2}}
M5_COPY_RETURN {"copy_bytes":12582912,"dst_nb":[4,3145728,3145728,12582912],"dst_ne":[786432,1,4,1],"layout":"contiguous","phase":"measure","rows":4,"sample":6,"src_nb":[4,3145728,3145728,12582912],"src_ne":[786432,1,4,1],"wall_us":380.458,"width":786432}
M5_COPY_CALL {"copy_bytes":12582912,"dst_nb":[4,3145728,3145728,12582912],"dst_ne":[786432,1,4,1],"layout":"contiguous","phase":"measure","rows":4,"sample":7,"src_nb":[4,3145728,3145728,12582912],"src_ne":[786432,1,4,1],"width":786432}
M5_PROFILE {"context":"1056357a0","graph":97,"cb":1,"original_nodes":3,"gpu_start_s":246342.512055625,"gpu_end_s":246342.512267167,"gpu_ms":0.211542,"valid":true,"completed":true,"op_counts":{"CPY":1,"VIEW":2}}
M5_COPY_RETURN {"copy_bytes":12582912,"dst_nb":[4,3145728,3145728,12582912],"dst_ne":[786432,1,4,1],"layout":"contiguous","phase":"measure","rows":4,"sample":7,"src_nb":[4,3145728,3145728,12582912],"src_ne":[786432,1,4,1],"wall_us":480.125,"width":786432}
M5_COPY_CALL {"copy_bytes":12582912,"dst_nb":[4,3145728,3145728,12582912],"dst_ne":[786432,1,4,1],"layout":"contiguous","phase":"measure","rows":4,"sample":8,"src_nb":[4,3145728,3145728,12582912],"src_ne":[786432,1,4,1],"width":786432}
M5_PROFILE {"context":"1056357a0","graph":98,"cb":1,"original_nodes":3,"gpu_start_s":246342.512560000,"gpu_end_s":246342.512771500,"gpu_ms":0.211500,"valid":true,"completed":true,"op_counts":{"CPY":1,"VIEW":2}}
M5_COPY_RETURN {"copy_bytes":12582912,"dst_nb":[4,3145728,3145728,12582912],"dst_ne":[786432,1,4,1],"layout":"contiguous","phase":"measure","rows":4,"sample":8,"src_nb":[4,3145728,3145728,12582912],"src_ne":[786432,1,4,1],"wall_us":391.5,"width":786432}
M5_COPY_CALL {"copy_bytes":12582912,"dst_nb":[4,3145728,3145728,12582912],"dst_ne":[786432,1,4,1],"layout":"contiguous","phase":"measure","rows":4,"sample":9,"src_nb":[4,3145728,3145728,12582912],"src_ne":[786432,1,4,1],"width":786432}
M5_PROFILE {"context":"1056357a0","graph":99,"cb":1,"original_nodes":3,"gpu_start_s":246342.512949625,"gpu_end_s":246342.513161000,"gpu_ms":0.211375,"valid":true,"completed":true,"op_counts":{"CPY":1,"VIEW":2}}
M5_COPY_RETURN {"copy_bytes":12582912,"dst_nb":[4,3145728,3145728,12582912],"dst_ne":[786432,1,4,1],"layout":"contiguous","phase":"measure","rows":4,"sample":9,"src_nb":[4,3145728,3145728,12582912],"src_ne":[786432,1,4,1],"wall_us":381.917,"width":786432}
M5_COPY_CALL {"copy_bytes":12582912,"dst_nb":[4,3145728,3145728,12582912],"dst_ne":[786432,1,4,1],"layout":"contiguous","phase":"measure","rows":4,"sample":10,"src_nb":[4,3145728,3145728,12582912],"src_ne":[786432,1,4,1],"width":786432}
M5_PROFILE {"context":"1056357a0","graph":100,"cb":1,"original_nodes":3,"gpu_start_s":246342.513350750,"gpu_end_s":246342.513562125,"gpu_ms":0.211375,"valid":true,"completed":true,"op_counts":{"CPY":1,"VIEW":2}}
M5_COPY_RETURN {"copy_bytes":12582912,"dst_nb":[4,3145728,3145728,12582912],"dst_ne":[786432,1,4,1],"layout":"contiguous","phase":"measure","rows":4,"sample":10,"src_nb":[4,3145728,3145728,12582912],"src_ne":[786432,1,4,1],"wall_us":391.666,"width":786432}
M5_COPY_CALL {"copy_bytes":12582912,"dst_nb":[4,3145728,3145728,12582912],"dst_ne":[786432,1,4,1],"layout":"contiguous","phase":"measure","rows":4,"sample":11,"src_nb":[4,3145728,3145728,12582912],"src_ne":[786432,1,4,1],"width":786432}
M5_PROFILE {"context":"1056357a0","graph":101,"cb":1,"original_nodes":3,"gpu_start_s":246342.513744375,"gpu_end_s":246342.513955792,"gpu_ms":0.211417,"valid":true,"completed":true,"op_counts":{"CPY":1,"VIEW":2}}
M5_COPY_RETURN {"copy_bytes":12582912,"dst_nb":[4,3145728,3145728,12582912],"dst_ne":[786432,1,4,1],"layout":"contiguous","phase":"measure","rows":4,"sample":11,"src_nb":[4,3145728,3145728,12582912],"src_ne":[786432,1,4,1],"wall_us":387.708,"width":786432}
M5_COPY_CALL {"copy_bytes":12582912,"dst_nb":[4,3145728,3145728,12582912],"dst_ne":[786432,1,4,1],"layout":"contiguous","phase":"measure","rows":4,"sample":12,"src_nb":[4,3145728,3145728,12582912],"src_ne":[786432,1,4,1],"width":786432}
M5_PROFILE {"context":"1056357a0","graph":102,"cb":1,"original_nodes":3,"gpu_start_s":246342.514139042,"gpu_end_s":246342.514350500,"gpu_ms":0.211458,"valid":true,"completed":true,"op_counts":{"CPY":1,"VIEW":2}}
M5_COPY_RETURN {"copy_bytes":12582912,"dst_nb":[4,3145728,3145728,12582912],"dst_ne":[786432,1,4,1],"layout":"contiguous","phase":"measure","rows":4,"sample":12,"src_nb":[4,3145728,3145728,12582912],"src_ne":[786432,1,4,1],"wall_us":476.958,"width":786432}
M5_COPY_CALL {"copy_bytes":12582912,"dst_nb":[4,3145728,3145728,12582912],"dst_ne":[786432,1,4,1],"layout":"contiguous","phase":"measure","rows":4,"sample":13,"src_nb":[4,3145728,3145728,12582912],"src_ne":[786432,1,4,1],"width":786432}
M5_PROFILE {"context":"1056357a0","graph":103,"cb":1,"original_nodes":3,"gpu_start_s":246342.514642125,"gpu_end_s":246342.514853500,"gpu_ms":0.211375,"valid":true,"completed":true,"op_counts":{"CPY":1,"VIEW":2}}
M5_COPY_RETURN {"copy_bytes":12582912,"dst_nb":[4,3145728,3145728,12582912],"dst_ne":[786432,1,4,1],"layout":"contiguous","phase":"measure","rows":4,"sample":13,"src_nb":[4,3145728,3145728,12582912],"src_ne":[786432,1,4,1],"wall_us":386.291,"width":786432}
M5_COPY_CALL {"copy_bytes":12582912,"dst_nb":[4,3145728,3145728,12582912],"dst_ne":[786432,1,4,1],"layout":"contiguous","phase":"measure","rows":4,"sample":14,"src_nb":[4,3145728,3145728,12582912],"src_ne":[786432,1,4,1],"width":786432}
M5_PROFILE {"context":"1056357a0","graph":104,"cb":1,"original_nodes":3,"gpu_start_s":246342.515016125,"gpu_end_s":246342.515227375,"gpu_ms":0.211250,"valid":true,"completed":true,"op_counts":{"CPY":1,"VIEW":2}}
M5_COPY_RETURN {"copy_bytes":12582912,"dst_nb":[4,3145728,3145728,12582912],"dst_ne":[786432,1,4,1],"layout":"contiguous","phase":"measure","rows":4,"sample":14,"src_nb":[4,3145728,3145728,12582912],"src_ne":[786432,1,4,1],"wall_us":369.875,"width":786432}
M5_COPY_CALL {"copy_bytes":12582912,"dst_nb":[4,3145728,3145728,12582912],"dst_ne":[786432,1,4,1],"layout":"contiguous","phase":"measure","rows":4,"sample":15,"src_nb":[4,3145728,3145728,12582912],"src_ne":[786432,1,4,1],"width":786432}
M5_PROFILE {"context":"1056357a0","graph":105,"cb":1,"original_nodes":3,"gpu_start_s":246342.515455500,"gpu_end_s":246342.515666792,"gpu_ms":0.211292,"valid":true,"completed":true,"op_counts":{"CPY":1,"VIEW":2}}
M5_COPY_RETURN {"copy_bytes":12582912,"dst_nb":[4,3145728,3145728,12582912],"dst_ne":[786432,1,4,1],"layout":"contiguous","phase":"measure","rows":4,"sample":15,"src_nb":[4,3145728,3145728,12582912],"src_ne":[786432,1,4,1],"wall_us":435.209,"width":786432}
M5_COPY_CALL {"copy_bytes":12582912,"dst_nb":[4,3145728,3145728,12582912],"dst_ne":[786432,1,4,1],"layout":"contiguous","phase":"measure","rows":4,"sample":16,"src_nb":[4,3145728,3145728,12582912],"src_ne":[786432,1,4,1],"width":786432}
M5_PROFILE {"context":"1056357a0","graph":106,"cb":1,"original_nodes":3,"gpu_start_s":246342.515847292,"gpu_end_s":246342.516058750,"gpu_ms":0.211458,"valid":true,"completed":true,"op_counts":{"CPY":1,"VIEW":2}}
M5_COPY_RETURN {"copy_bytes":12582912,"dst_nb":[4,3145728,3145728,12582912],"dst_ne":[786432,1,4,1],"layout":"contiguous","phase":"measure","rows":4,"sample":16,"src_nb":[4,3145728,3145728,12582912],"src_ne":[786432,1,4,1],"wall_us":383.0,"width":786432}
M5_COPY_CALL {"copy_bytes":12582912,"dst_nb":[4,3145728,3145728,12582912],"dst_ne":[786432,1,4,1],"layout":"contiguous","phase":"measure","rows":4,"sample":17,"src_nb":[4,3145728,3145728,12582912],"src_ne":[786432,1,4,1],"width":786432}
M5_PROFILE {"context":"1056357a0","graph":107,"cb":1,"original_nodes":3,"gpu_start_s":246342.516226500,"gpu_end_s":246342.516438000,"gpu_ms":0.211500,"valid":true,"completed":true,"op_counts":{"CPY":1,"VIEW":2}}
M5_COPY_RETURN {"copy_bytes":12582912,"dst_nb":[4,3145728,3145728,12582912],"dst_ne":[786432,1,4,1],"layout":"contiguous","phase":"measure","rows":4,"sample":17,"src_nb":[4,3145728,3145728,12582912],"src_ne":[786432,1,4,1],"wall_us":371.333,"width":786432}
M5_COPY_CALL {"copy_bytes":12582912,"dst_nb":[4,3145728,3145728,12582912],"dst_ne":[786432,1,4,1],"layout":"contiguous","phase":"measure","rows":4,"sample":18,"src_nb":[4,3145728,3145728,12582912],"src_ne":[786432,1,4,1],"width":786432}
M5_PROFILE {"context":"1056357a0","graph":108,"cb":1,"original_nodes":3,"gpu_start_s":246342.516609917,"gpu_end_s":246342.516821500,"gpu_ms":0.211583,"valid":true,"completed":true,"op_counts":{"CPY":1,"VIEW":2}}
M5_COPY_RETURN {"copy_bytes":12582912,"dst_nb":[4,3145728,3145728,12582912],"dst_ne":[786432,1,4,1],"layout":"contiguous","phase":"measure","rows":4,"sample":18,"src_nb":[4,3145728,3145728,12582912],"src_ne":[786432,1,4,1],"wall_us":375.375,"width":786432}
M5_COPY_CALL {"copy_bytes":12582912,"dst_nb":[4,3145728,3145728,12582912],"dst_ne":[786432,1,4,1],"layout":"contiguous","phase":"measure","rows":4,"sample":19,"src_nb":[4,3145728,3145728,12582912],"src_ne":[786432,1,4,1],"width":786432}
M5_PROFILE {"context":"1056357a0","graph":109,"cb":1,"original_nodes":3,"gpu_start_s":246342.516991250,"gpu_end_s":246342.517202875,"gpu_ms":0.211625,"valid":true,"completed":true,"op_counts":{"CPY":1,"VIEW":2}}
M5_COPY_RETURN {"copy_bytes":12582912,"dst_nb":[4,3145728,3145728,12582912],"dst_ne":[786432,1,4,1],"layout":"contiguous","phase":"measure","rows":4,"sample":19,"src_nb":[4,3145728,3145728,12582912],"src_ne":[786432,1,4,1],"wall_us":373.25,"width":786432}
M5_COPY_CALL {"copy_bytes":12582912,"dst_nb":[4,3145728,3145728,12582912],"dst_ne":[786432,1,4,1],"layout":"contiguous","phase":"measure","rows":4,"sample":20,"src_nb":[4,3145728,3145728,12582912],"src_ne":[786432,1,4,1],"width":786432}
M5_PROFILE {"context":"1056357a0","graph":110,"cb":1,"original_nodes":3,"gpu_start_s":246342.517358000,"gpu_end_s":246342.517569542,"gpu_ms":0.211542,"valid":true,"completed":true,"op_counts":{"CPY":1,"VIEW":2}}
M5_COPY_RETURN {"copy_bytes":12582912,"dst_nb":[4,3145728,3145728,12582912],"dst_ne":[786432,1,4,1],"layout":"contiguous","phase":"measure","rows":4,"sample":20,"src_nb":[4,3145728,3145728,12582912],"src_ne":[786432,1,4,1],"wall_us":360.5,"width":786432}
M5_COPY_CALL {"copy_bytes":12582912,"dst_nb":[4,3145728,3145728,12582912],"dst_ne":[786432,1,4,1],"layout":"contiguous","phase":"measure","rows":4,"sample":21,"src_nb":[4,3145728,3145728,12582912],"src_ne":[786432,1,4,1],"width":786432}
M5_PROFILE {"context":"1056357a0","graph":111,"cb":1,"original_nodes":3,"gpu_start_s":246342.517809667,"gpu_end_s":246342.518021125,"gpu_ms":0.211458,"valid":true,"completed":true,"op_counts":{"CPY":1,"VIEW":2}}
M5_COPY_RETURN {"copy_bytes":12582912,"dst_nb":[4,3145728,3145728,12582912],"dst_ne":[786432,1,4,1],"layout":"contiguous","phase":"measure","rows":4,"sample":21,"src_nb":[4,3145728,3145728,12582912],"src_ne":[786432,1,4,1],"wall_us":440.208,"width":786432}
M5_COPY_CALL {"copy_bytes":12582912,"dst_nb":[4,3145728,3145728,12582912],"dst_ne":[786432,1,4,1],"layout":"contiguous","phase":"measure","rows":4,"sample":22,"src_nb":[4,3145728,3145728,12582912],"src_ne":[786432,1,4,1],"width":786432}
M5_PROFILE {"context":"1056357a0","graph":112,"cb":1,"original_nodes":3,"gpu_start_s":246342.518176417,"gpu_end_s":246342.518388000,"gpu_ms":0.211583,"valid":true,"completed":true,"op_counts":{"CPY":1,"VIEW":2}}
M5_COPY_RETURN {"copy_bytes":12582912,"dst_nb":[4,3145728,3145728,12582912],"dst_ne":[786432,1,4,1],"layout":"contiguous","phase":"measure","rows":4,"sample":22,"src_nb":[4,3145728,3145728,12582912],"src_ne":[786432,1,4,1],"wall_us":364.75,"width":786432}
M5_COPY_CALL {"copy_bytes":12582912,"dst_nb":[4,3145728,3145728,12582912],"dst_ne":[786432,1,4,1],"layout":"contiguous","phase":"measure","rows":4,"sample":23,"src_nb":[4,3145728,3145728,12582912],"src_ne":[786432,1,4,1],"width":786432}
M5_PROFILE {"context":"1056357a0","graph":113,"cb":1,"original_nodes":3,"gpu_start_s":246342.518567875,"gpu_end_s":246342.518779167,"gpu_ms":0.211292,"valid":true,"completed":true,"op_counts":{"CPY":1,"VIEW":2}}
M5_COPY_RETURN {"copy_bytes":12582912,"dst_nb":[4,3145728,3145728,12582912],"dst_ne":[786432,1,4,1],"layout":"contiguous","phase":"measure","rows":4,"sample":23,"src_nb":[4,3145728,3145728,12582912],"src_ne":[786432,1,4,1],"wall_us":378.541,"width":786432}
M5_COPY_CALL {"copy_bytes":12582912,"dst_nb":[4,3145728,3145728,12582912],"dst_ne":[786432,1,4,1],"layout":"contiguous","phase":"measure","rows":4,"sample":24,"src_nb":[4,3145728,3145728,12582912],"src_ne":[786432,1,4,1],"width":786432}
M5_PROFILE {"context":"1056357a0","graph":114,"cb":1,"original_nodes":3,"gpu_start_s":246342.518950917,"gpu_end_s":246342.519162250,"gpu_ms":0.211333,"valid":true,"completed":true,"op_counts":{"CPY":1,"VIEW":2}}
M5_COPY_RETURN {"copy_bytes":12582912,"dst_nb":[4,3145728,3145728,12582912],"dst_ne":[786432,1,4,1],"layout":"contiguous","phase":"measure","rows":4,"sample":24,"src_nb":[4,3145728,3145728,12582912],"src_ne":[786432,1,4,1],"wall_us":469.541,"width":786432}
M5_COPY_CALL {"copy_bytes":12582912,"dst_nb":[4,3145728,3145728,12582912],"dst_ne":[786432,1,4,1],"layout":"contiguous","phase":"measure","rows":4,"sample":25,"src_nb":[4,3145728,3145728,12582912],"src_ne":[786432,1,4,1],"width":786432}
M5_PROFILE {"context":"1056357a0","graph":115,"cb":1,"original_nodes":3,"gpu_start_s":246342.519451875,"gpu_end_s":246342.519663500,"gpu_ms":0.211625,"valid":true,"completed":true,"op_counts":{"CPY":1,"VIEW":2}}
M5_COPY_RETURN {"copy_bytes":12582912,"dst_nb":[4,3145728,3145728,12582912],"dst_ne":[786432,1,4,1],"layout":"contiguous","phase":"measure","rows":4,"sample":25,"src_nb":[4,3145728,3145728,12582912],"src_ne":[786432,1,4,1],"wall_us":392.25,"width":786432}
M5_COPY_CALL {"copy_bytes":12582912,"dst_nb":[4,3145728,3145728,12582912],"dst_ne":[786432,1,4,1],"layout":"contiguous","phase":"measure","rows":4,"sample":26,"src_nb":[4,3145728,3145728,12582912],"src_ne":[786432,1,4,1],"width":786432}
M5_PROFILE {"context":"1056357a0","graph":116,"cb":1,"original_nodes":3,"gpu_start_s":246342.519851625,"gpu_end_s":246342.520062875,"gpu_ms":0.211250,"valid":true,"completed":true,"op_counts":{"CPY":1,"VIEW":2}}
M5_COPY_RETURN {"copy_bytes":12582912,"dst_nb":[4,3145728,3145728,12582912],"dst_ne":[786432,1,4,1],"layout":"contiguous","phase":"measure","rows":4,"sample":26,"src_nb":[4,3145728,3145728,12582912],"src_ne":[786432,1,4,1],"wall_us":392.5,"width":786432}
M5_COPY_CALL {"copy_bytes":12582912,"dst_nb":[4,3145728,3145728,12582912],"dst_ne":[786432,1,4,1],"layout":"contiguous","phase":"measure","rows":4,"sample":27,"src_nb":[4,3145728,3145728,12582912],"src_ne":[786432,1,4,1],"width":786432}
M5_PROFILE {"context":"1056357a0","graph":117,"cb":1,"original_nodes":3,"gpu_start_s":246342.520235417,"gpu_end_s":246342.520446792,"gpu_ms":0.211375,"valid":true,"completed":true,"op_counts":{"CPY":1,"VIEW":2}}
M5_COPY_RETURN {"copy_bytes":12582912,"dst_nb":[4,3145728,3145728,12582912],"dst_ne":[786432,1,4,1],"layout":"contiguous","phase":"measure","rows":4,"sample":27,"src_nb":[4,3145728,3145728,12582912],"src_ne":[786432,1,4,1],"wall_us":369.875,"width":786432}
M5_COPY_CALL {"copy_bytes":12582912,"dst_nb":[4,3145728,3145728,12582912],"dst_ne":[786432,1,4,1],"layout":"contiguous","phase":"measure","rows":4,"sample":28,"src_nb":[4,3145728,3145728,12582912],"src_ne":[786432,1,4,1],"width":786432}
M5_PROFILE {"context":"1056357a0","graph":118,"cb":1,"original_nodes":3,"gpu_start_s":246342.520643625,"gpu_end_s":246342.520855042,"gpu_ms":0.211417,"valid":true,"completed":true,"op_counts":{"CPY":1,"VIEW":2}}
M5_COPY_RETURN {"copy_bytes":12582912,"dst_nb":[4,3145728,3145728,12582912],"dst_ne":[786432,1,4,1],"layout":"contiguous","phase":"measure","rows":4,"sample":28,"src_nb":[4,3145728,3145728,12582912],"src_ne":[786432,1,4,1],"wall_us":490.416,"width":786432}
M5_COPY_CALL {"copy_bytes":12582912,"dst_nb":[4,3145728,3145728,12582912],"dst_ne":[786432,1,4,1],"layout":"contiguous","phase":"measure","rows":4,"sample":29,"src_nb":[4,3145728,3145728,12582912],"src_ne":[786432,1,4,1],"width":786432}
M5_PROFILE {"context":"1056357a0","graph":119,"cb":1,"original_nodes":3,"gpu_start_s":246342.521141375,"gpu_end_s":246342.521352875,"gpu_ms":0.211500,"valid":true,"completed":true,"op_counts":{"CPY":1,"VIEW":2}}
M5_COPY_RETURN {"copy_bytes":12582912,"dst_nb":[4,3145728,3145728,12582912],"dst_ne":[786432,1,4,1],"layout":"contiguous","phase":"measure","rows":4,"sample":29,"src_nb":[4,3145728,3145728,12582912],"src_ne":[786432,1,4,1],"wall_us":385.209,"width":786432}
M5_COPY_CALL {"copy_bytes":12582912,"dst_nb":[4,3145728,3145728,12582912],"dst_ne":[786432,1,4,1],"layout":"contiguous","phase":"measure","rows":4,"sample":30,"src_nb":[4,3145728,3145728,12582912],"src_ne":[786432,1,4,1],"width":786432}
M5_PROFILE {"context":"1056357a0","graph":120,"cb":1,"original_nodes":3,"gpu_start_s":246342.521516375,"gpu_end_s":246342.521727667,"gpu_ms":0.211292,"valid":true,"completed":true,"op_counts":{"CPY":1,"VIEW":2}}
M5_COPY_RETURN {"copy_bytes":12582912,"dst_nb":[4,3145728,3145728,12582912],"dst_ne":[786432,1,4,1],"layout":"contiguous","phase":"measure","rows":4,"sample":30,"src_nb":[4,3145728,3145728,12582912],"src_ne":[786432,1,4,1],"wall_us":367.417,"width":786432}
M5_COPY_CALL {"copy_bytes":12582912,"dst_nb":[4,3145728,3145728,12582912],"dst_ne":[786432,1,4,1],"layout":"contiguous","phase":"measure","rows":4,"sample":31,"src_nb":[4,3145728,3145728,12582912],"src_ne":[786432,1,4,1],"width":786432}
M5_PROFILE {"context":"1056357a0","graph":121,"cb":1,"original_nodes":3,"gpu_start_s":246342.521960875,"gpu_end_s":246342.522172167,"gpu_ms":0.211292,"valid":true,"completed":true,"op_counts":{"CPY":1,"VIEW":2}}
M5_COPY_RETURN {"copy_bytes":12582912,"dst_nb":[4,3145728,3145728,12582912],"dst_ne":[786432,1,4,1],"layout":"contiguous","phase":"measure","rows":4,"sample":31,"src_nb":[4,3145728,3145728,12582912],"src_ne":[786432,1,4,1],"wall_us":443.791,"width":786432}
M5_COPY_CALL {"copy_bytes":12582912,"dst_nb":[4,3145728,3145728,12582912],"dst_ne":[786432,1,4,1],"layout":"contiguous","phase":"measure","rows":4,"sample":32,"src_nb":[4,3145728,3145728,12582912],"src_ne":[786432,1,4,1],"width":786432}
M5_PROFILE {"context":"1056357a0","graph":122,"cb":1,"original_nodes":3,"gpu_start_s":246342.522352625,"gpu_end_s":246342.522564125,"gpu_ms":0.211500,"valid":true,"completed":true,"op_counts":{"CPY":1,"VIEW":2}}
M5_COPY_RETURN {"copy_bytes":12582912,"dst_nb":[4,3145728,3145728,12582912],"dst_ne":[786432,1,4,1],"layout":"contiguous","phase":"measure","rows":4,"sample":32,"src_nb":[4,3145728,3145728,12582912],"src_ne":[786432,1,4,1],"wall_us":389.0,"width":786432}
M5_COPY_CALL {"copy_bytes":12582912,"dst_nb":[4,3145728,3145728,12582912],"dst_ne":[786432,1,4,1],"layout":"contiguous","phase":"measure","rows":4,"sample":33,"src_nb":[4,3145728,3145728,12582912],"src_ne":[786432,1,4,1],"width":786432}
M5_PROFILE {"context":"1056357a0","graph":123,"cb":1,"original_nodes":3,"gpu_start_s":246342.522805250,"gpu_end_s":246342.523016625,"gpu_ms":0.211375,"valid":true,"completed":true,"op_counts":{"CPY":1,"VIEW":2}}
M5_COPY_RETURN {"copy_bytes":12582912,"dst_nb":[4,3145728,3145728,12582912],"dst_ne":[786432,1,4,1],"layout":"contiguous","phase":"measure","rows":4,"sample":33,"src_nb":[4,3145728,3145728,12582912],"src_ne":[786432,1,4,1],"wall_us":438.75,"width":786432}
M5_COPY_CALL {"copy_bytes":12582912,"dst_nb":[4,3145728,3145728,12582912],"dst_ne":[786432,1,4,1],"layout":"contiguous","phase":"measure","rows":4,"sample":34,"src_nb":[4,3145728,3145728,12582912],"src_ne":[786432,1,4,1],"width":786432}
M5_PROFILE {"context":"1056357a0","graph":124,"cb":1,"original_nodes":3,"gpu_start_s":246342.523250375,"gpu_end_s":246342.523461875,"gpu_ms":0.211500,"valid":true,"completed":true,"op_counts":{"CPY":1,"VIEW":2}}
M5_COPY_RETURN {"copy_bytes":12582912,"dst_nb":[4,3145728,3145728,12582912],"dst_ne":[786432,1,4,1],"layout":"contiguous","phase":"measure","rows":4,"sample":34,"src_nb":[4,3145728,3145728,12582912],"src_ne":[786432,1,4,1],"wall_us":438.167,"width":786432}
M5_COPY_CALL {"copy_bytes":12582912,"dst_nb":[4,3145728,3145728,12582912],"dst_ne":[786432,1,4,1],"layout":"contiguous","phase":"measure","rows":4,"sample":35,"src_nb":[4,3145728,3145728,12582912],"src_ne":[786432,1,4,1],"width":786432}
M5_PROFILE {"context":"1056357a0","graph":125,"cb":1,"original_nodes":3,"gpu_start_s":246342.523636792,"gpu_end_s":246342.523848125,"gpu_ms":0.211333,"valid":true,"completed":true,"op_counts":{"CPY":1,"VIEW":2}}
M5_COPY_RETURN {"copy_bytes":12582912,"dst_nb":[4,3145728,3145728,12582912],"dst_ne":[786432,1,4,1],"layout":"contiguous","phase":"measure","rows":4,"sample":35,"src_nb":[4,3145728,3145728,12582912],"src_ne":[786432,1,4,1],"wall_us":378.167,"width":786432}
M5_COPY_CALL {"copy_bytes":12582912,"dst_nb":[4,3145728,3145728,12582912],"dst_ne":[786432,1,4,1],"layout":"contiguous","phase":"measure","rows":4,"sample":36,"src_nb":[4,3145728,3145728,12582912],"src_ne":[786432,1,4,1],"width":786432}
M5_PROFILE {"context":"1056357a0","graph":126,"cb":1,"original_nodes":3,"gpu_start_s":246342.524021125,"gpu_end_s":246342.524232792,"gpu_ms":0.211667,"valid":true,"completed":true,"op_counts":{"CPY":1,"VIEW":2}}
M5_COPY_RETURN {"copy_bytes":12582912,"dst_nb":[4,3145728,3145728,12582912],"dst_ne":[786432,1,4,1],"layout":"contiguous","phase":"measure","rows":4,"sample":36,"src_nb":[4,3145728,3145728,12582912],"src_ne":[786432,1,4,1],"wall_us":377.875,"width":786432}
M5_COPY_CALL {"copy_bytes":12582912,"dst_nb":[4,3145728,3145728,12582912],"dst_ne":[786432,1,4,1],"layout":"contiguous","phase":"measure","rows":4,"sample":37,"src_nb":[4,3145728,3145728,12582912],"src_ne":[786432,1,4,1],"width":786432}
M5_PROFILE {"context":"1056357a0","graph":127,"cb":1,"original_nodes":3,"gpu_start_s":246342.524406792,"gpu_end_s":246342.524618417,"gpu_ms":0.211625,"valid":true,"completed":true,"op_counts":{"CPY":1,"VIEW":2}}
M5_COPY_RETURN {"copy_bytes":12582912,"dst_nb":[4,3145728,3145728,12582912],"dst_ne":[786432,1,4,1],"layout":"contiguous","phase":"measure","rows":4,"sample":37,"src_nb":[4,3145728,3145728,12582912],"src_ne":[786432,1,4,1],"wall_us":378.333,"width":786432}
M5_COPY_CALL {"copy_bytes":12582912,"dst_nb":[4,3145728,3145728,12582912],"dst_ne":[786432,1,4,1],"layout":"contiguous","phase":"measure","rows":4,"sample":38,"src_nb":[4,3145728,3145728,12582912],"src_ne":[786432,1,4,1],"width":786432}
M5_PROFILE {"context":"1056357a0","graph":128,"cb":1,"original_nodes":3,"gpu_start_s":246342.524799250,"gpu_end_s":246342.525010750,"gpu_ms":0.211500,"valid":true,"completed":true,"op_counts":{"CPY":1,"VIEW":2}}
M5_COPY_RETURN {"copy_bytes":12582912,"dst_nb":[4,3145728,3145728,12582912],"dst_ne":[786432,1,4,1],"layout":"contiguous","phase":"measure","rows":4,"sample":38,"src_nb":[4,3145728,3145728,12582912],"src_ne":[786432,1,4,1],"wall_us":380.875,"width":786432}
M5_COPY_CALL {"copy_bytes":12582912,"dst_nb":[4,3145728,3145728,12582912],"dst_ne":[786432,1,4,1],"layout":"contiguous","phase":"measure","rows":4,"sample":39,"src_nb":[4,3145728,3145728,12582912],"src_ne":[786432,1,4,1],"width":786432}
M5_PROFILE {"context":"1056357a0","graph":129,"cb":1,"original_nodes":3,"gpu_start_s":246342.525172500,"gpu_end_s":246342.525384000,"gpu_ms":0.211500,"valid":true,"completed":true,"op_counts":{"CPY":1,"VIEW":2}}
M5_COPY_RETURN {"copy_bytes":12582912,"dst_nb":[4,3145728,3145728,12582912],"dst_ne":[786432,1,4,1],"layout":"contiguous","phase":"measure","rows":4,"sample":39,"src_nb":[4,3145728,3145728,12582912],"src_ne":[786432,1,4,1],"wall_us":360.75,"width":786432}
M5_COPY_PASS {"copy_bytes":12582912,"dst_nb":[4,3145728,3145728,12582912],"dst_ne":[786432,1,4,1],"layout":"contiguous","rows":4,"src_nb":[4,3145728,3145728,12582912],"src_ne":[786432,1,4,1],"width":786432}
M5_COPY_CALL {"copy_bytes":12582912,"dst_nb":[4,3145728,18874368,75497472],"dst_ne":[786432,1,4,1],"layout":"strided","phase":"warmup","rows":4,"sample":-3,"src_nb":[4,3145728,3145744,12582976],"src_ne":[786432,1,4,1],"width":786432}
M5_PROFILE {"context":"1056357a0","graph":130,"cb":1,"original_nodes":3,"gpu_start_s":246342.554132542,"gpu_end_s":246342.554566875,"gpu_ms":0.434333,"valid":true,"completed":true,"op_counts":{"CPY":1,"VIEW":2}}
M5_COPY_RETURN {"copy_bytes":12582912,"dst_nb":[4,3145728,18874368,75497472],"dst_ne":[786432,1,4,1],"layout":"strided","phase":"warmup","rows":4,"sample":-3,"src_nb":[4,3145728,3145744,12582976],"src_ne":[786432,1,4,1],"wall_us":1495.958,"width":786432}
M5_COPY_CALL {"copy_bytes":12582912,"dst_nb":[4,3145728,18874368,75497472],"dst_ne":[786432,1,4,1],"layout":"strided","phase":"warmup","rows":4,"sample":-2,"src_nb":[4,3145728,3145744,12582976],"src_ne":[786432,1,4,1],"width":786432}
M5_PROFILE {"context":"1056357a0","graph":131,"cb":1,"original_nodes":3,"gpu_start_s":246342.554751500,"gpu_end_s":246342.555020625,"gpu_ms":0.269125,"valid":true,"completed":true,"op_counts":{"CPY":1,"VIEW":2}}
M5_COPY_RETURN {"copy_bytes":12582912,"dst_nb":[4,3145728,18874368,75497472],"dst_ne":[786432,1,4,1],"layout":"strided","phase":"warmup","rows":4,"sample":-2,"src_nb":[4,3145728,3145744,12582976],"src_ne":[786432,1,4,1],"wall_us":435.584,"width":786432}
M5_COPY_CALL {"copy_bytes":12582912,"dst_nb":[4,3145728,18874368,75497472],"dst_ne":[786432,1,4,1],"layout":"strided","phase":"warmup","rows":4,"sample":-1,"src_nb":[4,3145728,3145744,12582976],"src_ne":[786432,1,4,1],"width":786432}
M5_PROFILE {"context":"1056357a0","graph":132,"cb":1,"original_nodes":3,"gpu_start_s":246342.555227750,"gpu_end_s":246342.555496792,"gpu_ms":0.269042,"valid":true,"completed":true,"op_counts":{"CPY":1,"VIEW":2}}
M5_COPY_RETURN {"copy_bytes":12582912,"dst_nb":[4,3145728,18874368,75497472],"dst_ne":[786432,1,4,1],"layout":"strided","phase":"warmup","rows":4,"sample":-1,"src_nb":[4,3145728,3145744,12582976],"src_ne":[786432,1,4,1],"wall_us":465.625,"width":786432}
M5_COPY_CALL {"copy_bytes":12582912,"dst_nb":[4,3145728,18874368,75497472],"dst_ne":[786432,1,4,1],"layout":"strided","phase":"measure","rows":4,"sample":0,"src_nb":[4,3145728,3145744,12582976],"src_ne":[786432,1,4,1],"width":786432}
M5_PROFILE {"context":"1056357a0","graph":133,"cb":1,"original_nodes":3,"gpu_start_s":246342.555696875,"gpu_end_s":246342.555966000,"gpu_ms":0.269125,"valid":true,"completed":true,"op_counts":{"CPY":1,"VIEW":2}}
M5_COPY_RETURN {"copy_bytes":12582912,"dst_nb":[4,3145728,18874368,75497472],"dst_ne":[786432,1,4,1],"layout":"strided","phase":"measure","rows":4,"sample":0,"src_nb":[4,3145728,3145744,12582976],"src_ne":[786432,1,4,1],"wall_us":455.75,"width":786432}
M5_COPY_CALL {"copy_bytes":12582912,"dst_nb":[4,3145728,18874368,75497472],"dst_ne":[786432,1,4,1],"layout":"strided","phase":"measure","rows":4,"sample":1,"src_nb":[4,3145728,3145744,12582976],"src_ne":[786432,1,4,1],"width":786432}
M5_PROFILE {"context":"1056357a0","graph":134,"cb":1,"original_nodes":3,"gpu_start_s":246342.556163500,"gpu_end_s":246342.556447667,"gpu_ms":0.284167,"valid":true,"completed":true,"op_counts":{"CPY":1,"VIEW":2}}
M5_COPY_RETURN {"copy_bytes":12582912,"dst_nb":[4,3145728,18874368,75497472],"dst_ne":[786432,1,4,1],"layout":"strided","phase":"measure","rows":4,"sample":1,"src_nb":[4,3145728,3145744,12582976],"src_ne":[786432,1,4,1],"wall_us":458.833,"width":786432}
M5_COPY_CALL {"copy_bytes":12582912,"dst_nb":[4,3145728,18874368,75497472],"dst_ne":[786432,1,4,1],"layout":"strided","phase":"measure","rows":4,"sample":2,"src_nb":[4,3145728,3145744,12582976],"src_ne":[786432,1,4,1],"width":786432}
M5_PROFILE {"context":"1056357a0","graph":135,"cb":1,"original_nodes":3,"gpu_start_s":246342.556613750,"gpu_end_s":246342.556904667,"gpu_ms":0.290917,"valid":true,"completed":true,"op_counts":{"CPY":1,"VIEW":2}}
M5_COPY_RETURN {"copy_bytes":12582912,"dst_nb":[4,3145728,18874368,75497472],"dst_ne":[786432,1,4,1],"layout":"strided","phase":"measure","rows":4,"sample":2,"src_nb":[4,3145728,3145744,12582976],"src_ne":[786432,1,4,1],"wall_us":453.042,"width":786432}
M5_COPY_CALL {"copy_bytes":12582912,"dst_nb":[4,3145728,18874368,75497472],"dst_ne":[786432,1,4,1],"layout":"strided","phase":"measure","rows":4,"sample":3,"src_nb":[4,3145728,3145744,12582976],"src_ne":[786432,1,4,1],"width":786432}
M5_PROFILE {"context":"1056357a0","graph":136,"cb":1,"original_nodes":3,"gpu_start_s":246342.557077250,"gpu_end_s":246342.557367625,"gpu_ms":0.290375,"valid":true,"completed":true,"op_counts":{"CPY":1,"VIEW":2}}
M5_COPY_RETURN {"copy_bytes":12582912,"dst_nb":[4,3145728,18874368,75497472],"dst_ne":[786432,1,4,1],"layout":"strided","phase":"measure","rows":4,"sample":3,"src_nb":[4,3145728,3145744,12582976],"src_ne":[786432,1,4,1],"wall_us":451.375,"width":786432}
M5_COPY_CALL {"copy_bytes":12582912,"dst_nb":[4,3145728,18874368,75497472],"dst_ne":[786432,1,4,1],"layout":"strided","phase":"measure","rows":4,"sample":4,"src_nb":[4,3145728,3145744,12582976],"src_ne":[786432,1,4,1],"width":786432}
M5_PROFILE {"context":"1056357a0","graph":137,"cb":1,"original_nodes":3,"gpu_start_s":246342.557647000,"gpu_end_s":246342.557916292,"gpu_ms":0.269292,"valid":true,"completed":true,"op_counts":{"CPY":1,"VIEW":2}}
M5_COPY_RETURN {"copy_bytes":12582912,"dst_nb":[4,3145728,18874368,75497472],"dst_ne":[786432,1,4,1],"layout":"strided","phase":"measure","rows":4,"sample":4,"src_nb":[4,3145728,3145744,12582976],"src_ne":[786432,1,4,1],"wall_us":540.083,"width":786432}
M5_COPY_CALL {"copy_bytes":12582912,"dst_nb":[4,3145728,18874368,75497472],"dst_ne":[786432,1,4,1],"layout":"strided","phase":"measure","rows":4,"sample":5,"src_nb":[4,3145728,3145744,12582976],"src_ne":[786432,1,4,1],"width":786432}
M5_PROFILE {"context":"1056357a0","graph":138,"cb":1,"original_nodes":3,"gpu_start_s":246342.558150625,"gpu_end_s":246342.558419667,"gpu_ms":0.269042,"valid":true,"completed":true,"op_counts":{"CPY":1,"VIEW":2}}
M5_COPY_RETURN {"copy_bytes":12582912,"dst_nb":[4,3145728,18874368,75497472],"dst_ne":[786432,1,4,1],"layout":"strided","phase":"measure","rows":4,"sample":5,"src_nb":[4,3145728,3145744,12582976],"src_ne":[786432,1,4,1],"wall_us":495.375,"width":786432}
M5_COPY_CALL {"copy_bytes":12582912,"dst_nb":[4,3145728,18874368,75497472],"dst_ne":[786432,1,4,1],"layout":"strided","phase":"measure","rows":4,"sample":6,"src_nb":[4,3145728,3145744,12582976],"src_ne":[786432,1,4,1],"width":786432}
M5_PROFILE {"context":"1056357a0","graph":139,"cb":1,"original_nodes":3,"gpu_start_s":246342.558600375,"gpu_end_s":246342.558869417,"gpu_ms":0.269042,"valid":true,"completed":true,"op_counts":{"CPY":1,"VIEW":2}}
M5_COPY_RETURN {"copy_bytes":12582912,"dst_nb":[4,3145728,18874368,75497472],"dst_ne":[786432,1,4,1],"layout":"strided","phase":"measure","rows":4,"sample":6,"src_nb":[4,3145728,3145744,12582976],"src_ne":[786432,1,4,1],"wall_us":445.25,"width":786432}
M5_COPY_CALL {"copy_bytes":12582912,"dst_nb":[4,3145728,18874368,75497472],"dst_ne":[786432,1,4,1],"layout":"strided","phase":"measure","rows":4,"sample":7,"src_nb":[4,3145728,3145744,12582976],"src_ne":[786432,1,4,1],"width":786432}
M5_PROFILE {"context":"1056357a0","graph":140,"cb":1,"original_nodes":3,"gpu_start_s":246342.559048375,"gpu_end_s":246342.559317375,"gpu_ms":0.269000,"valid":true,"completed":true,"op_counts":{"CPY":1,"VIEW":2}}
M5_COPY_RETURN {"copy_bytes":12582912,"dst_nb":[4,3145728,18874368,75497472],"dst_ne":[786432,1,4,1],"layout":"strided","phase":"measure","rows":4,"sample":7,"src_nb":[4,3145728,3145744,12582976],"src_ne":[786432,1,4,1],"wall_us":436.167,"width":786432}
M5_COPY_CALL {"copy_bytes":12582912,"dst_nb":[4,3145728,18874368,75497472],"dst_ne":[786432,1,4,1],"layout":"strided","phase":"measure","rows":4,"sample":8,"src_nb":[4,3145728,3145744,12582976],"src_ne":[786432,1,4,1],"width":786432}
M5_PROFILE {"context":"1056357a0","graph":141,"cb":1,"original_nodes":3,"gpu_start_s":246342.559496292,"gpu_end_s":246342.559765750,"gpu_ms":0.269458,"valid":true,"completed":true,"op_counts":{"CPY":1,"VIEW":2}}
M5_COPY_RETURN {"copy_bytes":12582912,"dst_nb":[4,3145728,18874368,75497472],"dst_ne":[786432,1,4,1],"layout":"strided","phase":"measure","rows":4,"sample":8,"src_nb":[4,3145728,3145744,12582976],"src_ne":[786432,1,4,1],"wall_us":449.584,"width":786432}
M5_COPY_CALL {"copy_bytes":12582912,"dst_nb":[4,3145728,18874368,75497472],"dst_ne":[786432,1,4,1],"layout":"strided","phase":"measure","rows":4,"sample":9,"src_nb":[4,3145728,3145744,12582976],"src_ne":[786432,1,4,1],"width":786432}
M5_PROFILE {"context":"1056357a0","graph":142,"cb":1,"original_nodes":3,"gpu_start_s":246342.559963917,"gpu_end_s":246342.560234125,"gpu_ms":0.270208,"valid":true,"completed":true,"op_counts":{"CPY":1,"VIEW":2}}
M5_COPY_RETURN {"copy_bytes":12582912,"dst_nb":[4,3145728,18874368,75497472],"dst_ne":[786432,1,4,1],"layout":"strided","phase":"measure","rows":4,"sample":9,"src_nb":[4,3145728,3145744,12582976],"src_ne":[786432,1,4,1],"wall_us":455.042,"width":786432}
M5_COPY_CALL {"copy_bytes":12582912,"dst_nb":[4,3145728,18874368,75497472],"dst_ne":[786432,1,4,1],"layout":"strided","phase":"measure","rows":4,"sample":10,"src_nb":[4,3145728,3145744,12582976],"src_ne":[786432,1,4,1],"width":786432}
M5_PROFILE {"context":"1056357a0","graph":143,"cb":1,"original_nodes":3,"gpu_start_s":246342.560438167,"gpu_end_s":246342.560707667,"gpu_ms":0.269500,"valid":true,"completed":true,"op_counts":{"CPY":1,"VIEW":2}}
M5_COPY_RETURN {"copy_bytes":12582912,"dst_nb":[4,3145728,18874368,75497472],"dst_ne":[786432,1,4,1],"layout":"strided","phase":"measure","rows":4,"sample":10,"src_nb":[4,3145728,3145744,12582976],"src_ne":[786432,1,4,1],"wall_us":470.667,"width":786432}
M5_COPY_CALL {"copy_bytes":12582912,"dst_nb":[4,3145728,18874368,75497472],"dst_ne":[786432,1,4,1],"layout":"strided","phase":"measure","rows":4,"sample":11,"src_nb":[4,3145728,3145744,12582976],"src_ne":[786432,1,4,1],"width":786432}
M5_PROFILE {"context":"1056357a0","graph":144,"cb":1,"original_nodes":3,"gpu_start_s":246342.560903625,"gpu_end_s":246342.561173000,"gpu_ms":0.269375,"valid":true,"completed":true,"op_counts":{"CPY":1,"VIEW":2}}
M5_COPY_RETURN {"copy_bytes":12582912,"dst_nb":[4,3145728,18874368,75497472],"dst_ne":[786432,1,4,1],"layout":"strided","phase":"measure","rows":4,"sample":11,"src_nb":[4,3145728,3145744,12582976],"src_ne":[786432,1,4,1],"wall_us":453.208,"width":786432}
M5_COPY_CALL {"copy_bytes":12582912,"dst_nb":[4,3145728,18874368,75497472],"dst_ne":[786432,1,4,1],"layout":"strided","phase":"measure","rows":4,"sample":12,"src_nb":[4,3145728,3145744,12582976],"src_ne":[786432,1,4,1],"width":786432}
M5_PROFILE {"context":"1056357a0","graph":145,"cb":1,"original_nodes":3,"gpu_start_s":246342.561353875,"gpu_end_s":246342.561623125,"gpu_ms":0.269250,"valid":true,"completed":true,"op_counts":{"CPY":1,"VIEW":2}}
M5_COPY_RETURN {"copy_bytes":12582912,"dst_nb":[4,3145728,18874368,75497472],"dst_ne":[786432,1,4,1],"layout":"strided","phase":"measure","rows":4,"sample":12,"src_nb":[4,3145728,3145744,12582976],"src_ne":[786432,1,4,1],"wall_us":438.292,"width":786432}
M5_COPY_CALL {"copy_bytes":12582912,"dst_nb":[4,3145728,18874368,75497472],"dst_ne":[786432,1,4,1],"layout":"strided","phase":"measure","rows":4,"sample":13,"src_nb":[4,3145728,3145744,12582976],"src_ne":[786432,1,4,1],"width":786432}
M5_PROFILE {"context":"1056357a0","graph":146,"cb":1,"original_nodes":3,"gpu_start_s":246342.561792167,"gpu_end_s":246342.562061125,"gpu_ms":0.268958,"valid":true,"completed":true,"op_counts":{"CPY":1,"VIEW":2}}
M5_COPY_RETURN {"copy_bytes":12582912,"dst_nb":[4,3145728,18874368,75497472],"dst_ne":[786432,1,4,1],"layout":"strided","phase":"measure","rows":4,"sample":13,"src_nb":[4,3145728,3145744,12582976],"src_ne":[786432,1,4,1],"wall_us":430.292,"width":786432}
M5_COPY_CALL {"copy_bytes":12582912,"dst_nb":[4,3145728,18874368,75497472],"dst_ne":[786432,1,4,1],"layout":"strided","phase":"measure","rows":4,"sample":14,"src_nb":[4,3145728,3145744,12582976],"src_ne":[786432,1,4,1],"width":786432}
M5_PROFILE {"context":"1056357a0","graph":147,"cb":1,"original_nodes":3,"gpu_start_s":246342.562262375,"gpu_end_s":246342.562532167,"gpu_ms":0.269792,"valid":true,"completed":true,"op_counts":{"CPY":1,"VIEW":2}}
M5_COPY_RETURN {"copy_bytes":12582912,"dst_nb":[4,3145728,18874368,75497472],"dst_ne":[786432,1,4,1],"layout":"strided","phase":"measure","rows":4,"sample":14,"src_nb":[4,3145728,3145744,12582976],"src_ne":[786432,1,4,1],"wall_us":469.625,"width":786432}
M5_COPY_CALL {"copy_bytes":12582912,"dst_nb":[4,3145728,18874368,75497472],"dst_ne":[786432,1,4,1],"layout":"strided","phase":"measure","rows":4,"sample":15,"src_nb":[4,3145728,3145744,12582976],"src_ne":[786432,1,4,1],"width":786432}
M5_PROFILE {"context":"1056357a0","graph":148,"cb":1,"original_nodes":3,"gpu_start_s":246342.562717042,"gpu_end_s":246342.562986250,"gpu_ms":0.269208,"valid":true,"completed":true,"op_counts":{"CPY":1,"VIEW":2}}
M5_COPY_RETURN {"copy_bytes":12582912,"dst_nb":[4,3145728,18874368,75497472],"dst_ne":[786432,1,4,1],"layout":"strided","phase":"measure","rows":4,"sample":15,"src_nb":[4,3145728,3145744,12582976],"src_ne":[786432,1,4,1],"wall_us":443.333,"width":786432}
M5_COPY_CALL {"copy_bytes":12582912,"dst_nb":[4,3145728,18874368,75497472],"dst_ne":[786432,1,4,1],"layout":"strided","phase":"measure","rows":4,"sample":16,"src_nb":[4,3145728,3145744,12582976],"src_ne":[786432,1,4,1],"width":786432}
M5_PROFILE {"context":"1056357a0","graph":149,"cb":1,"original_nodes":3,"gpu_start_s":246342.563167667,"gpu_end_s":246342.563436917,"gpu_ms":0.269250,"valid":true,"completed":true,"op_counts":{"CPY":1,"VIEW":2}}
M5_COPY_RETURN {"copy_bytes":12582912,"dst_nb":[4,3145728,18874368,75497472],"dst_ne":[786432,1,4,1],"layout":"strided","phase":"measure","rows":4,"sample":16,"src_nb":[4,3145728,3145744,12582976],"src_ne":[786432,1,4,1],"wall_us":440.208,"width":786432}
M5_COPY_CALL {"copy_bytes":12582912,"dst_nb":[4,3145728,18874368,75497472],"dst_ne":[786432,1,4,1],"layout":"strided","phase":"measure","rows":4,"sample":17,"src_nb":[4,3145728,3145744,12582976],"src_ne":[786432,1,4,1],"width":786432}
M5_PROFILE {"context":"1056357a0","graph":150,"cb":1,"original_nodes":3,"gpu_start_s":246342.563604917,"gpu_end_s":246342.563874000,"gpu_ms":0.269083,"valid":true,"completed":true,"op_counts":{"CPY":1,"VIEW":2}}
M5_COPY_RETURN {"copy_bytes":12582912,"dst_nb":[4,3145728,18874368,75497472],"dst_ne":[786432,1,4,1],"layout":"strided","phase":"measure","rows":4,"sample":17,"src_nb":[4,3145728,3145744,12582976],"src_ne":[786432,1,4,1],"wall_us":522.958,"width":786432}
M5_COPY_CALL {"copy_bytes":12582912,"dst_nb":[4,3145728,18874368,75497472],"dst_ne":[786432,1,4,1],"layout":"strided","phase":"measure","rows":4,"sample":18,"src_nb":[4,3145728,3145744,12582976],"src_ne":[786432,1,4,1],"width":786432}
M5_PROFILE {"context":"1056357a0","graph":151,"cb":1,"original_nodes":3,"gpu_start_s":246342.564157375,"gpu_end_s":246342.564420042,"gpu_ms":0.262667,"valid":true,"completed":true,"op_counts":{"CPY":1,"VIEW":2}}
M5_COPY_RETURN {"copy_bytes":12582912,"dst_nb":[4,3145728,18874368,75497472],"dst_ne":[786432,1,4,1],"layout":"strided","phase":"measure","rows":4,"sample":18,"src_nb":[4,3145728,3145744,12582976],"src_ne":[786432,1,4,1],"wall_us":432.167,"width":786432}
M5_COPY_CALL {"copy_bytes":12582912,"dst_nb":[4,3145728,18874368,75497472],"dst_ne":[786432,1,4,1],"layout":"strided","phase":"measure","rows":4,"sample":19,"src_nb":[4,3145728,3145744,12582976],"src_ne":[786432,1,4,1],"width":786432}
M5_PROFILE {"context":"1056357a0","graph":152,"cb":1,"original_nodes":3,"gpu_start_s":246342.564715500,"gpu_end_s":246342.564928125,"gpu_ms":0.212625,"valid":true,"completed":true,"op_counts":{"CPY":1,"VIEW":2}}
M5_COPY_RETURN {"copy_bytes":12582912,"dst_nb":[4,3145728,18874368,75497472],"dst_ne":[786432,1,4,1],"layout":"strided","phase":"measure","rows":4,"sample":19,"src_nb":[4,3145728,3145744,12582976],"src_ne":[786432,1,4,1],"wall_us":489.667,"width":786432}
M5_COPY_CALL {"copy_bytes":12582912,"dst_nb":[4,3145728,18874368,75497472],"dst_ne":[786432,1,4,1],"layout":"strided","phase":"measure","rows":4,"sample":20,"src_nb":[4,3145728,3145744,12582976],"src_ne":[786432,1,4,1],"width":786432}
M5_PROFILE {"context":"1056357a0","graph":153,"cb":1,"original_nodes":3,"gpu_start_s":246342.565192250,"gpu_end_s":246342.565404667,"gpu_ms":0.212417,"valid":true,"completed":true,"op_counts":{"CPY":1,"VIEW":2}}
M5_COPY_RETURN {"copy_bytes":12582912,"dst_nb":[4,3145728,18874368,75497472],"dst_ne":[786432,1,4,1],"layout":"strided","phase":"measure","rows":4,"sample":20,"src_nb":[4,3145728,3145744,12582976],"src_ne":[786432,1,4,1],"wall_us":474.791,"width":786432}
M5_COPY_CALL {"copy_bytes":12582912,"dst_nb":[4,3145728,18874368,75497472],"dst_ne":[786432,1,4,1],"layout":"strided","phase":"measure","rows":4,"sample":21,"src_nb":[4,3145728,3145744,12582976],"src_ne":[786432,1,4,1],"width":786432}
M5_PROFILE {"context":"1056357a0","graph":154,"cb":1,"original_nodes":3,"gpu_start_s":246342.565561625,"gpu_end_s":246342.565773917,"gpu_ms":0.212292,"valid":true,"completed":true,"op_counts":{"CPY":1,"VIEW":2}}
M5_COPY_RETURN {"copy_bytes":12582912,"dst_nb":[4,3145728,18874368,75497472],"dst_ne":[786432,1,4,1],"layout":"strided","phase":"measure","rows":4,"sample":21,"src_nb":[4,3145728,3145744,12582976],"src_ne":[786432,1,4,1],"wall_us":360.167,"width":786432}
M5_COPY_CALL {"copy_bytes":12582912,"dst_nb":[4,3145728,18874368,75497472],"dst_ne":[786432,1,4,1],"layout":"strided","phase":"measure","rows":4,"sample":22,"src_nb":[4,3145728,3145744,12582976],"src_ne":[786432,1,4,1],"width":786432}
M5_PROFILE {"context":"1056357a0","graph":155,"cb":1,"original_nodes":3,"gpu_start_s":246342.565951125,"gpu_end_s":246342.566163500,"gpu_ms":0.212375,"valid":true,"completed":true,"op_counts":{"CPY":1,"VIEW":2}}
M5_COPY_RETURN {"copy_bytes":12582912,"dst_nb":[4,3145728,18874368,75497472],"dst_ne":[786432,1,4,1],"layout":"strided","phase":"measure","rows":4,"sample":22,"src_nb":[4,3145728,3145744,12582976],"src_ne":[786432,1,4,1],"wall_us":384.709,"width":786432}
M5_COPY_CALL {"copy_bytes":12582912,"dst_nb":[4,3145728,18874368,75497472],"dst_ne":[786432,1,4,1],"layout":"strided","phase":"measure","rows":4,"sample":23,"src_nb":[4,3145728,3145744,12582976],"src_ne":[786432,1,4,1],"width":786432}
M5_PROFILE {"context":"1056357a0","graph":156,"cb":1,"original_nodes":3,"gpu_start_s":246342.566343000,"gpu_end_s":246342.566555375,"gpu_ms":0.212375,"valid":true,"completed":true,"op_counts":{"CPY":1,"VIEW":2}}
M5_COPY_RETURN {"copy_bytes":12582912,"dst_nb":[4,3145728,18874368,75497472],"dst_ne":[786432,1,4,1],"layout":"strided","phase":"measure","rows":4,"sample":23,"src_nb":[4,3145728,3145744,12582976],"src_ne":[786432,1,4,1],"wall_us":377.333,"width":786432}
M5_COPY_CALL {"copy_bytes":12582912,"dst_nb":[4,3145728,18874368,75497472],"dst_ne":[786432,1,4,1],"layout":"strided","phase":"measure","rows":4,"sample":24,"src_nb":[4,3145728,3145744,12582976],"src_ne":[786432,1,4,1],"width":786432}
M5_PROFILE {"context":"1056357a0","graph":157,"cb":1,"original_nodes":3,"gpu_start_s":246342.566733875,"gpu_end_s":246342.566946375,"gpu_ms":0.212500,"valid":true,"completed":true,"op_counts":{"CPY":1,"VIEW":2}}
M5_COPY_RETURN {"copy_bytes":12582912,"dst_nb":[4,3145728,18874368,75497472],"dst_ne":[786432,1,4,1],"layout":"strided","phase":"measure","rows":4,"sample":24,"src_nb":[4,3145728,3145744,12582976],"src_ne":[786432,1,4,1],"wall_us":485.792,"width":786432}
M5_COPY_CALL {"copy_bytes":12582912,"dst_nb":[4,3145728,18874368,75497472],"dst_ne":[786432,1,4,1],"layout":"strided","phase":"measure","rows":4,"sample":25,"src_nb":[4,3145728,3145744,12582976],"src_ne":[786432,1,4,1],"width":786432}
M5_PROFILE {"context":"1056357a0","graph":158,"cb":1,"original_nodes":3,"gpu_start_s":246342.567237875,"gpu_end_s":246342.567450375,"gpu_ms":0.212500,"valid":true,"completed":true,"op_counts":{"CPY":1,"VIEW":2}}
M5_COPY_RETURN {"copy_bytes":12582912,"dst_nb":[4,3145728,18874368,75497472],"dst_ne":[786432,1,4,1],"layout":"strided","phase":"measure","rows":4,"sample":25,"src_nb":[4,3145728,3145744,12582976],"src_ne":[786432,1,4,1],"wall_us":383.625,"width":786432}
M5_COPY_CALL {"copy_bytes":12582912,"dst_nb":[4,3145728,18874368,75497472],"dst_ne":[786432,1,4,1],"layout":"strided","phase":"measure","rows":4,"sample":26,"src_nb":[4,3145728,3145744,12582976],"src_ne":[786432,1,4,1],"width":786432}
M5_PROFILE {"context":"1056357a0","graph":159,"cb":1,"original_nodes":3,"gpu_start_s":246342.567611375,"gpu_end_s":246342.567823875,"gpu_ms":0.212500,"valid":true,"completed":true,"op_counts":{"CPY":1,"VIEW":2}}
M5_COPY_RETURN {"copy_bytes":12582912,"dst_nb":[4,3145728,18874368,75497472],"dst_ne":[786432,1,4,1],"layout":"strided","phase":"measure","rows":4,"sample":26,"src_nb":[4,3145728,3145744,12582976],"src_ne":[786432,1,4,1],"wall_us":365.959,"width":786432}
M5_COPY_CALL {"copy_bytes":12582912,"dst_nb":[4,3145728,18874368,75497472],"dst_ne":[786432,1,4,1],"layout":"strided","phase":"measure","rows":4,"sample":27,"src_nb":[4,3145728,3145744,12582976],"src_ne":[786432,1,4,1],"width":786432}
M5_PROFILE {"context":"1056357a0","graph":160,"cb":1,"original_nodes":3,"gpu_start_s":246342.568058542,"gpu_end_s":246342.568271292,"gpu_ms":0.212750,"valid":true,"completed":true,"op_counts":{"CPY":1,"VIEW":2}}
M5_COPY_RETURN {"copy_bytes":12582912,"dst_nb":[4,3145728,18874368,75497472],"dst_ne":[786432,1,4,1],"layout":"strided","phase":"measure","rows":4,"sample":27,"src_nb":[4,3145728,3145744,12582976],"src_ne":[786432,1,4,1],"wall_us":436.708,"width":786432}
M5_COPY_CALL {"copy_bytes":12582912,"dst_nb":[4,3145728,18874368,75497472],"dst_ne":[786432,1,4,1],"layout":"strided","phase":"measure","rows":4,"sample":28,"src_nb":[4,3145728,3145744,12582976],"src_ne":[786432,1,4,1],"width":786432}
M5_PROFILE {"context":"1056357a0","graph":161,"cb":1,"original_nodes":3,"gpu_start_s":246342.568448000,"gpu_end_s":246342.568660625,"gpu_ms":0.212625,"valid":true,"completed":true,"op_counts":{"CPY":1,"VIEW":2}}
M5_COPY_RETURN {"copy_bytes":12582912,"dst_nb":[4,3145728,18874368,75497472],"dst_ne":[786432,1,4,1],"layout":"strided","phase":"measure","rows":4,"sample":28,"src_nb":[4,3145728,3145744,12582976],"src_ne":[786432,1,4,1],"wall_us":384.416,"width":786432}
M5_COPY_CALL {"copy_bytes":12582912,"dst_nb":[4,3145728,18874368,75497472],"dst_ne":[786432,1,4,1],"layout":"strided","phase":"measure","rows":4,"sample":29,"src_nb":[4,3145728,3145744,12582976],"src_ne":[786432,1,4,1],"width":786432}
M5_PROFILE {"context":"1056357a0","graph":162,"cb":1,"original_nodes":3,"gpu_start_s":246342.568820375,"gpu_end_s":246342.569032917,"gpu_ms":0.212542,"valid":true,"completed":true,"op_counts":{"CPY":1,"VIEW":2}}
M5_COPY_RETURN {"copy_bytes":12582912,"dst_nb":[4,3145728,18874368,75497472],"dst_ne":[786432,1,4,1],"layout":"strided","phase":"measure","rows":4,"sample":29,"src_nb":[4,3145728,3145744,12582976],"src_ne":[786432,1,4,1],"wall_us":362.292,"width":786432}
M5_COPY_CALL {"copy_bytes":12582912,"dst_nb":[4,3145728,18874368,75497472],"dst_ne":[786432,1,4,1],"layout":"strided","phase":"measure","rows":4,"sample":30,"src_nb":[4,3145728,3145744,12582976],"src_ne":[786432,1,4,1],"width":786432}
M5_PROFILE {"context":"1056357a0","graph":163,"cb":1,"original_nodes":3,"gpu_start_s":246342.569201125,"gpu_end_s":246342.569413542,"gpu_ms":0.212417,"valid":true,"completed":true,"op_counts":{"CPY":1,"VIEW":2}}
M5_COPY_RETURN {"copy_bytes":12582912,"dst_nb":[4,3145728,18874368,75497472],"dst_ne":[786432,1,4,1],"layout":"strided","phase":"measure","rows":4,"sample":30,"src_nb":[4,3145728,3145744,12582976],"src_ne":[786432,1,4,1],"wall_us":380.291,"width":786432}
M5_COPY_CALL {"copy_bytes":12582912,"dst_nb":[4,3145728,18874368,75497472],"dst_ne":[786432,1,4,1],"layout":"strided","phase":"measure","rows":4,"sample":31,"src_nb":[4,3145728,3145744,12582976],"src_ne":[786432,1,4,1],"width":786432}
M5_PROFILE {"context":"1056357a0","graph":164,"cb":1,"original_nodes":3,"gpu_start_s":246342.569599417,"gpu_end_s":246342.569811875,"gpu_ms":0.212458,"valid":true,"completed":true,"op_counts":{"CPY":1,"VIEW":2}}
M5_COPY_RETURN {"copy_bytes":12582912,"dst_nb":[4,3145728,18874368,75497472],"dst_ne":[786432,1,4,1],"layout":"strided","phase":"measure","rows":4,"sample":31,"src_nb":[4,3145728,3145744,12582976],"src_ne":[786432,1,4,1],"wall_us":384.333,"width":786432}
M5_COPY_CALL {"copy_bytes":12582912,"dst_nb":[4,3145728,18874368,75497472],"dst_ne":[786432,1,4,1],"layout":"strided","phase":"measure","rows":4,"sample":32,"src_nb":[4,3145728,3145744,12582976],"src_ne":[786432,1,4,1],"width":786432}
M5_PROFILE {"context":"1056357a0","graph":165,"cb":1,"original_nodes":3,"gpu_start_s":246342.569990750,"gpu_end_s":246342.570203125,"gpu_ms":0.212375,"valid":true,"completed":true,"op_counts":{"CPY":1,"VIEW":2}}
M5_COPY_RETURN {"copy_bytes":12582912,"dst_nb":[4,3145728,18874368,75497472],"dst_ne":[786432,1,4,1],"layout":"strided","phase":"measure","rows":4,"sample":32,"src_nb":[4,3145728,3145744,12582976],"src_ne":[786432,1,4,1],"wall_us":384.041,"width":786432}
M5_COPY_CALL {"copy_bytes":12582912,"dst_nb":[4,3145728,18874368,75497472],"dst_ne":[786432,1,4,1],"layout":"strided","phase":"measure","rows":4,"sample":33,"src_nb":[4,3145728,3145744,12582976],"src_ne":[786432,1,4,1],"width":786432}
M5_PROFILE {"context":"1056357a0","graph":166,"cb":1,"original_nodes":3,"gpu_start_s":246342.570382125,"gpu_end_s":246342.570594417,"gpu_ms":0.212292,"valid":true,"completed":true,"op_counts":{"CPY":1,"VIEW":2}}
M5_COPY_RETURN {"copy_bytes":12582912,"dst_nb":[4,3145728,18874368,75497472],"dst_ne":[786432,1,4,1],"layout":"strided","phase":"measure","rows":4,"sample":33,"src_nb":[4,3145728,3145744,12582976],"src_ne":[786432,1,4,1],"wall_us":385.458,"width":786432}
M5_COPY_CALL {"copy_bytes":12582912,"dst_nb":[4,3145728,18874368,75497472],"dst_ne":[786432,1,4,1],"layout":"strided","phase":"measure","rows":4,"sample":34,"src_nb":[4,3145728,3145744,12582976],"src_ne":[786432,1,4,1],"width":786432}
M5_PROFILE {"context":"1056357a0","graph":167,"cb":1,"original_nodes":3,"gpu_start_s":246342.570759000,"gpu_end_s":246342.570971375,"gpu_ms":0.212375,"valid":true,"completed":true,"op_counts":{"CPY":1,"VIEW":2}}
M5_COPY_RETURN {"copy_bytes":12582912,"dst_nb":[4,3145728,18874368,75497472],"dst_ne":[786432,1,4,1],"layout":"strided","phase":"measure","rows":4,"sample":34,"src_nb":[4,3145728,3145744,12582976],"src_ne":[786432,1,4,1],"wall_us":372.083,"width":786432}
M5_COPY_CALL {"copy_bytes":12582912,"dst_nb":[4,3145728,18874368,75497472],"dst_ne":[786432,1,4,1],"layout":"strided","phase":"measure","rows":4,"sample":35,"src_nb":[4,3145728,3145744,12582976],"src_ne":[786432,1,4,1],"width":786432}
M5_PROFILE {"context":"1056357a0","graph":168,"cb":1,"original_nodes":3,"gpu_start_s":246342.571152000,"gpu_end_s":246342.571364542,"gpu_ms":0.212542,"valid":true,"completed":true,"op_counts":{"CPY":1,"VIEW":2}}
M5_COPY_RETURN {"copy_bytes":12582912,"dst_nb":[4,3145728,18874368,75497472],"dst_ne":[786432,1,4,1],"layout":"strided","phase":"measure","rows":4,"sample":35,"src_nb":[4,3145728,3145744,12582976],"src_ne":[786432,1,4,1],"wall_us":387.625,"width":786432}
M5_COPY_CALL {"copy_bytes":12582912,"dst_nb":[4,3145728,18874368,75497472],"dst_ne":[786432,1,4,1],"layout":"strided","phase":"measure","rows":4,"sample":36,"src_nb":[4,3145728,3145744,12582976],"src_ne":[786432,1,4,1],"width":786432}
M5_PROFILE {"context":"1056357a0","graph":169,"cb":1,"original_nodes":3,"gpu_start_s":246342.571543167,"gpu_end_s":246342.571755875,"gpu_ms":0.212708,"valid":true,"completed":true,"op_counts":{"CPY":1,"VIEW":2}}
M5_COPY_RETURN {"copy_bytes":12582912,"dst_nb":[4,3145728,18874368,75497472],"dst_ne":[786432,1,4,1],"layout":"strided","phase":"measure","rows":4,"sample":36,"src_nb":[4,3145728,3145744,12582976],"src_ne":[786432,1,4,1],"wall_us":380.416,"width":786432}
M5_COPY_CALL {"copy_bytes":12582912,"dst_nb":[4,3145728,18874368,75497472],"dst_ne":[786432,1,4,1],"layout":"strided","phase":"measure","rows":4,"sample":37,"src_nb":[4,3145728,3145744,12582976],"src_ne":[786432,1,4,1],"width":786432}
M5_PROFILE {"context":"1056357a0","graph":170,"cb":1,"original_nodes":3,"gpu_start_s":246342.571936875,"gpu_end_s":246342.572149250,"gpu_ms":0.212375,"valid":true,"completed":true,"op_counts":{"CPY":1,"VIEW":2}}
M5_COPY_RETURN {"copy_bytes":12582912,"dst_nb":[4,3145728,18874368,75497472],"dst_ne":[786432,1,4,1],"layout":"strided","phase":"measure","rows":4,"sample":37,"src_nb":[4,3145728,3145744,12582976],"src_ne":[786432,1,4,1],"wall_us":475.209,"width":786432}
M5_COPY_CALL {"copy_bytes":12582912,"dst_nb":[4,3145728,18874368,75497472],"dst_ne":[786432,1,4,1],"layout":"strided","phase":"measure","rows":4,"sample":38,"src_nb":[4,3145728,3145744,12582976],"src_ne":[786432,1,4,1],"width":786432}
M5_PROFILE {"context":"1056357a0","graph":171,"cb":1,"original_nodes":3,"gpu_start_s":246342.572435875,"gpu_end_s":246342.572648750,"gpu_ms":0.212875,"valid":true,"completed":true,"op_counts":{"CPY":1,"VIEW":2}}
M5_COPY_RETURN {"copy_bytes":12582912,"dst_nb":[4,3145728,18874368,75497472],"dst_ne":[786432,1,4,1],"layout":"strided","phase":"measure","rows":4,"sample":38,"src_nb":[4,3145728,3145744,12582976],"src_ne":[786432,1,4,1],"wall_us":385.125,"width":786432}
M5_COPY_CALL {"copy_bytes":12582912,"dst_nb":[4,3145728,18874368,75497472],"dst_ne":[786432,1,4,1],"layout":"strided","phase":"measure","rows":4,"sample":39,"src_nb":[4,3145728,3145744,12582976],"src_ne":[786432,1,4,1],"width":786432}
M5_PROFILE {"context":"1056357a0","graph":172,"cb":1,"original_nodes":3,"gpu_start_s":246342.572812667,"gpu_end_s":246342.573025000,"gpu_ms":0.212333,"valid":true,"completed":true,"op_counts":{"CPY":1,"VIEW":2}}
M5_COPY_RETURN {"copy_bytes":12582912,"dst_nb":[4,3145728,18874368,75497472],"dst_ne":[786432,1,4,1],"layout":"strided","phase":"measure","rows":4,"sample":39,"src_nb":[4,3145728,3145744,12582976],"src_ne":[786432,1,4,1],"wall_us":461.75,"width":786432}
M5_COPY_PASS {"copy_bytes":12582912,"dst_nb":[4,3145728,18874368,75497472],"dst_ne":[786432,1,4,1],"layout":"strided","rows":4,"src_nb":[4,3145728,3145744,12582976],"src_ne":[786432,1,4,1],"width":786432}
M5_COPY_CALL {"copy_bytes":15728640,"dst_nb":[4,3145728,3145728,15728640],"dst_ne":[786432,1,5,1],"layout":"contiguous","phase":"warmup","rows":5,"sample":-3,"src_nb":[4,3145728,3145728,15728640],"src_ne":[786432,1,5,1],"width":786432}
M5_PROFILE {"context":"1056357a0","graph":173,"cb":1,"original_nodes":3,"gpu_start_s":246342.600675625,"gpu_end_s":246342.601298875,"gpu_ms":0.623250,"valid":true,"completed":true,"op_counts":{"CPY":1,"VIEW":2}}
M5_COPY_RETURN {"copy_bytes":15728640,"dst_nb":[4,3145728,3145728,15728640],"dst_ne":[786432,1,5,1],"layout":"contiguous","phase":"warmup","rows":5,"sample":-3,"src_nb":[4,3145728,3145728,15728640],"src_ne":[786432,1,5,1],"wall_us":1709.458,"width":786432}
M5_COPY_CALL {"copy_bytes":15728640,"dst_nb":[4,3145728,3145728,15728640],"dst_ne":[786432,1,5,1],"layout":"contiguous","phase":"warmup","rows":5,"sample":-2,"src_nb":[4,3145728,3145728,15728640],"src_ne":[786432,1,5,1],"width":786432}
M5_PROFILE {"context":"1056357a0","graph":174,"cb":1,"original_nodes":3,"gpu_start_s":246342.601547625,"gpu_end_s":246342.602049375,"gpu_ms":0.501750,"valid":true,"completed":true,"op_counts":{"CPY":1,"VIEW":2}}
M5_COPY_RETURN {"copy_bytes":15728640,"dst_nb":[4,3145728,3145728,15728640],"dst_ne":[786432,1,5,1],"layout":"contiguous","phase":"warmup","rows":5,"sample":-2,"src_nb":[4,3145728,3145728,15728640],"src_ne":[786432,1,5,1],"wall_us":687.708,"width":786432}
M5_COPY_CALL {"copy_bytes":15728640,"dst_nb":[4,3145728,3145728,15728640],"dst_ne":[786432,1,5,1],"layout":"contiguous","phase":"warmup","rows":5,"sample":-1,"src_nb":[4,3145728,3145728,15728640],"src_ne":[786432,1,5,1],"width":786432}
M5_PROFILE {"context":"1056357a0","graph":175,"cb":1,"original_nodes":3,"gpu_start_s":246342.602227500,"gpu_end_s":246342.602677667,"gpu_ms":0.450167,"valid":true,"completed":true,"op_counts":{"CPY":1,"VIEW":2}}
M5_COPY_RETURN {"copy_bytes":15728640,"dst_nb":[4,3145728,3145728,15728640],"dst_ne":[786432,1,5,1],"layout":"contiguous","phase":"warmup","rows":5,"sample":-1,"src_nb":[4,3145728,3145728,15728640],"src_ne":[786432,1,5,1],"wall_us":685.667,"width":786432}
M5_COPY_CALL {"copy_bytes":15728640,"dst_nb":[4,3145728,3145728,15728640],"dst_ne":[786432,1,5,1],"layout":"contiguous","phase":"measure","rows":5,"sample":0,"src_nb":[4,3145728,3145728,15728640],"src_ne":[786432,1,5,1],"width":786432}
M5_PROFILE {"context":"1056357a0","graph":176,"cb":1,"original_nodes":3,"gpu_start_s":246342.602967917,"gpu_end_s":246342.603417917,"gpu_ms":0.450000,"valid":true,"completed":true,"op_counts":{"CPY":1,"VIEW":2}}
M5_COPY_RETURN {"copy_bytes":15728640,"dst_nb":[4,3145728,3145728,15728640],"dst_ne":[786432,1,5,1],"layout":"contiguous","phase":"measure","rows":5,"sample":0,"src_nb":[4,3145728,3145728,15728640],"src_ne":[786432,1,5,1],"wall_us":675.375,"width":786432}
M5_COPY_CALL {"copy_bytes":15728640,"dst_nb":[4,3145728,3145728,15728640],"dst_ne":[786432,1,5,1],"layout":"contiguous","phase":"measure","rows":5,"sample":1,"src_nb":[4,3145728,3145728,15728640],"src_ne":[786432,1,5,1],"width":786432}
M5_PROFILE {"context":"1056357a0","graph":177,"cb":1,"original_nodes":3,"gpu_start_s":246342.603666375,"gpu_end_s":246342.604117042,"gpu_ms":0.450667,"valid":true,"completed":true,"op_counts":{"CPY":1,"VIEW":2}}
M5_COPY_RETURN {"copy_bytes":15728640,"dst_nb":[4,3145728,3145728,15728640],"dst_ne":[786432,1,5,1],"layout":"contiguous","phase":"measure","rows":5,"sample":1,"src_nb":[4,3145728,3145728,15728640],"src_ne":[786432,1,5,1],"wall_us":730.084,"width":786432}
M5_COPY_CALL {"copy_bytes":15728640,"dst_nb":[4,3145728,3145728,15728640],"dst_ne":[786432,1,5,1],"layout":"contiguous","phase":"measure","rows":5,"sample":2,"src_nb":[4,3145728,3145728,15728640],"src_ne":[786432,1,5,1],"width":786432}
M5_PROFILE {"context":"1056357a0","graph":178,"cb":1,"original_nodes":3,"gpu_start_s":246342.604428375,"gpu_end_s":246342.604877750,"gpu_ms":0.449375,"valid":true,"completed":true,"op_counts":{"CPY":1,"VIEW":2}}
M5_COPY_RETURN {"copy_bytes":15728640,"dst_nb":[4,3145728,3145728,15728640],"dst_ne":[786432,1,5,1],"layout":"contiguous","phase":"measure","rows":5,"sample":2,"src_nb":[4,3145728,3145728,15728640],"src_ne":[786432,1,5,1],"wall_us":722.334,"width":786432}
M5_COPY_CALL {"copy_bytes":15728640,"dst_nb":[4,3145728,3145728,15728640],"dst_ne":[786432,1,5,1],"layout":"contiguous","phase":"measure","rows":5,"sample":3,"src_nb":[4,3145728,3145728,15728640],"src_ne":[786432,1,5,1],"width":786432}
M5_PROFILE {"context":"1056357a0","graph":179,"cb":1,"original_nodes":3,"gpu_start_s":246342.605175250,"gpu_end_s":246342.605625000,"gpu_ms":0.449750,"valid":true,"completed":true,"op_counts":{"CPY":1,"VIEW":2}}
M5_COPY_RETURN {"copy_bytes":15728640,"dst_nb":[4,3145728,3145728,15728640],"dst_ne":[786432,1,5,1],"layout":"contiguous","phase":"measure","rows":5,"sample":3,"src_nb":[4,3145728,3145728,15728640],"src_ne":[786432,1,5,1],"wall_us":665.209,"width":786432}
M5_COPY_CALL {"copy_bytes":15728640,"dst_nb":[4,3145728,3145728,15728640],"dst_ne":[786432,1,5,1],"layout":"contiguous","phase":"measure","rows":5,"sample":4,"src_nb":[4,3145728,3145728,15728640],"src_ne":[786432,1,5,1],"width":786432}
M5_PROFILE {"context":"1056357a0","graph":180,"cb":1,"original_nodes":3,"gpu_start_s":246342.605864250,"gpu_end_s":246342.606319375,"gpu_ms":0.455125,"valid":true,"completed":true,"op_counts":{"CPY":1,"VIEW":2}}
M5_COPY_RETURN {"copy_bytes":15728640,"dst_nb":[4,3145728,3145728,15728640],"dst_ne":[786432,1,5,1],"layout":"contiguous","phase":"measure","rows":5,"sample":4,"src_nb":[4,3145728,3145728,15728640],"src_ne":[786432,1,5,1],"wall_us":732.958,"width":786432}
M5_COPY_CALL {"copy_bytes":15728640,"dst_nb":[4,3145728,3145728,15728640],"dst_ne":[786432,1,5,1],"layout":"contiguous","phase":"measure","rows":5,"sample":5,"src_nb":[4,3145728,3145728,15728640],"src_ne":[786432,1,5,1],"width":786432}
M5_PROFILE {"context":"1056357a0","graph":181,"cb":1,"original_nodes":3,"gpu_start_s":246342.606615500,"gpu_end_s":246342.607116042,"gpu_ms":0.500542,"valid":true,"completed":true,"op_counts":{"CPY":1,"VIEW":2}}
M5_COPY_RETURN {"copy_bytes":15728640,"dst_nb":[4,3145728,3145728,15728640],"dst_ne":[786432,1,5,1],"layout":"contiguous","phase":"measure","rows":5,"sample":5,"src_nb":[4,3145728,3145728,15728640],"src_ne":[786432,1,5,1],"wall_us":766.542,"width":786432}
M5_COPY_CALL {"copy_bytes":15728640,"dst_nb":[4,3145728,3145728,15728640],"dst_ne":[786432,1,5,1],"layout":"contiguous","phase":"measure","rows":5,"sample":6,"src_nb":[4,3145728,3145728,15728640],"src_ne":[786432,1,5,1],"width":786432}
M5_PROFILE {"context":"1056357a0","graph":182,"cb":1,"original_nodes":3,"gpu_start_s":246342.607414625,"gpu_end_s":246342.607914750,"gpu_ms":0.500125,"valid":true,"completed":true,"op_counts":{"CPY":1,"VIEW":2}}
M5_COPY_RETURN {"copy_bytes":15728640,"dst_nb":[4,3145728,3145728,15728640],"dst_ne":[786432,1,5,1],"layout":"contiguous","phase":"measure","rows":5,"sample":6,"src_nb":[4,3145728,3145728,15728640],"src_ne":[786432,1,5,1],"wall_us":684.167,"width":786432}
M5_COPY_CALL {"copy_bytes":15728640,"dst_nb":[4,3145728,3145728,15728640],"dst_ne":[786432,1,5,1],"layout":"contiguous","phase":"measure","rows":5,"sample":7,"src_nb":[4,3145728,3145728,15728640],"src_ne":[786432,1,5,1],"width":786432}
M5_PROFILE {"context":"1056357a0","graph":183,"cb":1,"original_nodes":3,"gpu_start_s":246342.608172000,"gpu_end_s":246342.608672250,"gpu_ms":0.500250,"valid":true,"completed":true,"op_counts":{"CPY":1,"VIEW":2}}
M5_COPY_RETURN {"copy_bytes":15728640,"dst_nb":[4,3145728,3145728,15728640],"dst_ne":[786432,1,5,1],"layout":"contiguous","phase":"measure","rows":5,"sample":7,"src_nb":[4,3145728,3145728,15728640],"src_ne":[786432,1,5,1],"wall_us":844.917,"width":786432}
M5_COPY_CALL {"copy_bytes":15728640,"dst_nb":[4,3145728,3145728,15728640],"dst_ne":[786432,1,5,1],"layout":"contiguous","phase":"measure","rows":5,"sample":8,"src_nb":[4,3145728,3145728,15728640],"src_ne":[786432,1,5,1],"width":786432}
M5_PROFILE {"context":"1056357a0","graph":184,"cb":1,"original_nodes":3,"gpu_start_s":246342.608982500,"gpu_end_s":246342.609483250,"gpu_ms":0.500750,"valid":true,"completed":true,"op_counts":{"CPY":1,"VIEW":2}}
M5_COPY_RETURN {"copy_bytes":15728640,"dst_nb":[4,3145728,3145728,15728640],"dst_ne":[786432,1,5,1],"layout":"contiguous","phase":"measure","rows":5,"sample":8,"src_nb":[4,3145728,3145728,15728640],"src_ne":[786432,1,5,1],"wall_us":695.833,"width":786432}
M5_COPY_CALL {"copy_bytes":15728640,"dst_nb":[4,3145728,3145728,15728640],"dst_ne":[786432,1,5,1],"layout":"contiguous","phase":"measure","rows":5,"sample":9,"src_nb":[4,3145728,3145728,15728640],"src_ne":[786432,1,5,1],"width":786432}
M5_PROFILE {"context":"1056357a0","graph":185,"cb":1,"original_nodes":3,"gpu_start_s":246342.609738125,"gpu_end_s":246342.610238417,"gpu_ms":0.500292,"valid":true,"completed":true,"op_counts":{"CPY":1,"VIEW":2}}
M5_COPY_RETURN {"copy_bytes":15728640,"dst_nb":[4,3145728,3145728,15728640],"dst_ne":[786432,1,5,1],"layout":"contiguous","phase":"measure","rows":5,"sample":9,"src_nb":[4,3145728,3145728,15728640],"src_ne":[786432,1,5,1],"wall_us":745.917,"width":786432}
M5_COPY_CALL {"copy_bytes":15728640,"dst_nb":[4,3145728,3145728,15728640],"dst_ne":[786432,1,5,1],"layout":"contiguous","phase":"measure","rows":5,"sample":10,"src_nb":[4,3145728,3145728,15728640],"src_ne":[786432,1,5,1],"width":786432}
M5_PROFILE {"context":"1056357a0","graph":186,"cb":1,"original_nodes":3,"gpu_start_s":246342.610504125,"gpu_end_s":246342.610953750,"gpu_ms":0.449625,"valid":true,"completed":true,"op_counts":{"CPY":1,"VIEW":2}}
M5_COPY_RETURN {"copy_bytes":15728640,"dst_nb":[4,3145728,3145728,15728640],"dst_ne":[786432,1,5,1],"layout":"contiguous","phase":"measure","rows":5,"sample":10,"src_nb":[4,3145728,3145728,15728640],"src_ne":[786432,1,5,1],"wall_us":801.875,"width":786432}
M5_COPY_CALL {"copy_bytes":15728640,"dst_nb":[4,3145728,3145728,15728640],"dst_ne":[786432,1,5,1],"layout":"contiguous","phase":"measure","rows":5,"sample":11,"src_nb":[4,3145728,3145728,15728640],"src_ne":[786432,1,5,1],"width":786432}
M5_PROFILE {"context":"1056357a0","graph":187,"cb":1,"original_nodes":3,"gpu_start_s":246342.611260500,"gpu_end_s":246342.611709667,"gpu_ms":0.449167,"valid":true,"completed":true,"op_counts":{"CPY":1,"VIEW":2}}
M5_COPY_RETURN {"copy_bytes":15728640,"dst_nb":[4,3145728,3145728,15728640],"dst_ne":[786432,1,5,1],"layout":"contiguous","phase":"measure","rows":5,"sample":11,"src_nb":[4,3145728,3145728,15728640],"src_ne":[786432,1,5,1],"wall_us":638.0,"width":786432}
M5_COPY_CALL {"copy_bytes":15728640,"dst_nb":[4,3145728,3145728,15728640],"dst_ne":[786432,1,5,1],"layout":"contiguous","phase":"measure","rows":5,"sample":12,"src_nb":[4,3145728,3145728,15728640],"src_ne":[786432,1,5,1],"width":786432}
M5_PROFILE {"context":"1056357a0","graph":188,"cb":1,"original_nodes":3,"gpu_start_s":246342.611898292,"gpu_end_s":246342.612348000,"gpu_ms":0.449708,"valid":true,"completed":true,"op_counts":{"CPY":1,"VIEW":2}}
M5_COPY_RETURN {"copy_bytes":15728640,"dst_nb":[4,3145728,3145728,15728640],"dst_ne":[786432,1,5,1],"layout":"contiguous","phase":"measure","rows":5,"sample":12,"src_nb":[4,3145728,3145728,15728640],"src_ne":[786432,1,5,1],"wall_us":629.834,"width":786432}
M5_COPY_CALL {"copy_bytes":15728640,"dst_nb":[4,3145728,3145728,15728640],"dst_ne":[786432,1,5,1],"layout":"contiguous","phase":"measure","rows":5,"sample":13,"src_nb":[4,3145728,3145728,15728640],"src_ne":[786432,1,5,1],"width":786432}
M5_PROFILE {"context":"1056357a0","graph":189,"cb":1,"original_nodes":3,"gpu_start_s":246342.612586250,"gpu_end_s":246342.613036125,"gpu_ms":0.449875,"valid":true,"completed":true,"op_counts":{"CPY":1,"VIEW":2}}
M5_COPY_RETURN {"copy_bytes":15728640,"dst_nb":[4,3145728,3145728,15728640],"dst_ne":[786432,1,5,1],"layout":"contiguous","phase":"measure","rows":5,"sample":13,"src_nb":[4,3145728,3145728,15728640],"src_ne":[786432,1,5,1],"wall_us":768.709,"width":786432}
M5_COPY_CALL {"copy_bytes":15728640,"dst_nb":[4,3145728,3145728,15728640],"dst_ne":[786432,1,5,1],"layout":"contiguous","phase":"measure","rows":5,"sample":14,"src_nb":[4,3145728,3145728,15728640],"src_ne":[786432,1,5,1],"width":786432}
M5_PROFILE {"context":"1056357a0","graph":190,"cb":1,"original_nodes":3,"gpu_start_s":246342.613331250,"gpu_end_s":246342.613780667,"gpu_ms":0.449417,"valid":true,"completed":true,"op_counts":{"CPY":1,"VIEW":2}}
M5_COPY_RETURN {"copy_bytes":15728640,"dst_nb":[4,3145728,3145728,15728640],"dst_ne":[786432,1,5,1],"layout":"contiguous","phase":"measure","rows":5,"sample":14,"src_nb":[4,3145728,3145728,15728640],"src_ne":[786432,1,5,1],"wall_us":726.292,"width":786432}
M5_COPY_CALL {"copy_bytes":15728640,"dst_nb":[4,3145728,3145728,15728640],"dst_ne":[786432,1,5,1],"layout":"contiguous","phase":"measure","rows":5,"sample":15,"src_nb":[4,3145728,3145728,15728640],"src_ne":[786432,1,5,1],"width":786432}
M5_PROFILE {"context":"1056357a0","graph":191,"cb":1,"original_nodes":3,"gpu_start_s":246342.614079167,"gpu_end_s":246342.614551375,"gpu_ms":0.472208,"valid":true,"completed":true,"op_counts":{"CPY":1,"VIEW":2}}
M5_COPY_RETURN {"copy_bytes":15728640,"dst_nb":[4,3145728,3145728,15728640],"dst_ne":[786432,1,5,1],"layout":"contiguous","phase":"measure","rows":5,"sample":15,"src_nb":[4,3145728,3145728,15728640],"src_ne":[786432,1,5,1],"wall_us":738.209,"width":786432}
M5_COPY_CALL {"copy_bytes":15728640,"dst_nb":[4,3145728,3145728,15728640],"dst_ne":[786432,1,5,1],"layout":"contiguous","phase":"measure","rows":5,"sample":16,"src_nb":[4,3145728,3145728,15728640],"src_ne":[786432,1,5,1],"width":786432}
M5_PROFILE {"context":"1056357a0","graph":192,"cb":1,"original_nodes":3,"gpu_start_s":246342.614844375,"gpu_end_s":246342.615344625,"gpu_ms":0.500250,"valid":true,"completed":true,"op_counts":{"CPY":1,"VIEW":2}}
M5_COPY_RETURN {"copy_bytes":15728640,"dst_nb":[4,3145728,3145728,15728640],"dst_ne":[786432,1,5,1],"layout":"contiguous","phase":"measure","rows":5,"sample":16,"src_nb":[4,3145728,3145728,15728640],"src_ne":[786432,1,5,1],"wall_us":772.834,"width":786432}
M5_COPY_CALL {"copy_bytes":15728640,"dst_nb":[4,3145728,3145728,15728640],"dst_ne":[786432,1,5,1],"layout":"contiguous","phase":"measure","rows":5,"sample":17,"src_nb":[4,3145728,3145728,15728640],"src_ne":[786432,1,5,1],"width":786432}
M5_PROFILE {"context":"1056357a0","graph":193,"cb":1,"original_nodes":3,"gpu_start_s":246342.615643292,"gpu_end_s":246342.616143292,"gpu_ms":0.500000,"valid":true,"completed":true,"op_counts":{"CPY":1,"VIEW":2}}
M5_COPY_RETURN {"copy_bytes":15728640,"dst_nb":[4,3145728,3145728,15728640],"dst_ne":[786432,1,5,1],"layout":"contiguous","phase":"measure","rows":5,"sample":17,"src_nb":[4,3145728,3145728,15728640],"src_ne":[786432,1,5,1],"wall_us":683.459,"width":786432}
M5_COPY_CALL {"copy_bytes":15728640,"dst_nb":[4,3145728,3145728,15728640],"dst_ne":[786432,1,5,1],"layout":"contiguous","phase":"measure","rows":5,"sample":18,"src_nb":[4,3145728,3145728,15728640],"src_ne":[786432,1,5,1],"width":786432}
M5_PROFILE {"context":"1056357a0","graph":194,"cb":1,"original_nodes":3,"gpu_start_s":246342.616335750,"gpu_end_s":246342.616836500,"gpu_ms":0.500750,"valid":true,"completed":true,"op_counts":{"CPY":1,"VIEW":2}}
M5_COPY_RETURN {"copy_bytes":15728640,"dst_nb":[4,3145728,3145728,15728640],"dst_ne":[786432,1,5,1],"layout":"contiguous","phase":"measure","rows":5,"sample":18,"src_nb":[4,3145728,3145728,15728640],"src_ne":[786432,1,5,1],"wall_us":686.375,"width":786432}
M5_COPY_CALL {"copy_bytes":15728640,"dst_nb":[4,3145728,3145728,15728640],"dst_ne":[786432,1,5,1],"layout":"contiguous","phase":"measure","rows":5,"sample":19,"src_nb":[4,3145728,3145728,15728640],"src_ne":[786432,1,5,1],"width":786432}
M5_PROFILE {"context":"1056357a0","graph":195,"cb":1,"original_nodes":3,"gpu_start_s":246342.617023000,"gpu_end_s":246342.617523375,"gpu_ms":0.500375,"valid":true,"completed":true,"op_counts":{"CPY":1,"VIEW":2}}
M5_COPY_RETURN {"copy_bytes":15728640,"dst_nb":[4,3145728,3145728,15728640],"dst_ne":[786432,1,5,1],"layout":"contiguous","phase":"measure","rows":5,"sample":19,"src_nb":[4,3145728,3145728,15728640],"src_ne":[786432,1,5,1],"wall_us":766.583,"width":786432}
M5_COPY_CALL {"copy_bytes":15728640,"dst_nb":[4,3145728,3145728,15728640],"dst_ne":[786432,1,5,1],"layout":"contiguous","phase":"measure","rows":5,"sample":20,"src_nb":[4,3145728,3145728,15728640],"src_ne":[786432,1,5,1],"width":786432}
M5_PROFILE {"context":"1056357a0","graph":196,"cb":1,"original_nodes":3,"gpu_start_s":246342.617825125,"gpu_end_s":246342.618325917,"gpu_ms":0.500792,"valid":true,"completed":true,"op_counts":{"CPY":1,"VIEW":2}}
M5_COPY_RETURN {"copy_bytes":15728640,"dst_nb":[4,3145728,3145728,15728640],"dst_ne":[786432,1,5,1],"layout":"contiguous","phase":"measure","rows":5,"sample":20,"src_nb":[4,3145728,3145728,15728640],"src_ne":[786432,1,5,1],"wall_us":698.292,"width":786432}
M5_COPY_CALL {"copy_bytes":15728640,"dst_nb":[4,3145728,3145728,15728640],"dst_ne":[786432,1,5,1],"layout":"contiguous","phase":"measure","rows":5,"sample":21,"src_nb":[4,3145728,3145728,15728640],"src_ne":[786432,1,5,1],"width":786432}
M5_PROFILE {"context":"1056357a0","graph":197,"cb":1,"original_nodes":3,"gpu_start_s":246342.618626792,"gpu_end_s":246342.619078125,"gpu_ms":0.451333,"valid":true,"completed":true,"op_counts":{"CPY":1,"VIEW":2}}
M5_COPY_RETURN {"copy_bytes":15728640,"dst_nb":[4,3145728,3145728,15728640],"dst_ne":[786432,1,5,1],"layout":"contiguous","phase":"measure","rows":5,"sample":21,"src_nb":[4,3145728,3145728,15728640],"src_ne":[786432,1,5,1],"wall_us":747.458,"width":786432}
M5_COPY_CALL {"copy_bytes":15728640,"dst_nb":[4,3145728,3145728,15728640],"dst_ne":[786432,1,5,1],"layout":"contiguous","phase":"measure","rows":5,"sample":22,"src_nb":[4,3145728,3145728,15728640],"src_ne":[786432,1,5,1],"width":786432}
M5_PROFILE {"context":"1056357a0","graph":198,"cb":1,"original_nodes":3,"gpu_start_s":246342.619268250,"gpu_end_s":246342.619717917,"gpu_ms":0.449667,"valid":true,"completed":true,"op_counts":{"CPY":1,"VIEW":2}}
M5_COPY_RETURN {"copy_bytes":15728640,"dst_nb":[4,3145728,3145728,15728640],"dst_ne":[786432,1,5,1],"layout":"contiguous","phase":"measure","rows":5,"sample":22,"src_nb":[4,3145728,3145728,15728640],"src_ne":[786432,1,5,1],"wall_us":710.0,"width":786432}
M5_COPY_CALL {"copy_bytes":15728640,"dst_nb":[4,3145728,3145728,15728640],"dst_ne":[786432,1,5,1],"layout":"contiguous","phase":"measure","rows":5,"sample":23,"src_nb":[4,3145728,3145728,15728640],"src_ne":[786432,1,5,1],"width":786432}
M5_PROFILE {"context":"1056357a0","graph":199,"cb":1,"original_nodes":3,"gpu_start_s":246342.620010792,"gpu_end_s":246342.620460292,"gpu_ms":0.449500,"valid":true,"completed":true,"op_counts":{"CPY":1,"VIEW":2}}
M5_COPY_RETURN {"copy_bytes":15728640,"dst_nb":[4,3145728,3145728,15728640],"dst_ne":[786432,1,5,1],"layout":"contiguous","phase":"measure","rows":5,"sample":23,"src_nb":[4,3145728,3145728,15728640],"src_ne":[786432,1,5,1],"wall_us":632.25,"width":786432}
M5_COPY_CALL {"copy_bytes":15728640,"dst_nb":[4,3145728,3145728,15728640],"dst_ne":[786432,1,5,1],"layout":"contiguous","phase":"measure","rows":5,"sample":24,"src_nb":[4,3145728,3145728,15728640],"src_ne":[786432,1,5,1],"width":786432}
M5_PROFILE {"context":"1056357a0","graph":200,"cb":1,"original_nodes":3,"gpu_start_s":246342.620660875,"gpu_end_s":246342.621110250,"gpu_ms":0.449375,"valid":true,"completed":true,"op_counts":{"CPY":1,"VIEW":2}}
M5_COPY_RETURN {"copy_bytes":15728640,"dst_nb":[4,3145728,3145728,15728640],"dst_ne":[786432,1,5,1],"layout":"contiguous","phase":"measure","rows":5,"sample":24,"src_nb":[4,3145728,3145728,15728640],"src_ne":[786432,1,5,1],"wall_us":639.666,"width":786432}
M5_COPY_CALL {"copy_bytes":15728640,"dst_nb":[4,3145728,3145728,15728640],"dst_ne":[786432,1,5,1],"layout":"contiguous","phase":"measure","rows":5,"sample":25,"src_nb":[4,3145728,3145728,15728640],"src_ne":[786432,1,5,1],"width":786432}
M5_PROFILE {"context":"1056357a0","graph":201,"cb":1,"original_nodes":3,"gpu_start_s":246342.621286250,"gpu_end_s":246342.621735625,"gpu_ms":0.449375,"valid":true,"completed":true,"op_counts":{"CPY":1,"VIEW":2}}
M5_COPY_RETURN {"copy_bytes":15728640,"dst_nb":[4,3145728,3145728,15728640],"dst_ne":[786432,1,5,1],"layout":"contiguous","phase":"measure","rows":5,"sample":25,"src_nb":[4,3145728,3145728,15728640],"src_ne":[786432,1,5,1],"wall_us":710.417,"width":786432}
M5_COPY_CALL {"copy_bytes":15728640,"dst_nb":[4,3145728,3145728,15728640],"dst_ne":[786432,1,5,1],"layout":"contiguous","phase":"measure","rows":5,"sample":26,"src_nb":[4,3145728,3145728,15728640],"src_ne":[786432,1,5,1],"width":786432}
M5_PROFILE {"context":"1056357a0","graph":202,"cb":1,"original_nodes":3,"gpu_start_s":246342.622031250,"gpu_end_s":246342.622480792,"gpu_ms":0.449542,"valid":true,"completed":true,"op_counts":{"CPY":1,"VIEW":2}}
M5_COPY_RETURN {"copy_bytes":15728640,"dst_nb":[4,3145728,3145728,15728640],"dst_ne":[786432,1,5,1],"layout":"contiguous","phase":"measure","rows":5,"sample":26,"src_nb":[4,3145728,3145728,15728640],"src_ne":[786432,1,5,1],"wall_us":632.833,"width":786432}
M5_COPY_CALL {"copy_bytes":15728640,"dst_nb":[4,3145728,3145728,15728640],"dst_ne":[786432,1,5,1],"layout":"contiguous","phase":"measure","rows":5,"sample":27,"src_nb":[4,3145728,3145728,15728640],"src_ne":[786432,1,5,1],"width":786432}
M5_PROFILE {"context":"1056357a0","graph":203,"cb":1,"original_nodes":3,"gpu_start_s":246342.622843375,"gpu_end_s":246342.623118625,"gpu_ms":0.275250,"valid":true,"completed":true,"op_counts":{"CPY":1,"VIEW":2}}
M5_COPY_RETURN {"copy_bytes":15728640,"dst_nb":[4,3145728,3145728,15728640],"dst_ne":[786432,1,5,1],"layout":"contiguous","phase":"measure","rows":5,"sample":27,"src_nb":[4,3145728,3145728,15728640],"src_ne":[786432,1,5,1],"wall_us":657.417,"width":786432}
M5_COPY_CALL {"copy_bytes":15728640,"dst_nb":[4,3145728,3145728,15728640],"dst_ne":[786432,1,5,1],"layout":"contiguous","phase":"measure","rows":5,"sample":28,"src_nb":[4,3145728,3145728,15728640],"src_ne":[786432,1,5,1],"width":786432}
M5_PROFILE {"context":"1056357a0","graph":204,"cb":1,"original_nodes":3,"gpu_start_s":246342.623361167,"gpu_end_s":246342.623636125,"gpu_ms":0.274958,"valid":true,"completed":true,"op_counts":{"CPY":1,"VIEW":2}}
M5_COPY_RETURN {"copy_bytes":15728640,"dst_nb":[4,3145728,3145728,15728640],"dst_ne":[786432,1,5,1],"layout":"contiguous","phase":"measure","rows":5,"sample":28,"src_nb":[4,3145728,3145728,15728640],"src_ne":[786432,1,5,1],"wall_us":453.0,"width":786432}
M5_COPY_CALL {"copy_bytes":15728640,"dst_nb":[4,3145728,3145728,15728640],"dst_ne":[786432,1,5,1],"layout":"contiguous","phase":"measure","rows":5,"sample":29,"src_nb":[4,3145728,3145728,15728640],"src_ne":[786432,1,5,1],"width":786432}
M5_PROFILE {"context":"1056357a0","graph":205,"cb":1,"original_nodes":3,"gpu_start_s":246342.623805125,"gpu_end_s":246342.624079750,"gpu_ms":0.274625,"valid":true,"completed":true,"op_counts":{"CPY":1,"VIEW":2}}
M5_COPY_RETURN {"copy_bytes":15728640,"dst_nb":[4,3145728,3145728,15728640],"dst_ne":[786432,1,5,1],"layout":"contiguous","phase":"measure","rows":5,"sample":29,"src_nb":[4,3145728,3145728,15728640],"src_ne":[786432,1,5,1],"wall_us":433.75,"width":786432}
M5_COPY_CALL {"copy_bytes":15728640,"dst_nb":[4,3145728,3145728,15728640],"dst_ne":[786432,1,5,1],"layout":"contiguous","phase":"measure","rows":5,"sample":30,"src_nb":[4,3145728,3145728,15728640],"src_ne":[786432,1,5,1],"width":786432}
M5_PROFILE {"context":"1056357a0","graph":206,"cb":1,"original_nodes":3,"gpu_start_s":246342.624310500,"gpu_end_s":246342.624585167,"gpu_ms":0.274667,"valid":true,"completed":true,"op_counts":{"CPY":1,"VIEW":2}}
M5_COPY_RETURN {"copy_bytes":15728640,"dst_nb":[4,3145728,3145728,15728640],"dst_ne":[786432,1,5,1],"layout":"contiguous","phase":"measure","rows":5,"sample":30,"src_nb":[4,3145728,3145728,15728640],"src_ne":[786432,1,5,1],"wall_us":503.167,"width":786432}
M5_COPY_CALL {"copy_bytes":15728640,"dst_nb":[4,3145728,3145728,15728640],"dst_ne":[786432,1,5,1],"layout":"contiguous","phase":"measure","rows":5,"sample":31,"src_nb":[4,3145728,3145728,15728640],"src_ne":[786432,1,5,1],"width":786432}
M5_PROFILE {"context":"1056357a0","graph":207,"cb":1,"original_nodes":3,"gpu_start_s":246342.624816375,"gpu_end_s":246342.625090917,"gpu_ms":0.274542,"valid":true,"completed":true,"op_counts":{"CPY":1,"VIEW":2}}
M5_COPY_RETURN {"copy_bytes":15728640,"dst_nb":[4,3145728,3145728,15728640],"dst_ne":[786432,1,5,1],"layout":"contiguous","phase":"measure","rows":5,"sample":31,"src_nb":[4,3145728,3145728,15728640],"src_ne":[786432,1,5,1],"wall_us":500.208,"width":786432}
M5_COPY_CALL {"copy_bytes":15728640,"dst_nb":[4,3145728,3145728,15728640],"dst_ne":[786432,1,5,1],"layout":"contiguous","phase":"measure","rows":5,"sample":32,"src_nb":[4,3145728,3145728,15728640],"src_ne":[786432,1,5,1],"width":786432}
M5_PROFILE {"context":"1056357a0","graph":208,"cb":1,"original_nodes":3,"gpu_start_s":246342.625284750,"gpu_end_s":246342.625559250,"gpu_ms":0.274500,"valid":true,"completed":true,"op_counts":{"CPY":1,"VIEW":2}}
M5_COPY_RETURN {"copy_bytes":15728640,"dst_nb":[4,3145728,3145728,15728640],"dst_ne":[786432,1,5,1],"layout":"contiguous","phase":"measure","rows":5,"sample":32,"src_nb":[4,3145728,3145728,15728640],"src_ne":[786432,1,5,1],"wall_us":461.209,"width":786432}
M5_COPY_CALL {"copy_bytes":15728640,"dst_nb":[4,3145728,3145728,15728640],"dst_ne":[786432,1,5,1],"layout":"contiguous","phase":"measure","rows":5,"sample":33,"src_nb":[4,3145728,3145728,15728640],"src_ne":[786432,1,5,1],"width":786432}
M5_PROFILE {"context":"1056357a0","graph":209,"cb":1,"original_nodes":3,"gpu_start_s":246342.625730875,"gpu_end_s":246342.626005250,"gpu_ms":0.274375,"valid":true,"completed":true,"op_counts":{"CPY":1,"VIEW":2}}
M5_COPY_RETURN {"copy_bytes":15728640,"dst_nb":[4,3145728,3145728,15728640],"dst_ne":[786432,1,5,1],"layout":"contiguous","phase":"measure","rows":5,"sample":33,"src_nb":[4,3145728,3145728,15728640],"src_ne":[786432,1,5,1],"wall_us":438.709,"width":786432}
M5_COPY_CALL {"copy_bytes":15728640,"dst_nb":[4,3145728,3145728,15728640],"dst_ne":[786432,1,5,1],"layout":"contiguous","phase":"measure","rows":5,"sample":34,"src_nb":[4,3145728,3145728,15728640],"src_ne":[786432,1,5,1],"width":786432}
M5_PROFILE {"context":"1056357a0","graph":210,"cb":1,"original_nodes":3,"gpu_start_s":246342.626173375,"gpu_end_s":246342.626448125,"gpu_ms":0.274750,"valid":true,"completed":true,"op_counts":{"CPY":1,"VIEW":2}}
M5_COPY_RETURN {"copy_bytes":15728640,"dst_nb":[4,3145728,3145728,15728640],"dst_ne":[786432,1,5,1],"layout":"contiguous","phase":"measure","rows":5,"sample":34,"src_nb":[4,3145728,3145728,15728640],"src_ne":[786432,1,5,1],"wall_us":434.958,"width":786432}
M5_COPY_CALL {"copy_bytes":15728640,"dst_nb":[4,3145728,3145728,15728640],"dst_ne":[786432,1,5,1],"layout":"contiguous","phase":"measure","rows":5,"sample":35,"src_nb":[4,3145728,3145728,15728640],"src_ne":[786432,1,5,1],"width":786432}
M5_PROFILE {"context":"1056357a0","graph":211,"cb":1,"original_nodes":3,"gpu_start_s":246342.626644750,"gpu_end_s":246342.626919375,"gpu_ms":0.274625,"valid":true,"completed":true,"op_counts":{"CPY":1,"VIEW":2}}
M5_COPY_RETURN {"copy_bytes":15728640,"dst_nb":[4,3145728,3145728,15728640],"dst_ne":[786432,1,5,1],"layout":"contiguous","phase":"measure","rows":5,"sample":35,"src_nb":[4,3145728,3145728,15728640],"src_ne":[786432,1,5,1],"wall_us":462.875,"width":786432}
M5_COPY_CALL {"copy_bytes":15728640,"dst_nb":[4,3145728,3145728,15728640],"dst_ne":[786432,1,5,1],"layout":"contiguous","phase":"measure","rows":5,"sample":36,"src_nb":[4,3145728,3145728,15728640],"src_ne":[786432,1,5,1],"width":786432}
M5_PROFILE {"context":"1056357a0","graph":212,"cb":1,"original_nodes":3,"gpu_start_s":246342.627105167,"gpu_end_s":246342.627379750,"gpu_ms":0.274583,"valid":true,"completed":true,"op_counts":{"CPY":1,"VIEW":2}}
M5_COPY_RETURN {"copy_bytes":15728640,"dst_nb":[4,3145728,3145728,15728640],"dst_ne":[786432,1,5,1],"layout":"contiguous","phase":"measure","rows":5,"sample":36,"src_nb":[4,3145728,3145728,15728640],"src_ne":[786432,1,5,1],"wall_us":530.5,"width":786432}
M5_COPY_CALL {"copy_bytes":15728640,"dst_nb":[4,3145728,3145728,15728640],"dst_ne":[786432,1,5,1],"layout":"contiguous","phase":"measure","rows":5,"sample":37,"src_nb":[4,3145728,3145728,15728640],"src_ne":[786432,1,5,1],"width":786432}
M5_PROFILE {"context":"1056357a0","graph":213,"cb":1,"original_nodes":3,"gpu_start_s":246342.627656917,"gpu_end_s":246342.627931500,"gpu_ms":0.274583,"valid":true,"completed":true,"op_counts":{"CPY":1,"VIEW":2}}
M5_COPY_RETURN {"copy_bytes":15728640,"dst_nb":[4,3145728,3145728,15728640],"dst_ne":[786432,1,5,1],"layout":"contiguous","phase":"measure","rows":5,"sample":37,"src_nb":[4,3145728,3145728,15728640],"src_ne":[786432,1,5,1],"wall_us":451.917,"width":786432}
M5_COPY_CALL {"copy_bytes":15728640,"dst_nb":[4,3145728,3145728,15728640],"dst_ne":[786432,1,5,1],"layout":"contiguous","phase":"measure","rows":5,"sample":38,"src_nb":[4,3145728,3145728,15728640],"src_ne":[786432,1,5,1],"width":786432}
M5_PROFILE {"context":"1056357a0","graph":214,"cb":1,"original_nodes":3,"gpu_start_s":246342.628101917,"gpu_end_s":246342.628376500,"gpu_ms":0.274583,"valid":true,"completed":true,"op_counts":{"CPY":1,"VIEW":2}}
M5_COPY_RETURN {"copy_bytes":15728640,"dst_nb":[4,3145728,3145728,15728640],"dst_ne":[786432,1,5,1],"layout":"contiguous","phase":"measure","rows":5,"sample":38,"src_nb":[4,3145728,3145728,15728640],"src_ne":[786432,1,5,1],"wall_us":438.959,"width":786432}
M5_COPY_CALL {"copy_bytes":15728640,"dst_nb":[4,3145728,3145728,15728640],"dst_ne":[786432,1,5,1],"layout":"contiguous","phase":"measure","rows":5,"sample":39,"src_nb":[4,3145728,3145728,15728640],"src_ne":[786432,1,5,1],"width":786432}
M5_PROFILE {"context":"1056357a0","graph":215,"cb":1,"original_nodes":3,"gpu_start_s":246342.628543375,"gpu_end_s":246342.628818125,"gpu_ms":0.274750,"valid":true,"completed":true,"op_counts":{"CPY":1,"VIEW":2}}
M5_COPY_RETURN {"copy_bytes":15728640,"dst_nb":[4,3145728,3145728,15728640],"dst_ne":[786432,1,5,1],"layout":"contiguous","phase":"measure","rows":5,"sample":39,"src_nb":[4,3145728,3145728,15728640],"src_ne":[786432,1,5,1],"wall_us":432.084,"width":786432}
M5_COPY_PASS {"copy_bytes":15728640,"dst_nb":[4,3145728,3145728,15728640],"dst_ne":[786432,1,5,1],"layout":"contiguous","rows":5,"src_nb":[4,3145728,3145728,15728640],"src_ne":[786432,1,5,1],"width":786432}
M5_COPY_CALL {"copy_bytes":15728640,"dst_nb":[4,3145728,18874368,94371840],"dst_ne":[786432,1,5,1],"layout":"strided","phase":"warmup","rows":5,"sample":-3,"src_nb":[4,3145728,3145744,15728720],"src_ne":[786432,1,5,1],"width":786432}
M5_PROFILE {"context":"1056357a0","graph":216,"cb":1,"original_nodes":3,"gpu_start_s":246342.664856875,"gpu_end_s":246342.665351125,"gpu_ms":0.494250,"valid":true,"completed":true,"op_counts":{"CPY":1,"VIEW":2}}
M5_COPY_RETURN {"copy_bytes":15728640,"dst_nb":[4,3145728,18874368,94371840],"dst_ne":[786432,1,5,1],"layout":"strided","phase":"warmup","rows":5,"sample":-3,"src_nb":[4,3145728,3145744,15728720],"src_ne":[786432,1,5,1],"wall_us":1503.625,"width":786432}
M5_COPY_CALL {"copy_bytes":15728640,"dst_nb":[4,3145728,18874368,94371840],"dst_ne":[786432,1,5,1],"layout":"strided","phase":"warmup","rows":5,"sample":-2,"src_nb":[4,3145728,3145744,15728720],"src_ne":[786432,1,5,1],"width":786432}
M5_PROFILE {"context":"1056357a0","graph":217,"cb":1,"original_nodes":3,"gpu_start_s":246342.665601750,"gpu_end_s":246342.665876417,"gpu_ms":0.274667,"valid":true,"completed":true,"op_counts":{"CPY":1,"VIEW":2}}
M5_COPY_RETURN {"copy_bytes":15728640,"dst_nb":[4,3145728,18874368,94371840],"dst_ne":[786432,1,5,1],"layout":"strided","phase":"warmup","rows":5,"sample":-2,"src_nb":[4,3145728,3145744,15728720],"src_ne":[786432,1,5,1],"wall_us":457.0,"width":786432}
M5_COPY_CALL {"copy_bytes":15728640,"dst_nb":[4,3145728,18874368,94371840],"dst_ne":[786432,1,5,1],"layout":"strided","phase":"warmup","rows":5,"sample":-1,"src_nb":[4,3145728,3145744,15728720],"src_ne":[786432,1,5,1],"width":786432}
M5_PROFILE {"context":"1056357a0","graph":218,"cb":1,"original_nodes":3,"gpu_start_s":246342.666043667,"gpu_end_s":246342.666318125,"gpu_ms":0.274458,"valid":true,"completed":true,"op_counts":{"CPY":1,"VIEW":2}}
M5_COPY_RETURN {"copy_bytes":15728640,"dst_nb":[4,3145728,18874368,94371840],"dst_ne":[786432,1,5,1],"layout":"strided","phase":"warmup","rows":5,"sample":-1,"src_nb":[4,3145728,3145744,15728720],"src_ne":[786432,1,5,1],"wall_us":421.792,"width":786432}
M5_COPY_CALL {"copy_bytes":15728640,"dst_nb":[4,3145728,18874368,94371840],"dst_ne":[786432,1,5,1],"layout":"strided","phase":"measure","rows":5,"sample":0,"src_nb":[4,3145728,3145744,15728720],"src_ne":[786432,1,5,1],"width":786432}
M5_PROFILE {"context":"1056357a0","graph":219,"cb":1,"original_nodes":3,"gpu_start_s":246342.666491250,"gpu_end_s":246342.666765500,"gpu_ms":0.274250,"valid":true,"completed":true,"op_counts":{"CPY":1,"VIEW":2}}
M5_COPY_RETURN {"copy_bytes":15728640,"dst_nb":[4,3145728,18874368,94371840],"dst_ne":[786432,1,5,1],"layout":"strided","phase":"measure","rows":5,"sample":0,"src_nb":[4,3145728,3145744,15728720],"src_ne":[786432,1,5,1],"wall_us":437.708,"width":786432}
M5_COPY_CALL {"copy_bytes":15728640,"dst_nb":[4,3145728,18874368,94371840],"dst_ne":[786432,1,5,1],"layout":"strided","phase":"measure","rows":5,"sample":1,"src_nb":[4,3145728,3145744,15728720],"src_ne":[786432,1,5,1],"width":786432}
M5_PROFILE {"context":"1056357a0","graph":220,"cb":1,"original_nodes":3,"gpu_start_s":246342.666992875,"gpu_end_s":246342.667267250,"gpu_ms":0.274375,"valid":true,"completed":true,"op_counts":{"CPY":1,"VIEW":2}}
M5_COPY_RETURN {"copy_bytes":15728640,"dst_nb":[4,3145728,18874368,94371840],"dst_ne":[786432,1,5,1],"layout":"strided","phase":"measure","rows":5,"sample":1,"src_nb":[4,3145728,3145744,15728720],"src_ne":[786432,1,5,1],"wall_us":494.375,"width":786432}
M5_COPY_CALL {"copy_bytes":15728640,"dst_nb":[4,3145728,18874368,94371840],"dst_ne":[786432,1,5,1],"layout":"strided","phase":"measure","rows":5,"sample":2,"src_nb":[4,3145728,3145744,15728720],"src_ne":[786432,1,5,1],"width":786432}
M5_PROFILE {"context":"1056357a0","graph":221,"cb":1,"original_nodes":3,"gpu_start_s":246342.667466500,"gpu_end_s":246342.667740667,"gpu_ms":0.274167,"valid":true,"completed":true,"op_counts":{"CPY":1,"VIEW":2}}
M5_COPY_RETURN {"copy_bytes":15728640,"dst_nb":[4,3145728,18874368,94371840],"dst_ne":[786432,1,5,1],"layout":"strided","phase":"measure","rows":5,"sample":2,"src_nb":[4,3145728,3145744,15728720],"src_ne":[786432,1,5,1],"wall_us":460.584,"width":786432}
M5_COPY_CALL {"copy_bytes":15728640,"dst_nb":[4,3145728,18874368,94371840],"dst_ne":[786432,1,5,1],"layout":"strided","phase":"measure","rows":5,"sample":3,"src_nb":[4,3145728,3145744,15728720],"src_ne":[786432,1,5,1],"width":786432}
M5_PROFILE {"context":"1056357a0","graph":222,"cb":1,"original_nodes":3,"gpu_start_s":246342.667906500,"gpu_end_s":246342.668180750,"gpu_ms":0.274250,"valid":true,"completed":true,"op_counts":{"CPY":1,"VIEW":2}}
M5_COPY_RETURN {"copy_bytes":15728640,"dst_nb":[4,3145728,18874368,94371840],"dst_ne":[786432,1,5,1],"layout":"strided","phase":"measure","rows":5,"sample":3,"src_nb":[4,3145728,3145744,15728720],"src_ne":[786432,1,5,1],"wall_us":430.333,"width":786432}
M5_COPY_CALL {"copy_bytes":15728640,"dst_nb":[4,3145728,18874368,94371840],"dst_ne":[786432,1,5,1],"layout":"strided","phase":"measure","rows":5,"sample":4,"src_nb":[4,3145728,3145744,15728720],"src_ne":[786432,1,5,1],"width":786432}
M5_PROFILE {"context":"1056357a0","graph":223,"cb":1,"original_nodes":3,"gpu_start_s":246342.668346625,"gpu_end_s":246342.668621000,"gpu_ms":0.274375,"valid":true,"completed":true,"op_counts":{"CPY":1,"VIEW":2}}
M5_COPY_RETURN {"copy_bytes":15728640,"dst_nb":[4,3145728,18874368,94371840],"dst_ne":[786432,1,5,1],"layout":"strided","phase":"measure","rows":5,"sample":4,"src_nb":[4,3145728,3145744,15728720],"src_ne":[786432,1,5,1],"wall_us":434.083,"width":786432}
M5_COPY_CALL {"copy_bytes":15728640,"dst_nb":[4,3145728,18874368,94371840],"dst_ne":[786432,1,5,1],"layout":"strided","phase":"measure","rows":5,"sample":5,"src_nb":[4,3145728,3145744,15728720],"src_ne":[786432,1,5,1],"width":786432}
M5_PROFILE {"context":"1056357a0","graph":224,"cb":1,"original_nodes":3,"gpu_start_s":246342.669621042,"gpu_end_s":246342.670131000,"gpu_ms":0.509958,"valid":true,"completed":true,"op_counts":{"CPY":1,"VIEW":2}}
M5_COPY_RETURN {"copy_bytes":15728640,"dst_nb":[4,3145728,18874368,94371840],"dst_ne":[786432,1,5,1],"layout":"strided","phase":"measure","rows":5,"sample":5,"src_nb":[4,3145728,3145744,15728720],"src_ne":[786432,1,5,1],"wall_us":1543.625,"width":786432}
M5_COPY_CALL {"copy_bytes":15728640,"dst_nb":[4,3145728,18874368,94371840],"dst_ne":[786432,1,5,1],"layout":"strided","phase":"measure","rows":5,"sample":6,"src_nb":[4,3145728,3145744,15728720],"src_ne":[786432,1,5,1],"width":786432}
M5_PROFILE {"context":"1056357a0","graph":225,"cb":1,"original_nodes":3,"gpu_start_s":246342.670407500,"gpu_end_s":246342.670681792,"gpu_ms":0.274292,"valid":true,"completed":true,"op_counts":{"CPY":1,"VIEW":2}}
M5_COPY_RETURN {"copy_bytes":15728640,"dst_nb":[4,3145728,18874368,94371840],"dst_ne":[786432,1,5,1],"layout":"strided","phase":"measure","rows":5,"sample":6,"src_nb":[4,3145728,3145744,15728720],"src_ne":[786432,1,5,1],"wall_us":486.959,"width":786432}
M5_COPY_CALL {"copy_bytes":15728640,"dst_nb":[4,3145728,18874368,94371840],"dst_ne":[786432,1,5,1],"layout":"strided","phase":"measure","rows":5,"sample":7,"src_nb":[4,3145728,3145744,15728720],"src_ne":[786432,1,5,1],"width":786432}
M5_PROFILE {"context":"1056357a0","graph":226,"cb":1,"original_nodes":3,"gpu_start_s":246342.671710750,"gpu_end_s":246342.672228625,"gpu_ms":0.517875,"valid":true,"completed":true,"op_counts":{"CPY":1,"VIEW":2}}
M5_COPY_RETURN {"copy_bytes":15728640,"dst_nb":[4,3145728,18874368,94371840],"dst_ne":[786432,1,5,1],"layout":"strided","phase":"measure","rows":5,"sample":7,"src_nb":[4,3145728,3145744,15728720],"src_ne":[786432,1,5,1],"wall_us":1544.083,"width":786432}
M5_COPY_CALL {"copy_bytes":15728640,"dst_nb":[4,3145728,18874368,94371840],"dst_ne":[786432,1,5,1],"layout":"strided","phase":"measure","rows":5,"sample":8,"src_nb":[4,3145728,3145744,15728720],"src_ne":[786432,1,5,1],"width":786432}
M5_PROFILE {"context":"1056357a0","graph":227,"cb":1,"original_nodes":3,"gpu_start_s":246342.672433375,"gpu_end_s":246342.672707667,"gpu_ms":0.274292,"valid":true,"completed":true,"op_counts":{"CPY":1,"VIEW":2}}
M5_COPY_RETURN {"copy_bytes":15728640,"dst_nb":[4,3145728,18874368,94371840],"dst_ne":[786432,1,5,1],"layout":"strided","phase":"measure","rows":5,"sample":8,"src_nb":[4,3145728,3145744,15728720],"src_ne":[786432,1,5,1],"wall_us":465.542,"width":786432}
M5_COPY_CALL {"copy_bytes":15728640,"dst_nb":[4,3145728,18874368,94371840],"dst_ne":[786432,1,5,1],"layout":"strided","phase":"measure","rows":5,"sample":9,"src_nb":[4,3145728,3145744,15728720],"src_ne":[786432,1,5,1],"width":786432}
M5_PROFILE {"context":"1056357a0","graph":228,"cb":1,"original_nodes":3,"gpu_start_s":246342.672894167,"gpu_end_s":246342.673176000,"gpu_ms":0.281833,"valid":true,"completed":true,"op_counts":{"CPY":1,"VIEW":2}}
M5_COPY_RETURN {"copy_bytes":15728640,"dst_nb":[4,3145728,18874368,94371840],"dst_ne":[786432,1,5,1],"layout":"strided","phase":"measure","rows":5,"sample":9,"src_nb":[4,3145728,3145744,15728720],"src_ne":[786432,1,5,1],"wall_us":458.625,"width":786432}
M5_COPY_CALL {"copy_bytes":15728640,"dst_nb":[4,3145728,18874368,94371840],"dst_ne":[786432,1,5,1],"layout":"strided","phase":"measure","rows":5,"sample":10,"src_nb":[4,3145728,3145744,15728720],"src_ne":[786432,1,5,1],"width":786432}
M5_PROFILE {"context":"1056357a0","graph":229,"cb":1,"original_nodes":3,"gpu_start_s":246342.673350750,"gpu_end_s":246342.673632500,"gpu_ms":0.281750,"valid":true,"completed":true,"op_counts":{"CPY":1,"VIEW":2}}
M5_COPY_RETURN {"copy_bytes":15728640,"dst_nb":[4,3145728,18874368,94371840],"dst_ne":[786432,1,5,1],"layout":"strided","phase":"measure","rows":5,"sample":10,"src_nb":[4,3145728,3145744,15728720],"src_ne":[786432,1,5,1],"wall_us":449.666,"width":786432}
M5_COPY_CALL {"copy_bytes":15728640,"dst_nb":[4,3145728,18874368,94371840],"dst_ne":[786432,1,5,1],"layout":"strided","phase":"measure","rows":5,"sample":11,"src_nb":[4,3145728,3145744,15728720],"src_ne":[786432,1,5,1],"width":786432}
M5_PROFILE {"context":"1056357a0","graph":230,"cb":1,"original_nodes":3,"gpu_start_s":246342.673807417,"gpu_end_s":246342.674089125,"gpu_ms":0.281708,"valid":true,"completed":true,"op_counts":{"CPY":1,"VIEW":2}}
M5_COPY_RETURN {"copy_bytes":15728640,"dst_nb":[4,3145728,18874368,94371840],"dst_ne":[786432,1,5,1],"layout":"strided","phase":"measure","rows":5,"sample":11,"src_nb":[4,3145728,3145744,15728720],"src_ne":[786432,1,5,1],"wall_us":453.083,"width":786432}
M5_COPY_CALL {"copy_bytes":15728640,"dst_nb":[4,3145728,18874368,94371840],"dst_ne":[786432,1,5,1],"layout":"strided","phase":"measure","rows":5,"sample":12,"src_nb":[4,3145728,3145744,15728720],"src_ne":[786432,1,5,1],"width":786432}
M5_PROFILE {"context":"1056357a0","graph":231,"cb":1,"original_nodes":3,"gpu_start_s":246342.674284792,"gpu_end_s":246342.674566500,"gpu_ms":0.281708,"valid":true,"completed":true,"op_counts":{"CPY":1,"VIEW":2}}
M5_COPY_RETURN {"copy_bytes":15728640,"dst_nb":[4,3145728,18874368,94371840],"dst_ne":[786432,1,5,1],"layout":"strided","phase":"measure","rows":5,"sample":12,"src_nb":[4,3145728,3145744,15728720],"src_ne":[786432,1,5,1],"wall_us":468.875,"width":786432}
M5_COPY_CALL {"copy_bytes":15728640,"dst_nb":[4,3145728,18874368,94371840],"dst_ne":[786432,1,5,1],"layout":"strided","phase":"measure","rows":5,"sample":13,"src_nb":[4,3145728,3145744,15728720],"src_ne":[786432,1,5,1],"width":786432}
M5_PROFILE {"context":"1056357a0","graph":232,"cb":1,"original_nodes":3,"gpu_start_s":246342.674753875,"gpu_end_s":246342.675035500,"gpu_ms":0.281625,"valid":true,"completed":true,"op_counts":{"CPY":1,"VIEW":2}}
M5_COPY_RETURN {"copy_bytes":15728640,"dst_nb":[4,3145728,18874368,94371840],"dst_ne":[786432,1,5,1],"layout":"strided","phase":"measure","rows":5,"sample":13,"src_nb":[4,3145728,3145744,15728720],"src_ne":[786432,1,5,1],"wall_us":462.958,"width":786432}
M5_COPY_CALL {"copy_bytes":15728640,"dst_nb":[4,3145728,18874368,94371840],"dst_ne":[786432,1,5,1],"layout":"strided","phase":"measure","rows":5,"sample":14,"src_nb":[4,3145728,3145744,15728720],"src_ne":[786432,1,5,1],"width":786432}
M5_PROFILE {"context":"1056357a0","graph":233,"cb":1,"original_nodes":3,"gpu_start_s":246342.675207500,"gpu_end_s":246342.675489250,"gpu_ms":0.281750,"valid":true,"completed":true,"op_counts":{"CPY":1,"VIEW":2}}
M5_COPY_RETURN {"copy_bytes":15728640,"dst_nb":[4,3145728,18874368,94371840],"dst_ne":[786432,1,5,1],"layout":"strided","phase":"measure","rows":5,"sample":14,"src_nb":[4,3145728,3145744,15728720],"src_ne":[786432,1,5,1],"wall_us":442.25,"width":786432}
M5_COPY_CALL {"copy_bytes":15728640,"dst_nb":[4,3145728,18874368,94371840],"dst_ne":[786432,1,5,1],"layout":"strided","phase":"measure","rows":5,"sample":15,"src_nb":[4,3145728,3145744,15728720],"src_ne":[786432,1,5,1],"width":786432}
M5_PROFILE {"context":"1056357a0","graph":234,"cb":1,"original_nodes":3,"gpu_start_s":246342.675662542,"gpu_end_s":246342.675944125,"gpu_ms":0.281583,"valid":true,"completed":true,"op_counts":{"CPY":1,"VIEW":2}}
M5_COPY_RETURN {"copy_bytes":15728640,"dst_nb":[4,3145728,18874368,94371840],"dst_ne":[786432,1,5,1],"layout":"strided","phase":"measure","rows":5,"sample":15,"src_nb":[4,3145728,3145744,15728720],"src_ne":[786432,1,5,1],"wall_us":449.375,"width":786432}
M5_COPY_CALL {"copy_bytes":15728640,"dst_nb":[4,3145728,18874368,94371840],"dst_ne":[786432,1,5,1],"layout":"strided","phase":"measure","rows":5,"sample":16,"src_nb":[4,3145728,3145744,15728720],"src_ne":[786432,1,5,1],"width":786432}
M5_PROFILE {"context":"1056357a0","graph":235,"cb":1,"original_nodes":3,"gpu_start_s":246342.676118292,"gpu_end_s":246342.676400000,"gpu_ms":0.281708,"valid":true,"completed":true,"op_counts":{"CPY":1,"VIEW":2}}
M5_COPY_RETURN {"copy_bytes":15728640,"dst_nb":[4,3145728,18874368,94371840],"dst_ne":[786432,1,5,1],"layout":"strided","phase":"measure","rows":5,"sample":16,"src_nb":[4,3145728,3145744,15728720],"src_ne":[786432,1,5,1],"wall_us":451.583,"width":786432}
M5_COPY_CALL {"copy_bytes":15728640,"dst_nb":[4,3145728,18874368,94371840],"dst_ne":[786432,1,5,1],"layout":"strided","phase":"measure","rows":5,"sample":17,"src_nb":[4,3145728,3145744,15728720],"src_ne":[786432,1,5,1],"width":786432}
M5_PROFILE {"context":"1056357a0","graph":236,"cb":1,"original_nodes":3,"gpu_start_s":246342.676700542,"gpu_end_s":246342.676974625,"gpu_ms":0.274083,"valid":true,"completed":true,"op_counts":{"CPY":1,"VIEW":2}}
M5_COPY_RETURN {"copy_bytes":15728640,"dst_nb":[4,3145728,18874368,94371840],"dst_ne":[786432,1,5,1],"layout":"strided","phase":"measure","rows":5,"sample":17,"src_nb":[4,3145728,3145744,15728720],"src_ne":[786432,1,5,1],"wall_us":566.25,"width":786432}
M5_COPY_CALL {"copy_bytes":15728640,"dst_nb":[4,3145728,18874368,94371840],"dst_ne":[786432,1,5,1],"layout":"strided","phase":"measure","rows":5,"sample":18,"src_nb":[4,3145728,3145744,15728720],"src_ne":[786432,1,5,1],"width":786432}
M5_PROFILE {"context":"1056357a0","graph":237,"cb":1,"original_nodes":3,"gpu_start_s":246342.677154542,"gpu_end_s":246342.677429000,"gpu_ms":0.274458,"valid":true,"completed":true,"op_counts":{"CPY":1,"VIEW":2}}
M5_COPY_RETURN {"copy_bytes":15728640,"dst_nb":[4,3145728,18874368,94371840],"dst_ne":[786432,1,5,1],"layout":"strided","phase":"measure","rows":5,"sample":18,"src_nb":[4,3145728,3145744,15728720],"src_ne":[786432,1,5,1],"wall_us":444.625,"width":786432}
M5_COPY_CALL {"copy_bytes":15728640,"dst_nb":[4,3145728,18874368,94371840],"dst_ne":[786432,1,5,1],"layout":"strided","phase":"measure","rows":5,"sample":19,"src_nb":[4,3145728,3145744,15728720],"src_ne":[786432,1,5,1],"width":786432}
M5_PROFILE {"context":"1056357a0","graph":238,"cb":1,"original_nodes":3,"gpu_start_s":246342.677589917,"gpu_end_s":246342.677864375,"gpu_ms":0.274458,"valid":true,"completed":true,"op_counts":{"CPY":1,"VIEW":2}}
M5_COPY_RETURN {"copy_bytes":15728640,"dst_nb":[4,3145728,18874368,94371840],"dst_ne":[786432,1,5,1],"layout":"strided","phase":"measure","rows":5,"sample":19,"src_nb":[4,3145728,3145744,15728720],"src_ne":[786432,1,5,1],"wall_us":432.375,"width":786432}
M5_COPY_CALL {"copy_bytes":15728640,"dst_nb":[4,3145728,18874368,94371840],"dst_ne":[786432,1,5,1],"layout":"strided","phase":"measure","rows":5,"sample":20,"src_nb":[4,3145728,3145744,15728720],"src_ne":[786432,1,5,1],"width":786432}
M5_PROFILE {"context":"1056357a0","graph":239,"cb":1,"original_nodes":3,"gpu_start_s":246342.678042792,"gpu_end_s":246342.678317250,"gpu_ms":0.274458,"valid":true,"completed":true,"op_counts":{"CPY":1,"VIEW":2}}
M5_COPY_RETURN {"copy_bytes":15728640,"dst_nb":[4,3145728,18874368,94371840],"dst_ne":[786432,1,5,1],"layout":"strided","phase":"measure","rows":5,"sample":20,"src_nb":[4,3145728,3145744,15728720],"src_ne":[786432,1,5,1],"wall_us":442.125,"width":786432}
M5_COPY_CALL {"copy_bytes":15728640,"dst_nb":[4,3145728,18874368,94371840],"dst_ne":[786432,1,5,1],"layout":"strided","phase":"measure","rows":5,"sample":21,"src_nb":[4,3145728,3145744,15728720],"src_ne":[786432,1,5,1],"width":786432}
M5_PROFILE {"context":"1056357a0","graph":240,"cb":1,"original_nodes":3,"gpu_start_s":246342.678495500,"gpu_end_s":246342.678769625,"gpu_ms":0.274125,"valid":true,"completed":true,"op_counts":{"CPY":1,"VIEW":2}}
M5_COPY_RETURN {"copy_bytes":15728640,"dst_nb":[4,3145728,18874368,94371840],"dst_ne":[786432,1,5,1],"layout":"strided","phase":"measure","rows":5,"sample":21,"src_nb":[4,3145728,3145744,15728720],"src_ne":[786432,1,5,1],"wall_us":447.375,"width":786432}
M5_COPY_CALL {"copy_bytes":15728640,"dst_nb":[4,3145728,18874368,94371840],"dst_ne":[786432,1,5,1],"layout":"strided","phase":"measure","rows":5,"sample":22,"src_nb":[4,3145728,3145744,15728720],"src_ne":[786432,1,5,1],"width":786432}
M5_PROFILE {"context":"1056357a0","graph":241,"cb":1,"original_nodes":3,"gpu_start_s":246342.678991125,"gpu_end_s":246342.679265417,"gpu_ms":0.274292,"valid":true,"completed":true,"op_counts":{"CPY":1,"VIEW":2}}
M5_COPY_RETURN {"copy_bytes":15728640,"dst_nb":[4,3145728,18874368,94371840],"dst_ne":[786432,1,5,1],"layout":"strided","phase":"measure","rows":5,"sample":22,"src_nb":[4,3145728,3145744,15728720],"src_ne":[786432,1,5,1],"wall_us":487.917,"width":786432}
M5_COPY_CALL {"copy_bytes":15728640,"dst_nb":[4,3145728,18874368,94371840],"dst_ne":[786432,1,5,1],"layout":"strided","phase":"measure","rows":5,"sample":23,"src_nb":[4,3145728,3145744,15728720],"src_ne":[786432,1,5,1],"width":786432}
M5_PROFILE {"context":"1056357a0","graph":242,"cb":1,"original_nodes":3,"gpu_start_s":246342.679495792,"gpu_end_s":246342.679770167,"gpu_ms":0.274375,"valid":true,"completed":true,"op_counts":{"CPY":1,"VIEW":2}}
M5_COPY_RETURN {"copy_bytes":15728640,"dst_nb":[4,3145728,18874368,94371840],"dst_ne":[786432,1,5,1],"layout":"strided","phase":"measure","rows":5,"sample":23,"src_nb":[4,3145728,3145744,15728720],"src_ne":[786432,1,5,1],"wall_us":499.666,"width":786432}
M5_COPY_CALL {"copy_bytes":15728640,"dst_nb":[4,3145728,18874368,94371840],"dst_ne":[786432,1,5,1],"layout":"strided","phase":"measure","rows":5,"sample":24,"src_nb":[4,3145728,3145744,15728720],"src_ne":[786432,1,5,1],"width":786432}
M5_PROFILE {"context":"1056357a0","graph":243,"cb":1,"original_nodes":3,"gpu_start_s":246342.679992750,"gpu_end_s":246342.680267000,"gpu_ms":0.274250,"valid":true,"completed":true,"op_counts":{"CPY":1,"VIEW":2}}
M5_COPY_RETURN {"copy_bytes":15728640,"dst_nb":[4,3145728,18874368,94371840],"dst_ne":[786432,1,5,1],"layout":"strided","phase":"measure","rows":5,"sample":24,"src_nb":[4,3145728,3145744,15728720],"src_ne":[786432,1,5,1],"wall_us":492.125,"width":786432}
M5_COPY_CALL {"copy_bytes":15728640,"dst_nb":[4,3145728,18874368,94371840],"dst_ne":[786432,1,5,1],"layout":"strided","phase":"measure","rows":5,"sample":25,"src_nb":[4,3145728,3145744,15728720],"src_ne":[786432,1,5,1],"width":786432}
M5_PROFILE {"context":"1056357a0","graph":244,"cb":1,"original_nodes":3,"gpu_start_s":246342.680444500,"gpu_end_s":246342.680719042,"gpu_ms":0.274542,"valid":true,"completed":true,"op_counts":{"CPY":1,"VIEW":2}}
M5_COPY_RETURN {"copy_bytes":15728640,"dst_nb":[4,3145728,18874368,94371840],"dst_ne":[786432,1,5,1],"layout":"strided","phase":"measure","rows":5,"sample":25,"src_nb":[4,3145728,3145744,15728720],"src_ne":[786432,1,5,1],"wall_us":446.0,"width":786432}
M5_COPY_CALL {"copy_bytes":15728640,"dst_nb":[4,3145728,18874368,94371840],"dst_ne":[786432,1,5,1],"layout":"strided","phase":"measure","rows":5,"sample":26,"src_nb":[4,3145728,3145744,15728720],"src_ne":[786432,1,5,1],"width":786432}
M5_PROFILE {"context":"1056357a0","graph":245,"cb":1,"original_nodes":3,"gpu_start_s":246342.680894250,"gpu_end_s":246342.681174500,"gpu_ms":0.280250,"valid":true,"completed":true,"op_counts":{"CPY":1,"VIEW":2}}
M5_COPY_RETURN {"copy_bytes":15728640,"dst_nb":[4,3145728,18874368,94371840],"dst_ne":[786432,1,5,1],"layout":"strided","phase":"measure","rows":5,"sample":26,"src_nb":[4,3145728,3145744,15728720],"src_ne":[786432,1,5,1],"wall_us":445.875,"width":786432}
M5_COPY_CALL {"copy_bytes":15728640,"dst_nb":[4,3145728,18874368,94371840],"dst_ne":[786432,1,5,1],"layout":"strided","phase":"measure","rows":5,"sample":27,"src_nb":[4,3145728,3145744,15728720],"src_ne":[786432,1,5,1],"width":786432}
M5_PROFILE {"context":"1056357a0","graph":246,"cb":1,"original_nodes":3,"gpu_start_s":246342.681344000,"gpu_end_s":246342.681625667,"gpu_ms":0.281667,"valid":true,"completed":true,"op_counts":{"CPY":1,"VIEW":2}}
M5_COPY_RETURN {"copy_bytes":15728640,"dst_nb":[4,3145728,18874368,94371840],"dst_ne":[786432,1,5,1],"layout":"strided","phase":"measure","rows":5,"sample":27,"src_nb":[4,3145728,3145744,15728720],"src_ne":[786432,1,5,1],"wall_us":444.625,"width":786432}
M5_COPY_CALL {"copy_bytes":15728640,"dst_nb":[4,3145728,18874368,94371840],"dst_ne":[786432,1,5,1],"layout":"strided","phase":"measure","rows":5,"sample":28,"src_nb":[4,3145728,3145744,15728720],"src_ne":[786432,1,5,1],"width":786432}
M5_PROFILE {"context":"1056357a0","graph":247,"cb":1,"original_nodes":3,"gpu_start_s":246342.681848167,"gpu_end_s":246342.682130000,"gpu_ms":0.281833,"valid":true,"completed":true,"op_counts":{"CPY":1,"VIEW":2}}
M5_COPY_RETURN {"copy_bytes":15728640,"dst_nb":[4,3145728,18874368,94371840],"dst_ne":[786432,1,5,1],"layout":"strided","phase":"measure","rows":5,"sample":28,"src_nb":[4,3145728,3145744,15728720],"src_ne":[786432,1,5,1],"wall_us":498.458,"width":786432}
M5_COPY_CALL {"copy_bytes":15728640,"dst_nb":[4,3145728,18874368,94371840],"dst_ne":[786432,1,5,1],"layout":"strided","phase":"measure","rows":5,"sample":29,"src_nb":[4,3145728,3145744,15728720],"src_ne":[786432,1,5,1],"width":786432}
M5_PROFILE {"context":"1056357a0","graph":248,"cb":1,"original_nodes":3,"gpu_start_s":246342.682312500,"gpu_end_s":246342.682594000,"gpu_ms":0.281500,"valid":true,"completed":true,"op_counts":{"CPY":1,"VIEW":2}}
M5_COPY_RETURN {"copy_bytes":15728640,"dst_nb":[4,3145728,18874368,94371840],"dst_ne":[786432,1,5,1],"layout":"strided","phase":"measure","rows":5,"sample":29,"src_nb":[4,3145728,3145744,15728720],"src_ne":[786432,1,5,1],"wall_us":459.792,"width":786432}
M5_COPY_CALL {"copy_bytes":15728640,"dst_nb":[4,3145728,18874368,94371840],"dst_ne":[786432,1,5,1],"layout":"strided","phase":"measure","rows":5,"sample":30,"src_nb":[4,3145728,3145744,15728720],"src_ne":[786432,1,5,1],"width":786432}
M5_PROFILE {"context":"1056357a0","graph":249,"cb":1,"original_nodes":3,"gpu_start_s":246342.682753667,"gpu_end_s":246342.683035250,"gpu_ms":0.281583,"valid":true,"completed":true,"op_counts":{"CPY":1,"VIEW":2}}
M5_COPY_RETURN {"copy_bytes":15728640,"dst_nb":[4,3145728,18874368,94371840],"dst_ne":[786432,1,5,1],"layout":"strided","phase":"measure","rows":5,"sample":30,"src_nb":[4,3145728,3145744,15728720],"src_ne":[786432,1,5,1],"wall_us":432.292,"width":786432}
M5_COPY_CALL {"copy_bytes":15728640,"dst_nb":[4,3145728,18874368,94371840],"dst_ne":[786432,1,5,1],"layout":"strided","phase":"measure","rows":5,"sample":31,"src_nb":[4,3145728,3145744,15728720],"src_ne":[786432,1,5,1],"width":786432}
M5_PROFILE {"context":"1056357a0","graph":250,"cb":1,"original_nodes":3,"gpu_start_s":246342.683198542,"gpu_end_s":246342.683480167,"gpu_ms":0.281625,"valid":true,"completed":true,"op_counts":{"CPY":1,"VIEW":2}}
M5_COPY_RETURN {"copy_bytes":15728640,"dst_nb":[4,3145728,18874368,94371840],"dst_ne":[786432,1,5,1],"layout":"strided","phase":"measure","rows":5,"sample":31,"src_nb":[4,3145728,3145744,15728720],"src_ne":[786432,1,5,1],"wall_us":438.292,"width":786432}
M5_COPY_CALL {"copy_bytes":15728640,"dst_nb":[4,3145728,18874368,94371840],"dst_ne":[786432,1,5,1],"layout":"strided","phase":"measure","rows":5,"sample":32,"src_nb":[4,3145728,3145744,15728720],"src_ne":[786432,1,5,1],"width":786432}
M5_PROFILE {"context":"1056357a0","graph":251,"cb":1,"original_nodes":3,"gpu_start_s":246342.683656000,"gpu_end_s":246342.683937792,"gpu_ms":0.281792,"valid":true,"completed":true,"op_counts":{"CPY":1,"VIEW":2}}
M5_COPY_RETURN {"copy_bytes":15728640,"dst_nb":[4,3145728,18874368,94371840],"dst_ne":[786432,1,5,1],"layout":"strided","phase":"measure","rows":5,"sample":32,"src_nb":[4,3145728,3145744,15728720],"src_ne":[786432,1,5,1],"wall_us":540.791,"width":786432}
M5_COPY_CALL {"copy_bytes":15728640,"dst_nb":[4,3145728,18874368,94371840],"dst_ne":[786432,1,5,1],"layout":"strided","phase":"measure","rows":5,"sample":33,"src_nb":[4,3145728,3145744,15728720],"src_ne":[786432,1,5,1],"width":786432}
M5_PROFILE {"context":"1056357a0","graph":252,"cb":1,"original_nodes":3,"gpu_start_s":246342.684230542,"gpu_end_s":246342.684512042,"gpu_ms":0.281500,"valid":true,"completed":true,"op_counts":{"CPY":1,"VIEW":2}}
M5_COPY_RETURN {"copy_bytes":15728640,"dst_nb":[4,3145728,18874368,94371840],"dst_ne":[786432,1,5,1],"layout":"strided","phase":"measure","rows":5,"sample":33,"src_nb":[4,3145728,3145744,15728720],"src_ne":[786432,1,5,1],"wall_us":458.875,"width":786432}
M5_COPY_CALL {"copy_bytes":15728640,"dst_nb":[4,3145728,18874368,94371840],"dst_ne":[786432,1,5,1],"layout":"strided","phase":"measure","rows":5,"sample":34,"src_nb":[4,3145728,3145744,15728720],"src_ne":[786432,1,5,1],"width":786432}
M5_PROFILE {"context":"1056357a0","graph":253,"cb":1,"original_nodes":3,"gpu_start_s":246342.684764542,"gpu_end_s":246342.685038875,"gpu_ms":0.274333,"valid":true,"completed":true,"op_counts":{"CPY":1,"VIEW":2}}
M5_COPY_RETURN {"copy_bytes":15728640,"dst_nb":[4,3145728,18874368,94371840],"dst_ne":[786432,1,5,1],"layout":"strided","phase":"measure","rows":5,"sample":34,"src_nb":[4,3145728,3145744,15728720],"src_ne":[786432,1,5,1],"wall_us":518.75,"width":786432}
M5_COPY_CALL {"copy_bytes":15728640,"dst_nb":[4,3145728,18874368,94371840],"dst_ne":[786432,1,5,1],"layout":"strided","phase":"measure","rows":5,"sample":35,"src_nb":[4,3145728,3145744,15728720],"src_ne":[786432,1,5,1],"width":786432}
M5_PROFILE {"context":"1056357a0","graph":254,"cb":1,"original_nodes":3,"gpu_start_s":246342.685233417,"gpu_end_s":246342.685507625,"gpu_ms":0.274208,"valid":true,"completed":true,"op_counts":{"CPY":1,"VIEW":2}}
M5_COPY_RETURN {"copy_bytes":15728640,"dst_nb":[4,3145728,18874368,94371840],"dst_ne":[786432,1,5,1],"layout":"strided","phase":"measure","rows":5,"sample":35,"src_nb":[4,3145728,3145744,15728720],"src_ne":[786432,1,5,1],"wall_us":462.042,"width":786432}
M5_COPY_CALL {"copy_bytes":15728640,"dst_nb":[4,3145728,18874368,94371840],"dst_ne":[786432,1,5,1],"layout":"strided","phase":"measure","rows":5,"sample":36,"src_nb":[4,3145728,3145744,15728720],"src_ne":[786432,1,5,1],"width":786432}
M5_PROFILE {"context":"1056357a0","graph":255,"cb":1,"original_nodes":3,"gpu_start_s":246342.685689042,"gpu_end_s":246342.685963375,"gpu_ms":0.274333,"valid":true,"completed":true,"op_counts":{"CPY":1,"VIEW":2}}
M5_COPY_RETURN {"copy_bytes":15728640,"dst_nb":[4,3145728,18874368,94371840],"dst_ne":[786432,1,5,1],"layout":"strided","phase":"measure","rows":5,"sample":36,"src_nb":[4,3145728,3145744,15728720],"src_ne":[786432,1,5,1],"wall_us":450.875,"width":786432}
M5_COPY_CALL {"copy_bytes":15728640,"dst_nb":[4,3145728,18874368,94371840],"dst_ne":[786432,1,5,1],"layout":"strided","phase":"measure","rows":5,"sample":37,"src_nb":[4,3145728,3145744,15728720],"src_ne":[786432,1,5,1],"width":786432}
M5_PROFILE {"context":"1056357a0","graph":256,"cb":1,"original_nodes":3,"gpu_start_s":246342.686140375,"gpu_end_s":246342.686414875,"gpu_ms":0.274500,"valid":true,"completed":true,"op_counts":{"CPY":1,"VIEW":2}}
M5_COPY_RETURN {"copy_bytes":15728640,"dst_nb":[4,3145728,18874368,94371840],"dst_ne":[786432,1,5,1],"layout":"strided","phase":"measure","rows":5,"sample":37,"src_nb":[4,3145728,3145744,15728720],"src_ne":[786432,1,5,1],"wall_us":440.25,"width":786432}
M5_COPY_CALL {"copy_bytes":15728640,"dst_nb":[4,3145728,18874368,94371840],"dst_ne":[786432,1,5,1],"layout":"strided","phase":"measure","rows":5,"sample":38,"src_nb":[4,3145728,3145744,15728720],"src_ne":[786432,1,5,1],"width":786432}
M5_PROFILE {"context":"1056357a0","graph":257,"cb":1,"original_nodes":3,"gpu_start_s":246342.686594750,"gpu_end_s":246342.686869000,"gpu_ms":0.274250,"valid":true,"completed":true,"op_counts":{"CPY":1,"VIEW":2}}
M5_COPY_RETURN {"copy_bytes":15728640,"dst_nb":[4,3145728,18874368,94371840],"dst_ne":[786432,1,5,1],"layout":"strided","phase":"measure","rows":5,"sample":38,"src_nb":[4,3145728,3145744,15728720],"src_ne":[786432,1,5,1],"wall_us":449.416,"width":786432}
M5_COPY_CALL {"copy_bytes":15728640,"dst_nb":[4,3145728,18874368,94371840],"dst_ne":[786432,1,5,1],"layout":"strided","phase":"measure","rows":5,"sample":39,"src_nb":[4,3145728,3145744,15728720],"src_ne":[786432,1,5,1],"width":786432}
M5_PROFILE {"context":"1056357a0","graph":258,"cb":1,"original_nodes":3,"gpu_start_s":246342.687045500,"gpu_end_s":246342.687320125,"gpu_ms":0.274625,"valid":true,"completed":true,"op_counts":{"CPY":1,"VIEW":2}}
M5_COPY_RETURN {"copy_bytes":15728640,"dst_nb":[4,3145728,18874368,94371840],"dst_ne":[786432,1,5,1],"layout":"strided","phase":"measure","rows":5,"sample":39,"src_nb":[4,3145728,3145744,15728720],"src_ne":[786432,1,5,1],"wall_us":443.416,"width":786432}
M5_COPY_PASS {"copy_bytes":15728640,"dst_nb":[4,3145728,18874368,94371840],"dst_ne":[786432,1,5,1],"layout":"strided","rows":5,"src_nb":[4,3145728,3145744,15728720],"src_ne":[786432,1,5,1],"width":786432}
ggml_metal_free: deallocating
M5_COPY_DONE {"mode":"perf","passed":6}
