ggml_metal_device_init: testing tensor API for f16 support
ggml_metal_library_compile_pipeline: compiling pipeline: base = 'dummy_kernel', name = 'dummy_kernel'
ggml_metal_library_compile_pipeline: loaded dummy_kernel                                  0x1053d7140 | th_max = 1024 | th_width =   32
ggml_metal_device_init: testing tensor API for bfloat support
ggml_metal_library_compile_pipeline: compiling pipeline: base = 'dummy_kernel', name = 'dummy_kernel'
ggml_metal_library_compile_pipeline: loaded dummy_kernel                                  0x1053d7100 | th_max = 1024 | th_width =   32
ggml_metal_library_init: using embedded metal library
ggml_metal_library_compile_all: compiled 'fa_aux' library in 0.000 sec
ggml_metal_library_compile_all: compiled 'fa_f16' library in 0.001 sec
ggml_metal_library_compile_all: compiled 'fa_f32' library in 0.003 sec
ggml_metal_library_compile_all: compiled 'fa_q4_0' library in 0.003 sec
ggml_metal_library_compile_all: compiled 'fa_q4_1' library in 0.011 sec
ggml_metal_library_compile_all: compiled 'fa_q5_0' library in 0.008 sec
ggml_metal_library_compile_all: compiled 'fa_q5_1' library in 0.003 sec
ggml_metal_library_compile_all: compiled 'fa_q8_0' library in 0.008 sec
ggml_metal_library_compile_all: compiled 'fa_vec_f16' library in 0.006 sec
ggml_metal_library_compile_all: compiled 'fa_vec_f32' library in 0.001 sec
ggml_metal_library_compile_all: compiled 'fa_vec_q4_0' library in 0.004 sec
ggml_metal_library_compile_all: compiled 'fa_vec_q4_1' library in 0.008 sec
ggml_metal_library_compile_all: compiled 'fa_vec_q5_0' library in 0.010 sec
ggml_metal_library_compile_all: compiled 'fa_vec_q5_1' library in 0.002 sec
ggml_metal_library_compile_all: compiled 'fa_vec_q8_0' library in 0.009 sec
ggml_metal_library_compile_all: compiled 'mul_mv' library in 0.003 sec
ggml_metal_library_compile_all: compiled 'mul_mv_mma' library in 0.007 sec
ggml_metal_library_compile_all: compiled 'mul_mm' library in 0.005 sec
ggml_metal_library_compile_all: compiled 'quantize' library in 0.011 sec
ggml_metal_library_compile_all: compiled 'softmax' library in 0.007 sec
ggml_metal_library_compile_all: compiled 'norm' library in 0.002 sec
ggml_metal_library_compile_all: compiled 'unary' library in 0.001 sec
ggml_metal_library_compile_all: compiled 'binbcast' library in 0.011 sec
ggml_metal_library_compile_all: compiled 'reduce' library in 0.009 sec
ggml_metal_library_compile_all: compiled 'tri' library in 0.010 sec
ggml_metal_library_compile_all: compiled 'ssm' library in 0.009 sec
ggml_metal_library_compile_all: compiled 'wkv' library in 0.010 sec
ggml_metal_library_compile_all: compiled 'gated_delta_net' library in 0.000 sec
ggml_metal_library_compile_all: compiled 'solve_tri' library in 0.010 sec
ggml_metal_library_compile_all: compiled 'rope' library in 0.008 sec
ggml_metal_library_compile_all: compiled 'conv' library in 0.005 sec
ggml_metal_library_compile_all: compiled 'upscale' library in 0.009 sec
ggml_metal_library_compile_all: compiled 'argsort' library in 0.007 sec
ggml_metal_library_compile_all: compiled 'pool' library in 0.001 sec
ggml_metal_library_compile_all: compiled 'misc' library in 0.009 sec
ggml_metal_library_compile_all: loaded 35 libraries from embedded data in 0.011 sec (max single = 0.011 sec)
ggml_metal_rsets_init: creating a residency set collection (keep_alive = 180 s)
ggml_metal_device_init: GPU name:   MTL0 (Apple M5 Pro)
ggml_metal_device_init: GPU family: MTLGPUFamilyApple10  (1010)
ggml_metal_device_init: GPU family: MTLGPUFamilyMetal4  (5002)
ggml_metal_device_init: simdgroup reduction   = true
ggml_metal_device_init: simdgroup matrix mul. = true
ggml_metal_device_init: has unified memory    = true
ggml_metal_device_init: has bfloat            = true
ggml_metal_device_init: has tensor            = true
ggml_metal_device_init: use residency sets    = true
ggml_metal_device_init: use shared buffers    = true
ggml_metal_device_init: recommendedMaxWorkingSetSize  = 40200.90 MB
ggml_metal_init: allocating
ggml_metal_init: found device: Apple M5 Pro
ggml_metal_init: picking default device: Apple M5 Pro
ggml_metal_init: use fusion         = true
ggml_metal_init: use concurrency    = true
ggml_metal_init: use graph optimize = true
M5_QSA_BEGIN 64/1/finite
ggml_metal_library_compile_pipeline: compiling pipeline: base = 'kernel_lightning_indexer_f16', name = 'kernel_lightning_indexer_f16_nh=4'
ggml_metal_library_compile_pipeline: loaded kernel_lightning_indexer_f16_nh=4             0x1053e1c80 | th_max = 1024 | th_width =   32
ggml_metal_library_compile_pipeline: compiling pipeline: base = 'kernel_cpy_i32_f32', name = 'kernel_cpy_i32_f32'
ggml_metal_library_compile_pipeline: loaded kernel_cpy_i32_f32                            0x1053e2c40 | th_max = 1024 | th_width =   32
ggml_metal_library_compile_pipeline: compiling pipeline: base = 'kernel_unary_f32_f32', name = 'kernel_unary_f32_f32_op=10_cnt=1'
ggml_metal_library_compile_pipeline: loaded kernel_unary_f32_f32_op=10_cnt=1              0x1053e31c0 | th_max = 1024 | th_width =   32
ggml_metal_library_compile_pipeline: compiling pipeline: base = 'kernel_unary_f32_f32', name = 'kernel_unary_f32_f32_op=12_cnt=1'
ggml_metal_library_compile_pipeline: loaded kernel_unary_f32_f32_op=12_cnt=1              0x1053e3540 | th_max = 1024 | th_width =   32
ggml_metal_library_compile_pipeline: compiling pipeline: base = 'kernel_repeat_f32', name = 'kernel_repeat_f32'
ggml_metal_library_compile_pipeline: loaded kernel_repeat_f32                            0x7c952a8000 | th_max = 1024 | th_width =   32
ggml_metal_library_compile_pipeline: compiling pipeline: base = 'kernel_concat_f32', name = 'kernel_concat_f32'
ggml_metal_library_compile_pipeline: loaded kernel_concat_f32                            0x7c952a8380 | th_max = 1024 | th_width =   32
ggml_metal_library_compile_pipeline: compiling pipeline: base = 'kernel_repeat_i32', name = 'kernel_repeat_i32'
ggml_metal_library_compile_pipeline: loaded kernel_repeat_i32                            0x7c952a8700 | th_max = 1024 | th_width =   32
ggml_metal_library_compile_pipeline: compiling pipeline: base = 'kernel_concat_i32', name = 'kernel_concat_i32'
ggml_metal_library_compile_pipeline: loaded kernel_concat_i32                            0x7c952a8a80 | th_max = 1024 | th_width =   32
ggml_metal_library_compile_pipeline: compiling pipeline: base = 'kernel_unary_f32_f32', name = 'kernel_unary_f32_f32_op=11_cnt=1'
ggml_metal_library_compile_pipeline: loaded kernel_unary_f32_f32_op=11_cnt=1             0x7c952a8e00 | th_max = 1024 | th_width =   32
ggml_metal_library_compile_pipeline: compiling pipeline: base = 'kernel_cumsum_blk_f32', name = 'kernel_cumsum_blk_f32'
ggml_metal_library_compile_pipeline: loaded kernel_cumsum_blk_f32                        0x7c952a9180 | th_max = 1024 | th_width =   32
ggml_metal_library_compile_pipeline: compiling pipeline: base = 'kernel_bin_fuse_f32_f32_f32', name = 'kernel_bin_fuse_f32_f32_f32_op=1_nf=1_rb=1_cb=0'
ggml_metal_library_compile_pipeline: loaded kernel_bin_fuse_f32_f32_f32_op=1_nf=1_rb=1_cb=0     0x7c952a9500 | th_max = 1024 | th_width =   32
ggml_metal_library_compile_pipeline: compiling pipeline: base = 'kernel_bin_fuse_f32_f32_f32', name = 'kernel_bin_fuse_f32_f32_f32_op=2_nf=1_rb=1_cb=0'
ggml_metal_library_compile_pipeline: loaded kernel_bin_fuse_f32_f32_f32_op=2_nf=1_rb=1_cb=0     0x7c952a9880 | th_max = 1024 | th_width =   32
ggml_metal_library_compile_pipeline: compiling pipeline: base = 'kernel_bin_fuse_f32_f32_f32', name = 'kernel_bin_fuse_f32_f32_f32_op=0_nf=1_rb=1_cb=0'
ggml_metal_library_compile_pipeline: loaded kernel_bin_fuse_f32_f32_f32_op=0_nf=1_rb=1_cb=0     0x7c952a9c00 | th_max = 1024 | th_width =   32
ggml_metal_library_compile_pipeline: compiling pipeline: base = 'kernel_cpy_f32_i32', name = 'kernel_cpy_f32_i32'
ggml_metal_library_compile_pipeline: loaded kernel_cpy_f32_i32                           0x7c952a9f80 | th_max = 1024 | th_width =   32
ggml_metal_library_compile_pipeline: compiling pipeline: base = 'kernel_unary_f16_f16', name = 'kernel_unary_f16_f16_op=11_cnt=1'
ggml_metal_library_compile_pipeline: loaded kernel_unary_f16_f16_op=11_cnt=1             0x7c952aaa00 | th_max = 1024 | th_width =   32
ggml_metal_library_compile_pipeline: compiling pipeline: base = 'kernel_repeat_f16', name = 'kernel_repeat_f16'
ggml_metal_library_compile_pipeline: loaded kernel_repeat_f16                            0x7c952aad80 | th_max = 1024 | th_width =   32
ggml_metal_library_compile_pipeline: compiling pipeline: base = 'kernel_set_rows_f16_i32_f16', name = 'kernel_set_rows_f16_i32_f16'
ggml_metal_library_compile_pipeline: loaded kernel_set_rows_f16_i32_f16                  0x7c952ab100 | th_max = 1024 | th_width =   32
ggml_metal_library_compile_pipeline: compiling pipeline: base = 'kernel_bin_fuse_f16_f16_f16_4', name = 'kernel_bin_fuse_f16_f16_f16_4_op=0_nf=1_rb=1_cb=0'
ggml_metal_library_compile_pipeline: loaded kernel_bin_fuse_f16_f16_f16_4_op=0_nf=1_rb=1_cb=0     0x7c952ab480 | th_max = 1024 | th_width =   32
M5_QSA_CASE {"all_nodes_metal":true,"cpu_mask_reference":true,"id":"64/1/finite","identity":true,"input_sha256":["83c0d76df9221b06319a55b883504bb887382d107d0f2cea85efd4296929ed60","fa7db237c09e0caed8e0e2a742753cc88ea765a77007a60d5194dc84af4ad4d6","b6479e6a7faef71d8297eec2d966fe6d5ca5cc5cca96dad85f96d6323deabd5a","c4eddf8e578f12ef9c804aa855ce23e722994ae6770c74881cadab28294e8d63","baa77ade550f9f88800a8e43408dc7d5f3ebae2d60ddfe1756995d1babe3aeb5","4e72e612c47dd495547ad6f8da6a497bfdc81914dbeb5d835c9ada9321a4f5f8","f90f6e3a8a37351e6826e7162dd1fe05f550046045f4a15e9ff5e937b1bfbe5b"],"inputs_preserved":true,"iterations":[],"kind":"finite","live_binary":true,"mask_elements":256,"mask_sha256":"f90f6e3a8a37351e6826e7162dd1fe05f550046045f4a15e9ff5e937b1bfbe5b","median_us":0.0,"pool_score_pairing":true,"pools":64,"raw_nodes":32,"samples_us":[],"scatter_in_bounds":true,"scheduler_splits":1,"score_elements":64,"score_sha256":"5cce94ae0f6fac6e03eb8071af24ed20990111fee0a99f8af0ed9ac62dbdb298","tokens":1}
M5_QSA_BEGIN 64/2/finite
ggml_metal_library_compile_pipeline: compiling pipeline: base = 'kernel_bin_fuse_f32_f32_f32', name = 'kernel_bin_fuse_f32_f32_f32_op=1_nf=1_rb=0_cb=0'
ggml_metal_library_compile_pipeline: loaded kernel_bin_fuse_f32_f32_f32_op=1_nf=1_rb=0_cb=0     0x7c952aa680 | th_max = 1024 | th_width =   32
ggml_metal_library_compile_pipeline: compiling pipeline: base = 'kernel_bin_fuse_f32_f32_f32', name = 'kernel_bin_fuse_f32_f32_f32_op=2_nf=1_rb=0_cb=0'
ggml_metal_library_compile_pipeline: loaded kernel_bin_fuse_f32_f32_f32_op=2_nf=1_rb=0_cb=0     0x7c952abb80 | th_max = 1024 | th_width =   32
ggml_metal_library_compile_pipeline: compiling pipeline: base = 'kernel_bin_fuse_f32_f32_f32', name = 'kernel_bin_fuse_f32_f32_f32_op=0_nf=1_rb=0_cb=0'
ggml_metal_library_compile_pipeline: loaded kernel_bin_fuse_f32_f32_f32_op=0_nf=1_rb=0_cb=0     0x7c952dc000 | th_max = 1024 | th_width =   32
ggml_metal_library_compile_pipeline: compiling pipeline: base = 'kernel_bin_fuse_f16_f16_f16_4', name = 'kernel_bin_fuse_f16_f16_f16_4_op=0_nf=1_rb=0_cb=0'
ggml_metal_library_compile_pipeline: loaded kernel_bin_fuse_f16_f16_f16_4_op=0_nf=1_rb=0_cb=0     0x7c952dca80 | th_max = 1024 | th_width =   32
M5_QSA_CASE {"all_nodes_metal":true,"cpu_mask_reference":true,"id":"64/2/finite","identity":true,"input_sha256":["682a75f8ab6318bf7c26e2877405871c4f66100c5fa91db29913f3a6827ecdfd","fa7db237c09e0caed8e0e2a742753cc88ea765a77007a60d5194dc84af4ad4d6","29e39f9d3cdbc6e82f5928777f24feee453b2af715e5966b9e69c1a1ed632e91","d1f295eb21aadcf934871530e6c1315a5f06fd116ae25218eb37e1b840122443","baa77ade550f9f88800a8e43408dc7d5f3ebae2d60ddfe1756995d1babe3aeb5","366a533f2f5809853eb62af16cae847160b1030c164ff646526021f0c4e6f7ea","20e45c4d15219c9b100c5d8f4d0c0c143c0a35f15dbd8e0cdc9fd77d85ac69c7"],"inputs_preserved":true,"iterations":[],"kind":"finite","live_binary":true,"mask_elements":512,"mask_sha256":"20e45c4d15219c9b100c5d8f4d0c0c143c0a35f15dbd8e0cdc9fd77d85ac69c7","median_us":0.0,"pool_score_pairing":true,"pools":64,"raw_nodes":32,"samples_us":[],"scatter_in_bounds":true,"scheduler_splits":1,"score_elements":128,"score_sha256":"9d8db30b94fc9b8d7dd07138d08d04889601ebf8eef9ea80090183714e9aec71","tokens":2}
M5_QSA_BEGIN 64/3/finite
M5_QSA_CASE {"all_nodes_metal":true,"cpu_mask_reference":true,"id":"64/3/finite","identity":true,"input_sha256":["ad4ef2ed77f35ac027894ef21e1bd2ace4d2f294efe306fe3a712a55a4a69f3b","fa7db237c09e0caed8e0e2a742753cc88ea765a77007a60d5194dc84af4ad4d6","d675eada90fb9d9db930155309dc0e4264c1ca31daaf40fddf37517dbfbb163a","2c773c093269b2f1f91c67367534f5f08b0d3ad6f14cf966098706f6f1ef2b03","baa77ade550f9f88800a8e43408dc7d5f3ebae2d60ddfe1756995d1babe3aeb5","3885254e1fb235eb2725b3bc6c4748e9e59e95edf50873ef1dda7168a1650016","c5fab3890edab4c3bfdf76e0beced70f034bcf3fdebf52c778a8b922bc72f569"],"inputs_preserved":true,"iterations":[],"kind":"finite","live_binary":true,"mask_elements":768,"mask_sha256":"c5fab3890edab4c3bfdf76e0beced70f034bcf3fdebf52c778a8b922bc72f569","median_us":0.0,"pool_score_pairing":true,"pools":64,"raw_nodes":32,"samples_us":[],"scatter_in_bounds":true,"scheduler_splits":1,"score_elements":192,"score_sha256":"d5661d4a2a9cce80622f0db8c02b4d0dbcd7dcdf48ff4f5afcbad14e7ce716b3","tokens":3}
M5_QSA_BEGIN 64/4/finite
M5_QSA_CASE {"all_nodes_metal":true,"cpu_mask_reference":true,"id":"64/4/finite","identity":true,"input_sha256":["04086b97cb2e106d6e98e2219e09cc02204dcb11dc08a7c1500fd7524d121a3d","fa7db237c09e0caed8e0e2a742753cc88ea765a77007a60d5194dc84af4ad4d6","7896e1e9f990a4e9bc5bfbf328d392a156a19b179a85f172c7b07267183e4793","7ada87b58ba93f3d8ad12a96fd7b79b70a8fedf2c93e52c0078ff9766262e892","baa77ade550f9f88800a8e43408dc7d5f3ebae2d60ddfe1756995d1babe3aeb5","36ae2db0a1992fac25c8182261cf3fe32b69d4e04abd220b72bb73fb21e87803","5b7d6c25b32408f9a96fafd9a65794610fb9a3c49791a1cbff1df7fff88a30d8"],"inputs_preserved":true,"iterations":[],"kind":"finite","live_binary":true,"mask_elements":1024,"mask_sha256":"5b7d6c25b32408f9a96fafd9a65794610fb9a3c49791a1cbff1df7fff88a30d8","median_us":0.0,"pool_score_pairing":true,"pools":64,"raw_nodes":32,"samples_us":[],"scatter_in_bounds":true,"scheduler_splits":1,"score_elements":256,"score_sha256":"8552093fd2c9c1f140e009fb763980c0c4036ad2c6dfe324dc08556ba14a3d93","tokens":4}
M5_QSA_BEGIN 64/31/finite
M5_QSA_CASE {"all_nodes_metal":true,"cpu_mask_reference":true,"id":"64/31/finite","identity":true,"input_sha256":["c3159fd5af55ea2315239d1f8c4974edaa2d3248cf999fa3137df9b5b6fb377c","fa7db237c09e0caed8e0e2a742753cc88ea765a77007a60d5194dc84af4ad4d6","adc3d1020dc664cec05217fba3310f4307517a2935d5f79df23132dd3fd7db8f","7d64575c210c090999a74718161db7a21b73ecff35b516ead97c313ba319f79b","baa77ade550f9f88800a8e43408dc7d5f3ebae2d60ddfe1756995d1babe3aeb5","3fdf0a658c3f8e9adb592335dcae4a3294024c89d8a3c873729e1a941aab9e57","fd43fff737019547c63e896215b844c6ed17a2342ab3a3ba2603784192fdc8a4"],"inputs_preserved":true,"iterations":[],"kind":"finite","live_binary":true,"mask_elements":7936,"mask_sha256":"fd43fff737019547c63e896215b844c6ed17a2342ab3a3ba2603784192fdc8a4","median_us":0.0,"pool_score_pairing":true,"pools":64,"raw_nodes":32,"samples_us":[],"scatter_in_bounds":true,"scheduler_splits":1,"score_elements":1984,"score_sha256":"c842ba2f461df0b0c73494098944d874bd8d505a99a974f4f6cb2605c15e7348","tokens":31}
M5_QSA_BEGIN 64/32/finite
M5_QSA_CASE {"all_nodes_metal":true,"cpu_mask_reference":true,"id":"64/32/finite","identity":true,"input_sha256":["999ecd638d4e305e464dbd2605f9b6c4bde373ad4acdda06c2b2a894fc903982","fa7db237c09e0caed8e0e2a742753cc88ea765a77007a60d5194dc84af4ad4d6","582bbf3e267223557ad01900b044c68eb19bc0846fa55c276a5b65a314641b87","9e6b60588011cad1cc321325363a4f9198bcf1b7cc57289fa2eba6cbfd9ab2b1","baa77ade550f9f88800a8e43408dc7d5f3ebae2d60ddfe1756995d1babe3aeb5","7941f58a8cbc1df668e508cb41c95d72822f922daaebe50408a131769dada469","9810439566d1f99a348b96931945eac2ab36e55f53a6d2fe9d3a44bee5d5c674"],"inputs_preserved":true,"iterations":[],"kind":"finite","live_binary":true,"mask_elements":8192,"mask_sha256":"9810439566d1f99a348b96931945eac2ab36e55f53a6d2fe9d3a44bee5d5c674","median_us":0.0,"pool_score_pairing":true,"pools":64,"raw_nodes":32,"samples_us":[],"scatter_in_bounds":true,"scheduler_splits":1,"score_elements":2048,"score_sha256":"78a6c6d97b5d68689887166320eba5d365ce169680d0683c2fc476cf2175b43a","tokens":32}
M5_QSA_BEGIN 64/33/finite
M5_QSA_CASE {"all_nodes_metal":true,"cpu_mask_reference":true,"id":"64/33/finite","identity":true,"input_sha256":["868e486edc105990c1ae27b4eed9f5dcf546fdc5aab55e9e1e901a7352052421","fa7db237c09e0caed8e0e2a742753cc88ea765a77007a60d5194dc84af4ad4d6","8d8925e1a97e5f097b66df6c2745aa808a9513bfbea6b4caaaa7ad58cfa66100","c6cbc5aaaf43ce397fd647c3239650343cb013dd830273315ce260c51019ab20","baa77ade550f9f88800a8e43408dc7d5f3ebae2d60ddfe1756995d1babe3aeb5","52ee8dfbb4ad0b55ca956a45f3c3bcd18c482b4130d32e9d3afdd7863236e770","8413164402d2f64bbcb0702114c19d4117e358b1eaefae13ee335a2c10cb3408"],"inputs_preserved":true,"iterations":[],"kind":"finite","live_binary":true,"mask_elements":8448,"mask_sha256":"8413164402d2f64bbcb0702114c19d4117e358b1eaefae13ee335a2c10cb3408","median_us":0.0,"pool_score_pairing":true,"pools":64,"raw_nodes":32,"samples_us":[],"scatter_in_bounds":true,"scheduler_splits":1,"score_elements":2112,"score_sha256":"9fba186106efa05774f3594802e634a8d8eab4df91f618bfc9ed2d2ca955ce1c","tokens":33}
M5_QSA_BEGIN 64/128/finite
ggml_metal_library_compile_pipeline: compiling pipeline: base = 'kernel_unary_f32_f32', name = 'kernel_unary_f32_f32_op=11_cnt=0'
ggml_metal_library_compile_pipeline: loaded kernel_unary_f32_f32_op=11_cnt=0             0x7c952dc380 | th_max = 1024 | th_width =   32
ggml_metal_library_compile_pipeline: compiling pipeline: base = 'kernel_unary_f32_f32', name = 'kernel_unary_f32_f32_op=10_cnt=0'
ggml_metal_library_compile_pipeline: loaded kernel_unary_f32_f32_op=10_cnt=0             0x7c952dd180 | th_max = 1024 | th_width =   32
M5_QSA_CASE {"all_nodes_metal":true,"cpu_mask_reference":true,"id":"64/128/finite","identity":true,"input_sha256":["b4b3aedd83a61950998db3aa4fa39be4e296ee109a29f809cca8a5035229c9c9","fa7db237c09e0caed8e0e2a742753cc88ea765a77007a60d5194dc84af4ad4d6","9216b67afb7ea679ca7f265d43f92688e812b0287e8f513c671aadb07a7935c4","3143d811d02a4f2414f084860f4d89939060658da28b1f6965f598cc07ab276a","baa77ade550f9f88800a8e43408dc7d5f3ebae2d60ddfe1756995d1babe3aeb5","3c2124abbba10b40be150843af1c7b6c0f624f922d2ddd696689873e9af6e64f","4696138aa7331b30e7ad1be0242ff2eac09235d71214e967d72e203dad63aeb9"],"inputs_preserved":true,"iterations":[],"kind":"finite","live_binary":true,"mask_elements":32768,"mask_sha256":"4696138aa7331b30e7ad1be0242ff2eac09235d71214e967d72e203dad63aeb9","median_us":0.0,"pool_score_pairing":true,"pools":64,"raw_nodes":32,"samples_us":[],"scatter_in_bounds":true,"scheduler_splits":1,"score_elements":8192,"score_sha256":"e5396d4d4bcb8b2a76a17bf63456d9cf818a3948e1b67115c02de1fcd0c1c87e","tokens":128}
M5_QSA_BEGIN 64/512/finite
ggml_metal_library_compile_pipeline: compiling pipeline: base = 'kernel_unary_f32_f32', name = 'kernel_unary_f32_f32_op=12_cnt=0'
ggml_metal_library_compile_pipeline: loaded kernel_unary_f32_f32_op=12_cnt=0             0x7c952dc700 | th_max = 1024 | th_width =   32
M5_QSA_CASE {"all_nodes_metal":true,"cpu_mask_reference":true,"id":"64/512/finite","identity":true,"input_sha256":["f95efd9a5174b6176d57e41b7e2c8092253795c6ad99f7cfc75133495daa0275","fa7db237c09e0caed8e0e2a742753cc88ea765a77007a60d5194dc84af4ad4d6","a2a3a1331ed2af9cd84d00cf9fbae899e575a451767ae3e7b80833082993881f","e97cfa073cab6d39c5e5220a60ec602902cdf86906819563b349113de315bcc9","baa77ade550f9f88800a8e43408dc7d5f3ebae2d60ddfe1756995d1babe3aeb5","6b028bd4949ea5548fddd56db9976b9f43481ddfb51068a7231289e71a331ceb","a1cf8fdcf4f71fa15d1857d6327a77c85d30ea4ed38d368529a9e70de26fb8ad"],"inputs_preserved":true,"iterations":[],"kind":"finite","live_binary":true,"mask_elements":131072,"mask_sha256":"a1cf8fdcf4f71fa15d1857d6327a77c85d30ea4ed38d368529a9e70de26fb8ad","median_us":0.0,"pool_score_pairing":true,"pools":64,"raw_nodes":32,"samples_us":[],"scatter_in_bounds":true,"scheduler_splits":1,"score_elements":32768,"score_sha256":"da45b859dbb39e8cf2d2fb98dd06db09a43dc3bf7f370edc079aa89e02e369a1","tokens":512}
M5_QSA_BEGIN 128/1/finite
M5_QSA_CASE {"all_nodes_metal":true,"cpu_mask_reference":true,"id":"128/1/finite","identity":true,"input_sha256":["83c0d76df9221b06319a55b883504bb887382d107d0f2cea85efd4296929ed60","03851a3a62833498bde8ead70477722879d738b14e3307e19e3398b1f6c8d52f","b6479e6a7faef71d8297eec2d966fe6d5ca5cc5cca96dad85f96d6323deabd5a","0bf4ecf05144480e3b762a81aefe893b5cf936c97b5938aa7802aff6efd9cb01","ea787ea66a2e14bab235c98ed44181e777aa98d54f89d76bccb5f90afeb4b6bb","ba2af83dad3610379311310cca43c42e1c12925028881fe0f7387c42f4647f01","a60ce1bd8c82955dcf6471666f166ae7907176afa924bd5e36656e5df4ebd203"],"inputs_preserved":true,"iterations":[],"kind":"finite","live_binary":true,"mask_elements":512,"mask_sha256":"a60ce1bd8c82955dcf6471666f166ae7907176afa924bd5e36656e5df4ebd203","median_us":0.0,"pool_score_pairing":true,"pools":128,"raw_nodes":32,"samples_us":[],"scatter_in_bounds":true,"scheduler_splits":1,"score_elements":128,"score_sha256":"3606f9564a9635613d69dcb3f63c36f642cab782d27bff5a9e21d9cd587212e6","tokens":1}
M5_QSA_BEGIN 128/2/finite
M5_QSA_CASE {"all_nodes_metal":true,"cpu_mask_reference":true,"id":"128/2/finite","identity":true,"input_sha256":["682a75f8ab6318bf7c26e2877405871c4f66100c5fa91db29913f3a6827ecdfd","03851a3a62833498bde8ead70477722879d738b14e3307e19e3398b1f6c8d52f","29e39f9d3cdbc6e82f5928777f24feee453b2af715e5966b9e69c1a1ed632e91","db91a2e413394d98fdcbbc28dc99476dbffcc1b9d519434020eb040d450bf9a1","ea787ea66a2e14bab235c98ed44181e777aa98d54f89d76bccb5f90afeb4b6bb","7e30007e9c0fa8ef4b725f8ca37ddd555cef21e77f7736b5e26e51ce18a8b8da","cc6db00b7f9c7a9f9703e9cebaa32e3e7954c4ecf8fc6ab5ef12009f12fc76b5"],"inputs_preserved":true,"iterations":[],"kind":"finite","live_binary":true,"mask_elements":1024,"mask_sha256":"cc6db00b7f9c7a9f9703e9cebaa32e3e7954c4ecf8fc6ab5ef12009f12fc76b5","median_us":0.0,"pool_score_pairing":true,"pools":128,"raw_nodes":32,"samples_us":[],"scatter_in_bounds":true,"scheduler_splits":1,"score_elements":256,"score_sha256":"8bc3ab42392af87a6c2aaa586e6874ca81a9e85106ef822af8bbcd01ce6b8db9","tokens":2}
M5_QSA_BEGIN 128/3/finite
M5_QSA_CASE {"all_nodes_metal":true,"cpu_mask_reference":true,"id":"128/3/finite","identity":true,"input_sha256":["ad4ef2ed77f35ac027894ef21e1bd2ace4d2f294efe306fe3a712a55a4a69f3b","03851a3a62833498bde8ead70477722879d738b14e3307e19e3398b1f6c8d52f","d675eada90fb9d9db930155309dc0e4264c1ca31daaf40fddf37517dbfbb163a","8ad1233543ae787a9c73857296e43fcce50d6f88d7a10fe68828a741ffcafe3d","ea787ea66a2e14bab235c98ed44181e777aa98d54f89d76bccb5f90afeb4b6bb","fe49d4f13beeecf3bf9c01441d616e7c9b171e841108a140a0360ca3b209dc9c","890e4ead5eea2e1bd4937c2620a88ed0dd4509923350d941091ce14a29143950"],"inputs_preserved":true,"iterations":[],"kind":"finite","live_binary":true,"mask_elements":1536,"mask_sha256":"890e4ead5eea2e1bd4937c2620a88ed0dd4509923350d941091ce14a29143950","median_us":0.0,"pool_score_pairing":true,"pools":128,"raw_nodes":32,"samples_us":[],"scatter_in_bounds":true,"scheduler_splits":1,"score_elements":384,"score_sha256":"5c5765341c8c17416a662bb9d8e6fba6ad00516fb39609d691324dcef76773d6","tokens":3}
M5_QSA_BEGIN 128/4/finite
M5_QSA_CASE {"all_nodes_metal":true,"cpu_mask_reference":true,"id":"128/4/finite","identity":true,"input_sha256":["04086b97cb2e106d6e98e2219e09cc02204dcb11dc08a7c1500fd7524d121a3d","03851a3a62833498bde8ead70477722879d738b14e3307e19e3398b1f6c8d52f","7896e1e9f990a4e9bc5bfbf328d392a156a19b179a85f172c7b07267183e4793","6a0ab681e6d35e948fd5b4fdcaadbacf9ef528aa5fb40b536c133dd987a4e7d1","ea787ea66a2e14bab235c98ed44181e777aa98d54f89d76bccb5f90afeb4b6bb","36ddbc667be41fd65bfd5a6181253077a50547ca464c6c85a2d387ec1292c4c2","6e58b57063c061a0048dac6f35ea722b8f80f9be39e0d6cfc6efb86c2f622041"],"inputs_preserved":true,"iterations":[],"kind":"finite","live_binary":true,"mask_elements":2048,"mask_sha256":"6e58b57063c061a0048dac6f35ea722b8f80f9be39e0d6cfc6efb86c2f622041","median_us":0.0,"pool_score_pairing":true,"pools":128,"raw_nodes":32,"samples_us":[],"scatter_in_bounds":true,"scheduler_splits":1,"score_elements":512,"score_sha256":"9401dfd8f94996b6f9af33b2e63bef0c1bf8a635a9fa102f83c479892d7e2615","tokens":4}
M5_QSA_BEGIN 128/31/finite
M5_QSA_CASE {"all_nodes_metal":true,"cpu_mask_reference":true,"id":"128/31/finite","identity":true,"input_sha256":["c3159fd5af55ea2315239d1f8c4974edaa2d3248cf999fa3137df9b5b6fb377c","03851a3a62833498bde8ead70477722879d738b14e3307e19e3398b1f6c8d52f","adc3d1020dc664cec05217fba3310f4307517a2935d5f79df23132dd3fd7db8f","80d6fcc9232edd49d1b77c1dd9b0f286708576fa0e4688d6bf08a9b1c0960767","ea787ea66a2e14bab235c98ed44181e777aa98d54f89d76bccb5f90afeb4b6bb","73ac3488b350c65a532aaff2691505a5752b11f9cbdf3a77622da076159776e6","5fc20d92610094e478d4e36cddcb965b518c411410967ed675ddd3d7c074f2fe"],"inputs_preserved":true,"iterations":[],"kind":"finite","live_binary":true,"mask_elements":15872,"mask_sha256":"5fc20d92610094e478d4e36cddcb965b518c411410967ed675ddd3d7c074f2fe","median_us":0.0,"pool_score_pairing":true,"pools":128,"raw_nodes":32,"samples_us":[],"scatter_in_bounds":true,"scheduler_splits":1,"score_elements":3968,"score_sha256":"1654403e3985b9f93863e9f72e5c8f854811e2874f4053c28ab379860c2264c1","tokens":31}
M5_QSA_BEGIN 128/32/finite
M5_QSA_CASE {"all_nodes_metal":true,"cpu_mask_reference":true,"id":"128/32/finite","identity":true,"input_sha256":["999ecd638d4e305e464dbd2605f9b6c4bde373ad4acdda06c2b2a894fc903982","03851a3a62833498bde8ead70477722879d738b14e3307e19e3398b1f6c8d52f","582bbf3e267223557ad01900b044c68eb19bc0846fa55c276a5b65a314641b87","234a37315cb710c34b809bf5bbbb3aa8b69fa3691f5d4b62abc87717d3aec765","ea787ea66a2e14bab235c98ed44181e777aa98d54f89d76bccb5f90afeb4b6bb","bdf8edc48ba40355e5ece71e86964ff01127d83a233caca9d3f773f70b3ce316","cf92e32d27bbb2757f6af5bd9db15ec4358cd919f009d0e4dc195fd0e4fda25b"],"inputs_preserved":true,"iterations":[],"kind":"finite","live_binary":true,"mask_elements":16384,"mask_sha256":"cf92e32d27bbb2757f6af5bd9db15ec4358cd919f009d0e4dc195fd0e4fda25b","median_us":0.0,"pool_score_pairing":true,"pools":128,"raw_nodes":32,"samples_us":[],"scatter_in_bounds":true,"scheduler_splits":1,"score_elements":4096,"score_sha256":"478d679b0f2cf5896b0b168736e17ae56c4d451d36e25dbcd0420b4092673838","tokens":32}
M5_QSA_BEGIN 128/33/finite
M5_QSA_CASE {"all_nodes_metal":true,"cpu_mask_reference":true,"id":"128/33/finite","identity":true,"input_sha256":["868e486edc105990c1ae27b4eed9f5dcf546fdc5aab55e9e1e901a7352052421","03851a3a62833498bde8ead70477722879d738b14e3307e19e3398b1f6c8d52f","8d8925e1a97e5f097b66df6c2745aa808a9513bfbea6b4caaaa7ad58cfa66100","2f5d4f7f6d56dc96ae849fbac699d09948e527ea4242ce7940a0b1a2c50ffacc","ea787ea66a2e14bab235c98ed44181e777aa98d54f89d76bccb5f90afeb4b6bb","4010bc384b8cef4052cc1d5e0fe183ffdc40e6448f82f978a370fdfc91ebadbd","f61a286eb805796193a15e7efc79f02376868273255401b9cab7f65b0a959543"],"inputs_preserved":true,"iterations":[],"kind":"finite","live_binary":true,"mask_elements":16896,"mask_sha256":"f61a286eb805796193a15e7efc79f02376868273255401b9cab7f65b0a959543","median_us":0.0,"pool_score_pairing":true,"pools":128,"raw_nodes":32,"samples_us":[],"scatter_in_bounds":true,"scheduler_splits":1,"score_elements":4224,"score_sha256":"0f080f008fd02d6111b787c80deb27d880716174279578a017e229366de2f202","tokens":33}
M5_QSA_BEGIN 128/128/finite
M5_QSA_CASE {"all_nodes_metal":true,"cpu_mask_reference":true,"id":"128/128/finite","identity":true,"input_sha256":["b4b3aedd83a61950998db3aa4fa39be4e296ee109a29f809cca8a5035229c9c9","03851a3a62833498bde8ead70477722879d738b14e3307e19e3398b1f6c8d52f","9216b67afb7ea679ca7f265d43f92688e812b0287e8f513c671aadb07a7935c4","8769a309f101c8b20bba4717de4a8ee37a251a0e262b89063a537e8ffea794b2","ea787ea66a2e14bab235c98ed44181e777aa98d54f89d76bccb5f90afeb4b6bb","13b80cf83f86a2c5d249ae647880164a890eaea66a716a43aa7c5a5e2c88a9ed","83f9f2177e614cf1a7606a8e9fdb2e0dcbae9de2c73df67988a01ccdbeeb1822"],"inputs_preserved":true,"iterations":[],"kind":"finite","live_binary":true,"mask_elements":65536,"mask_sha256":"83f9f2177e614cf1a7606a8e9fdb2e0dcbae9de2c73df67988a01ccdbeeb1822","median_us":0.0,"pool_score_pairing":true,"pools":128,"raw_nodes":32,"samples_us":[],"scatter_in_bounds":true,"scheduler_splits":1,"score_elements":16384,"score_sha256":"42992e93d2d6a3c4ec4ff660ce7d41484b27a6c5051a795c45f1d09b4edc0252","tokens":128}
M5_QSA_BEGIN 128/512/finite
M5_QSA_CASE {"all_nodes_metal":true,"cpu_mask_reference":true,"id":"128/512/finite","identity":true,"input_sha256":["f95efd9a5174b6176d57e41b7e2c8092253795c6ad99f7cfc75133495daa0275","03851a3a62833498bde8ead70477722879d738b14e3307e19e3398b1f6c8d52f","a2a3a1331ed2af9cd84d00cf9fbae899e575a451767ae3e7b80833082993881f","317809bec69800447c46b58961a6b202f89f966fa4346d1d761d13dd577087bf","ea787ea66a2e14bab235c98ed44181e777aa98d54f89d76bccb5f90afeb4b6bb","126cf2b19957cfe8a8f9c8df489fb8bb754dee1a8bdb3cccde0c11d3e7022710","6a77260ca7971897a569d6d99cced735c8d5635d7bc3ab16dd4e50a723a150be"],"inputs_preserved":true,"iterations":[],"kind":"finite","live_binary":true,"mask_elements":262144,"mask_sha256":"6a77260ca7971897a569d6d99cced735c8d5635d7bc3ab16dd4e50a723a150be","median_us":0.0,"pool_score_pairing":true,"pools":128,"raw_nodes":32,"samples_us":[],"scatter_in_bounds":true,"scheduler_splits":1,"score_elements":65536,"score_sha256":"9ba6c673406c913f1524a330ff4655b671c9ed2c28170b7b1766efb645c30893","tokens":512}
M5_QSA_BEGIN 512/1/finite
ggml_metal_library_compile_pipeline: compiling pipeline: base = 'kernel_cumsum_add_f32', name = 'kernel_cumsum_add_f32'
ggml_metal_library_compile_pipeline: loaded kernel_cumsum_add_f32                        0x7c952dce00 | th_max = 1024 | th_width =   32
M5_QSA_CASE {"all_nodes_metal":true,"cpu_mask_reference":true,"id":"512/1/finite","identity":true,"input_sha256":["83c0d76df9221b06319a55b883504bb887382d107d0f2cea85efd4296929ed60","76a897c7ffda42d4700274149e8f9115be44e04d41f0bbfcd7afc6eab1c2e4af","b6479e6a7faef71d8297eec2d966fe6d5ca5cc5cca96dad85f96d6323deabd5a","cc5b258bceca0d5f734b7799d99decb056a9075c9f3af5127200f617d51f0157","d6b88aa6a1a1cc4a79bf8566edd17f710cb22232c9524ebf8658f1a589018f8b","bc9473cce0e4112cdfd60f699c0ee9cfebe21f715d595f0c2c511ecd7ce02581","e0f4c4930cd242f13f617dc5ee3bdd9585b029df2aec8d265ea5cee5ec9b7749"],"inputs_preserved":true,"iterations":[],"kind":"finite","live_binary":true,"mask_elements":2048,"mask_sha256":"e0f4c4930cd242f13f617dc5ee3bdd9585b029df2aec8d265ea5cee5ec9b7749","median_us":0.0,"pool_score_pairing":true,"pools":512,"raw_nodes":32,"samples_us":[],"scatter_in_bounds":true,"scheduler_splits":1,"score_elements":512,"score_sha256":"686da7e5d311b94600b72b0aa338788445807ff89ec1601564466f8c66b8e0ab","tokens":1}
M5_QSA_BEGIN 512/2/finite
M5_QSA_CASE {"all_nodes_metal":true,"cpu_mask_reference":true,"id":"512/2/finite","identity":true,"input_sha256":["682a75f8ab6318bf7c26e2877405871c4f66100c5fa91db29913f3a6827ecdfd","76a897c7ffda42d4700274149e8f9115be44e04d41f0bbfcd7afc6eab1c2e4af","29e39f9d3cdbc6e82f5928777f24feee453b2af715e5966b9e69c1a1ed632e91","5181d11e432f164e46bbc8ffcfb382d5f95a67c9f06d9b476c173712c7446ba5","d6b88aa6a1a1cc4a79bf8566edd17f710cb22232c9524ebf8658f1a589018f8b","fe7f5a83b0c55d6e4c1904811ae92883106dfd4e8db60505f034ef3e97c2d5af","0f47f1e20be5b21acbff27ca1eee74ece2b75b6b17cef4847e1fe34e3fd5cca9"],"inputs_preserved":true,"iterations":[],"kind":"finite","live_binary":true,"mask_elements":4096,"mask_sha256":"0f47f1e20be5b21acbff27ca1eee74ece2b75b6b17cef4847e1fe34e3fd5cca9","median_us":0.0,"pool_score_pairing":true,"pools":512,"raw_nodes":32,"samples_us":[],"scatter_in_bounds":true,"scheduler_splits":1,"score_elements":1024,"score_sha256":"54aa599ba5936cec338417ad93668f8f58acb3c38a8db2957b30af47b96417e7","tokens":2}
M5_QSA_BEGIN 512/3/finite
M5_QSA_CASE {"all_nodes_metal":true,"cpu_mask_reference":true,"id":"512/3/finite","identity":true,"input_sha256":["ad4ef2ed77f35ac027894ef21e1bd2ace4d2f294efe306fe3a712a55a4a69f3b","76a897c7ffda42d4700274149e8f9115be44e04d41f0bbfcd7afc6eab1c2e4af","d675eada90fb9d9db930155309dc0e4264c1ca31daaf40fddf37517dbfbb163a","33f1a7e337d86d6c94f25494f9a699305b322bf5e1d0b6fd1edc9c67d84c1df4","d6b88aa6a1a1cc4a79bf8566edd17f710cb22232c9524ebf8658f1a589018f8b","a197d2bbbf5ec8de3dccb0e3d446934af5fd7b3d753b5c01b9fad9480a0ee4b3","8034b59553c026aa941bbe9206b5fe20791c582273af4abe303e82ef0202fafb"],"inputs_preserved":true,"iterations":[],"kind":"finite","live_binary":true,"mask_elements":6144,"mask_sha256":"8034b59553c026aa941bbe9206b5fe20791c582273af4abe303e82ef0202fafb","median_us":0.0,"pool_score_pairing":true,"pools":512,"raw_nodes":32,"samples_us":[],"scatter_in_bounds":true,"scheduler_splits":1,"score_elements":1536,"score_sha256":"ed23f160699c6cb0770f3733c9127fa0a12fd29fd3ca964a40822195bb222064","tokens":3}
M5_QSA_BEGIN 512/4/finite
M5_QSA_CASE {"all_nodes_metal":true,"cpu_mask_reference":true,"id":"512/4/finite","identity":true,"input_sha256":["04086b97cb2e106d6e98e2219e09cc02204dcb11dc08a7c1500fd7524d121a3d","76a897c7ffda42d4700274149e8f9115be44e04d41f0bbfcd7afc6eab1c2e4af","7896e1e9f990a4e9bc5bfbf328d392a156a19b179a85f172c7b07267183e4793","00fab24be8bf4d89d701c1ed242fac1bbf281c0343fa24ec116464ac1fb4d6bd","d6b88aa6a1a1cc4a79bf8566edd17f710cb22232c9524ebf8658f1a589018f8b","5e0343b53d99de75a2220f97b3dd7ea49797e11ad6a4f02b7487e373cb85770d","bee8aebb63b8caf1b49fa224d24b60223b86b988cae463f168605c068ffe4b4e"],"inputs_preserved":true,"iterations":[],"kind":"finite","live_binary":true,"mask_elements":8192,"mask_sha256":"bee8aebb63b8caf1b49fa224d24b60223b86b988cae463f168605c068ffe4b4e","median_us":0.0,"pool_score_pairing":true,"pools":512,"raw_nodes":32,"samples_us":[],"scatter_in_bounds":true,"scheduler_splits":1,"score_elements":2048,"score_sha256":"c0933e54a1d0a325865404e373394a7c97d425f3dcfa7c7a8a70cac0c8be280e","tokens":4}
M5_QSA_BEGIN 512/31/finite
M5_QSA_CASE {"all_nodes_metal":true,"cpu_mask_reference":true,"id":"512/31/finite","identity":true,"input_sha256":["c3159fd5af55ea2315239d1f8c4974edaa2d3248cf999fa3137df9b5b6fb377c","76a897c7ffda42d4700274149e8f9115be44e04d41f0bbfcd7afc6eab1c2e4af","adc3d1020dc664cec05217fba3310f4307517a2935d5f79df23132dd3fd7db8f","bf54d434f71922e2390748589657d8973c3af780175d92197eb7e417f5e38d66","d6b88aa6a1a1cc4a79bf8566edd17f710cb22232c9524ebf8658f1a589018f8b","e9a531036af200adad42a77f42ec32de280ac165a29bb4d284ece45d9fed4065","47d6bee4afb9071bf66d5b02961f1c776faeb626c01364d0cc5d2d052fb6f165"],"inputs_preserved":true,"iterations":[],"kind":"finite","live_binary":true,"mask_elements":63488,"mask_sha256":"47d6bee4afb9071bf66d5b02961f1c776faeb626c01364d0cc5d2d052fb6f165","median_us":0.0,"pool_score_pairing":true,"pools":512,"raw_nodes":32,"samples_us":[],"scatter_in_bounds":true,"scheduler_splits":1,"score_elements":15872,"score_sha256":"cca1b207e694156f8638007661949e044677bfac6dc7e2bb1c2c877fa3ed75e2","tokens":31}
M5_QSA_BEGIN 512/32/finite
M5_QSA_CASE {"all_nodes_metal":true,"cpu_mask_reference":true,"id":"512/32/finite","identity":true,"input_sha256":["999ecd638d4e305e464dbd2605f9b6c4bde373ad4acdda06c2b2a894fc903982","76a897c7ffda42d4700274149e8f9115be44e04d41f0bbfcd7afc6eab1c2e4af","582bbf3e267223557ad01900b044c68eb19bc0846fa55c276a5b65a314641b87","8de6a1a5ebd61399406e8e64c736d54bab2b00ffa3b80817e822673885e3c63f","d6b88aa6a1a1cc4a79bf8566edd17f710cb22232c9524ebf8658f1a589018f8b","5e6febbe378d31d9141536bdac57e6df36910602bb562674b136897972a3a055","7b5ab4e3b9a4ab7f1a7400b9b109958eba2c11930d63b452bcfbffcac770ccd6"],"inputs_preserved":true,"iterations":[],"kind":"finite","live_binary":true,"mask_elements":65536,"mask_sha256":"7b5ab4e3b9a4ab7f1a7400b9b109958eba2c11930d63b452bcfbffcac770ccd6","median_us":0.0,"pool_score_pairing":true,"pools":512,"raw_nodes":32,"samples_us":[],"scatter_in_bounds":true,"scheduler_splits":1,"score_elements":16384,"score_sha256":"b24b6b2dda2eab547349afc2e0450ef5e7e702c61db58ac40305d08dc16389ac","tokens":32}
M5_QSA_BEGIN 512/33/finite
M5_QSA_CASE {"all_nodes_metal":true,"cpu_mask_reference":true,"id":"512/33/finite","identity":true,"input_sha256":["868e486edc105990c1ae27b4eed9f5dcf546fdc5aab55e9e1e901a7352052421","76a897c7ffda42d4700274149e8f9115be44e04d41f0bbfcd7afc6eab1c2e4af","8d8925e1a97e5f097b66df6c2745aa808a9513bfbea6b4caaaa7ad58cfa66100","02ddaa942f1c079fce869416230930d851b9f6e1c2bca352fa381c0850a06292","d6b88aa6a1a1cc4a79bf8566edd17f710cb22232c9524ebf8658f1a589018f8b","53d0b539660e8cfe35d124b09dfaf437b3156024e14535d58694d98b35ad3b51","cf37723b8b99a98c4113e4db68f81a2284636bfdd79c31974e21bbad8217ad6f"],"inputs_preserved":true,"iterations":[],"kind":"finite","live_binary":true,"mask_elements":67584,"mask_sha256":"cf37723b8b99a98c4113e4db68f81a2284636bfdd79c31974e21bbad8217ad6f","median_us":0.0,"pool_score_pairing":true,"pools":512,"raw_nodes":32,"samples_us":[],"scatter_in_bounds":true,"scheduler_splits":1,"score_elements":16896,"score_sha256":"d5d86ea968658b6883ccde5f9b9a56d84807f078023e4f87ef606e06f6ded3b9","tokens":33}
M5_QSA_BEGIN 512/128/finite
M5_QSA_CASE {"all_nodes_metal":true,"cpu_mask_reference":true,"id":"512/128/finite","identity":true,"input_sha256":["b4b3aedd83a61950998db3aa4fa39be4e296ee109a29f809cca8a5035229c9c9","76a897c7ffda42d4700274149e8f9115be44e04d41f0bbfcd7afc6eab1c2e4af","9216b67afb7ea679ca7f265d43f92688e812b0287e8f513c671aadb07a7935c4","5739f610929a2da34f141f9e22df78bac38f2299aebf51b37da79fbfebf9a6d6","d6b88aa6a1a1cc4a79bf8566edd17f710cb22232c9524ebf8658f1a589018f8b","1df87736a0fd6d6996f5bc2765e47dace74a06441dafcd89e52920d838d48921","ee7f1ebf4746e61d44bef30b8511b37989b0b2aaaa2e9722b7f93f74126e845c"],"inputs_preserved":true,"iterations":[],"kind":"finite","live_binary":true,"mask_elements":262144,"mask_sha256":"ee7f1ebf4746e61d44bef30b8511b37989b0b2aaaa2e9722b7f93f74126e845c","median_us":0.0,"pool_score_pairing":true,"pools":512,"raw_nodes":32,"samples_us":[],"scatter_in_bounds":true,"scheduler_splits":1,"score_elements":65536,"score_sha256":"b68a9942ba9a7be7d0fe331af045c69a88c220b37a7c28297c94b24111b0299e","tokens":128}
M5_QSA_BEGIN 512/512/finite
M5_QSA_CASE {"all_nodes_metal":true,"cpu_mask_reference":true,"id":"512/512/finite","identity":true,"input_sha256":["f95efd9a5174b6176d57e41b7e2c8092253795c6ad99f7cfc75133495daa0275","76a897c7ffda42d4700274149e8f9115be44e04d41f0bbfcd7afc6eab1c2e4af","a2a3a1331ed2af9cd84d00cf9fbae899e575a451767ae3e7b80833082993881f","bd1a3e6c6dc44f87d0104af832ccf0e8e525886e8732f13843887efecf34a653","d6b88aa6a1a1cc4a79bf8566edd17f710cb22232c9524ebf8658f1a589018f8b","a1f743bd8b9dbf33fb8cc1a11f4103d14faf0b301755d83366b80b3dd8c92a29","ef1719e32242a2e00bf67599292303df76bea2056e7e921bfd5184a913934966"],"inputs_preserved":true,"iterations":[],"kind":"finite","live_binary":true,"mask_elements":1048576,"mask_sha256":"ef1719e32242a2e00bf67599292303df76bea2056e7e921bfd5184a913934966","median_us":0.0,"pool_score_pairing":true,"pools":512,"raw_nodes":32,"samples_us":[],"scatter_in_bounds":true,"scheduler_splits":1,"score_elements":262144,"score_sha256":"58119f19b9a5a7e047ea01dbbeddaa74f5f099060830490037e54457328306ff","tokens":512}
M5_QSA_BEGIN 576/1/finite
ggml_metal_library_compile_pipeline: compiling pipeline: base = 'kernel_argsort_f32_i32_desc', name = 'kernel_argsort_f32_i32_desc'
ggml_metal_library_compile_pipeline: loaded kernel_argsort_f32_i32_desc                  0x7c952ddc00 | th_max = 1024 | th_width =   32
ggml_metal_library_compile_pipeline: compiling pipeline: base = 'kernel_argsort_merge_f32_i32_desc', name = 'kernel_argsort_merge_f32_i32_desc'
ggml_metal_library_compile_pipeline: loaded kernel_argsort_merge_f32_i32_desc            0x7c952ddf80 | th_max = 1024 | th_width =   32
ggml_metal_library_compile_pipeline: compiling pipeline: base = 'kernel_get_rows_f32', name = 'kernel_get_rows_f32'
ggml_metal_library_compile_pipeline: loaded kernel_get_rows_f32                          0x7c952de300 | th_max = 1024 | th_width =   32
ggml_metal_library_compile_pipeline: compiling pipeline: base = 'kernel_get_rows_i32', name = 'kernel_get_rows_i32'
ggml_metal_library_compile_pipeline: loaded kernel_get_rows_i32                          0x7c952de680 | th_max = 1024 | th_width =   32
M5_QSA_CASE {"all_nodes_metal":true,"cpu_mask_reference":true,"id":"576/1/finite","identity":false,"input_sha256":["83c0d76df9221b06319a55b883504bb887382d107d0f2cea85efd4296929ed60","6fca4ed16fa145e098bfb2534380f1711cb9eddf662c7ff0e84bbac2c2e349a4","b6479e6a7faef71d8297eec2d966fe6d5ca5cc5cca96dad85f96d6323deabd5a","706a910fcf1224968e7cd968703da8aae1fd697902f59a3e08412b723424a4b6","e7c547de1083d2a113a59fbbcb2ea9e5d737a7ea56c690c33ca195bbd9ad2877","13d3488ec70ef320ebd1b43116eec31e6e0bd2ea22c1ba2b7156437ca9aa9c53","8ffe5764202af8cf75f9e4266cf6bf8e288ef0ff0f441bbc9cccfd8c373f8db7"],"inputs_preserved":true,"iterations":[],"kind":"finite","live_binary":true,"mask_elements":2304,"mask_sha256":"119d9bd1ca26f01499aa3a29c7e878626f40d0165d46bab0ca0614a02c93cd33","median_us":0.0,"pool_score_pairing":true,"pools":576,"raw_nodes":34,"samples_us":[],"scatter_in_bounds":true,"scheduler_splits":1,"score_elements":576,"score_sha256":"2e814fb9103706c5634c7530d9f48b9b065315bb5dc7fe476672002f0554b7f1","tokens":1}
M5_QSA_BEGIN 576/2/finite
M5_QSA_CASE {"all_nodes_metal":true,"cpu_mask_reference":true,"id":"576/2/finite","identity":false,"input_sha256":["682a75f8ab6318bf7c26e2877405871c4f66100c5fa91db29913f3a6827ecdfd","6fca4ed16fa145e098bfb2534380f1711cb9eddf662c7ff0e84bbac2c2e349a4","29e39f9d3cdbc6e82f5928777f24feee453b2af715e5966b9e69c1a1ed632e91","d918a0e607bbea2034d03bb9e9016bbdfce7768ca8ae554965da534f981edba6","e7c547de1083d2a113a59fbbcb2ea9e5d737a7ea56c690c33ca195bbd9ad2877","ba267abcc00f37c899903024267e2f22589e256cb5353172b2d1a46cbddb15c0","7f94552cc93107054d022e8de4a1ffa953b929a8a55c821f09285a0c47351220"],"inputs_preserved":true,"iterations":[],"kind":"finite","live_binary":true,"mask_elements":4608,"mask_sha256":"3e51ab74a8166884b1563da2cec82d6acb3cd274bf72b6d1d1839c9398515b02","median_us":0.0,"pool_score_pairing":true,"pools":576,"raw_nodes":34,"samples_us":[],"scatter_in_bounds":true,"scheduler_splits":1,"score_elements":1152,"score_sha256":"ec987a40102d06f248821c9ad45a6517920728fb9ecb25ddff12b82b9f2cdbed","tokens":2}
M5_QSA_BEGIN 576/3/finite
M5_QSA_CASE {"all_nodes_metal":true,"cpu_mask_reference":true,"id":"576/3/finite","identity":false,"input_sha256":["ad4ef2ed77f35ac027894ef21e1bd2ace4d2f294efe306fe3a712a55a4a69f3b","6fca4ed16fa145e098bfb2534380f1711cb9eddf662c7ff0e84bbac2c2e349a4","d675eada90fb9d9db930155309dc0e4264c1ca31daaf40fddf37517dbfbb163a","bfb0de10073eff93cdc736b15ca65ea1a1fc7fb478311a122705a45d60e4a527","e7c547de1083d2a113a59fbbcb2ea9e5d737a7ea56c690c33ca195bbd9ad2877","546803fef2ed9de2913da78127d798aacdf3f59fae04b61ac63fe63713762b10","70430ed4c952681565d139b583802b3173f46678cc448dcdb9c2deee3c3a140c"],"inputs_preserved":true,"iterations":[],"kind":"finite","live_binary":true,"mask_elements":6912,"mask_sha256":"a0a48609a5b5089cdccb1bbecd35377d739e101eb82194bfa5757ec55d07d644","median_us":0.0,"pool_score_pairing":true,"pools":576,"raw_nodes":34,"samples_us":[],"scatter_in_bounds":true,"scheduler_splits":1,"score_elements":1728,"score_sha256":"e6b6d9f0cc547accd3db1e91964e0ba75f4afaa3a3e355d6fb0f7fffb4d3db76","tokens":3}
M5_QSA_BEGIN 576/4/finite
M5_QSA_CASE {"all_nodes_metal":true,"cpu_mask_reference":true,"id":"576/4/finite","identity":false,"input_sha256":["04086b97cb2e106d6e98e2219e09cc02204dcb11dc08a7c1500fd7524d121a3d","6fca4ed16fa145e098bfb2534380f1711cb9eddf662c7ff0e84bbac2c2e349a4","7896e1e9f990a4e9bc5bfbf328d392a156a19b179a85f172c7b07267183e4793","8bd2cce7be998fd463d676f735ba7ad21c79cedbdb357d3b723d162bc27a70d1","e7c547de1083d2a113a59fbbcb2ea9e5d737a7ea56c690c33ca195bbd9ad2877","3901b8edaf710294b781f1a5fdd05a612c8f445cc73b7dfa0df08b8c0967d133","bc4f73313ee4e480d34eff4677067cbc0d45da940964f367f265a7ef6f8c9ece"],"inputs_preserved":true,"iterations":[],"kind":"finite","live_binary":true,"mask_elements":9216,"mask_sha256":"1487dba7ca992f0630dfac8d96e93a1ddad8260da7543db322f2de40687d32d3","median_us":0.0,"pool_score_pairing":true,"pools":576,"raw_nodes":34,"samples_us":[],"scatter_in_bounds":true,"scheduler_splits":1,"score_elements":2304,"score_sha256":"956942b3ab72e8c21e0e15d684472fa6eadabac597d029797ca338def3eda76b","tokens":4}
M5_QSA_BEGIN 576/31/finite
M5_QSA_CASE {"all_nodes_metal":true,"cpu_mask_reference":true,"id":"576/31/finite","identity":false,"input_sha256":["c3159fd5af55ea2315239d1f8c4974edaa2d3248cf999fa3137df9b5b6fb377c","6fca4ed16fa145e098bfb2534380f1711cb9eddf662c7ff0e84bbac2c2e349a4","adc3d1020dc664cec05217fba3310f4307517a2935d5f79df23132dd3fd7db8f","81f40895147697b2aab593ce4aded104dc5574996d7fc0048695a2f83b74d38d","e7c547de1083d2a113a59fbbcb2ea9e5d737a7ea56c690c33ca195bbd9ad2877","b80e3bd6273a28e604b2dc80f29498a7ef3b89365af685bac56f688f89fba1c0","6eec1069b3d487599d43a9177c9a195504fbcb208444c9a619489129c5ef77c7"],"inputs_preserved":true,"iterations":[],"kind":"finite","live_binary":true,"mask_elements":71424,"mask_sha256":"087da8c59e31004e585ab751e73afeb72591182bbb604ea5794f3c5c9d350e99","median_us":0.0,"pool_score_pairing":true,"pools":576,"raw_nodes":34,"samples_us":[],"scatter_in_bounds":true,"scheduler_splits":1,"score_elements":17856,"score_sha256":"0860b75762500baf718b627ecfae4951681bd534c79c205f39c2c3d25c891267","tokens":31}
M5_QSA_BEGIN 576/32/finite
M5_QSA_CASE {"all_nodes_metal":true,"cpu_mask_reference":true,"id":"576/32/finite","identity":false,"input_sha256":["999ecd638d4e305e464dbd2605f9b6c4bde373ad4acdda06c2b2a894fc903982","6fca4ed16fa145e098bfb2534380f1711cb9eddf662c7ff0e84bbac2c2e349a4","582bbf3e267223557ad01900b044c68eb19bc0846fa55c276a5b65a314641b87","b09a716844436a6200f52130ef3108a7c15dd5e4f1b7fc19df71a76f222ce9ed","e7c547de1083d2a113a59fbbcb2ea9e5d737a7ea56c690c33ca195bbd9ad2877","0828976eedff86c0c6f333701e386a60894fc20311c79a78721acd02994857fa","e5b7980a5e96cc59474b3ec936f8fbd5e53e22c4d38af54723b4ca48b39c4a9a"],"inputs_preserved":true,"iterations":[],"kind":"finite","live_binary":true,"mask_elements":73728,"mask_sha256":"3a2ee6711f108556c52d4c0300dbc2a8fdd3e2ca1233ffaf01a0ad06a95e6ad0","median_us":0.0,"pool_score_pairing":true,"pools":576,"raw_nodes":34,"samples_us":[],"scatter_in_bounds":true,"scheduler_splits":1,"score_elements":18432,"score_sha256":"d434a1be93d11f6aad90e06c8c25b4d313f5c48b63cb4e691ab7270cd36e1d2a","tokens":32}
M5_QSA_BEGIN 576/33/finite
M5_QSA_CASE {"all_nodes_metal":true,"cpu_mask_reference":true,"id":"576/33/finite","identity":false,"input_sha256":["868e486edc105990c1ae27b4eed9f5dcf546fdc5aab55e9e1e901a7352052421","6fca4ed16fa145e098bfb2534380f1711cb9eddf662c7ff0e84bbac2c2e349a4","8d8925e1a97e5f097b66df6c2745aa808a9513bfbea6b4caaaa7ad58cfa66100","9e06e3c4eca11e1b97b069c90ba3990b7052c12fd380f0afdc765320518bfc88","e7c547de1083d2a113a59fbbcb2ea9e5d737a7ea56c690c33ca195bbd9ad2877","0f257b6947ce53c205dad4ac0331910a1658d4d731feab22aa4c25fb588c6bd1","01545e8f2e02de346e0362f65b331ce4a02c1a120ba3c419574f8052c3cfe439"],"inputs_preserved":true,"iterations":[],"kind":"finite","live_binary":true,"mask_elements":76032,"mask_sha256":"f6ddc85e68998df1c356b17965b2e50085f13f589b6e5323adf0965323bfc685","median_us":0.0,"pool_score_pairing":true,"pools":576,"raw_nodes":34,"samples_us":[],"scatter_in_bounds":true,"scheduler_splits":1,"score_elements":19008,"score_sha256":"397e8e050fb613cbab38847e60db54496da47669ca039766942840e5bd399a47","tokens":33}
M5_QSA_BEGIN 576/128/finite
M5_QSA_CASE {"all_nodes_metal":true,"cpu_mask_reference":true,"id":"576/128/finite","identity":false,"input_sha256":["b4b3aedd83a61950998db3aa4fa39be4e296ee109a29f809cca8a5035229c9c9","6fca4ed16fa145e098bfb2534380f1711cb9eddf662c7ff0e84bbac2c2e349a4","9216b67afb7ea679ca7f265d43f92688e812b0287e8f513c671aadb07a7935c4","0332c3adf90b9cfc74f0bc0b7366049b16fe120727b7dfe9e8f26999fa24228b","e7c547de1083d2a113a59fbbcb2ea9e5d737a7ea56c690c33ca195bbd9ad2877","41e8ce252f56b99740c9e576ef2267133050547d20d4bd13b81b4341dc7c92c6","e2721926f489ac664f97145b29dc7aaf0c1a158c4e48bdbcfabfa33294716ab5"],"inputs_preserved":true,"iterations":[],"kind":"finite","live_binary":true,"mask_elements":294912,"mask_sha256":"de4af9f09ab8b3327c27ef1a970d6e0d06088b5a286f783ffa41d0664510bf9e","median_us":0.0,"pool_score_pairing":true,"pools":576,"raw_nodes":34,"samples_us":[],"scatter_in_bounds":true,"scheduler_splits":1,"score_elements":73728,"score_sha256":"274f06f038724b619a38c49b92f44804491bbc77d99116951fa7f28f3b0aceaa","tokens":128}
M5_QSA_BEGIN 576/512/finite
M5_QSA_CASE {"all_nodes_metal":true,"cpu_mask_reference":true,"id":"576/512/finite","identity":false,"input_sha256":["f95efd9a5174b6176d57e41b7e2c8092253795c6ad99f7cfc75133495daa0275","6fca4ed16fa145e098bfb2534380f1711cb9eddf662c7ff0e84bbac2c2e349a4","a2a3a1331ed2af9cd84d00cf9fbae899e575a451767ae3e7b80833082993881f","b2326c347f975c072e687325acf9bfc9a7ffcbb74428d15f293069d87cc108c0","e7c547de1083d2a113a59fbbcb2ea9e5d737a7ea56c690c33ca195bbd9ad2877","e5a3b81f4d5444543db324b43637b2eb74240f41a7f84179cf59e1d13752699a","c42b046c17033217d4698588ede16f6a92242a04464a2184aaf9551684d950f4"],"inputs_preserved":true,"iterations":[],"kind":"finite","live_binary":true,"mask_elements":1179648,"mask_sha256":"fa33e803cec752fd17f7a41858d3f5587128cf2b1f457c22dc661be0a3c898c2","median_us":0.0,"pool_score_pairing":true,"pools":576,"raw_nodes":34,"samples_us":[],"scatter_in_bounds":true,"scheduler_splits":1,"score_elements":294912,"score_sha256":"2390848edbc1add90e8b325b8c6d3e1d4e5eba9f516e499aaf560bd519fc928d","tokens":512}
M5_QSA_BEGIN 64/1/zeros
M5_QSA_CASE {"all_nodes_metal":true,"cpu_mask_reference":true,"id":"64/1/zeros","identity":true,"input_sha256":["e5a00aa9991ac8a5ee3109844d84a55583bd20572ad3ffcd42792f3c36b183ad","fa7db237c09e0caed8e0e2a742753cc88ea765a77007a60d5194dc84af4ad4d6","b6479e6a7faef71d8297eec2d966fe6d5ca5cc5cca96dad85f96d6323deabd5a","c4eddf8e578f12ef9c804aa855ce23e722994ae6770c74881cadab28294e8d63","baa77ade550f9f88800a8e43408dc7d5f3ebae2d60ddfe1756995d1babe3aeb5","4e72e612c47dd495547ad6f8da6a497bfdc81914dbeb5d835c9ada9321a4f5f8","f90f6e3a8a37351e6826e7162dd1fe05f550046045f4a15e9ff5e937b1bfbe5b"],"inputs_preserved":true,"iterations":[],"kind":"zeros","live_binary":true,"mask_elements":256,"mask_sha256":"f90f6e3a8a37351e6826e7162dd1fe05f550046045f4a15e9ff5e937b1bfbe5b","median_us":0.0,"pool_score_pairing":true,"pools":64,"raw_nodes":32,"samples_us":[],"scatter_in_bounds":true,"scheduler_splits":1,"score_elements":64,"score_sha256":"07d540b89b05b668e2954c0e9ce6decc9070b385eee804e9311fd3a2d4ea2aa5","tokens":1}
M5_QSA_BEGIN 64/4/zeros
M5_QSA_CASE {"all_nodes_metal":true,"cpu_mask_reference":true,"id":"64/4/zeros","identity":true,"input_sha256":["9f1dcbc35c350d6027f98be0f5c8b43b42ca52b7604459c0c42be3aa88913d47","fa7db237c09e0caed8e0e2a742753cc88ea765a77007a60d5194dc84af4ad4d6","7896e1e9f990a4e9bc5bfbf328d392a156a19b179a85f172c7b07267183e4793","7ada87b58ba93f3d8ad12a96fd7b79b70a8fedf2c93e52c0078ff9766262e892","baa77ade550f9f88800a8e43408dc7d5f3ebae2d60ddfe1756995d1babe3aeb5","36ae2db0a1992fac25c8182261cf3fe32b69d4e04abd220b72bb73fb21e87803","5b7d6c25b32408f9a96fafd9a65794610fb9a3c49791a1cbff1df7fff88a30d8"],"inputs_preserved":true,"iterations":[],"kind":"zeros","live_binary":true,"mask_elements":1024,"mask_sha256":"5b7d6c25b32408f9a96fafd9a65794610fb9a3c49791a1cbff1df7fff88a30d8","median_us":0.0,"pool_score_pairing":true,"pools":64,"raw_nodes":32,"samples_us":[],"scatter_in_bounds":true,"scheduler_splits":1,"score_elements":256,"score_sha256":"5438c91759e105dc5f6686abe0bd6c0e90e6d27ce183c98925109075a3c788c6","tokens":4}
M5_QSA_BEGIN 64/32/zeros
M5_QSA_CASE {"all_nodes_metal":true,"cpu_mask_reference":true,"id":"64/32/zeros","identity":true,"input_sha256":["de2f256064a0af797747c2b97505dc0b9f3df0de4f489eac731c23ae9ca9cc31","fa7db237c09e0caed8e0e2a742753cc88ea765a77007a60d5194dc84af4ad4d6","582bbf3e267223557ad01900b044c68eb19bc0846fa55c276a5b65a314641b87","9e6b60588011cad1cc321325363a4f9198bcf1b7cc57289fa2eba6cbfd9ab2b1","baa77ade550f9f88800a8e43408dc7d5f3ebae2d60ddfe1756995d1babe3aeb5","7941f58a8cbc1df668e508cb41c95d72822f922daaebe50408a131769dada469","9810439566d1f99a348b96931945eac2ab36e55f53a6d2fe9d3a44bee5d5c674"],"inputs_preserved":true,"iterations":[],"kind":"zeros","live_binary":true,"mask_elements":8192,"mask_sha256":"9810439566d1f99a348b96931945eac2ab36e55f53a6d2fe9d3a44bee5d5c674","median_us":0.0,"pool_score_pairing":true,"pools":64,"raw_nodes":32,"samples_us":[],"scatter_in_bounds":true,"scheduler_splits":1,"score_elements":2048,"score_sha256":"08354cb97ba9b3fddcfea8072a4f0ed8a4883eb49486e59788eaa775c1192c37","tokens":32}
M5_QSA_BEGIN 64/1/ties
M5_QSA_CASE {"all_nodes_metal":true,"cpu_mask_reference":true,"id":"64/1/ties","identity":true,"input_sha256":["fef951e6c76ad6a01b208af650ca6d95769bec840e009981c5ae1316a42c90b1","071dcafe89df065d6e1c935ecb8fdf6479b3c202eb912e7da938597673ff5857","b6479e6a7faef71d8297eec2d966fe6d5ca5cc5cca96dad85f96d6323deabd5a","c4eddf8e578f12ef9c804aa855ce23e722994ae6770c74881cadab28294e8d63","baa77ade550f9f88800a8e43408dc7d5f3ebae2d60ddfe1756995d1babe3aeb5","4e72e612c47dd495547ad6f8da6a497bfdc81914dbeb5d835c9ada9321a4f5f8","f90f6e3a8a37351e6826e7162dd1fe05f550046045f4a15e9ff5e937b1bfbe5b"],"inputs_preserved":true,"iterations":[],"kind":"ties","live_binary":true,"mask_elements":256,"mask_sha256":"f90f6e3a8a37351e6826e7162dd1fe05f550046045f4a15e9ff5e937b1bfbe5b","median_us":0.0,"pool_score_pairing":true,"pools":64,"raw_nodes":32,"samples_us":[],"scatter_in_bounds":true,"scheduler_splits":1,"score_elements":64,"score_sha256":"b45ddcc64d05cf41da8a325edbd5f308a56b29eac2e5f02f823fad58a728967b","tokens":1}
M5_QSA_BEGIN 64/4/ties
M5_QSA_CASE {"all_nodes_metal":true,"cpu_mask_reference":true,"id":"64/4/ties","identity":true,"input_sha256":["fc3bd1e348ef843a5052596a42863c169d54cc3c352449596039497873862155","071dcafe89df065d6e1c935ecb8fdf6479b3c202eb912e7da938597673ff5857","7896e1e9f990a4e9bc5bfbf328d392a156a19b179a85f172c7b07267183e4793","7ada87b58ba93f3d8ad12a96fd7b79b70a8fedf2c93e52c0078ff9766262e892","baa77ade550f9f88800a8e43408dc7d5f3ebae2d60ddfe1756995d1babe3aeb5","36ae2db0a1992fac25c8182261cf3fe32b69d4e04abd220b72bb73fb21e87803","5b7d6c25b32408f9a96fafd9a65794610fb9a3c49791a1cbff1df7fff88a30d8"],"inputs_preserved":true,"iterations":[],"kind":"ties","live_binary":true,"mask_elements":1024,"mask_sha256":"5b7d6c25b32408f9a96fafd9a65794610fb9a3c49791a1cbff1df7fff88a30d8","median_us":0.0,"pool_score_pairing":true,"pools":64,"raw_nodes":32,"samples_us":[],"scatter_in_bounds":true,"scheduler_splits":1,"score_elements":256,"score_sha256":"d7f46ec09cdc7952c8f67effebc9b59c2df4d24fe1b2697161c674db595610b2","tokens":4}
M5_QSA_BEGIN 64/32/ties
M5_QSA_CASE {"all_nodes_metal":true,"cpu_mask_reference":true,"id":"64/32/ties","identity":true,"input_sha256":["3513f7981d1ead42bde088485afbba413d675b83c061c6362634bcb044bf8613","071dcafe89df065d6e1c935ecb8fdf6479b3c202eb912e7da938597673ff5857","582bbf3e267223557ad01900b044c68eb19bc0846fa55c276a5b65a314641b87","9e6b60588011cad1cc321325363a4f9198bcf1b7cc57289fa2eba6cbfd9ab2b1","baa77ade550f9f88800a8e43408dc7d5f3ebae2d60ddfe1756995d1babe3aeb5","7941f58a8cbc1df668e508cb41c95d72822f922daaebe50408a131769dada469","9810439566d1f99a348b96931945eac2ab36e55f53a6d2fe9d3a44bee5d5c674"],"inputs_preserved":true,"iterations":[],"kind":"ties","live_binary":true,"mask_elements":8192,"mask_sha256":"9810439566d1f99a348b96931945eac2ab36e55f53a6d2fe9d3a44bee5d5c674","median_us":0.0,"pool_score_pairing":true,"pools":64,"raw_nodes":32,"samples_us":[],"scatter_in_bounds":true,"scheduler_splits":1,"score_elements":2048,"score_sha256":"135f7ba99f0e3104dd476ea8978e326c6a4996716f1b2c9ebe3df10702d64380","tokens":32}
M5_QSA_BEGIN 64/1/signed-zero
M5_QSA_CASE {"all_nodes_metal":true,"cpu_mask_reference":true,"id":"64/1/signed-zero","identity":true,"input_sha256":["cea2bf9c20249a9ee1f837c9570b487abbf1fc0c233689eb1868317fbadb4f9c","fa7db237c09e0caed8e0e2a742753cc88ea765a77007a60d5194dc84af4ad4d6","b6479e6a7faef71d8297eec2d966fe6d5ca5cc5cca96dad85f96d6323deabd5a","c4eddf8e578f12ef9c804aa855ce23e722994ae6770c74881cadab28294e8d63","baa77ade550f9f88800a8e43408dc7d5f3ebae2d60ddfe1756995d1babe3aeb5","4e72e612c47dd495547ad6f8da6a497bfdc81914dbeb5d835c9ada9321a4f5f8","f90f6e3a8a37351e6826e7162dd1fe05f550046045f4a15e9ff5e937b1bfbe5b"],"inputs_preserved":true,"iterations":[],"kind":"signed-zero","live_binary":true,"mask_elements":256,"mask_sha256":"f90f6e3a8a37351e6826e7162dd1fe05f550046045f4a15e9ff5e937b1bfbe5b","median_us":0.0,"pool_score_pairing":true,"pools":64,"raw_nodes":32,"samples_us":[],"scatter_in_bounds":true,"scheduler_splits":1,"score_elements":64,"score_sha256":"07d540b89b05b668e2954c0e9ce6decc9070b385eee804e9311fd3a2d4ea2aa5","tokens":1}
M5_QSA_BEGIN 64/4/signed-zero
M5_QSA_CASE {"all_nodes_metal":true,"cpu_mask_reference":true,"id":"64/4/signed-zero","identity":true,"input_sha256":["170168ed69ee873f7c54b0c9e07f280dbf605f12e1caa91274642134fccb1579","fa7db237c09e0caed8e0e2a742753cc88ea765a77007a60d5194dc84af4ad4d6","7896e1e9f990a4e9bc5bfbf328d392a156a19b179a85f172c7b07267183e4793","7ada87b58ba93f3d8ad12a96fd7b79b70a8fedf2c93e52c0078ff9766262e892","baa77ade550f9f88800a8e43408dc7d5f3ebae2d60ddfe1756995d1babe3aeb5","36ae2db0a1992fac25c8182261cf3fe32b69d4e04abd220b72bb73fb21e87803","5b7d6c25b32408f9a96fafd9a65794610fb9a3c49791a1cbff1df7fff88a30d8"],"inputs_preserved":true,"iterations":[],"kind":"signed-zero","live_binary":true,"mask_elements":1024,"mask_sha256":"5b7d6c25b32408f9a96fafd9a65794610fb9a3c49791a1cbff1df7fff88a30d8","median_us":0.0,"pool_score_pairing":true,"pools":64,"raw_nodes":32,"samples_us":[],"scatter_in_bounds":true,"scheduler_splits":1,"score_elements":256,"score_sha256":"5438c91759e105dc5f6686abe0bd6c0e90e6d27ce183c98925109075a3c788c6","tokens":4}
M5_QSA_BEGIN 64/32/signed-zero
M5_QSA_CASE {"all_nodes_metal":true,"cpu_mask_reference":true,"id":"64/32/signed-zero","identity":true,"input_sha256":["a8c950a1be3f09ad8bed5421d91252d4fa54bd54d373339662ede05042d4cb31","fa7db237c09e0caed8e0e2a742753cc88ea765a77007a60d5194dc84af4ad4d6","582bbf3e267223557ad01900b044c68eb19bc0846fa55c276a5b65a314641b87","9e6b60588011cad1cc321325363a4f9198bcf1b7cc57289fa2eba6cbfd9ab2b1","baa77ade550f9f88800a8e43408dc7d5f3ebae2d60ddfe1756995d1babe3aeb5","7941f58a8cbc1df668e508cb41c95d72822f922daaebe50408a131769dada469","9810439566d1f99a348b96931945eac2ab36e55f53a6d2fe9d3a44bee5d5c674"],"inputs_preserved":true,"iterations":[],"kind":"signed-zero","live_binary":true,"mask_elements":8192,"mask_sha256":"9810439566d1f99a348b96931945eac2ab36e55f53a6d2fe9d3a44bee5d5c674","median_us":0.0,"pool_score_pairing":true,"pools":64,"raw_nodes":32,"samples_us":[],"scatter_in_bounds":true,"scheduler_splits":1,"score_elements":2048,"score_sha256":"08354cb97ba9b3fddcfea8072a4f0ed8a4883eb49486e59788eaa775c1192c37","tokens":32}
M5_QSA_BEGIN 64/1/permuted
M5_QSA_CASE {"all_nodes_metal":true,"cpu_mask_reference":true,"id":"64/1/permuted","identity":true,"input_sha256":["83c0d76df9221b06319a55b883504bb887382d107d0f2cea85efd4296929ed60","fa7db237c09e0caed8e0e2a742753cc88ea765a77007a60d5194dc84af4ad4d6","b6479e6a7faef71d8297eec2d966fe6d5ca5cc5cca96dad85f96d6323deabd5a","c4eddf8e578f12ef9c804aa855ce23e722994ae6770c74881cadab28294e8d63","69dae24facac6ff615b1b28db6b764b6b8d004089e1b11f63d1ed62364241ba2","0c1fb111b19d905612e9b3295711828427cbe9783ef74a02275de7d8942e76f6","f2da5e4ca9e4220d802f4aa370001ba2d926cac71bad93d660822b0cf55c00c5"],"inputs_preserved":true,"iterations":[],"kind":"permuted","live_binary":true,"mask_elements":256,"mask_sha256":"f2da5e4ca9e4220d802f4aa370001ba2d926cac71bad93d660822b0cf55c00c5","median_us":0.0,"pool_score_pairing":true,"pools":64,"raw_nodes":32,"samples_us":[],"scatter_in_bounds":true,"scheduler_splits":1,"score_elements":64,"score_sha256":"5cce94ae0f6fac6e03eb8071af24ed20990111fee0a99f8af0ed9ac62dbdb298","tokens":1}
M5_QSA_BEGIN 64/4/permuted
M5_QSA_CASE {"all_nodes_metal":true,"cpu_mask_reference":true,"id":"64/4/permuted","identity":true,"input_sha256":["04086b97cb2e106d6e98e2219e09cc02204dcb11dc08a7c1500fd7524d121a3d","fa7db237c09e0caed8e0e2a742753cc88ea765a77007a60d5194dc84af4ad4d6","7896e1e9f990a4e9bc5bfbf328d392a156a19b179a85f172c7b07267183e4793","7ada87b58ba93f3d8ad12a96fd7b79b70a8fedf2c93e52c0078ff9766262e892","69dae24facac6ff615b1b28db6b764b6b8d004089e1b11f63d1ed62364241ba2","c12cd56a30913e29970180b8fd408eca64979a28861cc9fdb91bacdef5f27296","b17e15557be7cb2d02420f5de02ce53cdee3ad971cff1a7f199fb59cc42e4ab8"],"inputs_preserved":true,"iterations":[],"kind":"permuted","live_binary":true,"mask_elements":1024,"mask_sha256":"b17e15557be7cb2d02420f5de02ce53cdee3ad971cff1a7f199fb59cc42e4ab8","median_us":0.0,"pool_score_pairing":true,"pools":64,"raw_nodes":32,"samples_us":[],"scatter_in_bounds":true,"scheduler_splits":1,"score_elements":256,"score_sha256":"8552093fd2c9c1f140e009fb763980c0c4036ad2c6dfe324dc08556ba14a3d93","tokens":4}
M5_QSA_BEGIN 64/32/permuted
M5_QSA_CASE {"all_nodes_metal":true,"cpu_mask_reference":true,"id":"64/32/permuted","identity":true,"input_sha256":["999ecd638d4e305e464dbd2605f9b6c4bde373ad4acdda06c2b2a894fc903982","fa7db237c09e0caed8e0e2a742753cc88ea765a77007a60d5194dc84af4ad4d6","582bbf3e267223557ad01900b044c68eb19bc0846fa55c276a5b65a314641b87","9e6b60588011cad1cc321325363a4f9198bcf1b7cc57289fa2eba6cbfd9ab2b1","69dae24facac6ff615b1b28db6b764b6b8d004089e1b11f63d1ed62364241ba2","4a32c3b41970f551d516172c27fb9492d5dfe18068a4d391cd538c86736ee3ac","41a807d19e8b022a90212b0c4a25364300bb3476e5d21ada116f81b416cc3b4f"],"inputs_preserved":true,"iterations":[],"kind":"permuted","live_binary":true,"mask_elements":8192,"mask_sha256":"41a807d19e8b022a90212b0c4a25364300bb3476e5d21ada116f81b416cc3b4f","median_us":0.0,"pool_score_pairing":true,"pools":64,"raw_nodes":32,"samples_us":[],"scatter_in_bounds":true,"scheduler_splits":1,"score_elements":2048,"score_sha256":"78a6c6d97b5d68689887166320eba5d365ce169680d0683c2fc476cf2175b43a","tokens":32}
M5_QSA_BEGIN 64/1/subnormal
M5_QSA_CASE {"all_nodes_metal":true,"cpu_mask_reference":true,"id":"64/1/subnormal","identity":true,"input_sha256":["6323b30c3d5f9b893f1133983aa3761cef653959de5a6e4f8e798c358bd226e1","fa7db237c09e0caed8e0e2a742753cc88ea765a77007a60d5194dc84af4ad4d6","b6479e6a7faef71d8297eec2d966fe6d5ca5cc5cca96dad85f96d6323deabd5a","c4eddf8e578f12ef9c804aa855ce23e722994ae6770c74881cadab28294e8d63","baa77ade550f9f88800a8e43408dc7d5f3ebae2d60ddfe1756995d1babe3aeb5","4e72e612c47dd495547ad6f8da6a497bfdc81914dbeb5d835c9ada9321a4f5f8","f90f6e3a8a37351e6826e7162dd1fe05f550046045f4a15e9ff5e937b1bfbe5b"],"inputs_preserved":true,"iterations":[],"kind":"subnormal","live_binary":true,"mask_elements":256,"mask_sha256":"f90f6e3a8a37351e6826e7162dd1fe05f550046045f4a15e9ff5e937b1bfbe5b","median_us":0.0,"pool_score_pairing":true,"pools":64,"raw_nodes":32,"samples_us":[],"scatter_in_bounds":true,"scheduler_splits":1,"score_elements":64,"score_sha256":"07d540b89b05b668e2954c0e9ce6decc9070b385eee804e9311fd3a2d4ea2aa5","tokens":1}
M5_QSA_BEGIN 64/4/subnormal
M5_QSA_CASE {"all_nodes_metal":true,"cpu_mask_reference":true,"id":"64/4/subnormal","identity":true,"input_sha256":["4d1d4cbb1f92c09a41a77237faec99ce8a02911ebd8bab0f0a7cc5b443f60a59","fa7db237c09e0caed8e0e2a742753cc88ea765a77007a60d5194dc84af4ad4d6","7896e1e9f990a4e9bc5bfbf328d392a156a19b179a85f172c7b07267183e4793","7ada87b58ba93f3d8ad12a96fd7b79b70a8fedf2c93e52c0078ff9766262e892","baa77ade550f9f88800a8e43408dc7d5f3ebae2d60ddfe1756995d1babe3aeb5","36ae2db0a1992fac25c8182261cf3fe32b69d4e04abd220b72bb73fb21e87803","5b7d6c25b32408f9a96fafd9a65794610fb9a3c49791a1cbff1df7fff88a30d8"],"inputs_preserved":true,"iterations":[],"kind":"subnormal","live_binary":true,"mask_elements":1024,"mask_sha256":"5b7d6c25b32408f9a96fafd9a65794610fb9a3c49791a1cbff1df7fff88a30d8","median_us":0.0,"pool_score_pairing":true,"pools":64,"raw_nodes":32,"samples_us":[],"scatter_in_bounds":true,"scheduler_splits":1,"score_elements":256,"score_sha256":"5438c91759e105dc5f6686abe0bd6c0e90e6d27ce183c98925109075a3c788c6","tokens":4}
M5_QSA_BEGIN 64/32/subnormal
M5_QSA_CASE {"all_nodes_metal":true,"cpu_mask_reference":true,"id":"64/32/subnormal","identity":true,"input_sha256":["4da8245cddf92719e653adc1bc9754c48e864f1640ba6c9143149feb6c994f6b","fa7db237c09e0caed8e0e2a742753cc88ea765a77007a60d5194dc84af4ad4d6","582bbf3e267223557ad01900b044c68eb19bc0846fa55c276a5b65a314641b87","9e6b60588011cad1cc321325363a4f9198bcf1b7cc57289fa2eba6cbfd9ab2b1","baa77ade550f9f88800a8e43408dc7d5f3ebae2d60ddfe1756995d1babe3aeb5","7941f58a8cbc1df668e508cb41c95d72822f922daaebe50408a131769dada469","9810439566d1f99a348b96931945eac2ab36e55f53a6d2fe9d3a44bee5d5c674"],"inputs_preserved":true,"iterations":[],"kind":"subnormal","live_binary":true,"mask_elements":8192,"mask_sha256":"9810439566d1f99a348b96931945eac2ab36e55f53a6d2fe9d3a44bee5d5c674","median_us":0.0,"pool_score_pairing":true,"pools":64,"raw_nodes":32,"samples_us":[],"scatter_in_bounds":true,"scheduler_splits":1,"score_elements":2048,"score_sha256":"08354cb97ba9b3fddcfea8072a4f0ed8a4883eb49486e59788eaa775c1192c37","tokens":32}
M5_QSA_BEGIN 64/1/wide
M5_QSA_CASE {"all_nodes_metal":true,"cpu_mask_reference":true,"id":"64/1/wide","identity":true,"input_sha256":["f4060fde35f62bd11b224598b47b50cdcdcec1c3bbe7228d034cf18b8f0cd9e8","fa7db237c09e0caed8e0e2a742753cc88ea765a77007a60d5194dc84af4ad4d6","b6479e6a7faef71d8297eec2d966fe6d5ca5cc5cca96dad85f96d6323deabd5a","c4eddf8e578f12ef9c804aa855ce23e722994ae6770c74881cadab28294e8d63","baa77ade550f9f88800a8e43408dc7d5f3ebae2d60ddfe1756995d1babe3aeb5","4e72e612c47dd495547ad6f8da6a497bfdc81914dbeb5d835c9ada9321a4f5f8","f90f6e3a8a37351e6826e7162dd1fe05f550046045f4a15e9ff5e937b1bfbe5b"],"inputs_preserved":true,"iterations":[],"kind":"wide","live_binary":true,"mask_elements":256,"mask_sha256":"f90f6e3a8a37351e6826e7162dd1fe05f550046045f4a15e9ff5e937b1bfbe5b","median_us":0.0,"pool_score_pairing":true,"pools":64,"raw_nodes":32,"samples_us":[],"scatter_in_bounds":true,"scheduler_splits":1,"score_elements":64,"score_sha256":"07d540b89b05b668e2954c0e9ce6decc9070b385eee804e9311fd3a2d4ea2aa5","tokens":1}
M5_QSA_BEGIN 64/4/wide
M5_QSA_CASE {"all_nodes_metal":true,"cpu_mask_reference":true,"id":"64/4/wide","identity":true,"input_sha256":["c8eb44f7bcf60d049508128453e94dd09584b4b0ced2ae341b81331814572d16","fa7db237c09e0caed8e0e2a742753cc88ea765a77007a60d5194dc84af4ad4d6","7896e1e9f990a4e9bc5bfbf328d392a156a19b179a85f172c7b07267183e4793","7ada87b58ba93f3d8ad12a96fd7b79b70a8fedf2c93e52c0078ff9766262e892","baa77ade550f9f88800a8e43408dc7d5f3ebae2d60ddfe1756995d1babe3aeb5","36ae2db0a1992fac25c8182261cf3fe32b69d4e04abd220b72bb73fb21e87803","5b7d6c25b32408f9a96fafd9a65794610fb9a3c49791a1cbff1df7fff88a30d8"],"inputs_preserved":true,"iterations":[],"kind":"wide","live_binary":true,"mask_elements":1024,"mask_sha256":"5b7d6c25b32408f9a96fafd9a65794610fb9a3c49791a1cbff1df7fff88a30d8","median_us":0.0,"pool_score_pairing":true,"pools":64,"raw_nodes":32,"samples_us":[],"scatter_in_bounds":true,"scheduler_splits":1,"score_elements":256,"score_sha256":"5438c91759e105dc5f6686abe0bd6c0e90e6d27ce183c98925109075a3c788c6","tokens":4}
M5_QSA_BEGIN 64/32/wide
M5_QSA_CASE {"all_nodes_metal":true,"cpu_mask_reference":true,"id":"64/32/wide","identity":true,"input_sha256":["153d653a7973e3929cd3e7e6f24c2fcfd6b1fd2da5fba43d5626c1c105db3f87","fa7db237c09e0caed8e0e2a742753cc88ea765a77007a60d5194dc84af4ad4d6","582bbf3e267223557ad01900b044c68eb19bc0846fa55c276a5b65a314641b87","9e6b60588011cad1cc321325363a4f9198bcf1b7cc57289fa2eba6cbfd9ab2b1","baa77ade550f9f88800a8e43408dc7d5f3ebae2d60ddfe1756995d1babe3aeb5","7941f58a8cbc1df668e508cb41c95d72822f922daaebe50408a131769dada469","9810439566d1f99a348b96931945eac2ab36e55f53a6d2fe9d3a44bee5d5c674"],"inputs_preserved":true,"iterations":[],"kind":"wide","live_binary":true,"mask_elements":8192,"mask_sha256":"9810439566d1f99a348b96931945eac2ab36e55f53a6d2fe9d3a44bee5d5c674","median_us":0.0,"pool_score_pairing":true,"pools":64,"raw_nodes":32,"samples_us":[],"scatter_in_bounds":true,"scheduler_splits":1,"score_elements":2048,"score_sha256":"08354cb97ba9b3fddcfea8072a4f0ed8a4883eb49486e59788eaa775c1192c37","tokens":32}
M5_QSA_BEGIN 64/1/inf
M5_QSA_CASE {"all_nodes_metal":true,"cpu_mask_reference":true,"id":"64/1/inf","identity":true,"input_sha256":["0786c5d4d697e8901ea93ca5227ed3c7e5127e2355b8d95df3a6ddd8388f1572","fa7db237c09e0caed8e0e2a742753cc88ea765a77007a60d5194dc84af4ad4d6","b6479e6a7faef71d8297eec2d966fe6d5ca5cc5cca96dad85f96d6323deabd5a","c4eddf8e578f12ef9c804aa855ce23e722994ae6770c74881cadab28294e8d63","baa77ade550f9f88800a8e43408dc7d5f3ebae2d60ddfe1756995d1babe3aeb5","4e72e612c47dd495547ad6f8da6a497bfdc81914dbeb5d835c9ada9321a4f5f8","f90f6e3a8a37351e6826e7162dd1fe05f550046045f4a15e9ff5e937b1bfbe5b"],"inputs_preserved":true,"iterations":[],"kind":"inf","live_binary":true,"mask_elements":256,"mask_sha256":"f90f6e3a8a37351e6826e7162dd1fe05f550046045f4a15e9ff5e937b1bfbe5b","median_us":0.0,"pool_score_pairing":true,"pools":64,"raw_nodes":32,"samples_us":[],"scatter_in_bounds":true,"scheduler_splits":1,"score_elements":64,"score_sha256":"ba83083d23962da4a373aba556f7ebb6486d33d195995009f2f90569283e61d9","tokens":1}
M5_QSA_BEGIN 64/4/inf
M5_QSA_CASE {"all_nodes_metal":true,"cpu_mask_reference":true,"id":"64/4/inf","identity":true,"input_sha256":["9f4c0a26eb9450dd86c9b8dcffb83ae620762a7b388305ff2415fb3c3248622e","fa7db237c09e0caed8e0e2a742753cc88ea765a77007a60d5194dc84af4ad4d6","7896e1e9f990a4e9bc5bfbf328d392a156a19b179a85f172c7b07267183e4793","7ada87b58ba93f3d8ad12a96fd7b79b70a8fedf2c93e52c0078ff9766262e892","baa77ade550f9f88800a8e43408dc7d5f3ebae2d60ddfe1756995d1babe3aeb5","36ae2db0a1992fac25c8182261cf3fe32b69d4e04abd220b72bb73fb21e87803","5b7d6c25b32408f9a96fafd9a65794610fb9a3c49791a1cbff1df7fff88a30d8"],"inputs_preserved":true,"iterations":[],"kind":"inf","live_binary":true,"mask_elements":1024,"mask_sha256":"5b7d6c25b32408f9a96fafd9a65794610fb9a3c49791a1cbff1df7fff88a30d8","median_us":0.0,"pool_score_pairing":true,"pools":64,"raw_nodes":32,"samples_us":[],"scatter_in_bounds":true,"scheduler_splits":1,"score_elements":256,"score_sha256":"082b651fb85bbed574ee7aa2258712caa871b60654481445fd93a5c5743a6b12","tokens":4}
M5_QSA_BEGIN 64/32/inf
M5_QSA_CASE {"all_nodes_metal":true,"cpu_mask_reference":true,"id":"64/32/inf","identity":true,"input_sha256":["029b698b51956066069b92e33dd3af9ef4eccf0e4d5d71feb6c84304ec24d066","fa7db237c09e0caed8e0e2a742753cc88ea765a77007a60d5194dc84af4ad4d6","582bbf3e267223557ad01900b044c68eb19bc0846fa55c276a5b65a314641b87","9e6b60588011cad1cc321325363a4f9198bcf1b7cc57289fa2eba6cbfd9ab2b1","baa77ade550f9f88800a8e43408dc7d5f3ebae2d60ddfe1756995d1babe3aeb5","7941f58a8cbc1df668e508cb41c95d72822f922daaebe50408a131769dada469","9810439566d1f99a348b96931945eac2ab36e55f53a6d2fe9d3a44bee5d5c674"],"inputs_preserved":true,"iterations":[],"kind":"inf","live_binary":true,"mask_elements":8192,"mask_sha256":"9810439566d1f99a348b96931945eac2ab36e55f53a6d2fe9d3a44bee5d5c674","median_us":0.0,"pool_score_pairing":true,"pools":64,"raw_nodes":32,"samples_us":[],"scatter_in_bounds":true,"scheduler_splits":1,"score_elements":2048,"score_sha256":"a1a5e25dafab81c1b2706d9167e7c971aed2b65b66cd9a65a7716e20fa24c51e","tokens":32}
M5_QSA_BEGIN 64/1/nan
M5_QSA_CASE {"all_nodes_metal":true,"cpu_mask_reference":true,"id":"64/1/nan","identity":true,"input_sha256":["e489cb91828d4e2007f69703936889d05ac11cb16117a9e789b194f4318ec4f4","fa7db237c09e0caed8e0e2a742753cc88ea765a77007a60d5194dc84af4ad4d6","b6479e6a7faef71d8297eec2d966fe6d5ca5cc5cca96dad85f96d6323deabd5a","c4eddf8e578f12ef9c804aa855ce23e722994ae6770c74881cadab28294e8d63","baa77ade550f9f88800a8e43408dc7d5f3ebae2d60ddfe1756995d1babe3aeb5","4e72e612c47dd495547ad6f8da6a497bfdc81914dbeb5d835c9ada9321a4f5f8","f90f6e3a8a37351e6826e7162dd1fe05f550046045f4a15e9ff5e937b1bfbe5b"],"inputs_preserved":true,"iterations":[],"kind":"nan","live_binary":true,"mask_elements":256,"mask_sha256":"f90f6e3a8a37351e6826e7162dd1fe05f550046045f4a15e9ff5e937b1bfbe5b","median_us":0.0,"pool_score_pairing":true,"pools":64,"raw_nodes":32,"samples_us":[],"scatter_in_bounds":true,"scheduler_splits":1,"score_elements":64,"score_sha256":"569d2db9267081f5b9ed058ff0c92898851a1e8d4452505f2751a39cd9df30d9","tokens":1}
M5_QSA_BEGIN 64/4/nan
M5_QSA_CASE {"all_nodes_metal":true,"cpu_mask_reference":true,"id":"64/4/nan","identity":true,"input_sha256":["69c4af6f06c607d482d525859145317e5a5353185402a85eda02b5bf72eddba9","fa7db237c09e0caed8e0e2a742753cc88ea765a77007a60d5194dc84af4ad4d6","7896e1e9f990a4e9bc5bfbf328d392a156a19b179a85f172c7b07267183e4793","7ada87b58ba93f3d8ad12a96fd7b79b70a8fedf2c93e52c0078ff9766262e892","baa77ade550f9f88800a8e43408dc7d5f3ebae2d60ddfe1756995d1babe3aeb5","36ae2db0a1992fac25c8182261cf3fe32b69d4e04abd220b72bb73fb21e87803","5b7d6c25b32408f9a96fafd9a65794610fb9a3c49791a1cbff1df7fff88a30d8"],"inputs_preserved":true,"iterations":[],"kind":"nan","live_binary":true,"mask_elements":1024,"mask_sha256":"5b7d6c25b32408f9a96fafd9a65794610fb9a3c49791a1cbff1df7fff88a30d8","median_us":0.0,"pool_score_pairing":true,"pools":64,"raw_nodes":32,"samples_us":[],"scatter_in_bounds":true,"scheduler_splits":1,"score_elements":256,"score_sha256":"1deef250171cb5e9f6cdb2474e8fcbe26fc06951e3381eb5d8aa02e46c6edf2b","tokens":4}
M5_QSA_BEGIN 64/32/nan
M5_QSA_CASE {"all_nodes_metal":true,"cpu_mask_reference":true,"id":"64/32/nan","identity":true,"input_sha256":["5a8508e906e451f4f22d41c24656ccf8bfdd2ba4c71967614131097df448ff05","fa7db237c09e0caed8e0e2a742753cc88ea765a77007a60d5194dc84af4ad4d6","582bbf3e267223557ad01900b044c68eb19bc0846fa55c276a5b65a314641b87","9e6b60588011cad1cc321325363a4f9198bcf1b7cc57289fa2eba6cbfd9ab2b1","baa77ade550f9f88800a8e43408dc7d5f3ebae2d60ddfe1756995d1babe3aeb5","7941f58a8cbc1df668e508cb41c95d72822f922daaebe50408a131769dada469","9810439566d1f99a348b96931945eac2ab36e55f53a6d2fe9d3a44bee5d5c674"],"inputs_preserved":true,"iterations":[],"kind":"nan","live_binary":true,"mask_elements":8192,"mask_sha256":"9810439566d1f99a348b96931945eac2ab36e55f53a6d2fe9d3a44bee5d5c674","median_us":0.0,"pool_score_pairing":true,"pools":64,"raw_nodes":32,"samples_us":[],"scatter_in_bounds":true,"scheduler_splits":1,"score_elements":2048,"score_sha256":"488d9b7cf103987d64a73e21ad87f8a2d06e8112fa1e7be39c41596499aab558","tokens":32}
M5_QSA_BEGIN 64/1/injected
M5_QSA_CASE {"all_nodes_metal":true,"cpu_mask_reference":true,"id":"64/1/injected","identity":true,"input_sha256":["83c0d76df9221b06319a55b883504bb887382d107d0f2cea85efd4296929ed60","fa7db237c09e0caed8e0e2a742753cc88ea765a77007a60d5194dc84af4ad4d6","b6479e6a7faef71d8297eec2d966fe6d5ca5cc5cca96dad85f96d6323deabd5a","c4eddf8e578f12ef9c804aa855ce23e722994ae6770c74881cadab28294e8d63","baa77ade550f9f88800a8e43408dc7d5f3ebae2d60ddfe1756995d1babe3aeb5","4e72e612c47dd495547ad6f8da6a497bfdc81914dbeb5d835c9ada9321a4f5f8","f90f6e3a8a37351e6826e7162dd1fe05f550046045f4a15e9ff5e937b1bfbe5b","c9d30a8836d6038f241f967348a0f6a472fb0ef529c7bb6dcf52e2640435ea10"],"inputs_preserved":true,"iterations":[],"kind":"injected","live_binary":true,"mask_elements":256,"mask_sha256":"4dc677c0723dc85156870a4bb7d5ebdb2cac33c05c7f5094128429dceb6feba1","median_us":0.0,"pool_score_pairing":true,"pools":64,"raw_nodes":31,"samples_us":[],"scatter_in_bounds":true,"scheduler_splits":1,"score_elements":64,"score_sha256":"c9d30a8836d6038f241f967348a0f6a472fb0ef529c7bb6dcf52e2640435ea10","tokens":1}
M5_QSA_BEGIN 64/4/injected
M5_QSA_CASE {"all_nodes_metal":true,"cpu_mask_reference":true,"id":"64/4/injected","identity":true,"input_sha256":["04086b97cb2e106d6e98e2219e09cc02204dcb11dc08a7c1500fd7524d121a3d","fa7db237c09e0caed8e0e2a742753cc88ea765a77007a60d5194dc84af4ad4d6","7896e1e9f990a4e9bc5bfbf328d392a156a19b179a85f172c7b07267183e4793","7ada87b58ba93f3d8ad12a96fd7b79b70a8fedf2c93e52c0078ff9766262e892","baa77ade550f9f88800a8e43408dc7d5f3ebae2d60ddfe1756995d1babe3aeb5","36ae2db0a1992fac25c8182261cf3fe32b69d4e04abd220b72bb73fb21e87803","5b7d6c25b32408f9a96fafd9a65794610fb9a3c49791a1cbff1df7fff88a30d8","39bfa56b51d5693f79cd2dc9d61ade1dc2ffc5fb0bf4c6125922f99de655dfe9"],"inputs_preserved":true,"iterations":[],"kind":"injected","live_binary":true,"mask_elements":1024,"mask_sha256":"df07448c37fb325054bf2b1bae8a7a4e6d57833901ce9c80c2a0aa8e6d2c4ea8","median_us":0.0,"pool_score_pairing":true,"pools":64,"raw_nodes":31,"samples_us":[],"scatter_in_bounds":true,"scheduler_splits":1,"score_elements":256,"score_sha256":"39bfa56b51d5693f79cd2dc9d61ade1dc2ffc5fb0bf4c6125922f99de655dfe9","tokens":4}
M5_QSA_BEGIN 64/32/injected
M5_QSA_CASE {"all_nodes_metal":true,"cpu_mask_reference":true,"id":"64/32/injected","identity":true,"input_sha256":["999ecd638d4e305e464dbd2605f9b6c4bde373ad4acdda06c2b2a894fc903982","fa7db237c09e0caed8e0e2a742753cc88ea765a77007a60d5194dc84af4ad4d6","582bbf3e267223557ad01900b044c68eb19bc0846fa55c276a5b65a314641b87","9e6b60588011cad1cc321325363a4f9198bcf1b7cc57289fa2eba6cbfd9ab2b1","baa77ade550f9f88800a8e43408dc7d5f3ebae2d60ddfe1756995d1babe3aeb5","7941f58a8cbc1df668e508cb41c95d72822f922daaebe50408a131769dada469","9810439566d1f99a348b96931945eac2ab36e55f53a6d2fe9d3a44bee5d5c674","ef6bbfa2f771fb288f2b01cdc4541844c3d30780c1417486ef11a5c2463a8709"],"inputs_preserved":true,"iterations":[],"kind":"injected","live_binary":true,"mask_elements":8192,"mask_sha256":"57bf0457b471f8becce6d6b9e4e8ad3886b460d7db672f038bfcc1fda6c05814","median_us":0.0,"pool_score_pairing":true,"pools":64,"raw_nodes":31,"samples_us":[],"scatter_in_bounds":true,"scheduler_splits":1,"score_elements":2048,"score_sha256":"ef6bbfa2f771fb288f2b01cdc4541844c3d30780c1417486ef11a5c2463a8709","tokens":32}
M5_QSA_BEGIN 64/1/masked-nan
M5_QSA_CASE {"all_nodes_metal":true,"cpu_mask_reference":true,"id":"64/1/masked-nan","identity":true,"input_sha256":["83c0d76df9221b06319a55b883504bb887382d107d0f2cea85efd4296929ed60","fa7db237c09e0caed8e0e2a742753cc88ea765a77007a60d5194dc84af4ad4d6","b6479e6a7faef71d8297eec2d966fe6d5ca5cc5cca96dad85f96d6323deabd5a","c4eddf8e578f12ef9c804aa855ce23e722994ae6770c74881cadab28294e8d63","baa77ade550f9f88800a8e43408dc7d5f3ebae2d60ddfe1756995d1babe3aeb5","4e72e612c47dd495547ad6f8da6a497bfdc81914dbeb5d835c9ada9321a4f5f8","f90f6e3a8a37351e6826e7162dd1fe05f550046045f4a15e9ff5e937b1bfbe5b","80354d94b63933bdb80984163a8ca544d505914c6ed5bca028349a61db9f9649"],"inputs_preserved":true,"iterations":[],"kind":"masked-nan","live_binary":true,"mask_elements":256,"mask_sha256":"4dc677c0723dc85156870a4bb7d5ebdb2cac33c05c7f5094128429dceb6feba1","median_us":0.0,"pool_score_pairing":true,"pools":64,"raw_nodes":31,"samples_us":[],"scatter_in_bounds":true,"scheduler_splits":1,"score_elements":64,"score_sha256":"80354d94b63933bdb80984163a8ca544d505914c6ed5bca028349a61db9f9649","tokens":1}
M5_QSA_BEGIN 64/4/masked-nan
M5_QSA_CASE {"all_nodes_metal":true,"cpu_mask_reference":true,"id":"64/4/masked-nan","identity":true,"input_sha256":["04086b97cb2e106d6e98e2219e09cc02204dcb11dc08a7c1500fd7524d121a3d","fa7db237c09e0caed8e0e2a742753cc88ea765a77007a60d5194dc84af4ad4d6","7896e1e9f990a4e9bc5bfbf328d392a156a19b179a85f172c7b07267183e4793","7ada87b58ba93f3d8ad12a96fd7b79b70a8fedf2c93e52c0078ff9766262e892","baa77ade550f9f88800a8e43408dc7d5f3ebae2d60ddfe1756995d1babe3aeb5","36ae2db0a1992fac25c8182261cf3fe32b69d4e04abd220b72bb73fb21e87803","5b7d6c25b32408f9a96fafd9a65794610fb9a3c49791a1cbff1df7fff88a30d8","09a0ca59b5609d62e160549e1e32809541247e6c4d6cf65ad3f165b0f12de36a"],"inputs_preserved":true,"iterations":[],"kind":"masked-nan","live_binary":true,"mask_elements":1024,"mask_sha256":"df07448c37fb325054bf2b1bae8a7a4e6d57833901ce9c80c2a0aa8e6d2c4ea8","median_us":0.0,"pool_score_pairing":true,"pools":64,"raw_nodes":31,"samples_us":[],"scatter_in_bounds":true,"scheduler_splits":1,"score_elements":256,"score_sha256":"09a0ca59b5609d62e160549e1e32809541247e6c4d6cf65ad3f165b0f12de36a","tokens":4}
M5_QSA_BEGIN 64/32/masked-nan
M5_QSA_CASE {"all_nodes_metal":true,"cpu_mask_reference":true,"id":"64/32/masked-nan","identity":true,"input_sha256":["999ecd638d4e305e464dbd2605f9b6c4bde373ad4acdda06c2b2a894fc903982","fa7db237c09e0caed8e0e2a742753cc88ea765a77007a60d5194dc84af4ad4d6","582bbf3e267223557ad01900b044c68eb19bc0846fa55c276a5b65a314641b87","9e6b60588011cad1cc321325363a4f9198bcf1b7cc57289fa2eba6cbfd9ab2b1","baa77ade550f9f88800a8e43408dc7d5f3ebae2d60ddfe1756995d1babe3aeb5","7941f58a8cbc1df668e508cb41c95d72822f922daaebe50408a131769dada469","9810439566d1f99a348b96931945eac2ab36e55f53a6d2fe9d3a44bee5d5c674","8fcc03bc1decb75819958e98a3b1ca315986c863faf5d9855e312fdcfe85662f"],"inputs_preserved":true,"iterations":[],"kind":"masked-nan","live_binary":true,"mask_elements":8192,"mask_sha256":"57bf0457b471f8becce6d6b9e4e8ad3886b460d7db672f038bfcc1fda6c05814","median_us":0.0,"pool_score_pairing":true,"pools":64,"raw_nodes":31,"samples_us":[],"scatter_in_bounds":true,"scheduler_splits":1,"score_elements":2048,"score_sha256":"8fcc03bc1decb75819958e98a3b1ca315986c863faf5d9855e312fdcfe85662f","tokens":32}
M5_QSA_BEGIN 64/1/mixed-wide
M5_QSA_CASE {"all_nodes_metal":true,"cpu_mask_reference":true,"id":"64/1/mixed-wide","identity":true,"input_sha256":["ccd4ef725e12f49318dc0f3ef6fcd705197aaa97f611b2afcd64a4ba968aa0c6","fa7db237c09e0caed8e0e2a742753cc88ea765a77007a60d5194dc84af4ad4d6","b6479e6a7faef71d8297eec2d966fe6d5ca5cc5cca96dad85f96d6323deabd5a","c4eddf8e578f12ef9c804aa855ce23e722994ae6770c74881cadab28294e8d63","baa77ade550f9f88800a8e43408dc7d5f3ebae2d60ddfe1756995d1babe3aeb5","4e72e612c47dd495547ad6f8da6a497bfdc81914dbeb5d835c9ada9321a4f5f8","f90f6e3a8a37351e6826e7162dd1fe05f550046045f4a15e9ff5e937b1bfbe5b"],"inputs_preserved":true,"iterations":[],"kind":"mixed-wide","live_binary":true,"mask_elements":256,"mask_sha256":"f90f6e3a8a37351e6826e7162dd1fe05f550046045f4a15e9ff5e937b1bfbe5b","median_us":0.0,"pool_score_pairing":true,"pools":64,"raw_nodes":32,"samples_us":[],"scatter_in_bounds":true,"scheduler_splits":1,"score_elements":64,"score_sha256":"07d540b89b05b668e2954c0e9ce6decc9070b385eee804e9311fd3a2d4ea2aa5","tokens":1}
M5_QSA_BEGIN 64/4/mixed-wide
M5_QSA_CASE {"all_nodes_metal":true,"cpu_mask_reference":true,"id":"64/4/mixed-wide","identity":true,"input_sha256":["bb26932299979af08d0af2a74257966023a4850d43477e362fb7b17d4819c04b","fa7db237c09e0caed8e0e2a742753cc88ea765a77007a60d5194dc84af4ad4d6","7896e1e9f990a4e9bc5bfbf328d392a156a19b179a85f172c7b07267183e4793","7ada87b58ba93f3d8ad12a96fd7b79b70a8fedf2c93e52c0078ff9766262e892","baa77ade550f9f88800a8e43408dc7d5f3ebae2d60ddfe1756995d1babe3aeb5","36ae2db0a1992fac25c8182261cf3fe32b69d4e04abd220b72bb73fb21e87803","5b7d6c25b32408f9a96fafd9a65794610fb9a3c49791a1cbff1df7fff88a30d8"],"inputs_preserved":true,"iterations":[],"kind":"mixed-wide","live_binary":true,"mask_elements":1024,"mask_sha256":"5b7d6c25b32408f9a96fafd9a65794610fb9a3c49791a1cbff1df7fff88a30d8","median_us":0.0,"pool_score_pairing":true,"pools":64,"raw_nodes":32,"samples_us":[],"scatter_in_bounds":true,"scheduler_splits":1,"score_elements":256,"score_sha256":"5438c91759e105dc5f6686abe0bd6c0e90e6d27ce183c98925109075a3c788c6","tokens":4}
M5_QSA_BEGIN 64/32/mixed-wide
M5_QSA_CASE {"all_nodes_metal":true,"cpu_mask_reference":true,"id":"64/32/mixed-wide","identity":true,"input_sha256":["88e8275681e227953202d342faf586f431401e94f41c697c1f0a3636469bb87d","fa7db237c09e0caed8e0e2a742753cc88ea765a77007a60d5194dc84af4ad4d6","582bbf3e267223557ad01900b044c68eb19bc0846fa55c276a5b65a314641b87","9e6b60588011cad1cc321325363a4f9198bcf1b7cc57289fa2eba6cbfd9ab2b1","baa77ade550f9f88800a8e43408dc7d5f3ebae2d60ddfe1756995d1babe3aeb5","7941f58a8cbc1df668e508cb41c95d72822f922daaebe50408a131769dada469","9810439566d1f99a348b96931945eac2ab36e55f53a6d2fe9d3a44bee5d5c674"],"inputs_preserved":true,"iterations":[],"kind":"mixed-wide","live_binary":true,"mask_elements":8192,"mask_sha256":"9810439566d1f99a348b96931945eac2ab36e55f53a6d2fe9d3a44bee5d5c674","median_us":0.0,"pool_score_pairing":true,"pools":64,"raw_nodes":32,"samples_us":[],"scatter_in_bounds":true,"scheduler_splits":1,"score_elements":2048,"score_sha256":"08354cb97ba9b3fddcfea8072a4f0ed8a4883eb49486e59788eaa775c1192c37","tokens":32}
M5_QSA_BEGIN 64/1/sparse0
M5_QSA_CASE {"all_nodes_metal":true,"cpu_mask_reference":true,"id":"64/1/sparse0","identity":true,"input_sha256":["83c0d76df9221b06319a55b883504bb887382d107d0f2cea85efd4296929ed60","fa7db237c09e0caed8e0e2a742753cc88ea765a77007a60d5194dc84af4ad4d6","b6479e6a7faef71d8297eec2d966fe6d5ca5cc5cca96dad85f96d6323deabd5a","8387832ff327e906eaa79c188241f1b2804b65d7cb0731b6936248fc66c7c8b2","9dda28f718a85dcc48cd45d39b28d6fac9bfa7b45b578d67c7aaa5c90a7cb17c","648636b4ba131d4f586f4cf8dc72a8a3feec88a871780aeea588bcc1d7a20509","da73ed7d5177cef26416820a635ee810bd799ebf3661df36de28df4270557262"],"inputs_preserved":true,"iterations":[],"kind":"sparse0","live_binary":true,"mask_elements":4096,"mask_sha256":"da73ed7d5177cef26416820a635ee810bd799ebf3661df36de28df4270557262","median_us":0.0,"pool_score_pairing":true,"pools":64,"raw_nodes":32,"samples_us":[],"scatter_in_bounds":true,"scheduler_splits":1,"score_elements":64,"score_sha256":"bc95d33a2c4f0f3e8bca73e506e8bf51c0f784f21be9b21761f91c3dd0b25e69","tokens":1}
M5_QSA_BEGIN 64/4/sparse0
M5_QSA_CASE {"all_nodes_metal":true,"cpu_mask_reference":true,"id":"64/4/sparse0","identity":true,"input_sha256":["04086b97cb2e106d6e98e2219e09cc02204dcb11dc08a7c1500fd7524d121a3d","fa7db237c09e0caed8e0e2a742753cc88ea765a77007a60d5194dc84af4ad4d6","7896e1e9f990a4e9bc5bfbf328d392a156a19b179a85f172c7b07267183e4793","41bf004fed47c04b2a669b4e4ae74b5a55bba127eb024eeafeccf6702a303d89","9dda28f718a85dcc48cd45d39b28d6fac9bfa7b45b578d67c7aaa5c90a7cb17c","c9d0a7ea05a11c3b7012a3b73d5d5f0a827e36e5cb8beb50c8cbe7391f296740","045e1871d052f7c1c4f8b21e307ada955abfbd239a35ac2f0a60f7c7601c7567"],"inputs_preserved":true,"iterations":[],"kind":"sparse0","live_binary":true,"mask_elements":16384,"mask_sha256":"045e1871d052f7c1c4f8b21e307ada955abfbd239a35ac2f0a60f7c7601c7567","median_us":0.0,"pool_score_pairing":true,"pools":64,"raw_nodes":32,"samples_us":[],"scatter_in_bounds":true,"scheduler_splits":1,"score_elements":256,"score_sha256":"e55d7bbbf430d89668b4f5035901398181b49af12d82a859a0e47c79cd3c4fb2","tokens":4}
M5_QSA_BEGIN 64/8/sparse0
M5_QSA_CASE {"all_nodes_metal":true,"cpu_mask_reference":true,"id":"64/8/sparse0","identity":true,"input_sha256":["50c370448111a0984ea4ff48f376883cb117174e0cdb57161a4bf8cc2a60f43d","fa7db237c09e0caed8e0e2a742753cc88ea765a77007a60d5194dc84af4ad4d6","daa52ded6aa87135463f3dfc301836284ff92f840548d30fc4a73bd6d7766da6","085cc24929a2b78c0b0d0a6c4e97bbcfad5993f2672f2d6cad18e5b6a367320f","9dda28f718a85dcc48cd45d39b28d6fac9bfa7b45b578d67c7aaa5c90a7cb17c","23cf1694399052b7830640fa11593fc71c090cdcaa37469f4748efc66982a815","debb11baa487a07c947d68a2a785f27d5a1cd60bd6a5d2896ac17577101110a8"],"inputs_preserved":true,"iterations":[],"kind":"sparse0","live_binary":true,"mask_elements":32768,"mask_sha256":"debb11baa487a07c947d68a2a785f27d5a1cd60bd6a5d2896ac17577101110a8","median_us":0.0,"pool_score_pairing":true,"pools":64,"raw_nodes":32,"samples_us":[],"scatter_in_bounds":true,"scheduler_splits":1,"score_elements":512,"score_sha256":"e2f997564baf84defd53a8043e8b8b015bee0a4abe5fb931d75661fb25c5a325","tokens":8}
M5_QSA_BEGIN 64/1/sparse1
M5_QSA_CASE {"all_nodes_metal":true,"cpu_mask_reference":true,"id":"64/1/sparse1","identity":true,"input_sha256":["83c0d76df9221b06319a55b883504bb887382d107d0f2cea85efd4296929ed60","fa7db237c09e0caed8e0e2a742753cc88ea765a77007a60d5194dc84af4ad4d6","b6479e6a7faef71d8297eec2d966fe6d5ca5cc5cca96dad85f96d6323deabd5a","fd2292b9cdfb928f7149c8729e24c1826ddbb4f264a2b17755cb86402017a3f7","e328b3160abceed4f323688d7cde82c57a9b1180df49b3db0fc11f2ec8ecdb38","eebe3fb04df8d7d37b3c7c373ba0248f9c703e58669a8ded756c70afc116e14f","cdba9c535f780612632541809e8534ecc9c181e1cfbee316d99589f5ab97bc68"],"inputs_preserved":true,"iterations":[],"kind":"sparse1","live_binary":true,"mask_elements":4096,"mask_sha256":"cdba9c535f780612632541809e8534ecc9c181e1cfbee316d99589f5ab97bc68","median_us":0.0,"pool_score_pairing":true,"pools":64,"raw_nodes":32,"samples_us":[],"scatter_in_bounds":true,"scheduler_splits":1,"score_elements":64,"score_sha256":"f2c672a313c1936ab8e00a2948b270c0d706ea8739f9678b9e85f24914e1081c","tokens":1}
M5_QSA_BEGIN 64/4/sparse1
M5_QSA_CASE {"all_nodes_metal":true,"cpu_mask_reference":true,"id":"64/4/sparse1","identity":true,"input_sha256":["04086b97cb2e106d6e98e2219e09cc02204dcb11dc08a7c1500fd7524d121a3d","fa7db237c09e0caed8e0e2a742753cc88ea765a77007a60d5194dc84af4ad4d6","7896e1e9f990a4e9bc5bfbf328d392a156a19b179a85f172c7b07267183e4793","00688cd2e5c2a140c0a32b2f3809a169b62bb34d559f967b32e0272f98a2fa61","e328b3160abceed4f323688d7cde82c57a9b1180df49b3db0fc11f2ec8ecdb38","586dfdaf5c2886523b3455321fa0d85d6f00c0ff096f32dc8d2c7fed9d9f5e38","7aaa66ef00a0e9b9f34868182b4a7b61de6e72ce3fb09b2331e7d9bbae6b690e"],"inputs_preserved":true,"iterations":[],"kind":"sparse1","live_binary":true,"mask_elements":16384,"mask_sha256":"7aaa66ef00a0e9b9f34868182b4a7b61de6e72ce3fb09b2331e7d9bbae6b690e","median_us":0.0,"pool_score_pairing":true,"pools":64,"raw_nodes":32,"samples_us":[],"scatter_in_bounds":true,"scheduler_splits":1,"score_elements":256,"score_sha256":"1825cddd589c2b6fb77d40593190ee205d368917b1935291a24163977374b031","tokens":4}
M5_QSA_BEGIN 64/8/sparse1
M5_QSA_CASE {"all_nodes_metal":true,"cpu_mask_reference":true,"id":"64/8/sparse1","identity":true,"input_sha256":["50c370448111a0984ea4ff48f376883cb117174e0cdb57161a4bf8cc2a60f43d","fa7db237c09e0caed8e0e2a742753cc88ea765a77007a60d5194dc84af4ad4d6","daa52ded6aa87135463f3dfc301836284ff92f840548d30fc4a73bd6d7766da6","1db7bf6f571f10c71cbe97ffebc7c3c659102b340487d829b1c26767cb6a3d21","e328b3160abceed4f323688d7cde82c57a9b1180df49b3db0fc11f2ec8ecdb38","5c926f9d75bd4a6c245ea5d175eb35ba5a23eb31a35e90c9fad378961ca251a3","fc5cf5f34befacc43f9eb4d3a5183d568f8766c60995894a91723af09a8e8994"],"inputs_preserved":true,"iterations":[],"kind":"sparse1","live_binary":true,"mask_elements":32768,"mask_sha256":"fc5cf5f34befacc43f9eb4d3a5183d568f8766c60995894a91723af09a8e8994","median_us":0.0,"pool_score_pairing":true,"pools":64,"raw_nodes":32,"samples_us":[],"scatter_in_bounds":true,"scheduler_splits":1,"score_elements":512,"score_sha256":"ca95cfd6747b3b03513c07bb59b781e9c8c551b047a543890c783c1c949c309a","tokens":8}
M5_QSA_BEGIN 64/1/sparse2
M5_QSA_CASE {"all_nodes_metal":true,"cpu_mask_reference":true,"id":"64/1/sparse2","identity":true,"input_sha256":["83c0d76df9221b06319a55b883504bb887382d107d0f2cea85efd4296929ed60","fa7db237c09e0caed8e0e2a742753cc88ea765a77007a60d5194dc84af4ad4d6","b6479e6a7faef71d8297eec2d966fe6d5ca5cc5cca96dad85f96d6323deabd5a","d1852732977d86db72eecb6da72f763cfcf3f3e6f475013ea9e2f28d971386b7","ced3107dde173d7a8dfa856c19cb7df57524ff493e79ab7d448e25aedf41faad","a39fa84857f42bb91efdbc344bf3ab26ce9a8c4dd968f10e67c822236c493927","29c67c824a3e77f790a7b50e56df2d4a380359df1033b197d7ed085e551fc93c"],"inputs_preserved":true,"iterations":[],"kind":"sparse2","live_binary":true,"mask_elements":4096,"mask_sha256":"29c67c824a3e77f790a7b50e56df2d4a380359df1033b197d7ed085e551fc93c","median_us":0.0,"pool_score_pairing":true,"pools":64,"raw_nodes":32,"samples_us":[],"scatter_in_bounds":true,"scheduler_splits":1,"score_elements":64,"score_sha256":"225802bf97776be7d00ed027940377fc3562b67b70bc81696264393c60d6f502","tokens":1}
M5_QSA_BEGIN 64/4/sparse2
M5_QSA_CASE {"all_nodes_metal":true,"cpu_mask_reference":true,"id":"64/4/sparse2","identity":true,"input_sha256":["04086b97cb2e106d6e98e2219e09cc02204dcb11dc08a7c1500fd7524d121a3d","fa7db237c09e0caed8e0e2a742753cc88ea765a77007a60d5194dc84af4ad4d6","7896e1e9f990a4e9bc5bfbf328d392a156a19b179a85f172c7b07267183e4793","82da90fb49785bc74af40740057edcc0d37cd277e690e25654ab5bb0ef1830a3","ced3107dde173d7a8dfa856c19cb7df57524ff493e79ab7d448e25aedf41faad","41b636e05244bc31993aa16b5b473e3a30e31ce6548495a4f089f8df88385530","e66d54591b9b782b21e163171aa30f0c6e557e7dad4f88a2d4a46ed69f01fbc9"],"inputs_preserved":true,"iterations":[],"kind":"sparse2","live_binary":true,"mask_elements":16384,"mask_sha256":"e66d54591b9b782b21e163171aa30f0c6e557e7dad4f88a2d4a46ed69f01fbc9","median_us":0.0,"pool_score_pairing":true,"pools":64,"raw_nodes":32,"samples_us":[],"scatter_in_bounds":true,"scheduler_splits":1,"score_elements":256,"score_sha256":"03033462a474c8466cb78c0d99876cc0392d444c79df2a0daa5c0ce55c7eb3f7","tokens":4}
M5_QSA_BEGIN 64/8/sparse2
M5_QSA_CASE {"all_nodes_metal":true,"cpu_mask_reference":true,"id":"64/8/sparse2","identity":true,"input_sha256":["50c370448111a0984ea4ff48f376883cb117174e0cdb57161a4bf8cc2a60f43d","fa7db237c09e0caed8e0e2a742753cc88ea765a77007a60d5194dc84af4ad4d6","daa52ded6aa87135463f3dfc301836284ff92f840548d30fc4a73bd6d7766da6","a5f46da940a073d5456aee31378b9538ee23d51ae9c093345c15890eb9dbd198","ced3107dde173d7a8dfa856c19cb7df57524ff493e79ab7d448e25aedf41faad","181ff14abedf71a54f34f80d37e5106502b0a7c16495c7e570664bd90d2d9542","6c448af8f9ebf0adddb6f48fec3995e4dd49db288b12d35548c151963bece040"],"inputs_preserved":true,"iterations":[],"kind":"sparse2","live_binary":true,"mask_elements":32768,"mask_sha256":"6c448af8f9ebf0adddb6f48fec3995e4dd49db288b12d35548c151963bece040","median_us":0.0,"pool_score_pairing":true,"pools":64,"raw_nodes":32,"samples_us":[],"scatter_in_bounds":true,"scheduler_splits":1,"score_elements":512,"score_sha256":"165ae9a6b50e7c5f63ea6f4a9886182e897b3569e01dcb77cc40372af4f099d2","tokens":8}
M5_QSA_BEGIN 64/1/sparse62
M5_QSA_CASE {"all_nodes_metal":true,"cpu_mask_reference":true,"id":"64/1/sparse62","identity":true,"input_sha256":["83c0d76df9221b06319a55b883504bb887382d107d0f2cea85efd4296929ed60","fa7db237c09e0caed8e0e2a742753cc88ea765a77007a60d5194dc84af4ad4d6","b6479e6a7faef71d8297eec2d966fe6d5ca5cc5cca96dad85f96d6323deabd5a","78f3189adc946f39cba012b0bc8a22fadeb9205e4b4f9de3465403249f0bfe70","37f0f78c36e81835183261a558ad2f9839bf6e8828c2c4a66e58191c3e9e4d46","a90f04f0aa93fe5287911ad1f94d602fe920ae25153e96c8cbca846138408542","18dcb8ba809460aeafa2b801bfc9d82b8fe6f6e905c3cf511bbfd43070fb288c"],"inputs_preserved":true,"iterations":[],"kind":"sparse62","live_binary":true,"mask_elements":4096,"mask_sha256":"18dcb8ba809460aeafa2b801bfc9d82b8fe6f6e905c3cf511bbfd43070fb288c","median_us":0.0,"pool_score_pairing":true,"pools":64,"raw_nodes":32,"samples_us":[],"scatter_in_bounds":true,"scheduler_splits":1,"score_elements":64,"score_sha256":"c132dc5556f562c93bcb9893b0e9b285d28c8ce9d0f3cb166a5a45c7aa79bb60","tokens":1}
M5_QSA_BEGIN 64/4/sparse62
M5_QSA_CASE {"all_nodes_metal":true,"cpu_mask_reference":true,"id":"64/4/sparse62","identity":true,"input_sha256":["04086b97cb2e106d6e98e2219e09cc02204dcb11dc08a7c1500fd7524d121a3d","fa7db237c09e0caed8e0e2a742753cc88ea765a77007a60d5194dc84af4ad4d6","7896e1e9f990a4e9bc5bfbf328d392a156a19b179a85f172c7b07267183e4793","c8a9089df83e80f95404cf8bad6ae3c677a84a7f88bfdc5cc846136e15953d1d","37f0f78c36e81835183261a558ad2f9839bf6e8828c2c4a66e58191c3e9e4d46","d2a0c4b64f7ee01ba86188aa34fbf44363204aa2361e9edca5d2929c1a0bd5c2","c12a374fec908876de95c6e9af84bdf9c6b9956a05b0927d9522d211b492370e"],"inputs_preserved":true,"iterations":[],"kind":"sparse62","live_binary":true,"mask_elements":16384,"mask_sha256":"c12a374fec908876de95c6e9af84bdf9c6b9956a05b0927d9522d211b492370e","median_us":0.0,"pool_score_pairing":true,"pools":64,"raw_nodes":32,"samples_us":[],"scatter_in_bounds":true,"scheduler_splits":1,"score_elements":256,"score_sha256":"4a43c91d04ab8374a7d1a785c7c14499d7c381d5492fa5026ff67373f5fdb1de","tokens":4}
M5_QSA_BEGIN 64/8/sparse62
M5_QSA_CASE {"all_nodes_metal":true,"cpu_mask_reference":true,"id":"64/8/sparse62","identity":true,"input_sha256":["50c370448111a0984ea4ff48f376883cb117174e0cdb57161a4bf8cc2a60f43d","fa7db237c09e0caed8e0e2a742753cc88ea765a77007a60d5194dc84af4ad4d6","daa52ded6aa87135463f3dfc301836284ff92f840548d30fc4a73bd6d7766da6","ff74b72f8d079924371eef29c0bfed945ba942b08ec38aad79b1d2b9da1e40ca","37f0f78c36e81835183261a558ad2f9839bf6e8828c2c4a66e58191c3e9e4d46","d2fc5c81d2c7b5220e321b407e9fb8cc5039a97c12a8e598748335b29759666f","996350d36aeb1bc05c21ac3ed3fddef4d1c1afd13716959ef034e5275859db22"],"inputs_preserved":true,"iterations":[],"kind":"sparse62","live_binary":true,"mask_elements":32768,"mask_sha256":"996350d36aeb1bc05c21ac3ed3fddef4d1c1afd13716959ef034e5275859db22","median_us":0.0,"pool_score_pairing":true,"pools":64,"raw_nodes":32,"samples_us":[],"scatter_in_bounds":true,"scheduler_splits":1,"score_elements":512,"score_sha256":"d84cbe9502f4789f72ad896f71d8a58434243bb340b50733ca38e39474ec4680","tokens":8}
M5_QSA_BEGIN 64/1/sparse63
M5_QSA_CASE {"all_nodes_metal":true,"cpu_mask_reference":true,"id":"64/1/sparse63","identity":true,"input_sha256":["83c0d76df9221b06319a55b883504bb887382d107d0f2cea85efd4296929ed60","fa7db237c09e0caed8e0e2a742753cc88ea765a77007a60d5194dc84af4ad4d6","b6479e6a7faef71d8297eec2d966fe6d5ca5cc5cca96dad85f96d6323deabd5a","c4eddf8e578f12ef9c804aa855ce23e722994ae6770c74881cadab28294e8d63","9619248a82feac1769ffd5d0f9317b4378b53bdd145ba6da882dcc8d6425c277","adc79d139f0b146e3d7bd36cfe88cf8df8a581cff80aca69d8be8ecfc5975a0b","83829b60315442fde8dff1fa9d9c3f7432173f29eaec7aea15858db8088679a0"],"inputs_preserved":true,"iterations":[],"kind":"sparse63","live_binary":true,"mask_elements":4096,"mask_sha256":"83829b60315442fde8dff1fa9d9c3f7432173f29eaec7aea15858db8088679a0","median_us":0.0,"pool_score_pairing":true,"pools":64,"raw_nodes":32,"samples_us":[],"scatter_in_bounds":true,"scheduler_splits":1,"score_elements":64,"score_sha256":"5cce94ae0f6fac6e03eb8071af24ed20990111fee0a99f8af0ed9ac62dbdb298","tokens":1}
M5_QSA_BEGIN 64/4/sparse63
M5_QSA_CASE {"all_nodes_metal":true,"cpu_mask_reference":true,"id":"64/4/sparse63","identity":true,"input_sha256":["04086b97cb2e106d6e98e2219e09cc02204dcb11dc08a7c1500fd7524d121a3d","fa7db237c09e0caed8e0e2a742753cc88ea765a77007a60d5194dc84af4ad4d6","7896e1e9f990a4e9bc5bfbf328d392a156a19b179a85f172c7b07267183e4793","7ada87b58ba93f3d8ad12a96fd7b79b70a8fedf2c93e52c0078ff9766262e892","9619248a82feac1769ffd5d0f9317b4378b53bdd145ba6da882dcc8d6425c277","83a6bc3ffeede4a759ead912bd35fa1e0a92f736f47487cbb7595c537bf78a91","3573062fce483dd85b09d017c5acda2823af9fd61cca2e6280cfd68f9af2bb76"],"inputs_preserved":true,"iterations":[],"kind":"sparse63","live_binary":true,"mask_elements":16384,"mask_sha256":"3573062fce483dd85b09d017c5acda2823af9fd61cca2e6280cfd68f9af2bb76","median_us":0.0,"pool_score_pairing":true,"pools":64,"raw_nodes":32,"samples_us":[],"scatter_in_bounds":true,"scheduler_splits":1,"score_elements":256,"score_sha256":"8552093fd2c9c1f140e009fb763980c0c4036ad2c6dfe324dc08556ba14a3d93","tokens":4}
M5_QSA_BEGIN 64/8/sparse63
M5_QSA_CASE {"all_nodes_metal":true,"cpu_mask_reference":true,"id":"64/8/sparse63","identity":true,"input_sha256":["50c370448111a0984ea4ff48f376883cb117174e0cdb57161a4bf8cc2a60f43d","fa7db237c09e0caed8e0e2a742753cc88ea765a77007a60d5194dc84af4ad4d6","daa52ded6aa87135463f3dfc301836284ff92f840548d30fc4a73bd6d7766da6","c2c6f879a4ff6e0a01446b5dbd7e7198eacaff10996b7b905889f26d3a6005f5","9619248a82feac1769ffd5d0f9317b4378b53bdd145ba6da882dcc8d6425c277","f0612b3fcdecd16e5b67ec1d565bee376645220c37cd4a220062296b4704da74","6106acd45ec9dd3e5d21bd13559cdedc9d847f95196dadcf73349b7ae7fb30a6"],"inputs_preserved":true,"iterations":[],"kind":"sparse63","live_binary":true,"mask_elements":32768,"mask_sha256":"6106acd45ec9dd3e5d21bd13559cdedc9d847f95196dadcf73349b7ae7fb30a6","median_us":0.0,"pool_score_pairing":true,"pools":64,"raw_nodes":32,"samples_us":[],"scatter_in_bounds":true,"scheduler_splits":1,"score_elements":512,"score_sha256":"00633301f531d66b9697a699c40247e26bd32bfde51bf3df7ef90fcdbce0425e","tokens":8}
M5_QSA_BEGIN 192/4/injected
M5_QSA_CASE {"all_nodes_metal":true,"cpu_mask_reference":true,"id":"192/4/injected","identity":true,"input_sha256":["04086b97cb2e106d6e98e2219e09cc02204dcb11dc08a7c1500fd7524d121a3d","550a69873164286ad4ec50411c45278cc6ec28dafaaa48389a723c218bdc4974","7896e1e9f990a4e9bc5bfbf328d392a156a19b179a85f172c7b07267183e4793","1ecf412f4dc1b3f6109db4091c4ae03d4c69d38fff52c75421561c54af4f0cd8","983f977677a8f8d4b0c85a4e6b430aa065720de42deede8f2254c5270c5a271e","19ab717880b9aca1e707bd7d77bd7cddd5d068a9c006bc6477f341c6297847c8","38896d72d822ee49fbb1680403298c24dbbb958a31f0f7181b1ae840047c8baf","d4bb7344f83af08a36c7bea2a81859a405b844625f289277dd2806fda3dc2da3"],"inputs_preserved":true,"iterations":[],"kind":"injected","live_binary":true,"mask_elements":3072,"mask_sha256":"f95783089e112e9a45c66ec62112dddc90a0a3039c26df74379907619268efd7","median_us":0.0,"pool_score_pairing":true,"pools":192,"raw_nodes":31,"samples_us":[],"scatter_in_bounds":true,"scheduler_splits":1,"score_elements":768,"score_sha256":"d4bb7344f83af08a36c7bea2a81859a405b844625f289277dd2806fda3dc2da3","tokens":4}
M5_QSA_BEGIN 192/4/masked-nan
M5_QSA_CASE {"all_nodes_metal":true,"cpu_mask_reference":true,"id":"192/4/masked-nan","identity":true,"input_sha256":["04086b97cb2e106d6e98e2219e09cc02204dcb11dc08a7c1500fd7524d121a3d","550a69873164286ad4ec50411c45278cc6ec28dafaaa48389a723c218bdc4974","7896e1e9f990a4e9bc5bfbf328d392a156a19b179a85f172c7b07267183e4793","1ecf412f4dc1b3f6109db4091c4ae03d4c69d38fff52c75421561c54af4f0cd8","983f977677a8f8d4b0c85a4e6b430aa065720de42deede8f2254c5270c5a271e","19ab717880b9aca1e707bd7d77bd7cddd5d068a9c006bc6477f341c6297847c8","38896d72d822ee49fbb1680403298c24dbbb958a31f0f7181b1ae840047c8baf","657bb44e404924db5d099a4048bab08e75175be3a1f6daa2bda1f9d4fcfa8cc1"],"inputs_preserved":true,"iterations":[],"kind":"masked-nan","live_binary":true,"mask_elements":3072,"mask_sha256":"f95783089e112e9a45c66ec62112dddc90a0a3039c26df74379907619268efd7","median_us":0.0,"pool_score_pairing":true,"pools":192,"raw_nodes":31,"samples_us":[],"scatter_in_bounds":true,"scheduler_splits":1,"score_elements":768,"score_sha256":"657bb44e404924db5d099a4048bab08e75175be3a1f6daa2bda1f9d4fcfa8cc1","tokens":4}
M5_QSA_BEGIN 256/4/injected
M5_QSA_CASE {"all_nodes_metal":true,"cpu_mask_reference":true,"id":"256/4/injected","identity":true,"input_sha256":["04086b97cb2e106d6e98e2219e09cc02204dcb11dc08a7c1500fd7524d121a3d","dde44ec480007210e7019c360a4efdc11b38a3f431ee23c76935fc866dca11d8","7896e1e9f990a4e9bc5bfbf328d392a156a19b179a85f172c7b07267183e4793","179e4449ddb7bb810eca393c3d981fdb6b72cf19fbc8e89425d0ee0b89a03ce0","9d75de6180d82539f9045de55a9ab4bfaba3f9e7b7728d7e6cea7c968bad6b60","bd6f17b26e13170393133dc069ffe9c41c739fc78334ebdec2686638d3edac87","e066a6485b9b494f00463c80a217a88d75997309aab2b6c4f851fcd566dbe86a","cebdf27e182e189dac45e668fcf30994bcb9e489e61fd76f8a37381f5f20b64a"],"inputs_preserved":true,"iterations":[],"kind":"injected","live_binary":true,"mask_elements":4096,"mask_sha256":"4ab839498d2c810e23328ee0146cf09fb3c85fddb2f59d8b8ef1a6fbcfbf8c0d","median_us":0.0,"pool_score_pairing":true,"pools":256,"raw_nodes":31,"samples_us":[],"scatter_in_bounds":true,"scheduler_splits":1,"score_elements":1024,"score_sha256":"cebdf27e182e189dac45e668fcf30994bcb9e489e61fd76f8a37381f5f20b64a","tokens":4}
M5_QSA_BEGIN 256/4/masked-nan
M5_QSA_CASE {"all_nodes_metal":true,"cpu_mask_reference":true,"id":"256/4/masked-nan","identity":true,"input_sha256":["04086b97cb2e106d6e98e2219e09cc02204dcb11dc08a7c1500fd7524d121a3d","dde44ec480007210e7019c360a4efdc11b38a3f431ee23c76935fc866dca11d8","7896e1e9f990a4e9bc5bfbf328d392a156a19b179a85f172c7b07267183e4793","179e4449ddb7bb810eca393c3d981fdb6b72cf19fbc8e89425d0ee0b89a03ce0","9d75de6180d82539f9045de55a9ab4bfaba3f9e7b7728d7e6cea7c968bad6b60","bd6f17b26e13170393133dc069ffe9c41c739fc78334ebdec2686638d3edac87","e066a6485b9b494f00463c80a217a88d75997309aab2b6c4f851fcd566dbe86a","6705d36de25ae8a829af9ff42fb7cf2d080aa3b3b2216a8886146893bfdfaec9"],"inputs_preserved":true,"iterations":[],"kind":"masked-nan","live_binary":true,"mask_elements":4096,"mask_sha256":"4ab839498d2c810e23328ee0146cf09fb3c85fddb2f59d8b8ef1a6fbcfbf8c0d","median_us":0.0,"pool_score_pairing":true,"pools":256,"raw_nodes":31,"samples_us":[],"scatter_in_bounds":true,"scheduler_splits":1,"score_elements":1024,"score_sha256":"6705d36de25ae8a829af9ff42fb7cf2d080aa3b3b2216a8886146893bfdfaec9","tokens":4}
M5_QSA_BEGIN 320/4/injected
M5_QSA_CASE {"all_nodes_metal":true,"cpu_mask_reference":true,"id":"320/4/injected","identity":true,"input_sha256":["04086b97cb2e106d6e98e2219e09cc02204dcb11dc08a7c1500fd7524d121a3d","d643f78da6cd9e7e5444f05ed240b53749cf3e6945e019c18145ba0b52f0a8b8","7896e1e9f990a4e9bc5bfbf328d392a156a19b179a85f172c7b07267183e4793","76bcedad38d093df7be0fe0c9f480f9da772fe4a1bf63688d0e43989b16e8da4","5c7c61565a98fdd5be9abd35cfe37ff8cca47988e59e36862de97acf44500005","57d082755c193d19210e5cc67ddb7998ed47add79c23d352050a61b42473aa53","1a9382e86816eb4751419fea54ada2a321bbb600b4f97233aa95113a69effcf8","28b3433c16fdeaf55519df79e31b5fa30858fd37116155e856973d563fb49697"],"inputs_preserved":true,"iterations":[],"kind":"injected","live_binary":true,"mask_elements":5120,"mask_sha256":"c5621faefea7098bc1f6566f586d95b2d84604de96a3a72ff198dc4d3c5263d7","median_us":0.0,"pool_score_pairing":true,"pools":320,"raw_nodes":31,"samples_us":[],"scatter_in_bounds":true,"scheduler_splits":1,"score_elements":1280,"score_sha256":"28b3433c16fdeaf55519df79e31b5fa30858fd37116155e856973d563fb49697","tokens":4}
M5_QSA_BEGIN 320/4/masked-nan
M5_QSA_CASE {"all_nodes_metal":true,"cpu_mask_reference":true,"id":"320/4/masked-nan","identity":true,"input_sha256":["04086b97cb2e106d6e98e2219e09cc02204dcb11dc08a7c1500fd7524d121a3d","d643f78da6cd9e7e5444f05ed240b53749cf3e6945e019c18145ba0b52f0a8b8","7896e1e9f990a4e9bc5bfbf328d392a156a19b179a85f172c7b07267183e4793","76bcedad38d093df7be0fe0c9f480f9da772fe4a1bf63688d0e43989b16e8da4","5c7c61565a98fdd5be9abd35cfe37ff8cca47988e59e36862de97acf44500005","57d082755c193d19210e5cc67ddb7998ed47add79c23d352050a61b42473aa53","1a9382e86816eb4751419fea54ada2a321bbb600b4f97233aa95113a69effcf8","0689b942594bdf47b3e2280b648421fd0965f614befc9da504fb450770b89e02"],"inputs_preserved":true,"iterations":[],"kind":"masked-nan","live_binary":true,"mask_elements":5120,"mask_sha256":"c5621faefea7098bc1f6566f586d95b2d84604de96a3a72ff198dc4d3c5263d7","median_us":0.0,"pool_score_pairing":true,"pools":320,"raw_nodes":31,"samples_us":[],"scatter_in_bounds":true,"scheduler_splits":1,"score_elements":1280,"score_sha256":"0689b942594bdf47b3e2280b648421fd0965f614befc9da504fb450770b89e02","tokens":4}
M5_QSA_BEGIN 384/4/injected
M5_QSA_CASE {"all_nodes_metal":true,"cpu_mask_reference":true,"id":"384/4/injected","identity":true,"input_sha256":["04086b97cb2e106d6e98e2219e09cc02204dcb11dc08a7c1500fd7524d121a3d","33f1ace8047051ffc77249ab732c3f6c75bd6a22ebae17a6e0a9f7e10a70a39f","7896e1e9f990a4e9bc5bfbf328d392a156a19b179a85f172c7b07267183e4793","8ebd0ce64e466e7bea5a55f3f7afbe1e69bdd7ab3426b737449fb7556ea883e6","7cd1f153303634a3b15e61936a12ae8195842aa00ff9e9c093a4fa615d6b4517","43c36b00960e05ab16a55c6fefabc521ff1980bca6e18eaed642d3fc0ea29f93","2cde7752ba858bfa595019e3573dd311c08178bedb444fd47cc78e93e621c137","6c51244936714be59c51c7026bf41e05b06801c353c4d2f35c8d341d37acb622"],"inputs_preserved":true,"iterations":[],"kind":"injected","live_binary":true,"mask_elements":6144,"mask_sha256":"c1550a11fe6b64454e6ff2428775cc5399b3551ad520129530367be6b68c97ad","median_us":0.0,"pool_score_pairing":true,"pools":384,"raw_nodes":31,"samples_us":[],"scatter_in_bounds":true,"scheduler_splits":1,"score_elements":1536,"score_sha256":"6c51244936714be59c51c7026bf41e05b06801c353c4d2f35c8d341d37acb622","tokens":4}
M5_QSA_BEGIN 384/4/masked-nan
M5_QSA_CASE {"all_nodes_metal":true,"cpu_mask_reference":true,"id":"384/4/masked-nan","identity":true,"input_sha256":["04086b97cb2e106d6e98e2219e09cc02204dcb11dc08a7c1500fd7524d121a3d","33f1ace8047051ffc77249ab732c3f6c75bd6a22ebae17a6e0a9f7e10a70a39f","7896e1e9f990a4e9bc5bfbf328d392a156a19b179a85f172c7b07267183e4793","8ebd0ce64e466e7bea5a55f3f7afbe1e69bdd7ab3426b737449fb7556ea883e6","7cd1f153303634a3b15e61936a12ae8195842aa00ff9e9c093a4fa615d6b4517","43c36b00960e05ab16a55c6fefabc521ff1980bca6e18eaed642d3fc0ea29f93","2cde7752ba858bfa595019e3573dd311c08178bedb444fd47cc78e93e621c137","796b25aaceb075649d01c57082f88764456c178ff9db620c81dd7ea23abde98d"],"inputs_preserved":true,"iterations":[],"kind":"masked-nan","live_binary":true,"mask_elements":6144,"mask_sha256":"c1550a11fe6b64454e6ff2428775cc5399b3551ad520129530367be6b68c97ad","median_us":0.0,"pool_score_pairing":true,"pools":384,"raw_nodes":31,"samples_us":[],"scatter_in_bounds":true,"scheduler_splits":1,"score_elements":1536,"score_sha256":"796b25aaceb075649d01c57082f88764456c178ff9db620c81dd7ea23abde98d","tokens":4}
M5_QSA_BEGIN 448/4/injected
M5_QSA_CASE {"all_nodes_metal":true,"cpu_mask_reference":true,"id":"448/4/injected","identity":true,"input_sha256":["04086b97cb2e106d6e98e2219e09cc02204dcb11dc08a7c1500fd7524d121a3d","1a1bfe69484e1c377c917e3f6fae6b3343781c896b87cf68a3927f0daf00d9e2","7896e1e9f990a4e9bc5bfbf328d392a156a19b179a85f172c7b07267183e4793","b68825d6919f672effff14bc8aa95655063eef53a5295258932b48d8f6374184","6a5bae3873f1a4583dc3f0ecac8ac043edcfaee8ede13b0fcb1af68d8d9c91f2","9d5a71bbe782044e1bdd488388cdbdd4925cfd82c817f0858a9cc952cda15ea8","088af82f81cb4949d932e80165234f35130703ff41778d4caab5107d1f4531ac","43c2869bd962b3ec7e62438df36e8a98ef36604f0fabd91e349b7db7d7959f67"],"inputs_preserved":true,"iterations":[],"kind":"injected","live_binary":true,"mask_elements":7168,"mask_sha256":"af42b54cff9d4237cf8e40644917d6cee41d65efb0ffd38fa9a128d6d6ee02bb","median_us":0.0,"pool_score_pairing":true,"pools":448,"raw_nodes":31,"samples_us":[],"scatter_in_bounds":true,"scheduler_splits":1,"score_elements":1792,"score_sha256":"43c2869bd962b3ec7e62438df36e8a98ef36604f0fabd91e349b7db7d7959f67","tokens":4}
M5_QSA_BEGIN 448/4/masked-nan
M5_QSA_CASE {"all_nodes_metal":true,"cpu_mask_reference":true,"id":"448/4/masked-nan","identity":true,"input_sha256":["04086b97cb2e106d6e98e2219e09cc02204dcb11dc08a7c1500fd7524d121a3d","1a1bfe69484e1c377c917e3f6fae6b3343781c896b87cf68a3927f0daf00d9e2","7896e1e9f990a4e9bc5bfbf328d392a156a19b179a85f172c7b07267183e4793","b68825d6919f672effff14bc8aa95655063eef53a5295258932b48d8f6374184","6a5bae3873f1a4583dc3f0ecac8ac043edcfaee8ede13b0fcb1af68d8d9c91f2","9d5a71bbe782044e1bdd488388cdbdd4925cfd82c817f0858a9cc952cda15ea8","088af82f81cb4949d932e80165234f35130703ff41778d4caab5107d1f4531ac","60a07ac66bb7241c41318ed9a293e78b0c4606c186f1f2eb701a87f08a023b9a"],"inputs_preserved":true,"iterations":[],"kind":"masked-nan","live_binary":true,"mask_elements":7168,"mask_sha256":"af42b54cff9d4237cf8e40644917d6cee41d65efb0ffd38fa9a128d6d6ee02bb","median_us":0.0,"pool_score_pairing":true,"pools":448,"raw_nodes":31,"samples_us":[],"scatter_in_bounds":true,"scheduler_splits":1,"score_elements":1792,"score_sha256":"60a07ac66bb7241c41318ed9a293e78b0c4606c186f1f2eb701a87f08a023b9a","tokens":4}
M5_QSA_BEGIN 512/4/injected
M5_QSA_CASE {"all_nodes_metal":true,"cpu_mask_reference":true,"id":"512/4/injected","identity":true,"input_sha256":["04086b97cb2e106d6e98e2219e09cc02204dcb11dc08a7c1500fd7524d121a3d","76a897c7ffda42d4700274149e8f9115be44e04d41f0bbfcd7afc6eab1c2e4af","7896e1e9f990a4e9bc5bfbf328d392a156a19b179a85f172c7b07267183e4793","00fab24be8bf4d89d701c1ed242fac1bbf281c0343fa24ec116464ac1fb4d6bd","d6b88aa6a1a1cc4a79bf8566edd17f710cb22232c9524ebf8658f1a589018f8b","5e0343b53d99de75a2220f97b3dd7ea49797e11ad6a4f02b7487e373cb85770d","bee8aebb63b8caf1b49fa224d24b60223b86b988cae463f168605c068ffe4b4e","12e896b0c9fab56dfdd8f0d98b4b53b4bdd7fcd279ed4f0884d85ed6951c2ffa"],"inputs_preserved":true,"iterations":[],"kind":"injected","live_binary":true,"mask_elements":8192,"mask_sha256":"08956f7d911e7c61fb4d2707b3bfa5f2c69c281c836c13db2b11cca1f835ce47","median_us":0.0,"pool_score_pairing":true,"pools":512,"raw_nodes":31,"samples_us":[],"scatter_in_bounds":true,"scheduler_splits":1,"score_elements":2048,"score_sha256":"12e896b0c9fab56dfdd8f0d98b4b53b4bdd7fcd279ed4f0884d85ed6951c2ffa","tokens":4}
M5_QSA_BEGIN 512/4/masked-nan
M5_QSA_CASE {"all_nodes_metal":true,"cpu_mask_reference":true,"id":"512/4/masked-nan","identity":true,"input_sha256":["04086b97cb2e106d6e98e2219e09cc02204dcb11dc08a7c1500fd7524d121a3d","76a897c7ffda42d4700274149e8f9115be44e04d41f0bbfcd7afc6eab1c2e4af","7896e1e9f990a4e9bc5bfbf328d392a156a19b179a85f172c7b07267183e4793","00fab24be8bf4d89d701c1ed242fac1bbf281c0343fa24ec116464ac1fb4d6bd","d6b88aa6a1a1cc4a79bf8566edd17f710cb22232c9524ebf8658f1a589018f8b","5e0343b53d99de75a2220f97b3dd7ea49797e11ad6a4f02b7487e373cb85770d","bee8aebb63b8caf1b49fa224d24b60223b86b988cae463f168605c068ffe4b4e","5edcc15a671046ca6f23a9d0522b5896e3700d8fa0961186cffd8929afee769c"],"inputs_preserved":true,"iterations":[],"kind":"masked-nan","live_binary":true,"mask_elements":8192,"mask_sha256":"08956f7d911e7c61fb4d2707b3bfa5f2c69c281c836c13db2b11cca1f835ce47","median_us":0.0,"pool_score_pairing":true,"pools":512,"raw_nodes":31,"samples_us":[],"scatter_in_bounds":true,"scheduler_splits":1,"score_elements":2048,"score_sha256":"5edcc15a671046ca6f23a9d0522b5896e3700d8fa0961186cffd8929afee769c","tokens":4}
M5_QSA_DONE {"cases":96,"mode":"check","models_loaded":false,"scope":"identity"}
ggml_metal_free: deallocating
