ggml_metal_device_init: testing tensor API for f16 support
ggml_metal_library_compile_pipeline: compiling pipeline: base = 'dummy_kernel', name = 'dummy_kernel'
ggml_metal_library_compile_pipeline: loaded dummy_kernel                                  0x101130fc0 | th_max = 1024 | th_width =   32
ggml_metal_device_init: testing tensor API for bfloat support
ggml_metal_library_compile_pipeline: compiling pipeline: base = 'dummy_kernel', name = 'dummy_kernel'
ggml_metal_library_compile_pipeline: loaded dummy_kernel                                  0x1011314c0 | th_max = 1024 | th_width =   32
ggml_metal_library_init: using embedded metal library
ggml_metal_library_compile_all: compiled 'fa_aux' library in 0.000 sec
ggml_metal_library_compile_all: compiled 'fa_f16' library in 0.001 sec
ggml_metal_library_compile_all: compiled 'fa_f32' library in 0.002 sec
ggml_metal_library_compile_all: compiled 'fa_q4_0' library in 0.001 sec
ggml_metal_library_compile_all: compiled 'fa_q4_1' library in 0.001 sec
ggml_metal_library_compile_all: compiled 'fa_q5_0' library in 0.002 sec
ggml_metal_library_compile_all: compiled 'fa_q5_1' library in 0.009 sec
ggml_metal_library_compile_all: compiled 'fa_q8_0' library in 0.002 sec
ggml_metal_library_compile_all: compiled 'fa_vec_f16' library in 0.007 sec
ggml_metal_library_compile_all: compiled 'fa_vec_f32' library in 0.008 sec
ggml_metal_library_compile_all: compiled 'fa_vec_q4_0' library in 0.003 sec
ggml_metal_library_compile_all: compiled 'fa_vec_q4_1' library in 0.011 sec
ggml_metal_library_compile_all: compiled 'fa_vec_q5_0' library in 0.005 sec
ggml_metal_library_compile_all: compiled 'fa_vec_q5_1' library in 0.009 sec
ggml_metal_library_compile_all: compiled 'fa_vec_q8_0' library in 0.010 sec
ggml_metal_library_compile_all: compiled 'mul_mv' library in 0.005 sec
ggml_metal_library_compile_all: compiled 'mul_mv_mma' library in 0.006 sec
ggml_metal_library_compile_all: compiled 'mul_mm' library in 0.004 sec
ggml_metal_library_compile_all: compiled 'quantize' library in 0.007 sec
ggml_metal_library_compile_all: compiled 'softmax' library in 0.008 sec
ggml_metal_library_compile_all: compiled 'norm' library in 0.009 sec
ggml_metal_library_compile_all: compiled 'unary' library in 0.001 sec
ggml_metal_library_compile_all: compiled 'binbcast' library in 0.008 sec
ggml_metal_library_compile_all: compiled 'reduce' library in 0.001 sec
ggml_metal_library_compile_all: compiled 'tri' library in 0.009 sec
ggml_metal_library_compile_all: compiled 'ssm' library in 0.008 sec
ggml_metal_library_compile_all: compiled 'wkv' library in 0.007 sec
ggml_metal_library_compile_all: compiled 'gated_delta_net' library in 0.007 sec
ggml_metal_library_compile_all: compiled 'solve_tri' library in 0.010 sec
ggml_metal_library_compile_all: compiled 'rope' library in 0.010 sec
ggml_metal_library_compile_all: compiled 'conv' library in 0.008 sec
ggml_metal_library_compile_all: compiled 'upscale' library in 0.008 sec
ggml_metal_library_compile_all: compiled 'argsort' library in 0.008 sec
ggml_metal_library_compile_all: compiled 'pool' library in 0.008 sec
ggml_metal_library_compile_all: compiled 'misc' library in 0.007 sec
ggml_metal_library_compile_all: loaded 35 libraries from embedded data in 0.011 sec (max single = 0.011 sec)
ggml_metal_rsets_init: creating a residency set collection (keep_alive = 180 s)
ggml_metal_device_init: GPU name:   MTL0 (Apple M5 Pro)
ggml_metal_device_init: GPU family: MTLGPUFamilyApple10  (1010)
ggml_metal_device_init: GPU family: MTLGPUFamilyMetal4  (5002)
ggml_metal_device_init: simdgroup reduction   = true
ggml_metal_device_init: simdgroup matrix mul. = true
ggml_metal_device_init: has unified memory    = true
ggml_metal_device_init: has bfloat            = true
ggml_metal_device_init: has tensor            = true
ggml_metal_device_init: use residency sets    = true
ggml_metal_device_init: use shared buffers    = true
ggml_metal_device_init: recommendedMaxWorkingSetSize  = 40200.90 MB
ggml_metal_init: allocating
ggml_metal_init: found device: Apple M5 Pro
ggml_metal_init: picking default device: Apple M5 Pro
ggml_metal_init: use fusion         = true
ggml_metal_init: use concurrency    = true
ggml_metal_init: use graph optimize = true
M5_COPY_CALL {"copy_bytes":3145728,"dst_nb":[4,3145728,3145728,3145728],"dst_ne":[786432,1,1,1],"layout":"contiguous","phase":"warmup","rows":1,"sample":-3,"src_nb":[4,3145728,3145728,3145728],"src_ne":[786432,1,1,1],"width":786432}
ggml_metal_library_compile_pipeline: compiling pipeline: base = 'kernel_cpy_f32_f32', name = 'kernel_cpy_f32_f32'
ggml_metal_library_compile_pipeline: loaded kernel_cpy_f32_f32                            0x10113ee60 | th_max = 1024 | th_width =   32
M5_PROFILE {"context":"74e0de4000","graph":1,"cb":1,"original_nodes":3,"gpu_start_s":244999.016611292,"gpu_end_s":244999.016830542,"gpu_ms":0.219250,"valid":true,"completed":true,"op_counts":{"CPY":1,"VIEW":2}}
M5_COPY_RETURN {"copy_bytes":3145728,"dst_nb":[4,3145728,3145728,3145728],"dst_ne":[786432,1,1,1],"layout":"contiguous","phase":"warmup","rows":1,"sample":-3,"src_nb":[4,3145728,3145728,3145728],"src_ne":[786432,1,1,1],"wall_us":1138.584,"width":786432}
M5_COPY_CALL {"copy_bytes":3145728,"dst_nb":[4,3145728,3145728,3145728],"dst_ne":[786432,1,1,1],"layout":"contiguous","phase":"warmup","rows":1,"sample":-2,"src_nb":[4,3145728,3145728,3145728],"src_ne":[786432,1,1,1],"width":786432}
M5_PROFILE {"context":"74e0de4000","graph":2,"cb":1,"original_nodes":3,"gpu_start_s":244999.017243417,"gpu_end_s":244999.017460875,"gpu_ms":0.217458,"valid":true,"completed":true,"op_counts":{"CPY":1,"VIEW":2}}
M5_COPY_RETURN {"copy_bytes":3145728,"dst_nb":[4,3145728,3145728,3145728],"dst_ne":[786432,1,1,1],"layout":"contiguous","phase":"warmup","rows":1,"sample":-2,"src_nb":[4,3145728,3145728,3145728],"src_ne":[786432,1,1,1],"wall_us":458.167,"width":786432}
M5_COPY_CALL {"copy_bytes":3145728,"dst_nb":[4,3145728,3145728,3145728],"dst_ne":[786432,1,1,1],"layout":"contiguous","phase":"warmup","rows":1,"sample":-1,"src_nb":[4,3145728,3145728,3145728],"src_ne":[786432,1,1,1],"width":786432}
M5_PROFILE {"context":"74e0de4000","graph":3,"cb":1,"original_nodes":3,"gpu_start_s":244999.017686167,"gpu_end_s":244999.017903250,"gpu_ms":0.217083,"valid":true,"completed":true,"op_counts":{"CPY":1,"VIEW":2}}
M5_COPY_RETURN {"copy_bytes":3145728,"dst_nb":[4,3145728,3145728,3145728],"dst_ne":[786432,1,1,1],"layout":"contiguous","phase":"warmup","rows":1,"sample":-1,"src_nb":[4,3145728,3145728,3145728],"src_ne":[786432,1,1,1],"wall_us":417.875,"width":786432}
M5_COPY_CALL {"copy_bytes":3145728,"dst_nb":[4,3145728,3145728,3145728],"dst_ne":[786432,1,1,1],"layout":"contiguous","phase":"measure","rows":1,"sample":0,"src_nb":[4,3145728,3145728,3145728],"src_ne":[786432,1,1,1],"width":786432}
M5_PROFILE {"context":"74e0de4000","graph":4,"cb":1,"original_nodes":3,"gpu_start_s":244999.018094542,"gpu_end_s":244999.018311625,"gpu_ms":0.217083,"valid":true,"completed":true,"op_counts":{"CPY":1,"VIEW":2}}
M5_COPY_RETURN {"copy_bytes":3145728,"dst_nb":[4,3145728,3145728,3145728],"dst_ne":[786432,1,1,1],"layout":"contiguous","phase":"measure","rows":1,"sample":0,"src_nb":[4,3145728,3145728,3145728],"src_ne":[786432,1,1,1],"wall_us":398.542,"width":786432}
M5_COPY_CALL {"copy_bytes":3145728,"dst_nb":[4,3145728,3145728,3145728],"dst_ne":[786432,1,1,1],"layout":"contiguous","phase":"measure","rows":1,"sample":1,"src_nb":[4,3145728,3145728,3145728],"src_ne":[786432,1,1,1],"width":786432}
M5_PROFILE {"context":"74e0de4000","graph":5,"cb":1,"original_nodes":3,"gpu_start_s":244999.018598667,"gpu_end_s":244999.018815625,"gpu_ms":0.216958,"valid":true,"completed":true,"op_counts":{"CPY":1,"VIEW":2}}
M5_COPY_RETURN {"copy_bytes":3145728,"dst_nb":[4,3145728,3145728,3145728],"dst_ne":[786432,1,1,1],"layout":"contiguous","phase":"measure","rows":1,"sample":1,"src_nb":[4,3145728,3145728,3145728],"src_ne":[786432,1,1,1],"wall_us":503.083,"width":786432}
M5_COPY_CALL {"copy_bytes":3145728,"dst_nb":[4,3145728,3145728,3145728],"dst_ne":[786432,1,1,1],"layout":"contiguous","phase":"measure","rows":1,"sample":2,"src_nb":[4,3145728,3145728,3145728],"src_ne":[786432,1,1,1],"width":786432}
M5_PROFILE {"context":"74e0de4000","graph":6,"cb":1,"original_nodes":3,"gpu_start_s":244999.019093750,"gpu_end_s":244999.019310542,"gpu_ms":0.216792,"valid":true,"completed":true,"op_counts":{"CPY":1,"VIEW":2}}
M5_COPY_RETURN {"copy_bytes":3145728,"dst_nb":[4,3145728,3145728,3145728],"dst_ne":[786432,1,1,1],"layout":"contiguous","phase":"measure","rows":1,"sample":2,"src_nb":[4,3145728,3145728,3145728],"src_ne":[786432,1,1,1],"wall_us":469.875,"width":786432}
M5_COPY_CALL {"copy_bytes":3145728,"dst_nb":[4,3145728,3145728,3145728],"dst_ne":[786432,1,1,1],"layout":"contiguous","phase":"measure","rows":1,"sample":3,"src_nb":[4,3145728,3145728,3145728],"src_ne":[786432,1,1,1],"width":786432}
M5_PROFILE {"context":"74e0de4000","graph":7,"cb":1,"original_nodes":3,"gpu_start_s":244999.019523250,"gpu_end_s":244999.019740125,"gpu_ms":0.216875,"valid":true,"completed":true,"op_counts":{"CPY":1,"VIEW":2}}
M5_COPY_RETURN {"copy_bytes":3145728,"dst_nb":[4,3145728,3145728,3145728],"dst_ne":[786432,1,1,1],"layout":"contiguous","phase":"measure","rows":1,"sample":3,"src_nb":[4,3145728,3145728,3145728],"src_ne":[786432,1,1,1],"wall_us":414.208,"width":786432}
M5_COPY_CALL {"copy_bytes":3145728,"dst_nb":[4,3145728,3145728,3145728],"dst_ne":[786432,1,1,1],"layout":"contiguous","phase":"measure","rows":1,"sample":4,"src_nb":[4,3145728,3145728,3145728],"src_ne":[786432,1,1,1],"width":786432}
M5_PROFILE {"context":"74e0de4000","graph":8,"cb":1,"original_nodes":3,"gpu_start_s":244999.019947125,"gpu_end_s":244999.020164125,"gpu_ms":0.217000,"valid":true,"completed":true,"op_counts":{"CPY":1,"VIEW":2}}
M5_COPY_RETURN {"copy_bytes":3145728,"dst_nb":[4,3145728,3145728,3145728],"dst_ne":[786432,1,1,1],"layout":"contiguous","phase":"measure","rows":1,"sample":4,"src_nb":[4,3145728,3145728,3145728],"src_ne":[786432,1,1,1],"wall_us":429.917,"width":786432}
M5_COPY_CALL {"copy_bytes":3145728,"dst_nb":[4,3145728,3145728,3145728],"dst_ne":[786432,1,1,1],"layout":"contiguous","phase":"measure","rows":1,"sample":5,"src_nb":[4,3145728,3145728,3145728],"src_ne":[786432,1,1,1],"width":786432}
M5_PROFILE {"context":"74e0de4000","graph":9,"cb":1,"original_nodes":3,"gpu_start_s":244999.020390792,"gpu_end_s":244999.020607667,"gpu_ms":0.216875,"valid":true,"completed":true,"op_counts":{"CPY":1,"VIEW":2}}
M5_COPY_RETURN {"copy_bytes":3145728,"dst_nb":[4,3145728,3145728,3145728],"dst_ne":[786432,1,1,1],"layout":"contiguous","phase":"measure","rows":1,"sample":5,"src_nb":[4,3145728,3145728,3145728],"src_ne":[786432,1,1,1],"wall_us":443.791,"width":786432}
M5_COPY_CALL {"copy_bytes":3145728,"dst_nb":[4,3145728,3145728,3145728],"dst_ne":[786432,1,1,1],"layout":"contiguous","phase":"measure","rows":1,"sample":6,"src_nb":[4,3145728,3145728,3145728],"src_ne":[786432,1,1,1],"width":786432}
M5_PROFILE {"context":"74e0de4000","graph":10,"cb":1,"original_nodes":3,"gpu_start_s":244999.020818000,"gpu_end_s":244999.021034750,"gpu_ms":0.216750,"valid":true,"completed":true,"op_counts":{"CPY":1,"VIEW":2}}
M5_COPY_RETURN {"copy_bytes":3145728,"dst_nb":[4,3145728,3145728,3145728],"dst_ne":[786432,1,1,1],"layout":"contiguous","phase":"measure","rows":1,"sample":6,"src_nb":[4,3145728,3145728,3145728],"src_ne":[786432,1,1,1],"wall_us":408.666,"width":786432}
M5_COPY_CALL {"copy_bytes":3145728,"dst_nb":[4,3145728,3145728,3145728],"dst_ne":[786432,1,1,1],"layout":"contiguous","phase":"measure","rows":1,"sample":7,"src_nb":[4,3145728,3145728,3145728],"src_ne":[786432,1,1,1],"width":786432}
M5_PROFILE {"context":"74e0de4000","graph":11,"cb":1,"original_nodes":3,"gpu_start_s":244999.021237250,"gpu_end_s":244999.021454042,"gpu_ms":0.216792,"valid":true,"completed":true,"op_counts":{"CPY":1,"VIEW":2}}
M5_COPY_RETURN {"copy_bytes":3145728,"dst_nb":[4,3145728,3145728,3145728],"dst_ne":[786432,1,1,1],"layout":"contiguous","phase":"measure","rows":1,"sample":7,"src_nb":[4,3145728,3145728,3145728],"src_ne":[786432,1,1,1],"wall_us":519.917,"width":786432}
M5_COPY_CALL {"copy_bytes":3145728,"dst_nb":[4,3145728,3145728,3145728],"dst_ne":[786432,1,1,1],"layout":"contiguous","phase":"measure","rows":1,"sample":8,"src_nb":[4,3145728,3145728,3145728],"src_ne":[786432,1,1,1],"width":786432}
M5_PROFILE {"context":"74e0de4000","graph":12,"cb":1,"original_nodes":3,"gpu_start_s":244999.021815500,"gpu_end_s":244999.022032500,"gpu_ms":0.217000,"valid":true,"completed":true,"op_counts":{"CPY":1,"VIEW":2}}
M5_COPY_RETURN {"copy_bytes":3145728,"dst_nb":[4,3145728,3145728,3145728],"dst_ne":[786432,1,1,1],"layout":"contiguous","phase":"measure","rows":1,"sample":8,"src_nb":[4,3145728,3145728,3145728],"src_ne":[786432,1,1,1],"wall_us":445.208,"width":786432}
M5_COPY_CALL {"copy_bytes":3145728,"dst_nb":[4,3145728,3145728,3145728],"dst_ne":[786432,1,1,1],"layout":"contiguous","phase":"measure","rows":1,"sample":9,"src_nb":[4,3145728,3145728,3145728],"src_ne":[786432,1,1,1],"width":786432}
M5_PROFILE {"context":"74e0de4000","graph":13,"cb":1,"original_nodes":3,"gpu_start_s":244999.022236167,"gpu_end_s":244999.022452875,"gpu_ms":0.216708,"valid":true,"completed":true,"op_counts":{"CPY":1,"VIEW":2}}
M5_COPY_RETURN {"copy_bytes":3145728,"dst_nb":[4,3145728,3145728,3145728],"dst_ne":[786432,1,1,1],"layout":"contiguous","phase":"measure","rows":1,"sample":9,"src_nb":[4,3145728,3145728,3145728],"src_ne":[786432,1,1,1],"wall_us":417.083,"width":786432}
M5_COPY_CALL {"copy_bytes":3145728,"dst_nb":[4,3145728,3145728,3145728],"dst_ne":[786432,1,1,1],"layout":"contiguous","phase":"measure","rows":1,"sample":10,"src_nb":[4,3145728,3145728,3145728],"src_ne":[786432,1,1,1],"width":786432}
M5_PROFILE {"context":"74e0de4000","graph":14,"cb":1,"original_nodes":3,"gpu_start_s":244999.022779625,"gpu_end_s":244999.022996375,"gpu_ms":0.216750,"valid":true,"completed":true,"op_counts":{"CPY":1,"VIEW":2}}
M5_COPY_RETURN {"copy_bytes":3145728,"dst_nb":[4,3145728,3145728,3145728],"dst_ne":[786432,1,1,1],"layout":"contiguous","phase":"measure","rows":1,"sample":10,"src_nb":[4,3145728,3145728,3145728],"src_ne":[786432,1,1,1],"wall_us":532.958,"width":786432}
M5_COPY_CALL {"copy_bytes":3145728,"dst_nb":[4,3145728,3145728,3145728],"dst_ne":[786432,1,1,1],"layout":"contiguous","phase":"measure","rows":1,"sample":11,"src_nb":[4,3145728,3145728,3145728],"src_ne":[786432,1,1,1],"width":786432}
M5_PROFILE {"context":"74e0de4000","graph":15,"cb":1,"original_nodes":3,"gpu_start_s":244999.023278875,"gpu_end_s":244999.023496042,"gpu_ms":0.217167,"valid":true,"completed":true,"op_counts":{"CPY":1,"VIEW":2}}
M5_COPY_RETURN {"copy_bytes":3145728,"dst_nb":[4,3145728,3145728,3145728],"dst_ne":[786432,1,1,1],"layout":"contiguous","phase":"measure","rows":1,"sample":11,"src_nb":[4,3145728,3145728,3145728],"src_ne":[786432,1,1,1],"wall_us":495.583,"width":786432}
M5_COPY_CALL {"copy_bytes":3145728,"dst_nb":[4,3145728,3145728,3145728],"dst_ne":[786432,1,1,1],"layout":"contiguous","phase":"measure","rows":1,"sample":12,"src_nb":[4,3145728,3145728,3145728],"src_ne":[786432,1,1,1],"width":786432}
M5_PROFILE {"context":"74e0de4000","graph":16,"cb":1,"original_nodes":3,"gpu_start_s":244999.023769917,"gpu_end_s":244999.023986875,"gpu_ms":0.216958,"valid":true,"completed":true,"op_counts":{"CPY":1,"VIEW":2}}
M5_COPY_RETURN {"copy_bytes":3145728,"dst_nb":[4,3145728,3145728,3145728],"dst_ne":[786432,1,1,1],"layout":"contiguous","phase":"measure","rows":1,"sample":12,"src_nb":[4,3145728,3145728,3145728],"src_ne":[786432,1,1,1],"wall_us":492.0,"width":786432}
M5_COPY_CALL {"copy_bytes":3145728,"dst_nb":[4,3145728,3145728,3145728],"dst_ne":[786432,1,1,1],"layout":"contiguous","phase":"measure","rows":1,"sample":13,"src_nb":[4,3145728,3145728,3145728],"src_ne":[786432,1,1,1],"width":786432}
M5_PROFILE {"context":"74e0de4000","graph":17,"cb":1,"original_nodes":3,"gpu_start_s":244999.024283500,"gpu_end_s":244999.024500375,"gpu_ms":0.216875,"valid":true,"completed":true,"op_counts":{"CPY":1,"VIEW":2}}
M5_COPY_RETURN {"copy_bytes":3145728,"dst_nb":[4,3145728,3145728,3145728],"dst_ne":[786432,1,1,1],"layout":"contiguous","phase":"measure","rows":1,"sample":13,"src_nb":[4,3145728,3145728,3145728],"src_ne":[786432,1,1,1],"wall_us":500.375,"width":786432}
M5_COPY_CALL {"copy_bytes":3145728,"dst_nb":[4,3145728,3145728,3145728],"dst_ne":[786432,1,1,1],"layout":"contiguous","phase":"measure","rows":1,"sample":14,"src_nb":[4,3145728,3145728,3145728],"src_ne":[786432,1,1,1],"width":786432}
M5_PROFILE {"context":"74e0de4000","graph":18,"cb":1,"original_nodes":3,"gpu_start_s":244999.024734375,"gpu_end_s":244999.024951375,"gpu_ms":0.217000,"valid":true,"completed":true,"op_counts":{"CPY":1,"VIEW":2}}
M5_COPY_RETURN {"copy_bytes":3145728,"dst_nb":[4,3145728,3145728,3145728],"dst_ne":[786432,1,1,1],"layout":"contiguous","phase":"measure","rows":1,"sample":14,"src_nb":[4,3145728,3145728,3145728],"src_ne":[786432,1,1,1],"wall_us":433.417,"width":786432}
M5_COPY_CALL {"copy_bytes":3145728,"dst_nb":[4,3145728,3145728,3145728],"dst_ne":[786432,1,1,1],"layout":"contiguous","phase":"measure","rows":1,"sample":15,"src_nb":[4,3145728,3145728,3145728],"src_ne":[786432,1,1,1],"width":786432}
M5_PROFILE {"context":"74e0de4000","graph":19,"cb":1,"original_nodes":3,"gpu_start_s":244999.025176042,"gpu_end_s":244999.025392875,"gpu_ms":0.216833,"valid":true,"completed":true,"op_counts":{"CPY":1,"VIEW":2}}
M5_COPY_RETURN {"copy_bytes":3145728,"dst_nb":[4,3145728,3145728,3145728],"dst_ne":[786432,1,1,1],"layout":"contiguous","phase":"measure","rows":1,"sample":15,"src_nb":[4,3145728,3145728,3145728],"src_ne":[786432,1,1,1],"wall_us":412.209,"width":786432}
M5_COPY_CALL {"copy_bytes":3145728,"dst_nb":[4,3145728,3145728,3145728],"dst_ne":[786432,1,1,1],"layout":"contiguous","phase":"measure","rows":1,"sample":16,"src_nb":[4,3145728,3145728,3145728],"src_ne":[786432,1,1,1],"width":786432}
M5_PROFILE {"context":"74e0de4000","graph":20,"cb":1,"original_nodes":3,"gpu_start_s":244999.025628542,"gpu_end_s":244999.025845542,"gpu_ms":0.217000,"valid":true,"completed":true,"op_counts":{"CPY":1,"VIEW":2}}
M5_COPY_RETURN {"copy_bytes":3145728,"dst_nb":[4,3145728,3145728,3145728],"dst_ne":[786432,1,1,1],"layout":"contiguous","phase":"measure","rows":1,"sample":16,"src_nb":[4,3145728,3145728,3145728],"src_ne":[786432,1,1,1],"wall_us":466.333,"width":786432}
M5_COPY_CALL {"copy_bytes":3145728,"dst_nb":[4,3145728,3145728,3145728],"dst_ne":[786432,1,1,1],"layout":"contiguous","phase":"measure","rows":1,"sample":17,"src_nb":[4,3145728,3145728,3145728],"src_ne":[786432,1,1,1],"width":786432}
M5_PROFILE {"context":"74e0de4000","graph":21,"cb":1,"original_nodes":3,"gpu_start_s":244999.026144250,"gpu_end_s":244999.026360792,"gpu_ms":0.216542,"valid":true,"completed":true,"op_counts":{"CPY":1,"VIEW":2}}
M5_COPY_RETURN {"copy_bytes":3145728,"dst_nb":[4,3145728,3145728,3145728],"dst_ne":[786432,1,1,1],"layout":"contiguous","phase":"measure","rows":1,"sample":17,"src_nb":[4,3145728,3145728,3145728],"src_ne":[786432,1,1,1],"wall_us":488.0,"width":786432}
M5_COPY_CALL {"copy_bytes":3145728,"dst_nb":[4,3145728,3145728,3145728],"dst_ne":[786432,1,1,1],"layout":"contiguous","phase":"measure","rows":1,"sample":18,"src_nb":[4,3145728,3145728,3145728],"src_ne":[786432,1,1,1],"width":786432}
M5_PROFILE {"context":"74e0de4000","graph":22,"cb":1,"original_nodes":3,"gpu_start_s":244999.026633125,"gpu_end_s":244999.026850000,"gpu_ms":0.216875,"valid":true,"completed":true,"op_counts":{"CPY":1,"VIEW":2}}
M5_COPY_RETURN {"copy_bytes":3145728,"dst_nb":[4,3145728,3145728,3145728],"dst_ne":[786432,1,1,1],"layout":"contiguous","phase":"measure","rows":1,"sample":18,"src_nb":[4,3145728,3145728,3145728],"src_ne":[786432,1,1,1],"wall_us":491.375,"width":786432}
M5_COPY_CALL {"copy_bytes":3145728,"dst_nb":[4,3145728,3145728,3145728],"dst_ne":[786432,1,1,1],"layout":"contiguous","phase":"measure","rows":1,"sample":19,"src_nb":[4,3145728,3145728,3145728],"src_ne":[786432,1,1,1],"width":786432}
M5_PROFILE {"context":"74e0de4000","graph":23,"cb":1,"original_nodes":3,"gpu_start_s":244999.027065667,"gpu_end_s":244999.027282542,"gpu_ms":0.216875,"valid":true,"completed":true,"op_counts":{"CPY":1,"VIEW":2}}
M5_COPY_RETURN {"copy_bytes":3145728,"dst_nb":[4,3145728,3145728,3145728],"dst_ne":[786432,1,1,1],"layout":"contiguous","phase":"measure","rows":1,"sample":19,"src_nb":[4,3145728,3145728,3145728],"src_ne":[786432,1,1,1],"wall_us":405.875,"width":786432}
M5_COPY_CALL {"copy_bytes":3145728,"dst_nb":[4,3145728,3145728,3145728],"dst_ne":[786432,1,1,1],"layout":"contiguous","phase":"measure","rows":1,"sample":20,"src_nb":[4,3145728,3145728,3145728],"src_ne":[786432,1,1,1],"width":786432}
M5_PROFILE {"context":"74e0de4000","graph":24,"cb":1,"original_nodes":3,"gpu_start_s":244999.027472000,"gpu_end_s":244999.027689000,"gpu_ms":0.217000,"valid":true,"completed":true,"op_counts":{"CPY":1,"VIEW":2}}
M5_COPY_RETURN {"copy_bytes":3145728,"dst_nb":[4,3145728,3145728,3145728],"dst_ne":[786432,1,1,1],"layout":"contiguous","phase":"measure","rows":1,"sample":20,"src_nb":[4,3145728,3145728,3145728],"src_ne":[786432,1,1,1],"wall_us":410.833,"width":786432}
M5_COPY_CALL {"copy_bytes":3145728,"dst_nb":[4,3145728,3145728,3145728],"dst_ne":[786432,1,1,1],"layout":"contiguous","phase":"measure","rows":1,"sample":21,"src_nb":[4,3145728,3145728,3145728],"src_ne":[786432,1,1,1],"width":786432}
M5_PROFILE {"context":"74e0de4000","graph":25,"cb":1,"original_nodes":3,"gpu_start_s":244999.027939792,"gpu_end_s":244999.028156875,"gpu_ms":0.217083,"valid":true,"completed":true,"op_counts":{"CPY":1,"VIEW":2}}
M5_COPY_RETURN {"copy_bytes":3145728,"dst_nb":[4,3145728,3145728,3145728],"dst_ne":[786432,1,1,1],"layout":"contiguous","phase":"measure","rows":1,"sample":21,"src_nb":[4,3145728,3145728,3145728],"src_ne":[786432,1,1,1],"wall_us":459.042,"width":786432}
M5_COPY_CALL {"copy_bytes":3145728,"dst_nb":[4,3145728,3145728,3145728],"dst_ne":[786432,1,1,1],"layout":"contiguous","phase":"measure","rows":1,"sample":22,"src_nb":[4,3145728,3145728,3145728],"src_ne":[786432,1,1,1],"width":786432}
M5_PROFILE {"context":"74e0de4000","graph":26,"cb":1,"original_nodes":3,"gpu_start_s":244999.028358375,"gpu_end_s":244999.028575375,"gpu_ms":0.217000,"valid":true,"completed":true,"op_counts":{"CPY":1,"VIEW":2}}
M5_COPY_RETURN {"copy_bytes":3145728,"dst_nb":[4,3145728,3145728,3145728],"dst_ne":[786432,1,1,1],"layout":"contiguous","phase":"measure","rows":1,"sample":22,"src_nb":[4,3145728,3145728,3145728],"src_ne":[786432,1,1,1],"wall_us":414.209,"width":786432}
M5_COPY_CALL {"copy_bytes":3145728,"dst_nb":[4,3145728,3145728,3145728],"dst_ne":[786432,1,1,1],"layout":"contiguous","phase":"measure","rows":1,"sample":23,"src_nb":[4,3145728,3145728,3145728],"src_ne":[786432,1,1,1],"width":786432}
M5_PROFILE {"context":"74e0de4000","graph":27,"cb":1,"original_nodes":3,"gpu_start_s":244999.028780000,"gpu_end_s":244999.028996750,"gpu_ms":0.216750,"valid":true,"completed":true,"op_counts":{"CPY":1,"VIEW":2}}
M5_COPY_RETURN {"copy_bytes":3145728,"dst_nb":[4,3145728,3145728,3145728],"dst_ne":[786432,1,1,1],"layout":"contiguous","phase":"measure","rows":1,"sample":23,"src_nb":[4,3145728,3145728,3145728],"src_ne":[786432,1,1,1],"wall_us":421.334,"width":786432}
M5_COPY_CALL {"copy_bytes":3145728,"dst_nb":[4,3145728,3145728,3145728],"dst_ne":[786432,1,1,1],"layout":"contiguous","phase":"measure","rows":1,"sample":24,"src_nb":[4,3145728,3145728,3145728],"src_ne":[786432,1,1,1],"width":786432}
M5_PROFILE {"context":"74e0de4000","graph":28,"cb":1,"original_nodes":3,"gpu_start_s":244999.029271000,"gpu_end_s":244999.029487875,"gpu_ms":0.216875,"valid":true,"completed":true,"op_counts":{"CPY":1,"VIEW":2}}
M5_COPY_RETURN {"copy_bytes":3145728,"dst_nb":[4,3145728,3145728,3145728],"dst_ne":[786432,1,1,1],"layout":"contiguous","phase":"measure","rows":1,"sample":24,"src_nb":[4,3145728,3145728,3145728],"src_ne":[786432,1,1,1],"wall_us":480.166,"width":786432}
M5_COPY_CALL {"copy_bytes":3145728,"dst_nb":[4,3145728,3145728,3145728],"dst_ne":[786432,1,1,1],"layout":"contiguous","phase":"measure","rows":1,"sample":25,"src_nb":[4,3145728,3145728,3145728],"src_ne":[786432,1,1,1],"width":786432}
M5_PROFILE {"context":"74e0de4000","graph":29,"cb":1,"original_nodes":3,"gpu_start_s":244999.029769292,"gpu_end_s":244999.029986125,"gpu_ms":0.216833,"valid":true,"completed":true,"op_counts":{"CPY":1,"VIEW":2}}
M5_COPY_RETURN {"copy_bytes":3145728,"dst_nb":[4,3145728,3145728,3145728],"dst_ne":[786432,1,1,1],"layout":"contiguous","phase":"measure","rows":1,"sample":25,"src_nb":[4,3145728,3145728,3145728],"src_ne":[786432,1,1,1],"wall_us":494.375,"width":786432}
M5_COPY_CALL {"copy_bytes":3145728,"dst_nb":[4,3145728,3145728,3145728],"dst_ne":[786432,1,1,1],"layout":"contiguous","phase":"measure","rows":1,"sample":26,"src_nb":[4,3145728,3145728,3145728],"src_ne":[786432,1,1,1],"width":786432}
M5_PROFILE {"context":"74e0de4000","graph":30,"cb":1,"original_nodes":3,"gpu_start_s":244999.030200000,"gpu_end_s":244999.030417000,"gpu_ms":0.217000,"valid":true,"completed":true,"op_counts":{"CPY":1,"VIEW":2}}
M5_COPY_RETURN {"copy_bytes":3145728,"dst_nb":[4,3145728,3145728,3145728],"dst_ne":[786432,1,1,1],"layout":"contiguous","phase":"measure","rows":1,"sample":26,"src_nb":[4,3145728,3145728,3145728],"src_ne":[786432,1,1,1],"wall_us":393.125,"width":786432}
M5_COPY_CALL {"copy_bytes":3145728,"dst_nb":[4,3145728,3145728,3145728],"dst_ne":[786432,1,1,1],"layout":"contiguous","phase":"measure","rows":1,"sample":27,"src_nb":[4,3145728,3145728,3145728],"src_ne":[786432,1,1,1],"width":786432}
M5_PROFILE {"context":"74e0de4000","graph":31,"cb":1,"original_nodes":3,"gpu_start_s":244999.030597667,"gpu_end_s":244999.030814500,"gpu_ms":0.216833,"valid":true,"completed":true,"op_counts":{"CPY":1,"VIEW":2}}
M5_COPY_RETURN {"copy_bytes":3145728,"dst_nb":[4,3145728,3145728,3145728],"dst_ne":[786432,1,1,1],"layout":"contiguous","phase":"measure","rows":1,"sample":27,"src_nb":[4,3145728,3145728,3145728],"src_ne":[786432,1,1,1],"wall_us":524.125,"width":786432}
M5_COPY_CALL {"copy_bytes":3145728,"dst_nb":[4,3145728,3145728,3145728],"dst_ne":[786432,1,1,1],"layout":"contiguous","phase":"measure","rows":1,"sample":28,"src_nb":[4,3145728,3145728,3145728],"src_ne":[786432,1,1,1],"width":786432}
M5_PROFILE {"context":"74e0de4000","graph":32,"cb":1,"original_nodes":3,"gpu_start_s":244999.031218750,"gpu_end_s":244999.031267167,"gpu_ms":0.048417,"valid":true,"completed":true,"op_counts":{"CPY":1,"VIEW":2}}
M5_COPY_RETURN {"copy_bytes":3145728,"dst_nb":[4,3145728,3145728,3145728],"dst_ne":[786432,1,1,1],"layout":"contiguous","phase":"measure","rows":1,"sample":28,"src_nb":[4,3145728,3145728,3145728],"src_ne":[786432,1,1,1],"wall_us":284.75,"width":786432}
M5_COPY_CALL {"copy_bytes":3145728,"dst_nb":[4,3145728,3145728,3145728],"dst_ne":[786432,1,1,1],"layout":"contiguous","phase":"measure","rows":1,"sample":29,"src_nb":[4,3145728,3145728,3145728],"src_ne":[786432,1,1,1],"width":786432}
M5_PROFILE {"context":"74e0de4000","graph":33,"cb":1,"original_nodes":3,"gpu_start_s":244999.031449667,"gpu_end_s":244999.031497125,"gpu_ms":0.047458,"valid":true,"completed":true,"op_counts":{"CPY":1,"VIEW":2}}
M5_COPY_RETURN {"copy_bytes":3145728,"dst_nb":[4,3145728,3145728,3145728],"dst_ne":[786432,1,1,1],"layout":"contiguous","phase":"measure","rows":1,"sample":29,"src_nb":[4,3145728,3145728,3145728],"src_ne":[786432,1,1,1],"wall_us":224.125,"width":786432}
M5_COPY_CALL {"copy_bytes":3145728,"dst_nb":[4,3145728,3145728,3145728],"dst_ne":[786432,1,1,1],"layout":"contiguous","phase":"measure","rows":1,"sample":30,"src_nb":[4,3145728,3145728,3145728],"src_ne":[786432,1,1,1],"width":786432}
M5_PROFILE {"context":"74e0de4000","graph":34,"cb":1,"original_nodes":3,"gpu_start_s":244999.031663625,"gpu_end_s":244999.031710292,"gpu_ms":0.046667,"valid":true,"completed":true,"op_counts":{"CPY":1,"VIEW":2}}
M5_COPY_RETURN {"copy_bytes":3145728,"dst_nb":[4,3145728,3145728,3145728],"dst_ne":[786432,1,1,1],"layout":"contiguous","phase":"measure","rows":1,"sample":30,"src_nb":[4,3145728,3145728,3145728],"src_ne":[786432,1,1,1],"wall_us":204.417,"width":786432}
M5_COPY_CALL {"copy_bytes":3145728,"dst_nb":[4,3145728,3145728,3145728],"dst_ne":[786432,1,1,1],"layout":"contiguous","phase":"measure","rows":1,"sample":31,"src_nb":[4,3145728,3145728,3145728],"src_ne":[786432,1,1,1],"width":786432}
M5_PROFILE {"context":"74e0de4000","graph":35,"cb":1,"original_nodes":3,"gpu_start_s":244999.031880917,"gpu_end_s":244999.031927375,"gpu_ms":0.046458,"valid":true,"completed":true,"op_counts":{"CPY":1,"VIEW":2}}
M5_COPY_RETURN {"copy_bytes":3145728,"dst_nb":[4,3145728,3145728,3145728],"dst_ne":[786432,1,1,1],"layout":"contiguous","phase":"measure","rows":1,"sample":31,"src_nb":[4,3145728,3145728,3145728],"src_ne":[786432,1,1,1],"wall_us":216.583,"width":786432}
M5_COPY_CALL {"copy_bytes":3145728,"dst_nb":[4,3145728,3145728,3145728],"dst_ne":[786432,1,1,1],"layout":"contiguous","phase":"measure","rows":1,"sample":32,"src_nb":[4,3145728,3145728,3145728],"src_ne":[786432,1,1,1],"width":786432}
M5_PROFILE {"context":"74e0de4000","graph":36,"cb":1,"original_nodes":3,"gpu_start_s":244999.032143375,"gpu_end_s":244999.032189625,"gpu_ms":0.046250,"valid":true,"completed":true,"op_counts":{"CPY":1,"VIEW":2}}
M5_COPY_RETURN {"copy_bytes":3145728,"dst_nb":[4,3145728,3145728,3145728],"dst_ne":[786432,1,1,1],"layout":"contiguous","phase":"measure","rows":1,"sample":32,"src_nb":[4,3145728,3145728,3145728],"src_ne":[786432,1,1,1],"wall_us":247.792,"width":786432}
M5_COPY_CALL {"copy_bytes":3145728,"dst_nb":[4,3145728,3145728,3145728],"dst_ne":[786432,1,1,1],"layout":"contiguous","phase":"measure","rows":1,"sample":33,"src_nb":[4,3145728,3145728,3145728],"src_ne":[786432,1,1,1],"width":786432}
M5_PROFILE {"context":"74e0de4000","graph":37,"cb":1,"original_nodes":3,"gpu_start_s":244999.032406792,"gpu_end_s":244999.032453000,"gpu_ms":0.046208,"valid":true,"completed":true,"op_counts":{"CPY":1,"VIEW":2}}
M5_COPY_RETURN {"copy_bytes":3145728,"dst_nb":[4,3145728,3145728,3145728],"dst_ne":[786432,1,1,1],"layout":"contiguous","phase":"measure","rows":1,"sample":33,"src_nb":[4,3145728,3145728,3145728],"src_ne":[786432,1,1,1],"wall_us":258.125,"width":786432}
M5_COPY_CALL {"copy_bytes":3145728,"dst_nb":[4,3145728,3145728,3145728],"dst_ne":[786432,1,1,1],"layout":"contiguous","phase":"measure","rows":1,"sample":34,"src_nb":[4,3145728,3145728,3145728],"src_ne":[786432,1,1,1],"width":786432}
M5_PROFILE {"context":"74e0de4000","graph":38,"cb":1,"original_nodes":3,"gpu_start_s":244999.032671792,"gpu_end_s":244999.032717750,"gpu_ms":0.045958,"valid":true,"completed":true,"op_counts":{"CPY":1,"VIEW":2}}
M5_COPY_RETURN {"copy_bytes":3145728,"dst_nb":[4,3145728,3145728,3145728],"dst_ne":[786432,1,1,1],"layout":"contiguous","phase":"measure","rows":1,"sample":34,"src_nb":[4,3145728,3145728,3145728],"src_ne":[786432,1,1,1],"wall_us":253.667,"width":786432}
M5_COPY_CALL {"copy_bytes":3145728,"dst_nb":[4,3145728,3145728,3145728],"dst_ne":[786432,1,1,1],"layout":"contiguous","phase":"measure","rows":1,"sample":35,"src_nb":[4,3145728,3145728,3145728],"src_ne":[786432,1,1,1],"width":786432}
M5_PROFILE {"context":"74e0de4000","graph":39,"cb":1,"original_nodes":3,"gpu_start_s":244999.032950417,"gpu_end_s":244999.032996417,"gpu_ms":0.046000,"valid":true,"completed":true,"op_counts":{"CPY":1,"VIEW":2}}
M5_COPY_RETURN {"copy_bytes":3145728,"dst_nb":[4,3145728,3145728,3145728],"dst_ne":[786432,1,1,1],"layout":"contiguous","phase":"measure","rows":1,"sample":35,"src_nb":[4,3145728,3145728,3145728],"src_ne":[786432,1,1,1],"wall_us":267.125,"width":786432}
M5_COPY_CALL {"copy_bytes":3145728,"dst_nb":[4,3145728,3145728,3145728],"dst_ne":[786432,1,1,1],"layout":"contiguous","phase":"measure","rows":1,"sample":36,"src_nb":[4,3145728,3145728,3145728],"src_ne":[786432,1,1,1],"width":786432}
M5_PROFILE {"context":"74e0de4000","graph":40,"cb":1,"original_nodes":3,"gpu_start_s":244999.033159292,"gpu_end_s":244999.033205250,"gpu_ms":0.045958,"valid":true,"completed":true,"op_counts":{"CPY":1,"VIEW":2}}
M5_COPY_RETURN {"copy_bytes":3145728,"dst_nb":[4,3145728,3145728,3145728],"dst_ne":[786432,1,1,1],"layout":"contiguous","phase":"measure","rows":1,"sample":36,"src_nb":[4,3145728,3145728,3145728],"src_ne":[786432,1,1,1],"wall_us":204.292,"width":786432}
M5_COPY_CALL {"copy_bytes":3145728,"dst_nb":[4,3145728,3145728,3145728],"dst_ne":[786432,1,1,1],"layout":"contiguous","phase":"measure","rows":1,"sample":37,"src_nb":[4,3145728,3145728,3145728],"src_ne":[786432,1,1,1],"width":786432}
M5_PROFILE {"context":"74e0de4000","graph":41,"cb":1,"original_nodes":3,"gpu_start_s":244999.033432000,"gpu_end_s":244999.033477750,"gpu_ms":0.045750,"valid":true,"completed":true,"op_counts":{"CPY":1,"VIEW":2}}
M5_COPY_RETURN {"copy_bytes":3145728,"dst_nb":[4,3145728,3145728,3145728],"dst_ne":[786432,1,1,1],"layout":"contiguous","phase":"measure","rows":1,"sample":37,"src_nb":[4,3145728,3145728,3145728],"src_ne":[786432,1,1,1],"wall_us":271.125,"width":786432}
M5_COPY_CALL {"copy_bytes":3145728,"dst_nb":[4,3145728,3145728,3145728],"dst_ne":[786432,1,1,1],"layout":"contiguous","phase":"measure","rows":1,"sample":38,"src_nb":[4,3145728,3145728,3145728],"src_ne":[786432,1,1,1],"width":786432}
M5_PROFILE {"context":"74e0de4000","graph":42,"cb":1,"original_nodes":3,"gpu_start_s":244999.033717542,"gpu_end_s":244999.033763417,"gpu_ms":0.045875,"valid":true,"completed":true,"op_counts":{"CPY":1,"VIEW":2}}
M5_COPY_RETURN {"copy_bytes":3145728,"dst_nb":[4,3145728,3145728,3145728],"dst_ne":[786432,1,1,1],"layout":"contiguous","phase":"measure","rows":1,"sample":38,"src_nb":[4,3145728,3145728,3145728],"src_ne":[786432,1,1,1],"wall_us":275.959,"width":786432}
M5_COPY_CALL {"copy_bytes":3145728,"dst_nb":[4,3145728,3145728,3145728],"dst_ne":[786432,1,1,1],"layout":"contiguous","phase":"measure","rows":1,"sample":39,"src_nb":[4,3145728,3145728,3145728],"src_ne":[786432,1,1,1],"width":786432}
M5_PROFILE {"context":"74e0de4000","graph":43,"cb":1,"original_nodes":3,"gpu_start_s":244999.033951000,"gpu_end_s":244999.033996792,"gpu_ms":0.045792,"valid":true,"completed":true,"op_counts":{"CPY":1,"VIEW":2}}
M5_COPY_RETURN {"copy_bytes":3145728,"dst_nb":[4,3145728,3145728,3145728],"dst_ne":[786432,1,1,1],"layout":"contiguous","phase":"measure","rows":1,"sample":39,"src_nb":[4,3145728,3145728,3145728],"src_ne":[786432,1,1,1],"wall_us":225.042,"width":786432}
M5_COPY_PASS {"copy_bytes":3145728,"dst_nb":[4,3145728,3145728,3145728],"dst_ne":[786432,1,1,1],"layout":"contiguous","rows":1,"src_nb":[4,3145728,3145728,3145728],"src_ne":[786432,1,1,1],"width":786432}
M5_COPY_CALL {"copy_bytes":3145728,"dst_nb":[4,3145728,18874368,18874368],"dst_ne":[786432,1,1,1],"layout":"strided","phase":"warmup","rows":1,"sample":-3,"src_nb":[4,3145728,3145744,3145744],"src_ne":[786432,1,1,1],"width":786432}
M5_PROFILE {"context":"74e0de4000","graph":44,"cb":1,"original_nodes":3,"gpu_start_s":244999.039440000,"gpu_end_s":244999.039493667,"gpu_ms":0.053667,"valid":true,"completed":true,"op_counts":{"CPY":1,"VIEW":2}}
M5_COPY_RETURN {"copy_bytes":3145728,"dst_nb":[4,3145728,18874368,18874368],"dst_ne":[786432,1,1,1],"layout":"strided","phase":"warmup","rows":1,"sample":-3,"src_nb":[4,3145728,3145744,3145744],"src_ne":[786432,1,1,1],"wall_us":895.458,"width":786432}
M5_COPY_CALL {"copy_bytes":3145728,"dst_nb":[4,3145728,18874368,18874368],"dst_ne":[786432,1,1,1],"layout":"strided","phase":"warmup","rows":1,"sample":-2,"src_nb":[4,3145728,3145744,3145744],"src_ne":[786432,1,1,1],"width":786432}
M5_PROFILE {"context":"74e0de4000","graph":45,"cb":1,"original_nodes":3,"gpu_start_s":244999.039792250,"gpu_end_s":244999.039838042,"gpu_ms":0.045792,"valid":true,"completed":true,"op_counts":{"CPY":1,"VIEW":2}}
M5_COPY_RETURN {"copy_bytes":3145728,"dst_nb":[4,3145728,18874368,18874368],"dst_ne":[786432,1,1,1],"layout":"strided","phase":"warmup","rows":1,"sample":-2,"src_nb":[4,3145728,3145744,3145744],"src_ne":[786432,1,1,1],"wall_us":237.0,"width":786432}
M5_COPY_CALL {"copy_bytes":3145728,"dst_nb":[4,3145728,18874368,18874368],"dst_ne":[786432,1,1,1],"layout":"strided","phase":"warmup","rows":1,"sample":-1,"src_nb":[4,3145728,3145744,3145744],"src_ne":[786432,1,1,1],"width":786432}
M5_PROFILE {"context":"74e0de4000","graph":46,"cb":1,"original_nodes":3,"gpu_start_s":244999.040006125,"gpu_end_s":244999.040052042,"gpu_ms":0.045917,"valid":true,"completed":true,"op_counts":{"CPY":1,"VIEW":2}}
M5_COPY_RETURN {"copy_bytes":3145728,"dst_nb":[4,3145728,18874368,18874368],"dst_ne":[786432,1,1,1],"layout":"strided","phase":"warmup","rows":1,"sample":-1,"src_nb":[4,3145728,3145744,3145744],"src_ne":[786432,1,1,1],"wall_us":205.25,"width":786432}
M5_COPY_CALL {"copy_bytes":3145728,"dst_nb":[4,3145728,18874368,18874368],"dst_ne":[786432,1,1,1],"layout":"strided","phase":"measure","rows":1,"sample":0,"src_nb":[4,3145728,3145744,3145744],"src_ne":[786432,1,1,1],"width":786432}
M5_PROFILE {"context":"74e0de4000","graph":47,"cb":1,"original_nodes":3,"gpu_start_s":244999.040215375,"gpu_end_s":244999.040261375,"gpu_ms":0.046000,"valid":true,"completed":true,"op_counts":{"CPY":1,"VIEW":2}}
M5_COPY_RETURN {"copy_bytes":3145728,"dst_nb":[4,3145728,18874368,18874368],"dst_ne":[786432,1,1,1],"layout":"strided","phase":"measure","rows":1,"sample":0,"src_nb":[4,3145728,3145744,3145744],"src_ne":[786432,1,1,1],"wall_us":201.416,"width":786432}
M5_COPY_CALL {"copy_bytes":3145728,"dst_nb":[4,3145728,18874368,18874368],"dst_ne":[786432,1,1,1],"layout":"strided","phase":"measure","rows":1,"sample":1,"src_nb":[4,3145728,3145744,3145744],"src_ne":[786432,1,1,1],"width":786432}
M5_PROFILE {"context":"74e0de4000","graph":48,"cb":1,"original_nodes":3,"gpu_start_s":244999.040441750,"gpu_end_s":244999.040487667,"gpu_ms":0.045917,"valid":true,"completed":true,"op_counts":{"CPY":1,"VIEW":2}}
M5_COPY_RETURN {"copy_bytes":3145728,"dst_nb":[4,3145728,18874368,18874368],"dst_ne":[786432,1,1,1],"layout":"strided","phase":"measure","rows":1,"sample":1,"src_nb":[4,3145728,3145744,3145744],"src_ne":[786432,1,1,1],"wall_us":218.083,"width":786432}
M5_COPY_CALL {"copy_bytes":3145728,"dst_nb":[4,3145728,18874368,18874368],"dst_ne":[786432,1,1,1],"layout":"strided","phase":"measure","rows":1,"sample":2,"src_nb":[4,3145728,3145744,3145744],"src_ne":[786432,1,1,1],"width":786432}
M5_PROFILE {"context":"74e0de4000","graph":49,"cb":1,"original_nodes":3,"gpu_start_s":244999.040696792,"gpu_end_s":244999.040742625,"gpu_ms":0.045833,"valid":true,"completed":true,"op_counts":{"CPY":1,"VIEW":2}}
M5_COPY_RETURN {"copy_bytes":3145728,"dst_nb":[4,3145728,18874368,18874368],"dst_ne":[786432,1,1,1],"layout":"strided","phase":"measure","rows":1,"sample":2,"src_nb":[4,3145728,3145744,3145744],"src_ne":[786432,1,1,1],"wall_us":245.125,"width":786432}
M5_COPY_CALL {"copy_bytes":3145728,"dst_nb":[4,3145728,18874368,18874368],"dst_ne":[786432,1,1,1],"layout":"strided","phase":"measure","rows":1,"sample":3,"src_nb":[4,3145728,3145744,3145744],"src_ne":[786432,1,1,1],"width":786432}
M5_PROFILE {"context":"74e0de4000","graph":50,"cb":1,"original_nodes":3,"gpu_start_s":244999.040948917,"gpu_end_s":244999.040994750,"gpu_ms":0.045833,"valid":true,"completed":true,"op_counts":{"CPY":1,"VIEW":2}}
M5_COPY_RETURN {"copy_bytes":3145728,"dst_nb":[4,3145728,18874368,18874368],"dst_ne":[786432,1,1,1],"layout":"strided","phase":"measure","rows":1,"sample":3,"src_nb":[4,3145728,3145744,3145744],"src_ne":[786432,1,1,1],"wall_us":245.208,"width":786432}
M5_COPY_CALL {"copy_bytes":3145728,"dst_nb":[4,3145728,18874368,18874368],"dst_ne":[786432,1,1,1],"layout":"strided","phase":"measure","rows":1,"sample":4,"src_nb":[4,3145728,3145744,3145744],"src_ne":[786432,1,1,1],"width":786432}
M5_PROFILE {"context":"74e0de4000","graph":51,"cb":1,"original_nodes":3,"gpu_start_s":244999.041203042,"gpu_end_s":244999.041248792,"gpu_ms":0.045750,"valid":true,"completed":true,"op_counts":{"CPY":1,"VIEW":2}}
M5_COPY_RETURN {"copy_bytes":3145728,"dst_nb":[4,3145728,18874368,18874368],"dst_ne":[786432,1,1,1],"layout":"strided","phase":"measure","rows":1,"sample":4,"src_nb":[4,3145728,3145744,3145744],"src_ne":[786432,1,1,1],"wall_us":247.125,"width":786432}
M5_COPY_CALL {"copy_bytes":3145728,"dst_nb":[4,3145728,18874368,18874368],"dst_ne":[786432,1,1,1],"layout":"strided","phase":"measure","rows":1,"sample":5,"src_nb":[4,3145728,3145744,3145744],"src_ne":[786432,1,1,1],"width":786432}
M5_PROFILE {"context":"74e0de4000","graph":52,"cb":1,"original_nodes":3,"gpu_start_s":244999.041468125,"gpu_end_s":244999.041513917,"gpu_ms":0.045792,"valid":true,"completed":true,"op_counts":{"CPY":1,"VIEW":2}}
M5_COPY_RETURN {"copy_bytes":3145728,"dst_nb":[4,3145728,18874368,18874368],"dst_ne":[786432,1,1,1],"layout":"strided","phase":"measure","rows":1,"sample":5,"src_nb":[4,3145728,3145744,3145744],"src_ne":[786432,1,1,1],"wall_us":267.042,"width":786432}
M5_COPY_CALL {"copy_bytes":3145728,"dst_nb":[4,3145728,18874368,18874368],"dst_ne":[786432,1,1,1],"layout":"strided","phase":"measure","rows":1,"sample":6,"src_nb":[4,3145728,3145744,3145744],"src_ne":[786432,1,1,1],"width":786432}
M5_PROFILE {"context":"74e0de4000","graph":53,"cb":1,"original_nodes":3,"gpu_start_s":244999.041713417,"gpu_end_s":244999.041759125,"gpu_ms":0.045708,"valid":true,"completed":true,"op_counts":{"CPY":1,"VIEW":2}}
M5_COPY_RETURN {"copy_bytes":3145728,"dst_nb":[4,3145728,18874368,18874368],"dst_ne":[786432,1,1,1],"layout":"strided","phase":"measure","rows":1,"sample":6,"src_nb":[4,3145728,3145744,3145744],"src_ne":[786432,1,1,1],"wall_us":228.834,"width":786432}
M5_COPY_CALL {"copy_bytes":3145728,"dst_nb":[4,3145728,18874368,18874368],"dst_ne":[786432,1,1,1],"layout":"strided","phase":"measure","rows":1,"sample":7,"src_nb":[4,3145728,3145744,3145744],"src_ne":[786432,1,1,1],"width":786432}
M5_PROFILE {"context":"74e0de4000","graph":54,"cb":1,"original_nodes":3,"gpu_start_s":244999.041939417,"gpu_end_s":244999.041985167,"gpu_ms":0.045750,"valid":true,"completed":true,"op_counts":{"CPY":1,"VIEW":2}}
M5_COPY_RETURN {"copy_bytes":3145728,"dst_nb":[4,3145728,18874368,18874368],"dst_ne":[786432,1,1,1],"layout":"strided","phase":"measure","rows":1,"sample":7,"src_nb":[4,3145728,3145744,3145744],"src_ne":[786432,1,1,1],"wall_us":216.584,"width":786432}
M5_COPY_CALL {"copy_bytes":3145728,"dst_nb":[4,3145728,18874368,18874368],"dst_ne":[786432,1,1,1],"layout":"strided","phase":"measure","rows":1,"sample":8,"src_nb":[4,3145728,3145744,3145744],"src_ne":[786432,1,1,1],"width":786432}
M5_PROFILE {"context":"74e0de4000","graph":55,"cb":1,"original_nodes":3,"gpu_start_s":244999.042149250,"gpu_end_s":244999.042195000,"gpu_ms":0.045750,"valid":true,"completed":true,"op_counts":{"CPY":1,"VIEW":2}}
M5_COPY_RETURN {"copy_bytes":3145728,"dst_nb":[4,3145728,18874368,18874368],"dst_ne":[786432,1,1,1],"layout":"strided","phase":"measure","rows":1,"sample":8,"src_nb":[4,3145728,3145744,3145744],"src_ne":[786432,1,1,1],"wall_us":206.708,"width":786432}
M5_COPY_CALL {"copy_bytes":3145728,"dst_nb":[4,3145728,18874368,18874368],"dst_ne":[786432,1,1,1],"layout":"strided","phase":"measure","rows":1,"sample":9,"src_nb":[4,3145728,3145744,3145744],"src_ne":[786432,1,1,1],"width":786432}
M5_PROFILE {"context":"74e0de4000","graph":56,"cb":1,"original_nodes":3,"gpu_start_s":244999.042361000,"gpu_end_s":244999.042406750,"gpu_ms":0.045750,"valid":true,"completed":true,"op_counts":{"CPY":1,"VIEW":2}}
M5_COPY_RETURN {"copy_bytes":3145728,"dst_nb":[4,3145728,18874368,18874368],"dst_ne":[786432,1,1,1],"layout":"strided","phase":"measure","rows":1,"sample":9,"src_nb":[4,3145728,3145744,3145744],"src_ne":[786432,1,1,1],"wall_us":211.5,"width":786432}
M5_COPY_CALL {"copy_bytes":3145728,"dst_nb":[4,3145728,18874368,18874368],"dst_ne":[786432,1,1,1],"layout":"strided","phase":"measure","rows":1,"sample":10,"src_nb":[4,3145728,3145744,3145744],"src_ne":[786432,1,1,1],"width":786432}
M5_PROFILE {"context":"74e0de4000","graph":57,"cb":1,"original_nodes":3,"gpu_start_s":244999.042604625,"gpu_end_s":244999.042650375,"gpu_ms":0.045750,"valid":true,"completed":true,"op_counts":{"CPY":1,"VIEW":2}}
M5_COPY_RETURN {"copy_bytes":3145728,"dst_nb":[4,3145728,18874368,18874368],"dst_ne":[786432,1,1,1],"layout":"strided","phase":"measure","rows":1,"sample":10,"src_nb":[4,3145728,3145744,3145744],"src_ne":[786432,1,1,1],"wall_us":228.209,"width":786432}
M5_COPY_CALL {"copy_bytes":3145728,"dst_nb":[4,3145728,18874368,18874368],"dst_ne":[786432,1,1,1],"layout":"strided","phase":"measure","rows":1,"sample":11,"src_nb":[4,3145728,3145744,3145744],"src_ne":[786432,1,1,1],"width":786432}
M5_PROFILE {"context":"74e0de4000","graph":58,"cb":1,"original_nodes":3,"gpu_start_s":244999.042825875,"gpu_end_s":244999.042871750,"gpu_ms":0.045875,"valid":true,"completed":true,"op_counts":{"CPY":1,"VIEW":2}}
M5_COPY_RETURN {"copy_bytes":3145728,"dst_nb":[4,3145728,18874368,18874368],"dst_ne":[786432,1,1,1],"layout":"strided","phase":"measure","rows":1,"sample":11,"src_nb":[4,3145728,3145744,3145744],"src_ne":[786432,1,1,1],"wall_us":210.417,"width":786432}
M5_COPY_CALL {"copy_bytes":3145728,"dst_nb":[4,3145728,18874368,18874368],"dst_ne":[786432,1,1,1],"layout":"strided","phase":"measure","rows":1,"sample":12,"src_nb":[4,3145728,3145744,3145744],"src_ne":[786432,1,1,1],"width":786432}
M5_PROFILE {"context":"74e0de4000","graph":59,"cb":1,"original_nodes":3,"gpu_start_s":244999.043049375,"gpu_end_s":244999.043095292,"gpu_ms":0.045917,"valid":true,"completed":true,"op_counts":{"CPY":1,"VIEW":2}}
M5_COPY_RETURN {"copy_bytes":3145728,"dst_nb":[4,3145728,18874368,18874368],"dst_ne":[786432,1,1,1],"layout":"strided","phase":"measure","rows":1,"sample":12,"src_nb":[4,3145728,3145744,3145744],"src_ne":[786432,1,1,1],"wall_us":207.125,"width":786432}
M5_COPY_CALL {"copy_bytes":3145728,"dst_nb":[4,3145728,18874368,18874368],"dst_ne":[786432,1,1,1],"layout":"strided","phase":"measure","rows":1,"sample":13,"src_nb":[4,3145728,3145744,3145744],"src_ne":[786432,1,1,1],"width":786432}
M5_PROFILE {"context":"74e0de4000","graph":60,"cb":1,"original_nodes":3,"gpu_start_s":244999.043305250,"gpu_end_s":244999.043351167,"gpu_ms":0.045917,"valid":true,"completed":true,"op_counts":{"CPY":1,"VIEW":2}}
M5_COPY_RETURN {"copy_bytes":3145728,"dst_nb":[4,3145728,18874368,18874368],"dst_ne":[786432,1,1,1],"layout":"strided","phase":"measure","rows":1,"sample":13,"src_nb":[4,3145728,3145744,3145744],"src_ne":[786432,1,1,1],"wall_us":250.959,"width":786432}
M5_COPY_CALL {"copy_bytes":3145728,"dst_nb":[4,3145728,18874368,18874368],"dst_ne":[786432,1,1,1],"layout":"strided","phase":"measure","rows":1,"sample":14,"src_nb":[4,3145728,3145744,3145744],"src_ne":[786432,1,1,1],"width":786432}
M5_PROFILE {"context":"74e0de4000","graph":61,"cb":1,"original_nodes":3,"gpu_start_s":244999.043546167,"gpu_end_s":244999.043592042,"gpu_ms":0.045875,"valid":true,"completed":true,"op_counts":{"CPY":1,"VIEW":2}}
M5_COPY_RETURN {"copy_bytes":3145728,"dst_nb":[4,3145728,18874368,18874368],"dst_ne":[786432,1,1,1],"layout":"strided","phase":"measure","rows":1,"sample":14,"src_nb":[4,3145728,3145744,3145744],"src_ne":[786432,1,1,1],"wall_us":229.0,"width":786432}
M5_COPY_CALL {"copy_bytes":3145728,"dst_nb":[4,3145728,18874368,18874368],"dst_ne":[786432,1,1,1],"layout":"strided","phase":"measure","rows":1,"sample":15,"src_nb":[4,3145728,3145744,3145744],"src_ne":[786432,1,1,1],"width":786432}
M5_PROFILE {"context":"74e0de4000","graph":62,"cb":1,"original_nodes":3,"gpu_start_s":244999.043807625,"gpu_end_s":244999.043853375,"gpu_ms":0.045750,"valid":true,"completed":true,"op_counts":{"CPY":1,"VIEW":2}}
M5_COPY_RETURN {"copy_bytes":3145728,"dst_nb":[4,3145728,18874368,18874368],"dst_ne":[786432,1,1,1],"layout":"strided","phase":"measure","rows":1,"sample":15,"src_nb":[4,3145728,3145744,3145744],"src_ne":[786432,1,1,1],"wall_us":253.125,"width":786432}
M5_COPY_CALL {"copy_bytes":3145728,"dst_nb":[4,3145728,18874368,18874368],"dst_ne":[786432,1,1,1],"layout":"strided","phase":"measure","rows":1,"sample":16,"src_nb":[4,3145728,3145744,3145744],"src_ne":[786432,1,1,1],"width":786432}
M5_PROFILE {"context":"74e0de4000","graph":63,"cb":1,"original_nodes":3,"gpu_start_s":244999.044072542,"gpu_end_s":244999.044118417,"gpu_ms":0.045875,"valid":true,"completed":true,"op_counts":{"CPY":1,"VIEW":2}}
M5_COPY_RETURN {"copy_bytes":3145728,"dst_nb":[4,3145728,18874368,18874368],"dst_ne":[786432,1,1,1],"layout":"strided","phase":"measure","rows":1,"sample":16,"src_nb":[4,3145728,3145744,3145744],"src_ne":[786432,1,1,1],"wall_us":259.0,"width":786432}
M5_COPY_CALL {"copy_bytes":3145728,"dst_nb":[4,3145728,18874368,18874368],"dst_ne":[786432,1,1,1],"layout":"strided","phase":"measure","rows":1,"sample":17,"src_nb":[4,3145728,3145744,3145744],"src_ne":[786432,1,1,1],"width":786432}
M5_PROFILE {"context":"74e0de4000","graph":64,"cb":1,"original_nodes":3,"gpu_start_s":244999.044339750,"gpu_end_s":244999.044385667,"gpu_ms":0.045917,"valid":true,"completed":true,"op_counts":{"CPY":1,"VIEW":2}}
M5_COPY_RETURN {"copy_bytes":3145728,"dst_nb":[4,3145728,18874368,18874368],"dst_ne":[786432,1,1,1],"layout":"strided","phase":"measure","rows":1,"sample":17,"src_nb":[4,3145728,3145744,3145744],"src_ne":[786432,1,1,1],"wall_us":260.333,"width":786432}
M5_COPY_CALL {"copy_bytes":3145728,"dst_nb":[4,3145728,18874368,18874368],"dst_ne":[786432,1,1,1],"layout":"strided","phase":"measure","rows":1,"sample":18,"src_nb":[4,3145728,3145744,3145744],"src_ne":[786432,1,1,1],"width":786432}
M5_PROFILE {"context":"74e0de4000","graph":65,"cb":1,"original_nodes":3,"gpu_start_s":244999.044598625,"gpu_end_s":244999.044644375,"gpu_ms":0.045750,"valid":true,"completed":true,"op_counts":{"CPY":1,"VIEW":2}}
M5_COPY_RETURN {"copy_bytes":3145728,"dst_nb":[4,3145728,18874368,18874368],"dst_ne":[786432,1,1,1],"layout":"strided","phase":"measure","rows":1,"sample":18,"src_nb":[4,3145728,3145744,3145744],"src_ne":[786432,1,1,1],"wall_us":247.209,"width":786432}
M5_COPY_CALL {"copy_bytes":3145728,"dst_nb":[4,3145728,18874368,18874368],"dst_ne":[786432,1,1,1],"layout":"strided","phase":"measure","rows":1,"sample":19,"src_nb":[4,3145728,3145744,3145744],"src_ne":[786432,1,1,1],"width":786432}
M5_PROFILE {"context":"74e0de4000","graph":66,"cb":1,"original_nodes":3,"gpu_start_s":244999.044853375,"gpu_end_s":244999.044899250,"gpu_ms":0.045875,"valid":true,"completed":true,"op_counts":{"CPY":1,"VIEW":2}}
M5_COPY_RETURN {"copy_bytes":3145728,"dst_nb":[4,3145728,18874368,18874368],"dst_ne":[786432,1,1,1],"layout":"strided","phase":"measure","rows":1,"sample":19,"src_nb":[4,3145728,3145744,3145744],"src_ne":[786432,1,1,1],"wall_us":244.959,"width":786432}
M5_COPY_CALL {"copy_bytes":3145728,"dst_nb":[4,3145728,18874368,18874368],"dst_ne":[786432,1,1,1],"layout":"strided","phase":"measure","rows":1,"sample":20,"src_nb":[4,3145728,3145744,3145744],"src_ne":[786432,1,1,1],"width":786432}
M5_PROFILE {"context":"74e0de4000","graph":67,"cb":1,"original_nodes":3,"gpu_start_s":244999.045105125,"gpu_end_s":244999.045151042,"gpu_ms":0.045917,"valid":true,"completed":true,"op_counts":{"CPY":1,"VIEW":2}}
M5_COPY_RETURN {"copy_bytes":3145728,"dst_nb":[4,3145728,18874368,18874368],"dst_ne":[786432,1,1,1],"layout":"strided","phase":"measure","rows":1,"sample":20,"src_nb":[4,3145728,3145744,3145744],"src_ne":[786432,1,1,1],"wall_us":248.417,"width":786432}
M5_COPY_CALL {"copy_bytes":3145728,"dst_nb":[4,3145728,18874368,18874368],"dst_ne":[786432,1,1,1],"layout":"strided","phase":"measure","rows":1,"sample":21,"src_nb":[4,3145728,3145744,3145744],"src_ne":[786432,1,1,1],"width":786432}
M5_PROFILE {"context":"74e0de4000","graph":68,"cb":1,"original_nodes":3,"gpu_start_s":244999.045315625,"gpu_end_s":244999.045361292,"gpu_ms":0.045667,"valid":true,"completed":true,"op_counts":{"CPY":1,"VIEW":2}}
M5_COPY_RETURN {"copy_bytes":3145728,"dst_nb":[4,3145728,18874368,18874368],"dst_ne":[786432,1,1,1],"layout":"strided","phase":"measure","rows":1,"sample":21,"src_nb":[4,3145728,3145744,3145744],"src_ne":[786432,1,1,1],"wall_us":203.042,"width":786432}
M5_COPY_CALL {"copy_bytes":3145728,"dst_nb":[4,3145728,18874368,18874368],"dst_ne":[786432,1,1,1],"layout":"strided","phase":"measure","rows":1,"sample":22,"src_nb":[4,3145728,3145744,3145744],"src_ne":[786432,1,1,1],"width":786432}
M5_PROFILE {"context":"74e0de4000","graph":69,"cb":1,"original_nodes":3,"gpu_start_s":244999.045524792,"gpu_end_s":244999.045570625,"gpu_ms":0.045833,"valid":true,"completed":true,"op_counts":{"CPY":1,"VIEW":2}}
M5_COPY_RETURN {"copy_bytes":3145728,"dst_nb":[4,3145728,18874368,18874368],"dst_ne":[786432,1,1,1],"layout":"strided","phase":"measure","rows":1,"sample":22,"src_nb":[4,3145728,3145744,3145744],"src_ne":[786432,1,1,1],"wall_us":199.5,"width":786432}
M5_COPY_CALL {"copy_bytes":3145728,"dst_nb":[4,3145728,18874368,18874368],"dst_ne":[786432,1,1,1],"layout":"strided","phase":"measure","rows":1,"sample":23,"src_nb":[4,3145728,3145744,3145744],"src_ne":[786432,1,1,1],"width":786432}
M5_PROFILE {"context":"74e0de4000","graph":70,"cb":1,"original_nodes":3,"gpu_start_s":244999.045744042,"gpu_end_s":244999.045789875,"gpu_ms":0.045833,"valid":true,"completed":true,"op_counts":{"CPY":1,"VIEW":2}}
M5_COPY_RETURN {"copy_bytes":3145728,"dst_nb":[4,3145728,18874368,18874368],"dst_ne":[786432,1,1,1],"layout":"strided","phase":"measure","rows":1,"sample":23,"src_nb":[4,3145728,3145744,3145744],"src_ne":[786432,1,1,1],"wall_us":214.291,"width":786432}
M5_COPY_CALL {"copy_bytes":3145728,"dst_nb":[4,3145728,18874368,18874368],"dst_ne":[786432,1,1,1],"layout":"strided","phase":"measure","rows":1,"sample":24,"src_nb":[4,3145728,3145744,3145744],"src_ne":[786432,1,1,1],"width":786432}
M5_PROFILE {"context":"74e0de4000","graph":71,"cb":1,"original_nodes":3,"gpu_start_s":244999.045958375,"gpu_end_s":244999.046004125,"gpu_ms":0.045750,"valid":true,"completed":true,"op_counts":{"CPY":1,"VIEW":2}}
M5_COPY_RETURN {"copy_bytes":3145728,"dst_nb":[4,3145728,18874368,18874368],"dst_ne":[786432,1,1,1],"layout":"strided","phase":"measure","rows":1,"sample":24,"src_nb":[4,3145728,3145744,3145744],"src_ne":[786432,1,1,1],"wall_us":208.166,"width":786432}
M5_COPY_CALL {"copy_bytes":3145728,"dst_nb":[4,3145728,18874368,18874368],"dst_ne":[786432,1,1,1],"layout":"strided","phase":"measure","rows":1,"sample":25,"src_nb":[4,3145728,3145744,3145744],"src_ne":[786432,1,1,1],"width":786432}
M5_PROFILE {"context":"74e0de4000","graph":72,"cb":1,"original_nodes":3,"gpu_start_s":244999.046158125,"gpu_end_s":244999.046203875,"gpu_ms":0.045750,"valid":true,"completed":true,"op_counts":{"CPY":1,"VIEW":2}}
M5_COPY_RETURN {"copy_bytes":3145728,"dst_nb":[4,3145728,18874368,18874368],"dst_ne":[786432,1,1,1],"layout":"strided","phase":"measure","rows":1,"sample":25,"src_nb":[4,3145728,3145744,3145744],"src_ne":[786432,1,1,1],"wall_us":193.542,"width":786432}
M5_COPY_CALL {"copy_bytes":3145728,"dst_nb":[4,3145728,18874368,18874368],"dst_ne":[786432,1,1,1],"layout":"strided","phase":"measure","rows":1,"sample":26,"src_nb":[4,3145728,3145744,3145744],"src_ne":[786432,1,1,1],"width":786432}
M5_PROFILE {"context":"74e0de4000","graph":73,"cb":1,"original_nodes":3,"gpu_start_s":244999.046424000,"gpu_end_s":244999.046469750,"gpu_ms":0.045750,"valid":true,"completed":true,"op_counts":{"CPY":1,"VIEW":2}}
M5_COPY_RETURN {"copy_bytes":3145728,"dst_nb":[4,3145728,18874368,18874368],"dst_ne":[786432,1,1,1],"layout":"strided","phase":"measure","rows":1,"sample":26,"src_nb":[4,3145728,3145744,3145744],"src_ne":[786432,1,1,1],"wall_us":257.375,"width":786432}
M5_COPY_CALL {"copy_bytes":3145728,"dst_nb":[4,3145728,18874368,18874368],"dst_ne":[786432,1,1,1],"layout":"strided","phase":"measure","rows":1,"sample":27,"src_nb":[4,3145728,3145744,3145744],"src_ne":[786432,1,1,1],"width":786432}
M5_PROFILE {"context":"74e0de4000","graph":74,"cb":1,"original_nodes":3,"gpu_start_s":244999.046692792,"gpu_end_s":244999.046738542,"gpu_ms":0.045750,"valid":true,"completed":true,"op_counts":{"CPY":1,"VIEW":2}}
M5_COPY_RETURN {"copy_bytes":3145728,"dst_nb":[4,3145728,18874368,18874368],"dst_ne":[786432,1,1,1],"layout":"strided","phase":"measure","rows":1,"sample":27,"src_nb":[4,3145728,3145744,3145744],"src_ne":[786432,1,1,1],"wall_us":267.834,"width":786432}
M5_COPY_CALL {"copy_bytes":3145728,"dst_nb":[4,3145728,18874368,18874368],"dst_ne":[786432,1,1,1],"layout":"strided","phase":"measure","rows":1,"sample":28,"src_nb":[4,3145728,3145744,3145744],"src_ne":[786432,1,1,1],"width":786432}
M5_PROFILE {"context":"74e0de4000","graph":75,"cb":1,"original_nodes":3,"gpu_start_s":244999.046947292,"gpu_end_s":244999.046993125,"gpu_ms":0.045833,"valid":true,"completed":true,"op_counts":{"CPY":1,"VIEW":2}}
M5_COPY_RETURN {"copy_bytes":3145728,"dst_nb":[4,3145728,18874368,18874368],"dst_ne":[786432,1,1,1],"layout":"strided","phase":"measure","rows":1,"sample":28,"src_nb":[4,3145728,3145744,3145744],"src_ne":[786432,1,1,1],"wall_us":246.375,"width":786432}
M5_COPY_CALL {"copy_bytes":3145728,"dst_nb":[4,3145728,18874368,18874368],"dst_ne":[786432,1,1,1],"layout":"strided","phase":"measure","rows":1,"sample":29,"src_nb":[4,3145728,3145744,3145744],"src_ne":[786432,1,1,1],"width":786432}
M5_PROFILE {"context":"74e0de4000","graph":76,"cb":1,"original_nodes":3,"gpu_start_s":244999.047188750,"gpu_end_s":244999.047234625,"gpu_ms":0.045875,"valid":true,"completed":true,"op_counts":{"CPY":1,"VIEW":2}}
M5_COPY_RETURN {"copy_bytes":3145728,"dst_nb":[4,3145728,18874368,18874368],"dst_ne":[786432,1,1,1],"layout":"strided","phase":"measure","rows":1,"sample":29,"src_nb":[4,3145728,3145744,3145744],"src_ne":[786432,1,1,1],"wall_us":246.75,"width":786432}
M5_COPY_CALL {"copy_bytes":3145728,"dst_nb":[4,3145728,18874368,18874368],"dst_ne":[786432,1,1,1],"layout":"strided","phase":"measure","rows":1,"sample":30,"src_nb":[4,3145728,3145744,3145744],"src_ne":[786432,1,1,1],"width":786432}
M5_PROFILE {"context":"74e0de4000","graph":77,"cb":1,"original_nodes":3,"gpu_start_s":244999.047423875,"gpu_end_s":244999.047469667,"gpu_ms":0.045792,"valid":true,"completed":true,"op_counts":{"CPY":1,"VIEW":2}}
M5_COPY_RETURN {"copy_bytes":3145728,"dst_nb":[4,3145728,18874368,18874368],"dst_ne":[786432,1,1,1],"layout":"strided","phase":"measure","rows":1,"sample":30,"src_nb":[4,3145728,3145744,3145744],"src_ne":[786432,1,1,1],"wall_us":215.375,"width":786432}
M5_COPY_CALL {"copy_bytes":3145728,"dst_nb":[4,3145728,18874368,18874368],"dst_ne":[786432,1,1,1],"layout":"strided","phase":"measure","rows":1,"sample":31,"src_nb":[4,3145728,3145744,3145744],"src_ne":[786432,1,1,1],"width":786432}
M5_PROFILE {"context":"74e0de4000","graph":78,"cb":1,"original_nodes":3,"gpu_start_s":244999.047758875,"gpu_end_s":244999.047804792,"gpu_ms":0.045917,"valid":true,"completed":true,"op_counts":{"CPY":1,"VIEW":2}}
M5_COPY_RETURN {"copy_bytes":3145728,"dst_nb":[4,3145728,18874368,18874368],"dst_ne":[786432,1,1,1],"layout":"strided","phase":"measure","rows":1,"sample":31,"src_nb":[4,3145728,3145744,3145744],"src_ne":[786432,1,1,1],"wall_us":320.917,"width":786432}
M5_COPY_CALL {"copy_bytes":3145728,"dst_nb":[4,3145728,18874368,18874368],"dst_ne":[786432,1,1,1],"layout":"strided","phase":"measure","rows":1,"sample":32,"src_nb":[4,3145728,3145744,3145744],"src_ne":[786432,1,1,1],"width":786432}
M5_PROFILE {"context":"74e0de4000","graph":79,"cb":1,"original_nodes":3,"gpu_start_s":244999.047985417,"gpu_end_s":244999.048031250,"gpu_ms":0.045833,"valid":true,"completed":true,"op_counts":{"CPY":1,"VIEW":2}}
M5_COPY_RETURN {"copy_bytes":3145728,"dst_nb":[4,3145728,18874368,18874368],"dst_ne":[786432,1,1,1],"layout":"strided","phase":"measure","rows":1,"sample":32,"src_nb":[4,3145728,3145744,3145744],"src_ne":[786432,1,1,1],"wall_us":219.333,"width":786432}
M5_COPY_CALL {"copy_bytes":3145728,"dst_nb":[4,3145728,18874368,18874368],"dst_ne":[786432,1,1,1],"layout":"strided","phase":"measure","rows":1,"sample":33,"src_nb":[4,3145728,3145744,3145744],"src_ne":[786432,1,1,1],"width":786432}
M5_PROFILE {"context":"74e0de4000","graph":80,"cb":1,"original_nodes":3,"gpu_start_s":244999.048251750,"gpu_end_s":244999.048297542,"gpu_ms":0.045792,"valid":true,"completed":true,"op_counts":{"CPY":1,"VIEW":2}}
M5_COPY_RETURN {"copy_bytes":3145728,"dst_nb":[4,3145728,18874368,18874368],"dst_ne":[786432,1,1,1],"layout":"strided","phase":"measure","rows":1,"sample":33,"src_nb":[4,3145728,3145744,3145744],"src_ne":[786432,1,1,1],"wall_us":259.5,"width":786432}
M5_COPY_CALL {"copy_bytes":3145728,"dst_nb":[4,3145728,18874368,18874368],"dst_ne":[786432,1,1,1],"layout":"strided","phase":"measure","rows":1,"sample":34,"src_nb":[4,3145728,3145744,3145744],"src_ne":[786432,1,1,1],"width":786432}
M5_PROFILE {"context":"74e0de4000","graph":81,"cb":1,"original_nodes":3,"gpu_start_s":244999.048483250,"gpu_end_s":244999.048529042,"gpu_ms":0.045792,"valid":true,"completed":true,"op_counts":{"CPY":1,"VIEW":2}}
M5_COPY_RETURN {"copy_bytes":3145728,"dst_nb":[4,3145728,18874368,18874368],"dst_ne":[786432,1,1,1],"layout":"strided","phase":"measure","rows":1,"sample":34,"src_nb":[4,3145728,3145744,3145744],"src_ne":[786432,1,1,1],"wall_us":220.75,"width":786432}
M5_COPY_CALL {"copy_bytes":3145728,"dst_nb":[4,3145728,18874368,18874368],"dst_ne":[786432,1,1,1],"layout":"strided","phase":"measure","rows":1,"sample":35,"src_nb":[4,3145728,3145744,3145744],"src_ne":[786432,1,1,1],"width":786432}
M5_PROFILE {"context":"74e0de4000","graph":82,"cb":1,"original_nodes":3,"gpu_start_s":244999.048708750,"gpu_end_s":244999.048754625,"gpu_ms":0.045875,"valid":true,"completed":true,"op_counts":{"CPY":1,"VIEW":2}}
M5_COPY_RETURN {"copy_bytes":3145728,"dst_nb":[4,3145728,18874368,18874368],"dst_ne":[786432,1,1,1],"layout":"strided","phase":"measure","rows":1,"sample":35,"src_nb":[4,3145728,3145744,3145744],"src_ne":[786432,1,1,1],"wall_us":215.75,"width":786432}
M5_COPY_CALL {"copy_bytes":3145728,"dst_nb":[4,3145728,18874368,18874368],"dst_ne":[786432,1,1,1],"layout":"strided","phase":"measure","rows":1,"sample":36,"src_nb":[4,3145728,3145744,3145744],"src_ne":[786432,1,1,1],"width":786432}
M5_PROFILE {"context":"74e0de4000","graph":83,"cb":1,"original_nodes":3,"gpu_start_s":244999.048921875,"gpu_end_s":244999.048967625,"gpu_ms":0.045750,"valid":true,"completed":true,"op_counts":{"CPY":1,"VIEW":2}}
M5_COPY_RETURN {"copy_bytes":3145728,"dst_nb":[4,3145728,18874368,18874368],"dst_ne":[786432,1,1,1],"layout":"strided","phase":"measure","rows":1,"sample":36,"src_nb":[4,3145728,3145744,3145744],"src_ne":[786432,1,1,1],"wall_us":208.459,"width":786432}
M5_COPY_CALL {"copy_bytes":3145728,"dst_nb":[4,3145728,18874368,18874368],"dst_ne":[786432,1,1,1],"layout":"strided","phase":"measure","rows":1,"sample":37,"src_nb":[4,3145728,3145744,3145744],"src_ne":[786432,1,1,1],"width":786432}
M5_PROFILE {"context":"74e0de4000","graph":84,"cb":1,"original_nodes":3,"gpu_start_s":244999.049142125,"gpu_end_s":244999.049188125,"gpu_ms":0.046000,"valid":true,"completed":true,"op_counts":{"CPY":1,"VIEW":2}}
M5_COPY_RETURN {"copy_bytes":3145728,"dst_nb":[4,3145728,18874368,18874368],"dst_ne":[786432,1,1,1],"layout":"strided","phase":"measure","rows":1,"sample":37,"src_nb":[4,3145728,3145744,3145744],"src_ne":[786432,1,1,1],"wall_us":214.584,"width":786432}
M5_COPY_CALL {"copy_bytes":3145728,"dst_nb":[4,3145728,18874368,18874368],"dst_ne":[786432,1,1,1],"layout":"strided","phase":"measure","rows":1,"sample":38,"src_nb":[4,3145728,3145744,3145744],"src_ne":[786432,1,1,1],"width":786432}
M5_PROFILE {"context":"74e0de4000","graph":85,"cb":1,"original_nodes":3,"gpu_start_s":244999.049355250,"gpu_end_s":244999.049401125,"gpu_ms":0.045875,"valid":true,"completed":true,"op_counts":{"CPY":1,"VIEW":2}}
M5_COPY_RETURN {"copy_bytes":3145728,"dst_nb":[4,3145728,18874368,18874368],"dst_ne":[786432,1,1,1],"layout":"strided","phase":"measure","rows":1,"sample":38,"src_nb":[4,3145728,3145744,3145744],"src_ne":[786432,1,1,1],"wall_us":199.416,"width":786432}
M5_COPY_CALL {"copy_bytes":3145728,"dst_nb":[4,3145728,18874368,18874368],"dst_ne":[786432,1,1,1],"layout":"strided","phase":"measure","rows":1,"sample":39,"src_nb":[4,3145728,3145744,3145744],"src_ne":[786432,1,1,1],"width":786432}
M5_PROFILE {"context":"74e0de4000","graph":86,"cb":1,"original_nodes":3,"gpu_start_s":244999.049562792,"gpu_end_s":244999.049608667,"gpu_ms":0.045875,"valid":true,"completed":true,"op_counts":{"CPY":1,"VIEW":2}}
M5_COPY_RETURN {"copy_bytes":3145728,"dst_nb":[4,3145728,18874368,18874368],"dst_ne":[786432,1,1,1],"layout":"strided","phase":"measure","rows":1,"sample":39,"src_nb":[4,3145728,3145744,3145744],"src_ne":[786432,1,1,1],"wall_us":199.959,"width":786432}
M5_COPY_PASS {"copy_bytes":3145728,"dst_nb":[4,3145728,18874368,18874368],"dst_ne":[786432,1,1,1],"layout":"strided","rows":1,"src_nb":[4,3145728,3145744,3145744],"src_ne":[786432,1,1,1],"width":786432}
M5_COPY_CALL {"copy_bytes":12582912,"dst_nb":[4,3145728,3145728,12582912],"dst_ne":[786432,1,4,1],"layout":"contiguous","phase":"warmup","rows":4,"sample":-3,"src_nb":[4,3145728,3145728,12582912],"src_ne":[786432,1,4,1],"width":786432}
M5_PROFILE {"context":"74e0de4000","graph":87,"cb":1,"original_nodes":3,"gpu_start_s":244999.069713250,"gpu_end_s":244999.070148250,"gpu_ms":0.435000,"valid":true,"completed":true,"op_counts":{"CPY":1,"VIEW":2}}
M5_COPY_RETURN {"copy_bytes":12582912,"dst_nb":[4,3145728,3145728,12582912],"dst_ne":[786432,1,4,1],"layout":"contiguous","phase":"warmup","rows":4,"sample":-3,"src_nb":[4,3145728,3145728,12582912],"src_ne":[786432,1,4,1],"wall_us":1607.459,"width":786432}
M5_COPY_CALL {"copy_bytes":12582912,"dst_nb":[4,3145728,3145728,12582912],"dst_ne":[786432,1,4,1],"layout":"contiguous","phase":"warmup","rows":4,"sample":-2,"src_nb":[4,3145728,3145728,12582912],"src_ne":[786432,1,4,1],"width":786432}
M5_PROFILE {"context":"74e0de4000","graph":88,"cb":1,"original_nodes":3,"gpu_start_s":244999.070391750,"gpu_end_s":244999.070609250,"gpu_ms":0.217500,"valid":true,"completed":true,"op_counts":{"CPY":1,"VIEW":2}}
M5_COPY_RETURN {"copy_bytes":12582912,"dst_nb":[4,3145728,3145728,12582912],"dst_ne":[786432,1,4,1],"layout":"contiguous","phase":"warmup","rows":4,"sample":-2,"src_nb":[4,3145728,3145728,12582912],"src_ne":[786432,1,4,1],"wall_us":374.833,"width":786432}
M5_COPY_CALL {"copy_bytes":12582912,"dst_nb":[4,3145728,3145728,12582912],"dst_ne":[786432,1,4,1],"layout":"contiguous","phase":"warmup","rows":4,"sample":-1,"src_nb":[4,3145728,3145728,12582912],"src_ne":[786432,1,4,1],"width":786432}
M5_PROFILE {"context":"74e0de4000","graph":89,"cb":1,"original_nodes":3,"gpu_start_s":244999.070778792,"gpu_end_s":244999.070996167,"gpu_ms":0.217375,"valid":true,"completed":true,"op_counts":{"CPY":1,"VIEW":2}}
M5_COPY_RETURN {"copy_bytes":12582912,"dst_nb":[4,3145728,3145728,12582912],"dst_ne":[786432,1,4,1],"layout":"contiguous","phase":"warmup","rows":4,"sample":-1,"src_nb":[4,3145728,3145728,12582912],"src_ne":[786432,1,4,1],"wall_us":378.667,"width":786432}
M5_COPY_CALL {"copy_bytes":12582912,"dst_nb":[4,3145728,3145728,12582912],"dst_ne":[786432,1,4,1],"layout":"contiguous","phase":"measure","rows":4,"sample":0,"src_nb":[4,3145728,3145728,12582912],"src_ne":[786432,1,4,1],"width":786432}
M5_PROFILE {"context":"74e0de4000","graph":90,"cb":1,"original_nodes":3,"gpu_start_s":244999.071182625,"gpu_end_s":244999.071399875,"gpu_ms":0.217250,"valid":true,"completed":true,"op_counts":{"CPY":1,"VIEW":2}}
M5_COPY_RETURN {"copy_bytes":12582912,"dst_nb":[4,3145728,3145728,12582912],"dst_ne":[786432,1,4,1],"layout":"contiguous","phase":"measure","rows":4,"sample":0,"src_nb":[4,3145728,3145728,12582912],"src_ne":[786432,1,4,1],"wall_us":396.458,"width":786432}
M5_COPY_CALL {"copy_bytes":12582912,"dst_nb":[4,3145728,3145728,12582912],"dst_ne":[786432,1,4,1],"layout":"contiguous","phase":"measure","rows":4,"sample":1,"src_nb":[4,3145728,3145728,12582912],"src_ne":[786432,1,4,1],"width":786432}
M5_PROFILE {"context":"74e0de4000","graph":91,"cb":1,"original_nodes":3,"gpu_start_s":244999.071589417,"gpu_end_s":244999.071806875,"gpu_ms":0.217458,"valid":true,"completed":true,"op_counts":{"CPY":1,"VIEW":2}}
M5_COPY_RETURN {"copy_bytes":12582912,"dst_nb":[4,3145728,3145728,12582912],"dst_ne":[786432,1,4,1],"layout":"contiguous","phase":"measure","rows":4,"sample":1,"src_nb":[4,3145728,3145728,12582912],"src_ne":[786432,1,4,1],"wall_us":397.583,"width":786432}
M5_COPY_CALL {"copy_bytes":12582912,"dst_nb":[4,3145728,3145728,12582912],"dst_ne":[786432,1,4,1],"layout":"contiguous","phase":"measure","rows":4,"sample":2,"src_nb":[4,3145728,3145728,12582912],"src_ne":[786432,1,4,1],"width":786432}
M5_PROFILE {"context":"74e0de4000","graph":92,"cb":1,"original_nodes":3,"gpu_start_s":244999.071983042,"gpu_end_s":244999.072200292,"gpu_ms":0.217250,"valid":true,"completed":true,"op_counts":{"CPY":1,"VIEW":2}}
M5_COPY_RETURN {"copy_bytes":12582912,"dst_nb":[4,3145728,3145728,12582912],"dst_ne":[786432,1,4,1],"layout":"contiguous","phase":"measure","rows":4,"sample":2,"src_nb":[4,3145728,3145728,12582912],"src_ne":[786432,1,4,1],"wall_us":385.958,"width":786432}
M5_COPY_CALL {"copy_bytes":12582912,"dst_nb":[4,3145728,3145728,12582912],"dst_ne":[786432,1,4,1],"layout":"contiguous","phase":"measure","rows":4,"sample":3,"src_nb":[4,3145728,3145728,12582912],"src_ne":[786432,1,4,1],"width":786432}
M5_PROFILE {"context":"74e0de4000","graph":93,"cb":1,"original_nodes":3,"gpu_start_s":244999.072379625,"gpu_end_s":244999.072596875,"gpu_ms":0.217250,"valid":true,"completed":true,"op_counts":{"CPY":1,"VIEW":2}}
M5_COPY_RETURN {"copy_bytes":12582912,"dst_nb":[4,3145728,3145728,12582912],"dst_ne":[786432,1,4,1],"layout":"contiguous","phase":"measure","rows":4,"sample":3,"src_nb":[4,3145728,3145728,12582912],"src_ne":[786432,1,4,1],"wall_us":477.875,"width":786432}
M5_COPY_CALL {"copy_bytes":12582912,"dst_nb":[4,3145728,3145728,12582912],"dst_ne":[786432,1,4,1],"layout":"contiguous","phase":"measure","rows":4,"sample":4,"src_nb":[4,3145728,3145728,12582912],"src_ne":[786432,1,4,1],"width":786432}
M5_PROFILE {"context":"74e0de4000","graph":94,"cb":1,"original_nodes":3,"gpu_start_s":244999.072894792,"gpu_end_s":244999.073127125,"gpu_ms":0.232333,"valid":true,"completed":true,"op_counts":{"CPY":1,"VIEW":2}}
M5_COPY_RETURN {"copy_bytes":12582912,"dst_nb":[4,3145728,3145728,12582912],"dst_ne":[786432,1,4,1],"layout":"contiguous","phase":"measure","rows":4,"sample":4,"src_nb":[4,3145728,3145728,12582912],"src_ne":[786432,1,4,1],"wall_us":408.417,"width":786432}
M5_COPY_CALL {"copy_bytes":12582912,"dst_nb":[4,3145728,3145728,12582912],"dst_ne":[786432,1,4,1],"layout":"contiguous","phase":"measure","rows":4,"sample":5,"src_nb":[4,3145728,3145728,12582912],"src_ne":[786432,1,4,1],"width":786432}
M5_PROFILE {"context":"74e0de4000","graph":95,"cb":1,"original_nodes":3,"gpu_start_s":244999.073299875,"gpu_end_s":244999.073533000,"gpu_ms":0.233125,"valid":true,"completed":true,"op_counts":{"CPY":1,"VIEW":2}}
M5_COPY_RETURN {"copy_bytes":12582912,"dst_nb":[4,3145728,3145728,12582912],"dst_ne":[786432,1,4,1],"layout":"contiguous","phase":"measure","rows":4,"sample":5,"src_nb":[4,3145728,3145728,12582912],"src_ne":[786432,1,4,1],"wall_us":401.584,"width":786432}
M5_COPY_CALL {"copy_bytes":12582912,"dst_nb":[4,3145728,3145728,12582912],"dst_ne":[786432,1,4,1],"layout":"contiguous","phase":"measure","rows":4,"sample":6,"src_nb":[4,3145728,3145728,12582912],"src_ne":[786432,1,4,1],"width":786432}
M5_PROFILE {"context":"74e0de4000","graph":96,"cb":1,"original_nodes":3,"gpu_start_s":244999.073723000,"gpu_end_s":244999.073956375,"gpu_ms":0.233375,"valid":true,"completed":true,"op_counts":{"CPY":1,"VIEW":2}}
M5_COPY_RETURN {"copy_bytes":12582912,"dst_nb":[4,3145728,3145728,12582912],"dst_ne":[786432,1,4,1],"layout":"contiguous","phase":"measure","rows":4,"sample":6,"src_nb":[4,3145728,3145728,12582912],"src_ne":[786432,1,4,1],"wall_us":415.792,"width":786432}
M5_COPY_CALL {"copy_bytes":12582912,"dst_nb":[4,3145728,3145728,12582912],"dst_ne":[786432,1,4,1],"layout":"contiguous","phase":"measure","rows":4,"sample":7,"src_nb":[4,3145728,3145728,12582912],"src_ne":[786432,1,4,1],"width":786432}
M5_PROFILE {"context":"74e0de4000","graph":97,"cb":1,"original_nodes":3,"gpu_start_s":244999.074135000,"gpu_end_s":244999.074368167,"gpu_ms":0.233167,"valid":true,"completed":true,"op_counts":{"CPY":1,"VIEW":2}}
M5_COPY_RETURN {"copy_bytes":12582912,"dst_nb":[4,3145728,3145728,12582912],"dst_ne":[786432,1,4,1],"layout":"contiguous","phase":"measure","rows":4,"sample":7,"src_nb":[4,3145728,3145728,12582912],"src_ne":[786432,1,4,1],"wall_us":413.042,"width":786432}
M5_COPY_CALL {"copy_bytes":12582912,"dst_nb":[4,3145728,3145728,12582912],"dst_ne":[786432,1,4,1],"layout":"contiguous","phase":"measure","rows":4,"sample":8,"src_nb":[4,3145728,3145728,12582912],"src_ne":[786432,1,4,1],"width":786432}
M5_PROFILE {"context":"74e0de4000","graph":98,"cb":1,"original_nodes":3,"gpu_start_s":244999.074553042,"gpu_end_s":244999.074786250,"gpu_ms":0.233208,"valid":true,"completed":true,"op_counts":{"CPY":1,"VIEW":2}}
M5_COPY_RETURN {"copy_bytes":12582912,"dst_nb":[4,3145728,3145728,12582912],"dst_ne":[786432,1,4,1],"layout":"contiguous","phase":"measure","rows":4,"sample":8,"src_nb":[4,3145728,3145728,12582912],"src_ne":[786432,1,4,1],"wall_us":417.833,"width":786432}
M5_COPY_CALL {"copy_bytes":12582912,"dst_nb":[4,3145728,3145728,12582912],"dst_ne":[786432,1,4,1],"layout":"contiguous","phase":"measure","rows":4,"sample":9,"src_nb":[4,3145728,3145728,12582912],"src_ne":[786432,1,4,1],"width":786432}
M5_PROFILE {"context":"74e0de4000","graph":99,"cb":1,"original_nodes":3,"gpu_start_s":244999.074977875,"gpu_end_s":244999.075220292,"gpu_ms":0.242417,"valid":true,"completed":true,"op_counts":{"CPY":1,"VIEW":2}}
M5_COPY_RETURN {"copy_bytes":12582912,"dst_nb":[4,3145728,3145728,12582912],"dst_ne":[786432,1,4,1],"layout":"contiguous","phase":"measure","rows":4,"sample":9,"src_nb":[4,3145728,3145728,12582912],"src_ne":[786432,1,4,1],"wall_us":542.167,"width":786432}
M5_COPY_CALL {"copy_bytes":12582912,"dst_nb":[4,3145728,3145728,12582912],"dst_ne":[786432,1,4,1],"layout":"contiguous","phase":"measure","rows":4,"sample":10,"src_nb":[4,3145728,3145728,12582912],"src_ne":[786432,1,4,1],"width":786432}
M5_PROFILE {"context":"74e0de4000","graph":100,"cb":1,"original_nodes":3,"gpu_start_s":244999.075547375,"gpu_end_s":244999.075765000,"gpu_ms":0.217625,"valid":true,"completed":true,"op_counts":{"CPY":1,"VIEW":2}}
M5_COPY_RETURN {"copy_bytes":12582912,"dst_nb":[4,3145728,3145728,12582912],"dst_ne":[786432,1,4,1],"layout":"contiguous","phase":"measure","rows":4,"sample":10,"src_nb":[4,3145728,3145728,12582912],"src_ne":[786432,1,4,1],"wall_us":404.208,"width":786432}
M5_COPY_CALL {"copy_bytes":12582912,"dst_nb":[4,3145728,3145728,12582912],"dst_ne":[786432,1,4,1],"layout":"contiguous","phase":"measure","rows":4,"sample":11,"src_nb":[4,3145728,3145728,12582912],"src_ne":[786432,1,4,1],"width":786432}
M5_PROFILE {"context":"74e0de4000","graph":101,"cb":1,"original_nodes":3,"gpu_start_s":244999.075941750,"gpu_end_s":244999.076158917,"gpu_ms":0.217167,"valid":true,"completed":true,"op_counts":{"CPY":1,"VIEW":2}}
M5_COPY_RETURN {"copy_bytes":12582912,"dst_nb":[4,3145728,3145728,12582912],"dst_ne":[786432,1,4,1],"layout":"contiguous","phase":"measure","rows":4,"sample":11,"src_nb":[4,3145728,3145728,12582912],"src_ne":[786432,1,4,1],"wall_us":386.458,"width":786432}
M5_COPY_CALL {"copy_bytes":12582912,"dst_nb":[4,3145728,3145728,12582912],"dst_ne":[786432,1,4,1],"layout":"contiguous","phase":"measure","rows":4,"sample":12,"src_nb":[4,3145728,3145728,12582912],"src_ne":[786432,1,4,1],"width":786432}
M5_PROFILE {"context":"74e0de4000","graph":102,"cb":1,"original_nodes":3,"gpu_start_s":244999.076389625,"gpu_end_s":244999.076607000,"gpu_ms":0.217375,"valid":true,"completed":true,"op_counts":{"CPY":1,"VIEW":2}}
M5_COPY_RETURN {"copy_bytes":12582912,"dst_nb":[4,3145728,3145728,12582912],"dst_ne":[786432,1,4,1],"layout":"contiguous","phase":"measure","rows":4,"sample":12,"src_nb":[4,3145728,3145728,12582912],"src_ne":[786432,1,4,1],"wall_us":437.459,"width":786432}
M5_COPY_CALL {"copy_bytes":12582912,"dst_nb":[4,3145728,3145728,12582912],"dst_ne":[786432,1,4,1],"layout":"contiguous","phase":"measure","rows":4,"sample":13,"src_nb":[4,3145728,3145728,12582912],"src_ne":[786432,1,4,1],"width":786432}
M5_PROFILE {"context":"74e0de4000","graph":103,"cb":1,"original_nodes":3,"gpu_start_s":244999.076779750,"gpu_end_s":244999.076997250,"gpu_ms":0.217500,"valid":true,"completed":true,"op_counts":{"CPY":1,"VIEW":2}}
M5_COPY_RETURN {"copy_bytes":12582912,"dst_nb":[4,3145728,3145728,12582912],"dst_ne":[786432,1,4,1],"layout":"contiguous","phase":"measure","rows":4,"sample":13,"src_nb":[4,3145728,3145728,12582912],"src_ne":[786432,1,4,1],"wall_us":383.75,"width":786432}
M5_COPY_CALL {"copy_bytes":12582912,"dst_nb":[4,3145728,3145728,12582912],"dst_ne":[786432,1,4,1],"layout":"contiguous","phase":"measure","rows":4,"sample":14,"src_nb":[4,3145728,3145728,12582912],"src_ne":[786432,1,4,1],"width":786432}
M5_PROFILE {"context":"74e0de4000","graph":104,"cb":1,"original_nodes":3,"gpu_start_s":244999.077176917,"gpu_end_s":244999.077394125,"gpu_ms":0.217208,"valid":true,"completed":true,"op_counts":{"CPY":1,"VIEW":2}}
M5_COPY_RETURN {"copy_bytes":12582912,"dst_nb":[4,3145728,3145728,12582912],"dst_ne":[786432,1,4,1],"layout":"contiguous","phase":"measure","rows":4,"sample":14,"src_nb":[4,3145728,3145728,12582912],"src_ne":[786432,1,4,1],"wall_us":391.208,"width":786432}
M5_COPY_CALL {"copy_bytes":12582912,"dst_nb":[4,3145728,3145728,12582912],"dst_ne":[786432,1,4,1],"layout":"contiguous","phase":"measure","rows":4,"sample":15,"src_nb":[4,3145728,3145728,12582912],"src_ne":[786432,1,4,1],"width":786432}
M5_PROFILE {"context":"74e0de4000","graph":105,"cb":1,"original_nodes":3,"gpu_start_s":244999.077576000,"gpu_end_s":244999.077793250,"gpu_ms":0.217250,"valid":true,"completed":true,"op_counts":{"CPY":1,"VIEW":2}}
M5_COPY_RETURN {"copy_bytes":12582912,"dst_nb":[4,3145728,3145728,12582912],"dst_ne":[786432,1,4,1],"layout":"contiguous","phase":"measure","rows":4,"sample":15,"src_nb":[4,3145728,3145728,12582912],"src_ne":[786432,1,4,1],"wall_us":392.167,"width":786432}
M5_COPY_CALL {"copy_bytes":12582912,"dst_nb":[4,3145728,3145728,12582912],"dst_ne":[786432,1,4,1],"layout":"contiguous","phase":"measure","rows":4,"sample":16,"src_nb":[4,3145728,3145728,12582912],"src_ne":[786432,1,4,1],"width":786432}
M5_PROFILE {"context":"74e0de4000","graph":106,"cb":1,"original_nodes":3,"gpu_start_s":244999.077979625,"gpu_end_s":244999.078196917,"gpu_ms":0.217292,"valid":true,"completed":true,"op_counts":{"CPY":1,"VIEW":2}}
M5_COPY_RETURN {"copy_bytes":12582912,"dst_nb":[4,3145728,3145728,12582912],"dst_ne":[786432,1,4,1],"layout":"contiguous","phase":"measure","rows":4,"sample":16,"src_nb":[4,3145728,3145728,12582912],"src_ne":[786432,1,4,1],"wall_us":395.541,"width":786432}
M5_COPY_CALL {"copy_bytes":12582912,"dst_nb":[4,3145728,3145728,12582912],"dst_ne":[786432,1,4,1],"layout":"contiguous","phase":"measure","rows":4,"sample":17,"src_nb":[4,3145728,3145728,12582912],"src_ne":[786432,1,4,1],"width":786432}
M5_PROFILE {"context":"74e0de4000","graph":107,"cb":1,"original_nodes":3,"gpu_start_s":244999.078377625,"gpu_end_s":244999.078595250,"gpu_ms":0.217625,"valid":true,"completed":true,"op_counts":{"CPY":1,"VIEW":2}}
M5_COPY_RETURN {"copy_bytes":12582912,"dst_nb":[4,3145728,3145728,12582912],"dst_ne":[786432,1,4,1],"layout":"contiguous","phase":"measure","rows":4,"sample":17,"src_nb":[4,3145728,3145728,12582912],"src_ne":[786432,1,4,1],"wall_us":395.291,"width":786432}
M5_COPY_CALL {"copy_bytes":12582912,"dst_nb":[4,3145728,3145728,12582912],"dst_ne":[786432,1,4,1],"layout":"contiguous","phase":"measure","rows":4,"sample":18,"src_nb":[4,3145728,3145728,12582912],"src_ne":[786432,1,4,1],"width":786432}
M5_PROFILE {"context":"74e0de4000","graph":108,"cb":1,"original_nodes":3,"gpu_start_s":244999.078778750,"gpu_end_s":244999.078996125,"gpu_ms":0.217375,"valid":true,"completed":true,"op_counts":{"CPY":1,"VIEW":2}}
M5_COPY_RETURN {"copy_bytes":12582912,"dst_nb":[4,3145728,3145728,12582912],"dst_ne":[786432,1,4,1],"layout":"contiguous","phase":"measure","rows":4,"sample":18,"src_nb":[4,3145728,3145728,12582912],"src_ne":[786432,1,4,1],"wall_us":385.625,"width":786432}
M5_COPY_CALL {"copy_bytes":12582912,"dst_nb":[4,3145728,3145728,12582912],"dst_ne":[786432,1,4,1],"layout":"contiguous","phase":"measure","rows":4,"sample":19,"src_nb":[4,3145728,3145728,12582912],"src_ne":[786432,1,4,1],"width":786432}
M5_PROFILE {"context":"74e0de4000","graph":109,"cb":1,"original_nodes":3,"gpu_start_s":244999.079185042,"gpu_end_s":244999.079402250,"gpu_ms":0.217208,"valid":true,"completed":true,"op_counts":{"CPY":1,"VIEW":2}}
M5_COPY_RETURN {"copy_bytes":12582912,"dst_nb":[4,3145728,3145728,12582912],"dst_ne":[786432,1,4,1],"layout":"contiguous","phase":"measure","rows":4,"sample":19,"src_nb":[4,3145728,3145728,12582912],"src_ne":[786432,1,4,1],"wall_us":401.625,"width":786432}
M5_COPY_CALL {"copy_bytes":12582912,"dst_nb":[4,3145728,3145728,12582912],"dst_ne":[786432,1,4,1],"layout":"contiguous","phase":"measure","rows":4,"sample":20,"src_nb":[4,3145728,3145728,12582912],"src_ne":[786432,1,4,1],"width":786432}
M5_PROFILE {"context":"74e0de4000","graph":110,"cb":1,"original_nodes":3,"gpu_start_s":244999.079583750,"gpu_end_s":244999.079801125,"gpu_ms":0.217375,"valid":true,"completed":true,"op_counts":{"CPY":1,"VIEW":2}}
M5_COPY_RETURN {"copy_bytes":12582912,"dst_nb":[4,3145728,3145728,12582912],"dst_ne":[786432,1,4,1],"layout":"contiguous","phase":"measure","rows":4,"sample":20,"src_nb":[4,3145728,3145728,12582912],"src_ne":[786432,1,4,1],"wall_us":391.917,"width":786432}
M5_COPY_CALL {"copy_bytes":12582912,"dst_nb":[4,3145728,3145728,12582912],"dst_ne":[786432,1,4,1],"layout":"contiguous","phase":"measure","rows":4,"sample":21,"src_nb":[4,3145728,3145728,12582912],"src_ne":[786432,1,4,1],"width":786432}
M5_PROFILE {"context":"74e0de4000","graph":111,"cb":1,"original_nodes":3,"gpu_start_s":244999.080038875,"gpu_end_s":244999.080256167,"gpu_ms":0.217292,"valid":true,"completed":true,"op_counts":{"CPY":1,"VIEW":2}}
M5_COPY_RETURN {"copy_bytes":12582912,"dst_nb":[4,3145728,3145728,12582912],"dst_ne":[786432,1,4,1],"layout":"contiguous","phase":"measure","rows":4,"sample":21,"src_nb":[4,3145728,3145728,12582912],"src_ne":[786432,1,4,1],"wall_us":443.333,"width":786432}
M5_COPY_CALL {"copy_bytes":12582912,"dst_nb":[4,3145728,3145728,12582912],"dst_ne":[786432,1,4,1],"layout":"contiguous","phase":"measure","rows":4,"sample":22,"src_nb":[4,3145728,3145728,12582912],"src_ne":[786432,1,4,1],"width":786432}
M5_PROFILE {"context":"74e0de4000","graph":112,"cb":1,"original_nodes":3,"gpu_start_s":244999.080435125,"gpu_end_s":244999.080652417,"gpu_ms":0.217292,"valid":true,"completed":true,"op_counts":{"CPY":1,"VIEW":2}}
M5_COPY_RETURN {"copy_bytes":12582912,"dst_nb":[4,3145728,3145728,12582912],"dst_ne":[786432,1,4,1],"layout":"contiguous","phase":"measure","rows":4,"sample":22,"src_nb":[4,3145728,3145728,12582912],"src_ne":[786432,1,4,1],"wall_us":389.625,"width":786432}
M5_COPY_CALL {"copy_bytes":12582912,"dst_nb":[4,3145728,3145728,12582912],"dst_ne":[786432,1,4,1],"layout":"contiguous","phase":"measure","rows":4,"sample":23,"src_nb":[4,3145728,3145728,12582912],"src_ne":[786432,1,4,1],"width":786432}
M5_PROFILE {"context":"74e0de4000","graph":113,"cb":1,"original_nodes":3,"gpu_start_s":244999.080831667,"gpu_end_s":244999.081053042,"gpu_ms":0.221375,"valid":true,"completed":true,"op_counts":{"CPY":1,"VIEW":2}}
M5_COPY_RETURN {"copy_bytes":12582912,"dst_nb":[4,3145728,3145728,12582912],"dst_ne":[786432,1,4,1],"layout":"contiguous","phase":"measure","rows":4,"sample":23,"src_nb":[4,3145728,3145728,12582912],"src_ne":[786432,1,4,1],"wall_us":392.875,"width":786432}
M5_COPY_CALL {"copy_bytes":12582912,"dst_nb":[4,3145728,3145728,12582912],"dst_ne":[786432,1,4,1],"layout":"contiguous","phase":"measure","rows":4,"sample":24,"src_nb":[4,3145728,3145728,12582912],"src_ne":[786432,1,4,1],"width":786432}
M5_PROFILE {"context":"74e0de4000","graph":114,"cb":1,"original_nodes":3,"gpu_start_s":244999.081230417,"gpu_end_s":244999.081463625,"gpu_ms":0.233208,"valid":true,"completed":true,"op_counts":{"CPY":1,"VIEW":2}}
M5_COPY_RETURN {"copy_bytes":12582912,"dst_nb":[4,3145728,3145728,12582912],"dst_ne":[786432,1,4,1],"layout":"contiguous","phase":"measure","rows":4,"sample":24,"src_nb":[4,3145728,3145728,12582912],"src_ne":[786432,1,4,1],"wall_us":399.75,"width":786432}
M5_COPY_CALL {"copy_bytes":12582912,"dst_nb":[4,3145728,3145728,12582912],"dst_ne":[786432,1,4,1],"layout":"contiguous","phase":"measure","rows":4,"sample":25,"src_nb":[4,3145728,3145728,12582912],"src_ne":[786432,1,4,1],"width":786432}
M5_PROFILE {"context":"74e0de4000","graph":115,"cb":1,"original_nodes":3,"gpu_start_s":244999.081642250,"gpu_end_s":244999.081875417,"gpu_ms":0.233167,"valid":true,"completed":true,"op_counts":{"CPY":1,"VIEW":2}}
M5_COPY_RETURN {"copy_bytes":12582912,"dst_nb":[4,3145728,3145728,12582912],"dst_ne":[786432,1,4,1],"layout":"contiguous","phase":"measure","rows":4,"sample":25,"src_nb":[4,3145728,3145728,12582912],"src_ne":[786432,1,4,1],"wall_us":411.959,"width":786432}
M5_COPY_CALL {"copy_bytes":12582912,"dst_nb":[4,3145728,3145728,12582912],"dst_ne":[786432,1,4,1],"layout":"contiguous","phase":"measure","rows":4,"sample":26,"src_nb":[4,3145728,3145728,12582912],"src_ne":[786432,1,4,1],"width":786432}
M5_PROFILE {"context":"74e0de4000","graph":116,"cb":1,"original_nodes":3,"gpu_start_s":244999.082115625,"gpu_end_s":244999.082348792,"gpu_ms":0.233167,"valid":true,"completed":true,"op_counts":{"CPY":1,"VIEW":2}}
M5_COPY_RETURN {"copy_bytes":12582912,"dst_nb":[4,3145728,3145728,12582912],"dst_ne":[786432,1,4,1],"layout":"contiguous","phase":"measure","rows":4,"sample":26,"src_nb":[4,3145728,3145728,12582912],"src_ne":[786432,1,4,1],"wall_us":464.375,"width":786432}
M5_COPY_CALL {"copy_bytes":12582912,"dst_nb":[4,3145728,3145728,12582912],"dst_ne":[786432,1,4,1],"layout":"contiguous","phase":"measure","rows":4,"sample":27,"src_nb":[4,3145728,3145728,12582912],"src_ne":[786432,1,4,1],"width":786432}
M5_PROFILE {"context":"74e0de4000","graph":117,"cb":1,"original_nodes":3,"gpu_start_s":244999.082534417,"gpu_end_s":244999.082767792,"gpu_ms":0.233375,"valid":true,"completed":true,"op_counts":{"CPY":1,"VIEW":2}}
M5_COPY_RETURN {"copy_bytes":12582912,"dst_nb":[4,3145728,3145728,12582912],"dst_ne":[786432,1,4,1],"layout":"contiguous","phase":"measure","rows":4,"sample":27,"src_nb":[4,3145728,3145728,12582912],"src_ne":[786432,1,4,1],"wall_us":411.083,"width":786432}
M5_COPY_CALL {"copy_bytes":12582912,"dst_nb":[4,3145728,3145728,12582912],"dst_ne":[786432,1,4,1],"layout":"contiguous","phase":"measure","rows":4,"sample":28,"src_nb":[4,3145728,3145728,12582912],"src_ne":[786432,1,4,1],"width":786432}
M5_PROFILE {"context":"74e0de4000","graph":118,"cb":1,"original_nodes":3,"gpu_start_s":244999.082947625,"gpu_end_s":244999.083180875,"gpu_ms":0.233250,"valid":true,"completed":true,"op_counts":{"CPY":1,"VIEW":2}}
M5_COPY_RETURN {"copy_bytes":12582912,"dst_nb":[4,3145728,3145728,12582912],"dst_ne":[786432,1,4,1],"layout":"contiguous","phase":"measure","rows":4,"sample":28,"src_nb":[4,3145728,3145728,12582912],"src_ne":[786432,1,4,1],"wall_us":404.083,"width":786432}
M5_COPY_CALL {"copy_bytes":12582912,"dst_nb":[4,3145728,3145728,12582912],"dst_ne":[786432,1,4,1],"layout":"contiguous","phase":"measure","rows":4,"sample":29,"src_nb":[4,3145728,3145728,12582912],"src_ne":[786432,1,4,1],"width":786432}
M5_PROFILE {"context":"74e0de4000","graph":119,"cb":1,"original_nodes":3,"gpu_start_s":244999.083485417,"gpu_end_s":244999.083702625,"gpu_ms":0.217208,"valid":true,"completed":true,"op_counts":{"CPY":1,"VIEW":2}}
M5_COPY_RETURN {"copy_bytes":12582912,"dst_nb":[4,3145728,3145728,12582912],"dst_ne":[786432,1,4,1],"layout":"contiguous","phase":"measure","rows":4,"sample":29,"src_nb":[4,3145728,3145728,12582912],"src_ne":[786432,1,4,1],"wall_us":513.459,"width":786432}
M5_COPY_CALL {"copy_bytes":12582912,"dst_nb":[4,3145728,3145728,12582912],"dst_ne":[786432,1,4,1],"layout":"contiguous","phase":"measure","rows":4,"sample":30,"src_nb":[4,3145728,3145728,12582912],"src_ne":[786432,1,4,1],"width":786432}
M5_PROFILE {"context":"74e0de4000","graph":120,"cb":1,"original_nodes":3,"gpu_start_s":244999.083944750,"gpu_end_s":244999.084162250,"gpu_ms":0.217500,"valid":true,"completed":true,"op_counts":{"CPY":1,"VIEW":2}}
M5_COPY_RETURN {"copy_bytes":12582912,"dst_nb":[4,3145728,3145728,12582912],"dst_ne":[786432,1,4,1],"layout":"contiguous","phase":"measure","rows":4,"sample":30,"src_nb":[4,3145728,3145728,12582912],"src_ne":[786432,1,4,1],"wall_us":456.792,"width":786432}
M5_COPY_CALL {"copy_bytes":12582912,"dst_nb":[4,3145728,3145728,12582912],"dst_ne":[786432,1,4,1],"layout":"contiguous","phase":"measure","rows":4,"sample":31,"src_nb":[4,3145728,3145728,12582912],"src_ne":[786432,1,4,1],"width":786432}
M5_PROFILE {"context":"74e0de4000","graph":121,"cb":1,"original_nodes":3,"gpu_start_s":244999.084334250,"gpu_end_s":244999.084551667,"gpu_ms":0.217417,"valid":true,"completed":true,"op_counts":{"CPY":1,"VIEW":2}}
M5_COPY_RETURN {"copy_bytes":12582912,"dst_nb":[4,3145728,3145728,12582912],"dst_ne":[786432,1,4,1],"layout":"contiguous","phase":"measure","rows":4,"sample":31,"src_nb":[4,3145728,3145728,12582912],"src_ne":[786432,1,4,1],"wall_us":379.042,"width":786432}
M5_COPY_CALL {"copy_bytes":12582912,"dst_nb":[4,3145728,3145728,12582912],"dst_ne":[786432,1,4,1],"layout":"contiguous","phase":"measure","rows":4,"sample":32,"src_nb":[4,3145728,3145728,12582912],"src_ne":[786432,1,4,1],"width":786432}
M5_PROFILE {"context":"74e0de4000","graph":122,"cb":1,"original_nodes":3,"gpu_start_s":244999.084716750,"gpu_end_s":244999.084933875,"gpu_ms":0.217125,"valid":true,"completed":true,"op_counts":{"CPY":1,"VIEW":2}}
M5_COPY_RETURN {"copy_bytes":12582912,"dst_nb":[4,3145728,3145728,12582912],"dst_ne":[786432,1,4,1],"layout":"contiguous","phase":"measure","rows":4,"sample":32,"src_nb":[4,3145728,3145728,12582912],"src_ne":[786432,1,4,1],"wall_us":464.125,"width":786432}
M5_COPY_CALL {"copy_bytes":12582912,"dst_nb":[4,3145728,3145728,12582912],"dst_ne":[786432,1,4,1],"layout":"contiguous","phase":"measure","rows":4,"sample":33,"src_nb":[4,3145728,3145728,12582912],"src_ne":[786432,1,4,1],"width":786432}
M5_PROFILE {"context":"74e0de4000","graph":123,"cb":1,"original_nodes":3,"gpu_start_s":244999.085217250,"gpu_end_s":244999.085434542,"gpu_ms":0.217292,"valid":true,"completed":true,"op_counts":{"CPY":1,"VIEW":2}}
M5_COPY_RETURN {"copy_bytes":12582912,"dst_nb":[4,3145728,3145728,12582912],"dst_ne":[786432,1,4,1],"layout":"contiguous","phase":"measure","rows":4,"sample":33,"src_nb":[4,3145728,3145728,12582912],"src_ne":[786432,1,4,1],"wall_us":372.417,"width":786432}
M5_COPY_CALL {"copy_bytes":12582912,"dst_nb":[4,3145728,3145728,12582912],"dst_ne":[786432,1,4,1],"layout":"contiguous","phase":"measure","rows":4,"sample":34,"src_nb":[4,3145728,3145728,12582912],"src_ne":[786432,1,4,1],"width":786432}
M5_PROFILE {"context":"74e0de4000","graph":124,"cb":1,"original_nodes":3,"gpu_start_s":244999.085598250,"gpu_end_s":244999.085815750,"gpu_ms":0.217500,"valid":true,"completed":true,"op_counts":{"CPY":1,"VIEW":2}}
M5_COPY_RETURN {"copy_bytes":12582912,"dst_nb":[4,3145728,3145728,12582912],"dst_ne":[786432,1,4,1],"layout":"contiguous","phase":"measure","rows":4,"sample":34,"src_nb":[4,3145728,3145728,12582912],"src_ne":[786432,1,4,1],"wall_us":376.167,"width":786432}
M5_COPY_CALL {"copy_bytes":12582912,"dst_nb":[4,3145728,3145728,12582912],"dst_ne":[786432,1,4,1],"layout":"contiguous","phase":"measure","rows":4,"sample":35,"src_nb":[4,3145728,3145728,12582912],"src_ne":[786432,1,4,1],"width":786432}
M5_PROFILE {"context":"74e0de4000","graph":125,"cb":1,"original_nodes":3,"gpu_start_s":244999.086017625,"gpu_end_s":244999.086235125,"gpu_ms":0.217500,"valid":true,"completed":true,"op_counts":{"CPY":1,"VIEW":2}}
M5_COPY_RETURN {"copy_bytes":12582912,"dst_nb":[4,3145728,3145728,12582912],"dst_ne":[786432,1,4,1],"layout":"contiguous","phase":"measure","rows":4,"sample":35,"src_nb":[4,3145728,3145728,12582912],"src_ne":[786432,1,4,1],"wall_us":411.125,"width":786432}
M5_COPY_CALL {"copy_bytes":12582912,"dst_nb":[4,3145728,3145728,12582912],"dst_ne":[786432,1,4,1],"layout":"contiguous","phase":"measure","rows":4,"sample":36,"src_nb":[4,3145728,3145728,12582912],"src_ne":[786432,1,4,1],"width":786432}
M5_PROFILE {"context":"74e0de4000","graph":126,"cb":1,"original_nodes":3,"gpu_start_s":244999.086406542,"gpu_end_s":244999.086623750,"gpu_ms":0.217208,"valid":true,"completed":true,"op_counts":{"CPY":1,"VIEW":2}}
M5_COPY_RETURN {"copy_bytes":12582912,"dst_nb":[4,3145728,3145728,12582912],"dst_ne":[786432,1,4,1],"layout":"contiguous","phase":"measure","rows":4,"sample":36,"src_nb":[4,3145728,3145728,12582912],"src_ne":[786432,1,4,1],"wall_us":386.25,"width":786432}
M5_COPY_CALL {"copy_bytes":12582912,"dst_nb":[4,3145728,3145728,12582912],"dst_ne":[786432,1,4,1],"layout":"contiguous","phase":"measure","rows":4,"sample":37,"src_nb":[4,3145728,3145728,12582912],"src_ne":[786432,1,4,1],"width":786432}
M5_PROFILE {"context":"74e0de4000","graph":127,"cb":1,"original_nodes":3,"gpu_start_s":244999.086794917,"gpu_end_s":244999.087012500,"gpu_ms":0.217583,"valid":true,"completed":true,"op_counts":{"CPY":1,"VIEW":2}}
M5_COPY_RETURN {"copy_bytes":12582912,"dst_nb":[4,3145728,3145728,12582912],"dst_ne":[786432,1,4,1],"layout":"contiguous","phase":"measure","rows":4,"sample":37,"src_nb":[4,3145728,3145728,12582912],"src_ne":[786432,1,4,1],"wall_us":469.458,"width":786432}
M5_COPY_CALL {"copy_bytes":12582912,"dst_nb":[4,3145728,3145728,12582912],"dst_ne":[786432,1,4,1],"layout":"contiguous","phase":"measure","rows":4,"sample":38,"src_nb":[4,3145728,3145728,12582912],"src_ne":[786432,1,4,1],"width":786432}
M5_PROFILE {"context":"74e0de4000","graph":128,"cb":1,"original_nodes":3,"gpu_start_s":244999.087309667,"gpu_end_s":244999.087526875,"gpu_ms":0.217208,"valid":true,"completed":true,"op_counts":{"CPY":1,"VIEW":2}}
M5_COPY_RETURN {"copy_bytes":12582912,"dst_nb":[4,3145728,3145728,12582912],"dst_ne":[786432,1,4,1],"layout":"contiguous","phase":"measure","rows":4,"sample":38,"src_nb":[4,3145728,3145728,12582912],"src_ne":[786432,1,4,1],"wall_us":404.75,"width":786432}
M5_COPY_CALL {"copy_bytes":12582912,"dst_nb":[4,3145728,3145728,12582912],"dst_ne":[786432,1,4,1],"layout":"contiguous","phase":"measure","rows":4,"sample":39,"src_nb":[4,3145728,3145728,12582912],"src_ne":[786432,1,4,1],"width":786432}
M5_PROFILE {"context":"74e0de4000","graph":129,"cb":1,"original_nodes":3,"gpu_start_s":244999.087693167,"gpu_end_s":244999.087910292,"gpu_ms":0.217125,"valid":true,"completed":true,"op_counts":{"CPY":1,"VIEW":2}}
M5_COPY_RETURN {"copy_bytes":12582912,"dst_nb":[4,3145728,3145728,12582912],"dst_ne":[786432,1,4,1],"layout":"contiguous","phase":"measure","rows":4,"sample":39,"src_nb":[4,3145728,3145728,12582912],"src_ne":[786432,1,4,1],"wall_us":375.292,"width":786432}
M5_COPY_PASS {"copy_bytes":12582912,"dst_nb":[4,3145728,3145728,12582912],"dst_ne":[786432,1,4,1],"layout":"contiguous","rows":4,"src_nb":[4,3145728,3145728,12582912],"src_ne":[786432,1,4,1],"width":786432}
M5_COPY_CALL {"copy_bytes":12582912,"dst_nb":[4,3145728,18874368,75497472],"dst_ne":[786432,1,4,1],"layout":"strided","phase":"warmup","rows":4,"sample":-3,"src_nb":[4,3145728,3145744,12582976],"src_ne":[786432,1,4,1],"width":786432}
M5_PROFILE {"context":"74e0de4000","graph":130,"cb":1,"original_nodes":3,"gpu_start_s":244999.116063750,"gpu_end_s":244999.116298250,"gpu_ms":0.234500,"valid":true,"completed":true,"op_counts":{"CPY":1,"VIEW":2}}
M5_COPY_RETURN {"copy_bytes":12582912,"dst_nb":[4,3145728,18874368,75497472],"dst_ne":[786432,1,4,1],"layout":"strided","phase":"warmup","rows":4,"sample":-3,"src_nb":[4,3145728,3145744,12582976],"src_ne":[786432,1,4,1],"wall_us":1344.041,"width":786432}
M5_COPY_CALL {"copy_bytes":12582912,"dst_nb":[4,3145728,18874368,75497472],"dst_ne":[786432,1,4,1],"layout":"strided","phase":"warmup","rows":4,"sample":-2,"src_nb":[4,3145728,3145744,12582976],"src_ne":[786432,1,4,1],"width":786432}
M5_PROFILE {"context":"74e0de4000","graph":131,"cb":1,"original_nodes":3,"gpu_start_s":244999.116551375,"gpu_end_s":244999.116764000,"gpu_ms":0.212625,"valid":true,"completed":true,"op_counts":{"CPY":1,"VIEW":2}}
M5_COPY_RETURN {"copy_bytes":12582912,"dst_nb":[4,3145728,18874368,75497472],"dst_ne":[786432,1,4,1],"layout":"strided","phase":"warmup","rows":4,"sample":-2,"src_nb":[4,3145728,3145744,12582976],"src_ne":[786432,1,4,1],"wall_us":445.333,"width":786432}
M5_COPY_CALL {"copy_bytes":12582912,"dst_nb":[4,3145728,18874368,75497472],"dst_ne":[786432,1,4,1],"layout":"strided","phase":"warmup","rows":4,"sample":-1,"src_nb":[4,3145728,3145744,12582976],"src_ne":[786432,1,4,1],"width":786432}
M5_PROFILE {"context":"74e0de4000","graph":132,"cb":1,"original_nodes":3,"gpu_start_s":244999.117005750,"gpu_end_s":244999.117218125,"gpu_ms":0.212375,"valid":true,"completed":true,"op_counts":{"CPY":1,"VIEW":2}}
M5_COPY_RETURN {"copy_bytes":12582912,"dst_nb":[4,3145728,18874368,75497472],"dst_ne":[786432,1,4,1],"layout":"strided","phase":"warmup","rows":4,"sample":-1,"src_nb":[4,3145728,3145744,12582976],"src_ne":[786432,1,4,1],"wall_us":439.0,"width":786432}
M5_COPY_CALL {"copy_bytes":12582912,"dst_nb":[4,3145728,18874368,75497472],"dst_ne":[786432,1,4,1],"layout":"strided","phase":"measure","rows":4,"sample":0,"src_nb":[4,3145728,3145744,12582976],"src_ne":[786432,1,4,1],"width":786432}
M5_PROFILE {"context":"74e0de4000","graph":133,"cb":1,"original_nodes":3,"gpu_start_s":244999.117397917,"gpu_end_s":244999.117610250,"gpu_ms":0.212333,"valid":true,"completed":true,"op_counts":{"CPY":1,"VIEW":2}}
M5_COPY_RETURN {"copy_bytes":12582912,"dst_nb":[4,3145728,18874368,75497472],"dst_ne":[786432,1,4,1],"layout":"strided","phase":"measure","rows":4,"sample":0,"src_nb":[4,3145728,3145744,12582976],"src_ne":[786432,1,4,1],"wall_us":386.958,"width":786432}
M5_COPY_CALL {"copy_bytes":12582912,"dst_nb":[4,3145728,18874368,75497472],"dst_ne":[786432,1,4,1],"layout":"strided","phase":"measure","rows":4,"sample":1,"src_nb":[4,3145728,3145744,12582976],"src_ne":[786432,1,4,1],"width":786432}
M5_PROFILE {"context":"74e0de4000","graph":134,"cb":1,"original_nodes":3,"gpu_start_s":244999.117801000,"gpu_end_s":244999.118013417,"gpu_ms":0.212417,"valid":true,"completed":true,"op_counts":{"CPY":1,"VIEW":2}}
M5_COPY_RETURN {"copy_bytes":12582912,"dst_nb":[4,3145728,18874368,75497472],"dst_ne":[786432,1,4,1],"layout":"strided","phase":"measure","rows":4,"sample":1,"src_nb":[4,3145728,3145744,12582976],"src_ne":[786432,1,4,1],"wall_us":385.042,"width":786432}
M5_COPY_CALL {"copy_bytes":12582912,"dst_nb":[4,3145728,18874368,75497472],"dst_ne":[786432,1,4,1],"layout":"strided","phase":"measure","rows":4,"sample":2,"src_nb":[4,3145728,3145744,12582976],"src_ne":[786432,1,4,1],"width":786432}
M5_PROFILE {"context":"74e0de4000","graph":135,"cb":1,"original_nodes":3,"gpu_start_s":244999.118194875,"gpu_end_s":244999.118407250,"gpu_ms":0.212375,"valid":true,"completed":true,"op_counts":{"CPY":1,"VIEW":2}}
M5_COPY_RETURN {"copy_bytes":12582912,"dst_nb":[4,3145728,18874368,75497472],"dst_ne":[786432,1,4,1],"layout":"strided","phase":"measure","rows":4,"sample":2,"src_nb":[4,3145728,3145744,12582976],"src_ne":[786432,1,4,1],"wall_us":474.208,"width":786432}
M5_COPY_CALL {"copy_bytes":12582912,"dst_nb":[4,3145728,18874368,75497472],"dst_ne":[786432,1,4,1],"layout":"strided","phase":"measure","rows":4,"sample":3,"src_nb":[4,3145728,3145744,12582976],"src_ne":[786432,1,4,1],"width":786432}
M5_PROFILE {"context":"74e0de4000","graph":136,"cb":1,"original_nodes":3,"gpu_start_s":244999.118701042,"gpu_end_s":244999.118913500,"gpu_ms":0.212458,"valid":true,"completed":true,"op_counts":{"CPY":1,"VIEW":2}}
M5_COPY_RETURN {"copy_bytes":12582912,"dst_nb":[4,3145728,18874368,75497472],"dst_ne":[786432,1,4,1],"layout":"strided","phase":"measure","rows":4,"sample":3,"src_nb":[4,3145728,3145744,12582976],"src_ne":[786432,1,4,1],"wall_us":397.208,"width":786432}
M5_COPY_CALL {"copy_bytes":12582912,"dst_nb":[4,3145728,18874368,75497472],"dst_ne":[786432,1,4,1],"layout":"strided","phase":"measure","rows":4,"sample":4,"src_nb":[4,3145728,3145744,12582976],"src_ne":[786432,1,4,1],"width":786432}
M5_PROFILE {"context":"74e0de4000","graph":137,"cb":1,"original_nodes":3,"gpu_start_s":244999.119097000,"gpu_end_s":244999.119309625,"gpu_ms":0.212625,"valid":true,"completed":true,"op_counts":{"CPY":1,"VIEW":2}}
M5_COPY_RETURN {"copy_bytes":12582912,"dst_nb":[4,3145728,18874368,75497472],"dst_ne":[786432,1,4,1],"layout":"strided","phase":"measure","rows":4,"sample":4,"src_nb":[4,3145728,3145744,12582976],"src_ne":[786432,1,4,1],"wall_us":474.5,"width":786432}
M5_COPY_CALL {"copy_bytes":12582912,"dst_nb":[4,3145728,18874368,75497472],"dst_ne":[786432,1,4,1],"layout":"strided","phase":"measure","rows":4,"sample":5,"src_nb":[4,3145728,3145744,12582976],"src_ne":[786432,1,4,1],"width":786432}
M5_PROFILE {"context":"74e0de4000","graph":138,"cb":1,"original_nodes":3,"gpu_start_s":244999.119607500,"gpu_end_s":244999.119819917,"gpu_ms":0.212417,"valid":true,"completed":true,"op_counts":{"CPY":1,"VIEW":2}}
M5_COPY_RETURN {"copy_bytes":12582912,"dst_nb":[4,3145728,18874368,75497472],"dst_ne":[786432,1,4,1],"layout":"strided","phase":"measure","rows":4,"sample":5,"src_nb":[4,3145728,3145744,12582976],"src_ne":[786432,1,4,1],"wall_us":389.958,"width":786432}
M5_COPY_CALL {"copy_bytes":12582912,"dst_nb":[4,3145728,18874368,75497472],"dst_ne":[786432,1,4,1],"layout":"strided","phase":"measure","rows":4,"sample":6,"src_nb":[4,3145728,3145744,12582976],"src_ne":[786432,1,4,1],"width":786432}
M5_PROFILE {"context":"74e0de4000","graph":139,"cb":1,"original_nodes":3,"gpu_start_s":244999.119996917,"gpu_end_s":244999.120209625,"gpu_ms":0.212708,"valid":true,"completed":true,"op_counts":{"CPY":1,"VIEW":2}}
M5_COPY_RETURN {"copy_bytes":12582912,"dst_nb":[4,3145728,18874368,75497472],"dst_ne":[786432,1,4,1],"layout":"strided","phase":"measure","rows":4,"sample":6,"src_nb":[4,3145728,3145744,12582976],"src_ne":[786432,1,4,1],"wall_us":470.166,"width":786432}
M5_COPY_CALL {"copy_bytes":12582912,"dst_nb":[4,3145728,18874368,75497472],"dst_ne":[786432,1,4,1],"layout":"strided","phase":"measure","rows":4,"sample":7,"src_nb":[4,3145728,3145744,12582976],"src_ne":[786432,1,4,1],"width":786432}
M5_PROFILE {"context":"74e0de4000","graph":140,"cb":1,"original_nodes":3,"gpu_start_s":244999.120502917,"gpu_end_s":244999.120715250,"gpu_ms":0.212333,"valid":true,"completed":true,"op_counts":{"CPY":1,"VIEW":2}}
M5_COPY_RETURN {"copy_bytes":12582912,"dst_nb":[4,3145728,18874368,75497472],"dst_ne":[786432,1,4,1],"layout":"strided","phase":"measure","rows":4,"sample":7,"src_nb":[4,3145728,3145744,12582976],"src_ne":[786432,1,4,1],"wall_us":382.167,"width":786432}
M5_COPY_CALL {"copy_bytes":12582912,"dst_nb":[4,3145728,18874368,75497472],"dst_ne":[786432,1,4,1],"layout":"strided","phase":"measure","rows":4,"sample":8,"src_nb":[4,3145728,3145744,12582976],"src_ne":[786432,1,4,1],"width":786432}
M5_PROFILE {"context":"74e0de4000","graph":141,"cb":1,"original_nodes":3,"gpu_start_s":244999.120891542,"gpu_end_s":244999.121103917,"gpu_ms":0.212375,"valid":true,"completed":true,"op_counts":{"CPY":1,"VIEW":2}}
M5_COPY_RETURN {"copy_bytes":12582912,"dst_nb":[4,3145728,18874368,75497472],"dst_ne":[786432,1,4,1],"layout":"strided","phase":"measure","rows":4,"sample":8,"src_nb":[4,3145728,3145744,12582976],"src_ne":[786432,1,4,1],"wall_us":385.458,"width":786432}
M5_COPY_CALL {"copy_bytes":12582912,"dst_nb":[4,3145728,18874368,75497472],"dst_ne":[786432,1,4,1],"layout":"strided","phase":"measure","rows":4,"sample":9,"src_nb":[4,3145728,3145744,12582976],"src_ne":[786432,1,4,1],"width":786432}
M5_PROFILE {"context":"74e0de4000","graph":142,"cb":1,"original_nodes":3,"gpu_start_s":244999.121287417,"gpu_end_s":244999.121499667,"gpu_ms":0.212250,"valid":true,"completed":true,"op_counts":{"CPY":1,"VIEW":2}}
M5_COPY_RETURN {"copy_bytes":12582912,"dst_nb":[4,3145728,18874368,75497472],"dst_ne":[786432,1,4,1],"layout":"strided","phase":"measure","rows":4,"sample":9,"src_nb":[4,3145728,3145744,12582976],"src_ne":[786432,1,4,1],"wall_us":392.25,"width":786432}
M5_COPY_CALL {"copy_bytes":12582912,"dst_nb":[4,3145728,18874368,75497472],"dst_ne":[786432,1,4,1],"layout":"strided","phase":"measure","rows":4,"sample":10,"src_nb":[4,3145728,3145744,12582976],"src_ne":[786432,1,4,1],"width":786432}
M5_PROFILE {"context":"74e0de4000","graph":143,"cb":1,"original_nodes":3,"gpu_start_s":244999.121699667,"gpu_end_s":244999.121912167,"gpu_ms":0.212500,"valid":true,"completed":true,"op_counts":{"CPY":1,"VIEW":2}}
M5_COPY_RETURN {"copy_bytes":12582912,"dst_nb":[4,3145728,18874368,75497472],"dst_ne":[786432,1,4,1],"layout":"strided","phase":"measure","rows":4,"sample":10,"src_nb":[4,3145728,3145744,12582976],"src_ne":[786432,1,4,1],"wall_us":404.875,"width":786432}
M5_COPY_CALL {"copy_bytes":12582912,"dst_nb":[4,3145728,18874368,75497472],"dst_ne":[786432,1,4,1],"layout":"strided","phase":"measure","rows":4,"sample":11,"src_nb":[4,3145728,3145744,12582976],"src_ne":[786432,1,4,1],"width":786432}
M5_PROFILE {"context":"74e0de4000","graph":144,"cb":1,"original_nodes":3,"gpu_start_s":244999.122098000,"gpu_end_s":244999.122310375,"gpu_ms":0.212375,"valid":true,"completed":true,"op_counts":{"CPY":1,"VIEW":2}}
M5_COPY_RETURN {"copy_bytes":12582912,"dst_nb":[4,3145728,18874368,75497472],"dst_ne":[786432,1,4,1],"layout":"strided","phase":"measure","rows":4,"sample":11,"src_nb":[4,3145728,3145744,12582976],"src_ne":[786432,1,4,1],"wall_us":388.5,"width":786432}
M5_COPY_CALL {"copy_bytes":12582912,"dst_nb":[4,3145728,18874368,75497472],"dst_ne":[786432,1,4,1],"layout":"strided","phase":"measure","rows":4,"sample":12,"src_nb":[4,3145728,3145744,12582976],"src_ne":[786432,1,4,1],"width":786432}
M5_PROFILE {"context":"74e0de4000","graph":145,"cb":1,"original_nodes":3,"gpu_start_s":244999.122491500,"gpu_end_s":244999.122703917,"gpu_ms":0.212417,"valid":true,"completed":true,"op_counts":{"CPY":1,"VIEW":2}}
M5_COPY_RETURN {"copy_bytes":12582912,"dst_nb":[4,3145728,18874368,75497472],"dst_ne":[786432,1,4,1],"layout":"strided","phase":"measure","rows":4,"sample":12,"src_nb":[4,3145728,3145744,12582976],"src_ne":[786432,1,4,1],"wall_us":471.959,"width":786432}
M5_COPY_CALL {"copy_bytes":12582912,"dst_nb":[4,3145728,18874368,75497472],"dst_ne":[786432,1,4,1],"layout":"strided","phase":"measure","rows":4,"sample":13,"src_nb":[4,3145728,3145744,12582976],"src_ne":[786432,1,4,1],"width":786432}
M5_PROFILE {"context":"74e0de4000","graph":146,"cb":1,"original_nodes":3,"gpu_start_s":244999.122993500,"gpu_end_s":244999.123340750,"gpu_ms":0.347250,"valid":true,"completed":true,"op_counts":{"CPY":1,"VIEW":2}}
M5_COPY_RETURN {"copy_bytes":12582912,"dst_nb":[4,3145728,18874368,75497472],"dst_ne":[786432,1,4,1],"layout":"strided","phase":"measure","rows":4,"sample":13,"src_nb":[4,3145728,3145744,12582976],"src_ne":[786432,1,4,1],"wall_us":521.125,"width":786432}
M5_COPY_CALL {"copy_bytes":12582912,"dst_nb":[4,3145728,18874368,75497472],"dst_ne":[786432,1,4,1],"layout":"strided","phase":"measure","rows":4,"sample":14,"src_nb":[4,3145728,3145744,12582976],"src_ne":[786432,1,4,1],"width":786432}
M5_PROFILE {"context":"74e0de4000","graph":147,"cb":1,"original_nodes":3,"gpu_start_s":244999.123556125,"gpu_end_s":244999.123903750,"gpu_ms":0.347625,"valid":true,"completed":true,"op_counts":{"CPY":1,"VIEW":2}}
M5_COPY_RETURN {"copy_bytes":12582912,"dst_nb":[4,3145728,18874368,75497472],"dst_ne":[786432,1,4,1],"layout":"strided","phase":"measure","rows":4,"sample":14,"src_nb":[4,3145728,3145744,12582976],"src_ne":[786432,1,4,1],"wall_us":556.125,"width":786432}
M5_COPY_CALL {"copy_bytes":12582912,"dst_nb":[4,3145728,18874368,75497472],"dst_ne":[786432,1,4,1],"layout":"strided","phase":"measure","rows":4,"sample":15,"src_nb":[4,3145728,3145744,12582976],"src_ne":[786432,1,4,1],"width":786432}
M5_PROFILE {"context":"74e0de4000","graph":148,"cb":1,"original_nodes":3,"gpu_start_s":244999.124093917,"gpu_end_s":244999.124422000,"gpu_ms":0.328083,"valid":true,"completed":true,"op_counts":{"CPY":1,"VIEW":2}}
M5_COPY_RETURN {"copy_bytes":12582912,"dst_nb":[4,3145728,18874368,75497472],"dst_ne":[786432,1,4,1],"layout":"strided","phase":"measure","rows":4,"sample":15,"src_nb":[4,3145728,3145744,12582976],"src_ne":[786432,1,4,1],"wall_us":510.417,"width":786432}
M5_COPY_CALL {"copy_bytes":12582912,"dst_nb":[4,3145728,18874368,75497472],"dst_ne":[786432,1,4,1],"layout":"strided","phase":"measure","rows":4,"sample":16,"src_nb":[4,3145728,3145744,12582976],"src_ne":[786432,1,4,1],"width":786432}
M5_PROFILE {"context":"74e0de4000","graph":149,"cb":1,"original_nodes":3,"gpu_start_s":244999.124659792,"gpu_end_s":244999.124977000,"gpu_ms":0.317208,"valid":true,"completed":true,"op_counts":{"CPY":1,"VIEW":2}}
M5_COPY_RETURN {"copy_bytes":12582912,"dst_nb":[4,3145728,18874368,75497472],"dst_ne":[786432,1,4,1],"layout":"strided","phase":"measure","rows":4,"sample":16,"src_nb":[4,3145728,3145744,12582976],"src_ne":[786432,1,4,1],"wall_us":549.708,"width":786432}
M5_COPY_CALL {"copy_bytes":12582912,"dst_nb":[4,3145728,18874368,75497472],"dst_ne":[786432,1,4,1],"layout":"strided","phase":"measure","rows":4,"sample":17,"src_nb":[4,3145728,3145744,12582976],"src_ne":[786432,1,4,1],"width":786432}
M5_PROFILE {"context":"74e0de4000","graph":150,"cb":1,"original_nodes":3,"gpu_start_s":244999.125156375,"gpu_end_s":244999.125473500,"gpu_ms":0.317125,"valid":true,"completed":true,"op_counts":{"CPY":1,"VIEW":2}}
M5_COPY_RETURN {"copy_bytes":12582912,"dst_nb":[4,3145728,18874368,75497472],"dst_ne":[786432,1,4,1],"layout":"strided","phase":"measure","rows":4,"sample":17,"src_nb":[4,3145728,3145744,12582976],"src_ne":[786432,1,4,1],"wall_us":534.041,"width":786432}
M5_COPY_CALL {"copy_bytes":12582912,"dst_nb":[4,3145728,18874368,75497472],"dst_ne":[786432,1,4,1],"layout":"strided","phase":"measure","rows":4,"sample":18,"src_nb":[4,3145728,3145744,12582976],"src_ne":[786432,1,4,1],"width":786432}
M5_PROFILE {"context":"74e0de4000","graph":151,"cb":1,"original_nodes":3,"gpu_start_s":244999.125717000,"gpu_end_s":244999.126033875,"gpu_ms":0.316875,"valid":true,"completed":true,"op_counts":{"CPY":1,"VIEW":2}}
M5_COPY_RETURN {"copy_bytes":12582912,"dst_nb":[4,3145728,18874368,75497472],"dst_ne":[786432,1,4,1],"layout":"strided","phase":"measure","rows":4,"sample":18,"src_nb":[4,3145728,3145744,12582976],"src_ne":[786432,1,4,1],"wall_us":496.334,"width":786432}
M5_COPY_CALL {"copy_bytes":12582912,"dst_nb":[4,3145728,18874368,75497472],"dst_ne":[786432,1,4,1],"layout":"strided","phase":"measure","rows":4,"sample":19,"src_nb":[4,3145728,3145744,12582976],"src_ne":[786432,1,4,1],"width":786432}
M5_PROFILE {"context":"74e0de4000","graph":152,"cb":1,"original_nodes":3,"gpu_start_s":244999.126212500,"gpu_end_s":244999.126531875,"gpu_ms":0.319375,"valid":true,"completed":true,"op_counts":{"CPY":1,"VIEW":2}}
M5_COPY_RETURN {"copy_bytes":12582912,"dst_nb":[4,3145728,18874368,75497472],"dst_ne":[786432,1,4,1],"layout":"strided","phase":"measure","rows":4,"sample":19,"src_nb":[4,3145728,3145744,12582976],"src_ne":[786432,1,4,1],"wall_us":485.166,"width":786432}
M5_COPY_CALL {"copy_bytes":12582912,"dst_nb":[4,3145728,18874368,75497472],"dst_ne":[786432,1,4,1],"layout":"strided","phase":"measure","rows":4,"sample":20,"src_nb":[4,3145728,3145744,12582976],"src_ne":[786432,1,4,1],"width":786432}
M5_PROFILE {"context":"74e0de4000","graph":153,"cb":1,"original_nodes":3,"gpu_start_s":244999.126727625,"gpu_end_s":244999.127046792,"gpu_ms":0.319167,"valid":true,"completed":true,"op_counts":{"CPY":1,"VIEW":2}}
M5_COPY_RETURN {"copy_bytes":12582912,"dst_nb":[4,3145728,18874368,75497472],"dst_ne":[786432,1,4,1],"layout":"strided","phase":"measure","rows":4,"sample":20,"src_nb":[4,3145728,3145744,12582976],"src_ne":[786432,1,4,1],"wall_us":506.834,"width":786432}
M5_COPY_CALL {"copy_bytes":12582912,"dst_nb":[4,3145728,18874368,75497472],"dst_ne":[786432,1,4,1],"layout":"strided","phase":"measure","rows":4,"sample":21,"src_nb":[4,3145728,3145744,12582976],"src_ne":[786432,1,4,1],"width":786432}
M5_PROFILE {"context":"74e0de4000","graph":154,"cb":1,"original_nodes":3,"gpu_start_s":244999.127249667,"gpu_end_s":244999.127566625,"gpu_ms":0.316958,"valid":true,"completed":true,"op_counts":{"CPY":1,"VIEW":2}}
M5_COPY_RETURN {"copy_bytes":12582912,"dst_nb":[4,3145728,18874368,75497472],"dst_ne":[786432,1,4,1],"layout":"strided","phase":"measure","rows":4,"sample":21,"src_nb":[4,3145728,3145744,12582976],"src_ne":[786432,1,4,1],"wall_us":511.75,"width":786432}
M5_COPY_CALL {"copy_bytes":12582912,"dst_nb":[4,3145728,18874368,75497472],"dst_ne":[786432,1,4,1],"layout":"strided","phase":"measure","rows":4,"sample":22,"src_nb":[4,3145728,3145744,12582976],"src_ne":[786432,1,4,1],"width":786432}
M5_PROFILE {"context":"74e0de4000","graph":155,"cb":1,"original_nodes":3,"gpu_start_s":244999.127748625,"gpu_end_s":244999.128067625,"gpu_ms":0.319000,"valid":true,"completed":true,"op_counts":{"CPY":1,"VIEW":2}}
M5_COPY_RETURN {"copy_bytes":12582912,"dst_nb":[4,3145728,18874368,75497472],"dst_ne":[786432,1,4,1],"layout":"strided","phase":"measure","rows":4,"sample":22,"src_nb":[4,3145728,3145744,12582976],"src_ne":[786432,1,4,1],"wall_us":495.583,"width":786432}
M5_COPY_CALL {"copy_bytes":12582912,"dst_nb":[4,3145728,18874368,75497472],"dst_ne":[786432,1,4,1],"layout":"strided","phase":"measure","rows":4,"sample":23,"src_nb":[4,3145728,3145744,12582976],"src_ne":[786432,1,4,1],"width":786432}
M5_PROFILE {"context":"74e0de4000","graph":156,"cb":1,"original_nodes":3,"gpu_start_s":244999.128261625,"gpu_end_s":244999.128581167,"gpu_ms":0.319542,"valid":true,"completed":true,"op_counts":{"CPY":1,"VIEW":2}}
M5_COPY_RETURN {"copy_bytes":12582912,"dst_nb":[4,3145728,18874368,75497472],"dst_ne":[786432,1,4,1],"layout":"strided","phase":"measure","rows":4,"sample":23,"src_nb":[4,3145728,3145744,12582976],"src_ne":[786432,1,4,1],"wall_us":505.042,"width":786432}
M5_COPY_CALL {"copy_bytes":12582912,"dst_nb":[4,3145728,18874368,75497472],"dst_ne":[786432,1,4,1],"layout":"strided","phase":"measure","rows":4,"sample":24,"src_nb":[4,3145728,3145744,12582976],"src_ne":[786432,1,4,1],"width":786432}
M5_PROFILE {"context":"74e0de4000","graph":157,"cb":1,"original_nodes":3,"gpu_start_s":244999.128773500,"gpu_end_s":244999.129092667,"gpu_ms":0.319167,"valid":true,"completed":true,"op_counts":{"CPY":1,"VIEW":2}}
M5_COPY_RETURN {"copy_bytes":12582912,"dst_nb":[4,3145728,18874368,75497472],"dst_ne":[786432,1,4,1],"layout":"strided","phase":"measure","rows":4,"sample":24,"src_nb":[4,3145728,3145744,12582976],"src_ne":[786432,1,4,1],"wall_us":505.667,"width":786432}
M5_COPY_CALL {"copy_bytes":12582912,"dst_nb":[4,3145728,18874368,75497472],"dst_ne":[786432,1,4,1],"layout":"strided","phase":"measure","rows":4,"sample":25,"src_nb":[4,3145728,3145744,12582976],"src_ne":[786432,1,4,1],"width":786432}
M5_PROFILE {"context":"74e0de4000","graph":158,"cb":1,"original_nodes":3,"gpu_start_s":244999.129285125,"gpu_end_s":244999.129602292,"gpu_ms":0.317167,"valid":true,"completed":true,"op_counts":{"CPY":1,"VIEW":2}}
M5_COPY_RETURN {"copy_bytes":12582912,"dst_nb":[4,3145728,18874368,75497472],"dst_ne":[786432,1,4,1],"layout":"strided","phase":"measure","rows":4,"sample":25,"src_nb":[4,3145728,3145744,12582976],"src_ne":[786432,1,4,1],"wall_us":498.209,"width":786432}
M5_COPY_CALL {"copy_bytes":12582912,"dst_nb":[4,3145728,18874368,75497472],"dst_ne":[786432,1,4,1],"layout":"strided","phase":"measure","rows":4,"sample":26,"src_nb":[4,3145728,3145744,12582976],"src_ne":[786432,1,4,1],"width":786432}
M5_PROFILE {"context":"74e0de4000","graph":159,"cb":1,"original_nodes":3,"gpu_start_s":244999.129794250,"gpu_end_s":244999.130112875,"gpu_ms":0.318625,"valid":true,"completed":true,"op_counts":{"CPY":1,"VIEW":2}}
M5_COPY_RETURN {"copy_bytes":12582912,"dst_nb":[4,3145728,18874368,75497472],"dst_ne":[786432,1,4,1],"layout":"strided","phase":"measure","rows":4,"sample":26,"src_nb":[4,3145728,3145744,12582976],"src_ne":[786432,1,4,1],"wall_us":508.958,"width":786432}
M5_COPY_CALL {"copy_bytes":12582912,"dst_nb":[4,3145728,18874368,75497472],"dst_ne":[786432,1,4,1],"layout":"strided","phase":"measure","rows":4,"sample":27,"src_nb":[4,3145728,3145744,12582976],"src_ne":[786432,1,4,1],"width":786432}
M5_PROFILE {"context":"74e0de4000","graph":160,"cb":1,"original_nodes":3,"gpu_start_s":244999.130309375,"gpu_end_s":244999.130628542,"gpu_ms":0.319167,"valid":true,"completed":true,"op_counts":{"CPY":1,"VIEW":2}}
M5_COPY_RETURN {"copy_bytes":12582912,"dst_nb":[4,3145728,18874368,75497472],"dst_ne":[786432,1,4,1],"layout":"strided","phase":"measure","rows":4,"sample":27,"src_nb":[4,3145728,3145744,12582976],"src_ne":[786432,1,4,1],"wall_us":508.875,"width":786432}
M5_COPY_CALL {"copy_bytes":12582912,"dst_nb":[4,3145728,18874368,75497472],"dst_ne":[786432,1,4,1],"layout":"strided","phase":"measure","rows":4,"sample":28,"src_nb":[4,3145728,3145744,12582976],"src_ne":[786432,1,4,1],"width":786432}
M5_PROFILE {"context":"74e0de4000","graph":161,"cb":1,"original_nodes":3,"gpu_start_s":244999.130821375,"gpu_end_s":244999.131153250,"gpu_ms":0.331875,"valid":true,"completed":true,"op_counts":{"CPY":1,"VIEW":2}}
M5_COPY_RETURN {"copy_bytes":12582912,"dst_nb":[4,3145728,18874368,75497472],"dst_ne":[786432,1,4,1],"layout":"strided","phase":"measure","rows":4,"sample":28,"src_nb":[4,3145728,3145744,12582976],"src_ne":[786432,1,4,1],"wall_us":514.709,"width":786432}
M5_COPY_CALL {"copy_bytes":12582912,"dst_nb":[4,3145728,18874368,75497472],"dst_ne":[786432,1,4,1],"layout":"strided","phase":"measure","rows":4,"sample":29,"src_nb":[4,3145728,3145744,12582976],"src_ne":[786432,1,4,1],"width":786432}
M5_PROFILE {"context":"74e0de4000","graph":162,"cb":1,"original_nodes":3,"gpu_start_s":244999.131355667,"gpu_end_s":244999.131703875,"gpu_ms":0.348208,"valid":true,"completed":true,"op_counts":{"CPY":1,"VIEW":2}}
M5_COPY_RETURN {"copy_bytes":12582912,"dst_nb":[4,3145728,18874368,75497472],"dst_ne":[786432,1,4,1],"layout":"strided","phase":"measure","rows":4,"sample":29,"src_nb":[4,3145728,3145744,12582976],"src_ne":[786432,1,4,1],"wall_us":547.208,"width":786432}
M5_COPY_CALL {"copy_bytes":12582912,"dst_nb":[4,3145728,18874368,75497472],"dst_ne":[786432,1,4,1],"layout":"strided","phase":"measure","rows":4,"sample":30,"src_nb":[4,3145728,3145744,12582976],"src_ne":[786432,1,4,1],"width":786432}
M5_PROFILE {"context":"74e0de4000","graph":163,"cb":1,"original_nodes":3,"gpu_start_s":244999.131902625,"gpu_end_s":244999.132250417,"gpu_ms":0.347792,"valid":true,"completed":true,"op_counts":{"CPY":1,"VIEW":2}}
M5_COPY_RETURN {"copy_bytes":12582912,"dst_nb":[4,3145728,18874368,75497472],"dst_ne":[786432,1,4,1],"layout":"strided","phase":"measure","rows":4,"sample":30,"src_nb":[4,3145728,3145744,12582976],"src_ne":[786432,1,4,1],"wall_us":533.083,"width":786432}
M5_COPY_CALL {"copy_bytes":12582912,"dst_nb":[4,3145728,18874368,75497472],"dst_ne":[786432,1,4,1],"layout":"strided","phase":"measure","rows":4,"sample":31,"src_nb":[4,3145728,3145744,12582976],"src_ne":[786432,1,4,1],"width":786432}
M5_PROFILE {"context":"74e0de4000","graph":164,"cb":1,"original_nodes":3,"gpu_start_s":244999.132437250,"gpu_end_s":244999.132764542,"gpu_ms":0.327292,"valid":true,"completed":true,"op_counts":{"CPY":1,"VIEW":2}}
M5_COPY_RETURN {"copy_bytes":12582912,"dst_nb":[4,3145728,18874368,75497472],"dst_ne":[786432,1,4,1],"layout":"strided","phase":"measure","rows":4,"sample":31,"src_nb":[4,3145728,3145744,12582976],"src_ne":[786432,1,4,1],"wall_us":509.417,"width":786432}
M5_COPY_CALL {"copy_bytes":12582912,"dst_nb":[4,3145728,18874368,75497472],"dst_ne":[786432,1,4,1],"layout":"strided","phase":"measure","rows":4,"sample":32,"src_nb":[4,3145728,3145744,12582976],"src_ne":[786432,1,4,1],"width":786432}
M5_PROFILE {"context":"74e0de4000","graph":165,"cb":1,"original_nodes":3,"gpu_start_s":244999.132946417,"gpu_end_s":244999.133265917,"gpu_ms":0.319500,"valid":true,"completed":true,"op_counts":{"CPY":1,"VIEW":2}}
M5_COPY_RETURN {"copy_bytes":12582912,"dst_nb":[4,3145728,18874368,75497472],"dst_ne":[786432,1,4,1],"layout":"strided","phase":"measure","rows":4,"sample":32,"src_nb":[4,3145728,3145744,12582976],"src_ne":[786432,1,4,1],"wall_us":500.0,"width":786432}
M5_COPY_CALL {"copy_bytes":12582912,"dst_nb":[4,3145728,18874368,75497472],"dst_ne":[786432,1,4,1],"layout":"strided","phase":"measure","rows":4,"sample":33,"src_nb":[4,3145728,3145744,12582976],"src_ne":[786432,1,4,1],"width":786432}
M5_PROFILE {"context":"74e0de4000","graph":166,"cb":1,"original_nodes":3,"gpu_start_s":244999.133462500,"gpu_end_s":244999.133781750,"gpu_ms":0.319250,"valid":true,"completed":true,"op_counts":{"CPY":1,"VIEW":2}}
M5_COPY_RETURN {"copy_bytes":12582912,"dst_nb":[4,3145728,18874368,75497472],"dst_ne":[786432,1,4,1],"layout":"strided","phase":"measure","rows":4,"sample":33,"src_nb":[4,3145728,3145744,12582976],"src_ne":[786432,1,4,1],"wall_us":511.583,"width":786432}
M5_COPY_CALL {"copy_bytes":12582912,"dst_nb":[4,3145728,18874368,75497472],"dst_ne":[786432,1,4,1],"layout":"strided","phase":"measure","rows":4,"sample":34,"src_nb":[4,3145728,3145744,12582976],"src_ne":[786432,1,4,1],"width":786432}
M5_PROFILE {"context":"74e0de4000","graph":167,"cb":1,"original_nodes":3,"gpu_start_s":244999.133962000,"gpu_end_s":244999.134279250,"gpu_ms":0.317250,"valid":true,"completed":true,"op_counts":{"CPY":1,"VIEW":2}}
M5_COPY_RETURN {"copy_bytes":12582912,"dst_nb":[4,3145728,18874368,75497472],"dst_ne":[786432,1,4,1],"layout":"strided","phase":"measure","rows":4,"sample":34,"src_nb":[4,3145728,3145744,12582976],"src_ne":[786432,1,4,1],"wall_us":476.625,"width":786432}
M5_COPY_CALL {"copy_bytes":12582912,"dst_nb":[4,3145728,18874368,75497472],"dst_ne":[786432,1,4,1],"layout":"strided","phase":"measure","rows":4,"sample":35,"src_nb":[4,3145728,3145744,12582976],"src_ne":[786432,1,4,1],"width":786432}
M5_PROFILE {"context":"74e0de4000","graph":168,"cb":1,"original_nodes":3,"gpu_start_s":244999.134444000,"gpu_end_s":244999.134763417,"gpu_ms":0.319417,"valid":true,"completed":true,"op_counts":{"CPY":1,"VIEW":2}}
M5_COPY_RETURN {"copy_bytes":12582912,"dst_nb":[4,3145728,18874368,75497472],"dst_ne":[786432,1,4,1],"layout":"strided","phase":"measure","rows":4,"sample":35,"src_nb":[4,3145728,3145744,12582976],"src_ne":[786432,1,4,1],"wall_us":482.875,"width":786432}
M5_COPY_CALL {"copy_bytes":12582912,"dst_nb":[4,3145728,18874368,75497472],"dst_ne":[786432,1,4,1],"layout":"strided","phase":"measure","rows":4,"sample":36,"src_nb":[4,3145728,3145744,12582976],"src_ne":[786432,1,4,1],"width":786432}
M5_PROFILE {"context":"74e0de4000","graph":169,"cb":1,"original_nodes":3,"gpu_start_s":244999.134970542,"gpu_end_s":244999.135287500,"gpu_ms":0.316958,"valid":true,"completed":true,"op_counts":{"CPY":1,"VIEW":2}}
M5_COPY_RETURN {"copy_bytes":12582912,"dst_nb":[4,3145728,18874368,75497472],"dst_ne":[786432,1,4,1],"layout":"strided","phase":"measure","rows":4,"sample":36,"src_nb":[4,3145728,3145744,12582976],"src_ne":[786432,1,4,1],"wall_us":508.917,"width":786432}
M5_COPY_CALL {"copy_bytes":12582912,"dst_nb":[4,3145728,18874368,75497472],"dst_ne":[786432,1,4,1],"layout":"strided","phase":"measure","rows":4,"sample":37,"src_nb":[4,3145728,3145744,12582976],"src_ne":[786432,1,4,1],"width":786432}
M5_PROFILE {"context":"74e0de4000","graph":170,"cb":1,"original_nodes":3,"gpu_start_s":244999.135512500,"gpu_end_s":244999.135831750,"gpu_ms":0.319250,"valid":true,"completed":true,"op_counts":{"CPY":1,"VIEW":2}}
M5_COPY_RETURN {"copy_bytes":12582912,"dst_nb":[4,3145728,18874368,75497472],"dst_ne":[786432,1,4,1],"layout":"strided","phase":"measure","rows":4,"sample":37,"src_nb":[4,3145728,3145744,12582976],"src_ne":[786432,1,4,1],"wall_us":546.291,"width":786432}
M5_COPY_CALL {"copy_bytes":12582912,"dst_nb":[4,3145728,18874368,75497472],"dst_ne":[786432,1,4,1],"layout":"strided","phase":"measure","rows":4,"sample":38,"src_nb":[4,3145728,3145744,12582976],"src_ne":[786432,1,4,1],"width":786432}
M5_PROFILE {"context":"74e0de4000","graph":171,"cb":1,"original_nodes":3,"gpu_start_s":244999.136024500,"gpu_end_s":244999.136341917,"gpu_ms":0.317417,"valid":true,"completed":true,"op_counts":{"CPY":1,"VIEW":2}}
M5_COPY_RETURN {"copy_bytes":12582912,"dst_nb":[4,3145728,18874368,75497472],"dst_ne":[786432,1,4,1],"layout":"strided","phase":"measure","rows":4,"sample":38,"src_nb":[4,3145728,3145744,12582976],"src_ne":[786432,1,4,1],"wall_us":588.084,"width":786432}
M5_COPY_CALL {"copy_bytes":12582912,"dst_nb":[4,3145728,18874368,75497472],"dst_ne":[786432,1,4,1],"layout":"strided","phase":"measure","rows":4,"sample":39,"src_nb":[4,3145728,3145744,12582976],"src_ne":[786432,1,4,1],"width":786432}
M5_PROFILE {"context":"74e0de4000","graph":172,"cb":1,"original_nodes":3,"gpu_start_s":244999.136633875,"gpu_end_s":244999.136952417,"gpu_ms":0.318542,"valid":true,"completed":true,"op_counts":{"CPY":1,"VIEW":2}}
M5_COPY_RETURN {"copy_bytes":12582912,"dst_nb":[4,3145728,18874368,75497472],"dst_ne":[786432,1,4,1],"layout":"strided","phase":"measure","rows":4,"sample":39,"src_nb":[4,3145728,3145744,12582976],"src_ne":[786432,1,4,1],"wall_us":501.292,"width":786432}
M5_COPY_PASS {"copy_bytes":12582912,"dst_nb":[4,3145728,18874368,75497472],"dst_ne":[786432,1,4,1],"layout":"strided","rows":4,"src_nb":[4,3145728,3145744,12582976],"src_ne":[786432,1,4,1],"width":786432}
M5_COPY_CALL {"copy_bytes":15728640,"dst_nb":[4,3145728,3145728,15728640],"dst_ne":[786432,1,5,1],"layout":"contiguous","phase":"warmup","rows":5,"sample":-3,"src_nb":[4,3145728,3145728,15728640],"src_ne":[786432,1,5,1],"width":786432}
M5_PROFILE {"context":"74e0de4000","graph":173,"cb":1,"original_nodes":3,"gpu_start_s":244999.164780250,"gpu_end_s":244999.165194625,"gpu_ms":0.414375,"valid":true,"completed":true,"op_counts":{"CPY":1,"VIEW":2}}
M5_COPY_RETURN {"copy_bytes":15728640,"dst_nb":[4,3145728,3145728,15728640],"dst_ne":[786432,1,5,1],"layout":"contiguous","phase":"warmup","rows":5,"sample":-3,"src_nb":[4,3145728,3145728,15728640],"src_ne":[786432,1,5,1],"wall_us":1437.917,"width":786432}
M5_COPY_CALL {"copy_bytes":15728640,"dst_nb":[4,3145728,3145728,15728640],"dst_ne":[786432,1,5,1],"layout":"contiguous","phase":"warmup","rows":5,"sample":-2,"src_nb":[4,3145728,3145728,15728640],"src_ne":[786432,1,5,1],"width":786432}
M5_PROFILE {"context":"74e0de4000","graph":174,"cb":1,"original_nodes":3,"gpu_start_s":244999.165415625,"gpu_end_s":244999.165690542,"gpu_ms":0.274917,"valid":true,"completed":true,"op_counts":{"CPY":1,"VIEW":2}}
M5_COPY_RETURN {"copy_bytes":15728640,"dst_nb":[4,3145728,3145728,15728640],"dst_ne":[786432,1,5,1],"layout":"contiguous","phase":"warmup","rows":5,"sample":-2,"src_nb":[4,3145728,3145728,15728640],"src_ne":[786432,1,5,1],"wall_us":581.166,"width":786432}
M5_COPY_CALL {"copy_bytes":15728640,"dst_nb":[4,3145728,3145728,15728640],"dst_ne":[786432,1,5,1],"layout":"contiguous","phase":"warmup","rows":5,"sample":-1,"src_nb":[4,3145728,3145728,15728640],"src_ne":[786432,1,5,1],"width":786432}
M5_PROFILE {"context":"74e0de4000","graph":175,"cb":1,"original_nodes":3,"gpu_start_s":244999.165988500,"gpu_end_s":244999.166263125,"gpu_ms":0.274625,"valid":true,"completed":true,"op_counts":{"CPY":1,"VIEW":2}}
M5_COPY_RETURN {"copy_bytes":15728640,"dst_nb":[4,3145728,3145728,15728640],"dst_ne":[786432,1,5,1],"layout":"contiguous","phase":"warmup","rows":5,"sample":-1,"src_nb":[4,3145728,3145728,15728640],"src_ne":[786432,1,5,1],"wall_us":446.792,"width":786432}
M5_COPY_CALL {"copy_bytes":15728640,"dst_nb":[4,3145728,3145728,15728640],"dst_ne":[786432,1,5,1],"layout":"contiguous","phase":"measure","rows":5,"sample":0,"src_nb":[4,3145728,3145728,15728640],"src_ne":[786432,1,5,1],"width":786432}
M5_PROFILE {"context":"74e0de4000","graph":176,"cb":1,"original_nodes":3,"gpu_start_s":244999.166505125,"gpu_end_s":244999.166779750,"gpu_ms":0.274625,"valid":true,"completed":true,"op_counts":{"CPY":1,"VIEW":2}}
M5_COPY_RETURN {"copy_bytes":15728640,"dst_nb":[4,3145728,3145728,15728640],"dst_ne":[786432,1,5,1],"layout":"contiguous","phase":"measure","rows":5,"sample":0,"src_nb":[4,3145728,3145728,15728640],"src_ne":[786432,1,5,1],"wall_us":506.917,"width":786432}
M5_COPY_CALL {"copy_bytes":15728640,"dst_nb":[4,3145728,3145728,15728640],"dst_ne":[786432,1,5,1],"layout":"contiguous","phase":"measure","rows":5,"sample":1,"src_nb":[4,3145728,3145728,15728640],"src_ne":[786432,1,5,1],"width":786432}
M5_PROFILE {"context":"74e0de4000","graph":177,"cb":1,"original_nodes":3,"gpu_start_s":244999.167017625,"gpu_end_s":244999.167292500,"gpu_ms":0.274875,"valid":true,"completed":true,"op_counts":{"CPY":1,"VIEW":2}}
M5_COPY_RETURN {"copy_bytes":15728640,"dst_nb":[4,3145728,3145728,15728640],"dst_ne":[786432,1,5,1],"layout":"contiguous","phase":"measure","rows":5,"sample":1,"src_nb":[4,3145728,3145728,15728640],"src_ne":[786432,1,5,1],"wall_us":501.5,"width":786432}
M5_COPY_CALL {"copy_bytes":15728640,"dst_nb":[4,3145728,3145728,15728640],"dst_ne":[786432,1,5,1],"layout":"contiguous","phase":"measure","rows":5,"sample":2,"src_nb":[4,3145728,3145728,15728640],"src_ne":[786432,1,5,1],"width":786432}
M5_PROFILE {"context":"74e0de4000","graph":178,"cb":1,"original_nodes":3,"gpu_start_s":244999.167533292,"gpu_end_s":244999.167808125,"gpu_ms":0.274833,"valid":true,"completed":true,"op_counts":{"CPY":1,"VIEW":2}}
M5_COPY_RETURN {"copy_bytes":15728640,"dst_nb":[4,3145728,3145728,15728640],"dst_ne":[786432,1,5,1],"layout":"contiguous","phase":"measure","rows":5,"sample":2,"src_nb":[4,3145728,3145728,15728640],"src_ne":[786432,1,5,1],"wall_us":511.959,"width":786432}
M5_COPY_CALL {"copy_bytes":15728640,"dst_nb":[4,3145728,3145728,15728640],"dst_ne":[786432,1,5,1],"layout":"contiguous","phase":"measure","rows":5,"sample":3,"src_nb":[4,3145728,3145728,15728640],"src_ne":[786432,1,5,1],"width":786432}
M5_PROFILE {"context":"74e0de4000","graph":179,"cb":1,"original_nodes":3,"gpu_start_s":244999.168055750,"gpu_end_s":244999.168330500,"gpu_ms":0.274750,"valid":true,"completed":true,"op_counts":{"CPY":1,"VIEW":2}}
M5_COPY_RETURN {"copy_bytes":15728640,"dst_nb":[4,3145728,3145728,15728640],"dst_ne":[786432,1,5,1],"layout":"contiguous","phase":"measure","rows":5,"sample":3,"src_nb":[4,3145728,3145728,15728640],"src_ne":[786432,1,5,1],"wall_us":515.625,"width":786432}
M5_COPY_CALL {"copy_bytes":15728640,"dst_nb":[4,3145728,3145728,15728640],"dst_ne":[786432,1,5,1],"layout":"contiguous","phase":"measure","rows":5,"sample":4,"src_nb":[4,3145728,3145728,15728640],"src_ne":[786432,1,5,1],"width":786432}
M5_PROFILE {"context":"74e0de4000","graph":180,"cb":1,"original_nodes":3,"gpu_start_s":244999.168569750,"gpu_end_s":244999.168844667,"gpu_ms":0.274917,"valid":true,"completed":true,"op_counts":{"CPY":1,"VIEW":2}}
M5_COPY_RETURN {"copy_bytes":15728640,"dst_nb":[4,3145728,3145728,15728640],"dst_ne":[786432,1,5,1],"layout":"contiguous","phase":"measure","rows":5,"sample":4,"src_nb":[4,3145728,3145728,15728640],"src_ne":[786432,1,5,1],"wall_us":508.625,"width":786432}
M5_COPY_CALL {"copy_bytes":15728640,"dst_nb":[4,3145728,3145728,15728640],"dst_ne":[786432,1,5,1],"layout":"contiguous","phase":"measure","rows":5,"sample":5,"src_nb":[4,3145728,3145728,15728640],"src_ne":[786432,1,5,1],"width":786432}
M5_PROFILE {"context":"74e0de4000","graph":181,"cb":1,"original_nodes":3,"gpu_start_s":244999.169038875,"gpu_end_s":244999.169314000,"gpu_ms":0.275125,"valid":true,"completed":true,"op_counts":{"CPY":1,"VIEW":2}}
M5_COPY_RETURN {"copy_bytes":15728640,"dst_nb":[4,3145728,3145728,15728640],"dst_ne":[786432,1,5,1],"layout":"contiguous","phase":"measure","rows":5,"sample":5,"src_nb":[4,3145728,3145728,15728640],"src_ne":[786432,1,5,1],"wall_us":466.333,"width":786432}
M5_COPY_CALL {"copy_bytes":15728640,"dst_nb":[4,3145728,3145728,15728640],"dst_ne":[786432,1,5,1],"layout":"contiguous","phase":"measure","rows":5,"sample":6,"src_nb":[4,3145728,3145728,15728640],"src_ne":[786432,1,5,1],"width":786432}
M5_PROFILE {"context":"74e0de4000","graph":182,"cb":1,"original_nodes":3,"gpu_start_s":244999.169508875,"gpu_end_s":244999.169783542,"gpu_ms":0.274667,"valid":true,"completed":true,"op_counts":{"CPY":1,"VIEW":2}}
M5_COPY_RETURN {"copy_bytes":15728640,"dst_nb":[4,3145728,3145728,15728640],"dst_ne":[786432,1,5,1],"layout":"contiguous","phase":"measure","rows":5,"sample":6,"src_nb":[4,3145728,3145728,15728640],"src_ne":[786432,1,5,1],"wall_us":453.958,"width":786432}
M5_COPY_CALL {"copy_bytes":15728640,"dst_nb":[4,3145728,3145728,15728640],"dst_ne":[786432,1,5,1],"layout":"contiguous","phase":"measure","rows":5,"sample":7,"src_nb":[4,3145728,3145728,15728640],"src_ne":[786432,1,5,1],"width":786432}
M5_PROFILE {"context":"74e0de4000","graph":183,"cb":1,"original_nodes":3,"gpu_start_s":244999.169966125,"gpu_end_s":244999.170241042,"gpu_ms":0.274917,"valid":true,"completed":true,"op_counts":{"CPY":1,"VIEW":2}}
M5_COPY_RETURN {"copy_bytes":15728640,"dst_nb":[4,3145728,3145728,15728640],"dst_ne":[786432,1,5,1],"layout":"contiguous","phase":"measure","rows":5,"sample":7,"src_nb":[4,3145728,3145728,15728640],"src_ne":[786432,1,5,1],"wall_us":452.125,"width":786432}
M5_COPY_CALL {"copy_bytes":15728640,"dst_nb":[4,3145728,3145728,15728640],"dst_ne":[786432,1,5,1],"layout":"contiguous","phase":"measure","rows":5,"sample":8,"src_nb":[4,3145728,3145728,15728640],"src_ne":[786432,1,5,1],"width":786432}
M5_PROFILE {"context":"74e0de4000","graph":184,"cb":1,"original_nodes":3,"gpu_start_s":244999.170419917,"gpu_end_s":244999.170694625,"gpu_ms":0.274708,"valid":true,"completed":true,"op_counts":{"CPY":1,"VIEW":2}}
M5_COPY_RETURN {"copy_bytes":15728640,"dst_nb":[4,3145728,3145728,15728640],"dst_ne":[786432,1,5,1],"layout":"contiguous","phase":"measure","rows":5,"sample":8,"src_nb":[4,3145728,3145728,15728640],"src_ne":[786432,1,5,1],"wall_us":447.167,"width":786432}
M5_COPY_CALL {"copy_bytes":15728640,"dst_nb":[4,3145728,3145728,15728640],"dst_ne":[786432,1,5,1],"layout":"contiguous","phase":"measure","rows":5,"sample":9,"src_nb":[4,3145728,3145728,15728640],"src_ne":[786432,1,5,1],"width":786432}
M5_PROFILE {"context":"74e0de4000","graph":185,"cb":1,"original_nodes":3,"gpu_start_s":244999.170885625,"gpu_end_s":244999.171160375,"gpu_ms":0.274750,"valid":true,"completed":true,"op_counts":{"CPY":1,"VIEW":2}}
M5_COPY_RETURN {"copy_bytes":15728640,"dst_nb":[4,3145728,3145728,15728640],"dst_ne":[786432,1,5,1],"layout":"contiguous","phase":"measure","rows":5,"sample":9,"src_nb":[4,3145728,3145728,15728640],"src_ne":[786432,1,5,1],"wall_us":465.041,"width":786432}
M5_COPY_CALL {"copy_bytes":15728640,"dst_nb":[4,3145728,3145728,15728640],"dst_ne":[786432,1,5,1],"layout":"contiguous","phase":"measure","rows":5,"sample":10,"src_nb":[4,3145728,3145728,15728640],"src_ne":[786432,1,5,1],"width":786432}
M5_PROFILE {"context":"74e0de4000","graph":186,"cb":1,"original_nodes":3,"gpu_start_s":244999.171390500,"gpu_end_s":244999.171665375,"gpu_ms":0.274875,"valid":true,"completed":true,"op_counts":{"CPY":1,"VIEW":2}}
M5_COPY_RETURN {"copy_bytes":15728640,"dst_nb":[4,3145728,3145728,15728640],"dst_ne":[786432,1,5,1],"layout":"contiguous","phase":"measure","rows":5,"sample":10,"src_nb":[4,3145728,3145728,15728640],"src_ne":[786432,1,5,1],"wall_us":485.0,"width":786432}
M5_COPY_CALL {"copy_bytes":15728640,"dst_nb":[4,3145728,3145728,15728640],"dst_ne":[786432,1,5,1],"layout":"contiguous","phase":"measure","rows":5,"sample":11,"src_nb":[4,3145728,3145728,15728640],"src_ne":[786432,1,5,1],"width":786432}
M5_PROFILE {"context":"74e0de4000","graph":187,"cb":1,"original_nodes":3,"gpu_start_s":244999.171855375,"gpu_end_s":244999.172130125,"gpu_ms":0.274750,"valid":true,"completed":true,"op_counts":{"CPY":1,"VIEW":2}}
M5_COPY_RETURN {"copy_bytes":15728640,"dst_nb":[4,3145728,3145728,15728640],"dst_ne":[786432,1,5,1],"layout":"contiguous","phase":"measure","rows":5,"sample":11,"src_nb":[4,3145728,3145728,15728640],"src_ne":[786432,1,5,1],"wall_us":461.459,"width":786432}
M5_COPY_CALL {"copy_bytes":15728640,"dst_nb":[4,3145728,3145728,15728640],"dst_ne":[786432,1,5,1],"layout":"contiguous","phase":"measure","rows":5,"sample":12,"src_nb":[4,3145728,3145728,15728640],"src_ne":[786432,1,5,1],"width":786432}
M5_PROFILE {"context":"74e0de4000","graph":188,"cb":1,"original_nodes":3,"gpu_start_s":244999.172311750,"gpu_end_s":244999.172586750,"gpu_ms":0.275000,"valid":true,"completed":true,"op_counts":{"CPY":1,"VIEW":2}}
M5_COPY_RETURN {"copy_bytes":15728640,"dst_nb":[4,3145728,3145728,15728640],"dst_ne":[786432,1,5,1],"layout":"contiguous","phase":"measure","rows":5,"sample":12,"src_nb":[4,3145728,3145728,15728640],"src_ne":[786432,1,5,1],"wall_us":447.209,"width":786432}
M5_COPY_CALL {"copy_bytes":15728640,"dst_nb":[4,3145728,3145728,15728640],"dst_ne":[786432,1,5,1],"layout":"contiguous","phase":"measure","rows":5,"sample":13,"src_nb":[4,3145728,3145728,15728640],"src_ne":[786432,1,5,1],"width":786432}
M5_PROFILE {"context":"74e0de4000","graph":189,"cb":1,"original_nodes":3,"gpu_start_s":244999.172766250,"gpu_end_s":244999.173041125,"gpu_ms":0.274875,"valid":true,"completed":true,"op_counts":{"CPY":1,"VIEW":2}}
M5_COPY_RETURN {"copy_bytes":15728640,"dst_nb":[4,3145728,3145728,15728640],"dst_ne":[786432,1,5,1],"layout":"contiguous","phase":"measure","rows":5,"sample":13,"src_nb":[4,3145728,3145728,15728640],"src_ne":[786432,1,5,1],"wall_us":535.041,"width":786432}
M5_COPY_CALL {"copy_bytes":15728640,"dst_nb":[4,3145728,3145728,15728640],"dst_ne":[786432,1,5,1],"layout":"contiguous","phase":"measure","rows":5,"sample":14,"src_nb":[4,3145728,3145728,15728640],"src_ne":[786432,1,5,1],"width":786432}
M5_PROFILE {"context":"74e0de4000","graph":190,"cb":1,"original_nodes":3,"gpu_start_s":244999.173333917,"gpu_end_s":244999.173608667,"gpu_ms":0.274750,"valid":true,"completed":true,"op_counts":{"CPY":1,"VIEW":2}}
M5_COPY_RETURN {"copy_bytes":15728640,"dst_nb":[4,3145728,3145728,15728640],"dst_ne":[786432,1,5,1],"layout":"contiguous","phase":"measure","rows":5,"sample":14,"src_nb":[4,3145728,3145728,15728640],"src_ne":[786432,1,5,1],"wall_us":547.709,"width":786432}
M5_COPY_CALL {"copy_bytes":15728640,"dst_nb":[4,3145728,3145728,15728640],"dst_ne":[786432,1,5,1],"layout":"contiguous","phase":"measure","rows":5,"sample":15,"src_nb":[4,3145728,3145728,15728640],"src_ne":[786432,1,5,1],"width":786432}
M5_PROFILE {"context":"74e0de4000","graph":191,"cb":1,"original_nodes":3,"gpu_start_s":244999.173902167,"gpu_end_s":244999.174177167,"gpu_ms":0.275000,"valid":true,"completed":true,"op_counts":{"CPY":1,"VIEW":2}}
M5_COPY_RETURN {"copy_bytes":15728640,"dst_nb":[4,3145728,3145728,15728640],"dst_ne":[786432,1,5,1],"layout":"contiguous","phase":"measure","rows":5,"sample":15,"src_nb":[4,3145728,3145728,15728640],"src_ne":[786432,1,5,1],"wall_us":458.417,"width":786432}
M5_COPY_CALL {"copy_bytes":15728640,"dst_nb":[4,3145728,3145728,15728640],"dst_ne":[786432,1,5,1],"layout":"contiguous","phase":"measure","rows":5,"sample":16,"src_nb":[4,3145728,3145728,15728640],"src_ne":[786432,1,5,1],"width":786432}
M5_PROFILE {"context":"74e0de4000","graph":192,"cb":1,"original_nodes":3,"gpu_start_s":244999.174361000,"gpu_end_s":244999.174635750,"gpu_ms":0.274750,"valid":true,"completed":true,"op_counts":{"CPY":1,"VIEW":2}}
M5_COPY_RETURN {"copy_bytes":15728640,"dst_nb":[4,3145728,3145728,15728640],"dst_ne":[786432,1,5,1],"layout":"contiguous","phase":"measure","rows":5,"sample":16,"src_nb":[4,3145728,3145728,15728640],"src_ne":[786432,1,5,1],"wall_us":449.833,"width":786432}
M5_COPY_CALL {"copy_bytes":15728640,"dst_nb":[4,3145728,3145728,15728640],"dst_ne":[786432,1,5,1],"layout":"contiguous","phase":"measure","rows":5,"sample":17,"src_nb":[4,3145728,3145728,15728640],"src_ne":[786432,1,5,1],"width":786432}
M5_PROFILE {"context":"74e0de4000","graph":193,"cb":1,"original_nodes":3,"gpu_start_s":244999.174816250,"gpu_end_s":244999.175091000,"gpu_ms":0.274750,"valid":true,"completed":true,"op_counts":{"CPY":1,"VIEW":2}}
M5_COPY_RETURN {"copy_bytes":15728640,"dst_nb":[4,3145728,3145728,15728640],"dst_ne":[786432,1,5,1],"layout":"contiguous","phase":"measure","rows":5,"sample":17,"src_nb":[4,3145728,3145728,15728640],"src_ne":[786432,1,5,1],"wall_us":540.875,"width":786432}
M5_COPY_CALL {"copy_bytes":15728640,"dst_nb":[4,3145728,3145728,15728640],"dst_ne":[786432,1,5,1],"layout":"contiguous","phase":"measure","rows":5,"sample":18,"src_nb":[4,3145728,3145728,15728640],"src_ne":[786432,1,5,1],"width":786432}
M5_PROFILE {"context":"74e0de4000","graph":194,"cb":1,"original_nodes":3,"gpu_start_s":244999.175393000,"gpu_end_s":244999.175667625,"gpu_ms":0.274625,"valid":true,"completed":true,"op_counts":{"CPY":1,"VIEW":2}}
M5_COPY_RETURN {"copy_bytes":15728640,"dst_nb":[4,3145728,3145728,15728640],"dst_ne":[786432,1,5,1],"layout":"contiguous","phase":"measure","rows":5,"sample":18,"src_nb":[4,3145728,3145728,15728640],"src_ne":[786432,1,5,1],"wall_us":447.0,"width":786432}
M5_COPY_CALL {"copy_bytes":15728640,"dst_nb":[4,3145728,3145728,15728640],"dst_ne":[786432,1,5,1],"layout":"contiguous","phase":"measure","rows":5,"sample":19,"src_nb":[4,3145728,3145728,15728640],"src_ne":[786432,1,5,1],"width":786432}
M5_PROFILE {"context":"74e0de4000","graph":195,"cb":1,"original_nodes":3,"gpu_start_s":244999.175847625,"gpu_end_s":244999.176122292,"gpu_ms":0.274667,"valid":true,"completed":true,"op_counts":{"CPY":1,"VIEW":2}}
M5_COPY_RETURN {"copy_bytes":15728640,"dst_nb":[4,3145728,3145728,15728640],"dst_ne":[786432,1,5,1],"layout":"contiguous","phase":"measure","rows":5,"sample":19,"src_nb":[4,3145728,3145728,15728640],"src_ne":[786432,1,5,1],"wall_us":448.625,"width":786432}
M5_COPY_CALL {"copy_bytes":15728640,"dst_nb":[4,3145728,3145728,15728640],"dst_ne":[786432,1,5,1],"layout":"contiguous","phase":"measure","rows":5,"sample":20,"src_nb":[4,3145728,3145728,15728640],"src_ne":[786432,1,5,1],"width":786432}
M5_PROFILE {"context":"74e0de4000","graph":196,"cb":1,"original_nodes":3,"gpu_start_s":244999.176280542,"gpu_end_s":244999.176555417,"gpu_ms":0.274875,"valid":true,"completed":true,"op_counts":{"CPY":1,"VIEW":2}}
M5_COPY_RETURN {"copy_bytes":15728640,"dst_nb":[4,3145728,3145728,15728640],"dst_ne":[786432,1,5,1],"layout":"contiguous","phase":"measure","rows":5,"sample":20,"src_nb":[4,3145728,3145728,15728640],"src_ne":[786432,1,5,1],"wall_us":431.208,"width":786432}
M5_COPY_CALL {"copy_bytes":15728640,"dst_nb":[4,3145728,3145728,15728640],"dst_ne":[786432,1,5,1],"layout":"contiguous","phase":"measure","rows":5,"sample":21,"src_nb":[4,3145728,3145728,15728640],"src_ne":[786432,1,5,1],"width":786432}
M5_PROFILE {"context":"74e0de4000","graph":197,"cb":1,"original_nodes":3,"gpu_start_s":244999.176741375,"gpu_end_s":244999.177015917,"gpu_ms":0.274542,"valid":true,"completed":true,"op_counts":{"CPY":1,"VIEW":2}}
M5_COPY_RETURN {"copy_bytes":15728640,"dst_nb":[4,3145728,3145728,15728640],"dst_ne":[786432,1,5,1],"layout":"contiguous","phase":"measure","rows":5,"sample":21,"src_nb":[4,3145728,3145728,15728640],"src_ne":[786432,1,5,1],"wall_us":449.625,"width":786432}
M5_COPY_CALL {"copy_bytes":15728640,"dst_nb":[4,3145728,3145728,15728640],"dst_ne":[786432,1,5,1],"layout":"contiguous","phase":"measure","rows":5,"sample":22,"src_nb":[4,3145728,3145728,15728640],"src_ne":[786432,1,5,1],"width":786432}
M5_PROFILE {"context":"74e0de4000","graph":198,"cb":1,"original_nodes":3,"gpu_start_s":244999.177207375,"gpu_end_s":244999.177482417,"gpu_ms":0.275042,"valid":true,"completed":true,"op_counts":{"CPY":1,"VIEW":2}}
M5_COPY_RETURN {"copy_bytes":15728640,"dst_nb":[4,3145728,3145728,15728640],"dst_ne":[786432,1,5,1],"layout":"contiguous","phase":"measure","rows":5,"sample":22,"src_nb":[4,3145728,3145728,15728640],"src_ne":[786432,1,5,1],"wall_us":458.542,"width":786432}
M5_COPY_CALL {"copy_bytes":15728640,"dst_nb":[4,3145728,3145728,15728640],"dst_ne":[786432,1,5,1],"layout":"contiguous","phase":"measure","rows":5,"sample":23,"src_nb":[4,3145728,3145728,15728640],"src_ne":[786432,1,5,1],"width":786432}
M5_PROFILE {"context":"74e0de4000","graph":199,"cb":1,"original_nodes":3,"gpu_start_s":244999.177715125,"gpu_end_s":244999.177989750,"gpu_ms":0.274625,"valid":true,"completed":true,"op_counts":{"CPY":1,"VIEW":2}}
M5_COPY_RETURN {"copy_bytes":15728640,"dst_nb":[4,3145728,3145728,15728640],"dst_ne":[786432,1,5,1],"layout":"contiguous","phase":"measure","rows":5,"sample":23,"src_nb":[4,3145728,3145728,15728640],"src_ne":[786432,1,5,1],"wall_us":590.167,"width":786432}
M5_COPY_CALL {"copy_bytes":15728640,"dst_nb":[4,3145728,3145728,15728640],"dst_ne":[786432,1,5,1],"layout":"contiguous","phase":"measure","rows":5,"sample":24,"src_nb":[4,3145728,3145728,15728640],"src_ne":[786432,1,5,1],"width":786432}
M5_PROFILE {"context":"74e0de4000","graph":200,"cb":1,"original_nodes":3,"gpu_start_s":244999.178285500,"gpu_end_s":244999.178560167,"gpu_ms":0.274667,"valid":true,"completed":true,"op_counts":{"CPY":1,"VIEW":2}}
M5_COPY_RETURN {"copy_bytes":15728640,"dst_nb":[4,3145728,3145728,15728640],"dst_ne":[786432,1,5,1],"layout":"contiguous","phase":"measure","rows":5,"sample":24,"src_nb":[4,3145728,3145728,15728640],"src_ne":[786432,1,5,1],"wall_us":460.459,"width":786432}
M5_COPY_CALL {"copy_bytes":15728640,"dst_nb":[4,3145728,3145728,15728640],"dst_ne":[786432,1,5,1],"layout":"contiguous","phase":"measure","rows":5,"sample":25,"src_nb":[4,3145728,3145728,15728640],"src_ne":[786432,1,5,1],"width":786432}
M5_PROFILE {"context":"74e0de4000","graph":201,"cb":1,"original_nodes":3,"gpu_start_s":244999.178723375,"gpu_end_s":244999.178998042,"gpu_ms":0.274667,"valid":true,"completed":true,"op_counts":{"CPY":1,"VIEW":2}}
M5_COPY_RETURN {"copy_bytes":15728640,"dst_nb":[4,3145728,3145728,15728640],"dst_ne":[786432,1,5,1],"layout":"contiguous","phase":"measure","rows":5,"sample":25,"src_nb":[4,3145728,3145728,15728640],"src_ne":[786432,1,5,1],"wall_us":428.542,"width":786432}
M5_COPY_CALL {"copy_bytes":15728640,"dst_nb":[4,3145728,3145728,15728640],"dst_ne":[786432,1,5,1],"layout":"contiguous","phase":"measure","rows":5,"sample":26,"src_nb":[4,3145728,3145728,15728640],"src_ne":[786432,1,5,1],"width":786432}
M5_PROFILE {"context":"74e0de4000","graph":202,"cb":1,"original_nodes":3,"gpu_start_s":244999.179194500,"gpu_end_s":244999.179469042,"gpu_ms":0.274542,"valid":true,"completed":true,"op_counts":{"CPY":1,"VIEW":2}}
M5_COPY_RETURN {"copy_bytes":15728640,"dst_nb":[4,3145728,3145728,15728640],"dst_ne":[786432,1,5,1],"layout":"contiguous","phase":"measure","rows":5,"sample":26,"src_nb":[4,3145728,3145728,15728640],"src_ne":[786432,1,5,1],"wall_us":465.708,"width":786432}
M5_COPY_CALL {"copy_bytes":15728640,"dst_nb":[4,3145728,3145728,15728640],"dst_ne":[786432,1,5,1],"layout":"contiguous","phase":"measure","rows":5,"sample":27,"src_nb":[4,3145728,3145728,15728640],"src_ne":[786432,1,5,1],"width":786432}
M5_PROFILE {"context":"74e0de4000","graph":203,"cb":1,"original_nodes":3,"gpu_start_s":244999.179656750,"gpu_end_s":244999.179931542,"gpu_ms":0.274792,"valid":true,"completed":true,"op_counts":{"CPY":1,"VIEW":2}}
M5_COPY_RETURN {"copy_bytes":15728640,"dst_nb":[4,3145728,3145728,15728640],"dst_ne":[786432,1,5,1],"layout":"contiguous","phase":"measure","rows":5,"sample":27,"src_nb":[4,3145728,3145728,15728640],"src_ne":[786432,1,5,1],"wall_us":459.542,"width":786432}
M5_COPY_CALL {"copy_bytes":15728640,"dst_nb":[4,3145728,3145728,15728640],"dst_ne":[786432,1,5,1],"layout":"contiguous","phase":"measure","rows":5,"sample":28,"src_nb":[4,3145728,3145728,15728640],"src_ne":[786432,1,5,1],"width":786432}
M5_PROFILE {"context":"74e0de4000","graph":204,"cb":1,"original_nodes":3,"gpu_start_s":244999.180113000,"gpu_end_s":244999.180387750,"gpu_ms":0.274750,"valid":true,"completed":true,"op_counts":{"CPY":1,"VIEW":2}}
M5_COPY_RETURN {"copy_bytes":15728640,"dst_nb":[4,3145728,3145728,15728640],"dst_ne":[786432,1,5,1],"layout":"contiguous","phase":"measure","rows":5,"sample":28,"src_nb":[4,3145728,3145728,15728640],"src_ne":[786432,1,5,1],"wall_us":445.75,"width":786432}
M5_COPY_CALL {"copy_bytes":15728640,"dst_nb":[4,3145728,3145728,15728640],"dst_ne":[786432,1,5,1],"layout":"contiguous","phase":"measure","rows":5,"sample":29,"src_nb":[4,3145728,3145728,15728640],"src_ne":[786432,1,5,1],"width":786432}
M5_PROFILE {"context":"74e0de4000","graph":205,"cb":1,"original_nodes":3,"gpu_start_s":244999.180565500,"gpu_end_s":244999.180840375,"gpu_ms":0.274875,"valid":true,"completed":true,"op_counts":{"CPY":1,"VIEW":2}}
M5_COPY_RETURN {"copy_bytes":15728640,"dst_nb":[4,3145728,3145728,15728640],"dst_ne":[786432,1,5,1],"layout":"contiguous","phase":"measure","rows":5,"sample":29,"src_nb":[4,3145728,3145728,15728640],"src_ne":[786432,1,5,1],"wall_us":446.334,"width":786432}
M5_COPY_CALL {"copy_bytes":15728640,"dst_nb":[4,3145728,3145728,15728640],"dst_ne":[786432,1,5,1],"layout":"contiguous","phase":"measure","rows":5,"sample":30,"src_nb":[4,3145728,3145728,15728640],"src_ne":[786432,1,5,1],"width":786432}
M5_PROFILE {"context":"74e0de4000","graph":206,"cb":1,"original_nodes":3,"gpu_start_s":244999.181167375,"gpu_end_s":244999.181442125,"gpu_ms":0.274750,"valid":true,"completed":true,"op_counts":{"CPY":1,"VIEW":2}}
M5_COPY_RETURN {"copy_bytes":15728640,"dst_nb":[4,3145728,3145728,15728640],"dst_ne":[786432,1,5,1],"layout":"contiguous","phase":"measure","rows":5,"sample":30,"src_nb":[4,3145728,3145728,15728640],"src_ne":[786432,1,5,1],"wall_us":592.709,"width":786432}
M5_COPY_CALL {"copy_bytes":15728640,"dst_nb":[4,3145728,3145728,15728640],"dst_ne":[786432,1,5,1],"layout":"contiguous","phase":"measure","rows":5,"sample":31,"src_nb":[4,3145728,3145728,15728640],"src_ne":[786432,1,5,1],"width":786432}
M5_PROFILE {"context":"74e0de4000","graph":207,"cb":1,"original_nodes":3,"gpu_start_s":244999.181620500,"gpu_end_s":244999.181895292,"gpu_ms":0.274792,"valid":true,"completed":true,"op_counts":{"CPY":1,"VIEW":2}}
M5_COPY_RETURN {"copy_bytes":15728640,"dst_nb":[4,3145728,3145728,15728640],"dst_ne":[786432,1,5,1],"layout":"contiguous","phase":"measure","rows":5,"sample":31,"src_nb":[4,3145728,3145728,15728640],"src_ne":[786432,1,5,1],"wall_us":448.583,"width":786432}
M5_COPY_CALL {"copy_bytes":15728640,"dst_nb":[4,3145728,3145728,15728640],"dst_ne":[786432,1,5,1],"layout":"contiguous","phase":"measure","rows":5,"sample":32,"src_nb":[4,3145728,3145728,15728640],"src_ne":[786432,1,5,1],"width":786432}
M5_PROFILE {"context":"74e0de4000","graph":208,"cb":1,"original_nodes":3,"gpu_start_s":244999.182105792,"gpu_end_s":244999.182380542,"gpu_ms":0.274750,"valid":true,"completed":true,"op_counts":{"CPY":1,"VIEW":2}}
M5_COPY_RETURN {"copy_bytes":15728640,"dst_nb":[4,3145728,3145728,15728640],"dst_ne":[786432,1,5,1],"layout":"contiguous","phase":"measure","rows":5,"sample":32,"src_nb":[4,3145728,3145728,15728640],"src_ne":[786432,1,5,1],"wall_us":563.084,"width":786432}
M5_COPY_CALL {"copy_bytes":15728640,"dst_nb":[4,3145728,3145728,15728640],"dst_ne":[786432,1,5,1],"layout":"contiguous","phase":"measure","rows":5,"sample":33,"src_nb":[4,3145728,3145728,15728640],"src_ne":[786432,1,5,1],"width":786432}
M5_PROFILE {"context":"74e0de4000","graph":209,"cb":1,"original_nodes":3,"gpu_start_s":244999.182676500,"gpu_end_s":244999.182951125,"gpu_ms":0.274625,"valid":true,"completed":true,"op_counts":{"CPY":1,"VIEW":2}}
M5_COPY_RETURN {"copy_bytes":15728640,"dst_nb":[4,3145728,3145728,15728640],"dst_ne":[786432,1,5,1],"layout":"contiguous","phase":"measure","rows":5,"sample":33,"src_nb":[4,3145728,3145728,15728640],"src_ne":[786432,1,5,1],"wall_us":448.666,"width":786432}
M5_COPY_CALL {"copy_bytes":15728640,"dst_nb":[4,3145728,3145728,15728640],"dst_ne":[786432,1,5,1],"layout":"contiguous","phase":"measure","rows":5,"sample":34,"src_nb":[4,3145728,3145728,15728640],"src_ne":[786432,1,5,1],"width":786432}
M5_PROFILE {"context":"74e0de4000","graph":210,"cb":1,"original_nodes":3,"gpu_start_s":244999.183119667,"gpu_end_s":244999.183394625,"gpu_ms":0.274958,"valid":true,"completed":true,"op_counts":{"CPY":1,"VIEW":2}}
M5_COPY_RETURN {"copy_bytes":15728640,"dst_nb":[4,3145728,3145728,15728640],"dst_ne":[786432,1,5,1],"layout":"contiguous","phase":"measure","rows":5,"sample":34,"src_nb":[4,3145728,3145728,15728640],"src_ne":[786432,1,5,1],"wall_us":442.666,"width":786432}
M5_COPY_CALL {"copy_bytes":15728640,"dst_nb":[4,3145728,3145728,15728640],"dst_ne":[786432,1,5,1],"layout":"contiguous","phase":"measure","rows":5,"sample":35,"src_nb":[4,3145728,3145728,15728640],"src_ne":[786432,1,5,1],"width":786432}
M5_PROFILE {"context":"74e0de4000","graph":211,"cb":1,"original_nodes":3,"gpu_start_s":244999.183579167,"gpu_end_s":244999.183853750,"gpu_ms":0.274583,"valid":true,"completed":true,"op_counts":{"CPY":1,"VIEW":2}}
M5_COPY_RETURN {"copy_bytes":15728640,"dst_nb":[4,3145728,3145728,15728640],"dst_ne":[786432,1,5,1],"layout":"contiguous","phase":"measure","rows":5,"sample":35,"src_nb":[4,3145728,3145728,15728640],"src_ne":[786432,1,5,1],"wall_us":449.542,"width":786432}
M5_COPY_CALL {"copy_bytes":15728640,"dst_nb":[4,3145728,3145728,15728640],"dst_ne":[786432,1,5,1],"layout":"contiguous","phase":"measure","rows":5,"sample":36,"src_nb":[4,3145728,3145728,15728640],"src_ne":[786432,1,5,1],"width":786432}
M5_PROFILE {"context":"74e0de4000","graph":212,"cb":1,"original_nodes":3,"gpu_start_s":244999.184040375,"gpu_end_s":244999.184315125,"gpu_ms":0.274750,"valid":true,"completed":true,"op_counts":{"CPY":1,"VIEW":2}}
M5_COPY_RETURN {"copy_bytes":15728640,"dst_nb":[4,3145728,3145728,15728640],"dst_ne":[786432,1,5,1],"layout":"contiguous","phase":"measure","rows":5,"sample":36,"src_nb":[4,3145728,3145728,15728640],"src_ne":[786432,1,5,1],"wall_us":450.625,"width":786432}
M5_COPY_CALL {"copy_bytes":15728640,"dst_nb":[4,3145728,3145728,15728640],"dst_ne":[786432,1,5,1],"layout":"contiguous","phase":"measure","rows":5,"sample":37,"src_nb":[4,3145728,3145728,15728640],"src_ne":[786432,1,5,1],"width":786432}
M5_PROFILE {"context":"74e0de4000","graph":213,"cb":1,"original_nodes":3,"gpu_start_s":244999.184507417,"gpu_end_s":244999.184782250,"gpu_ms":0.274833,"valid":true,"completed":true,"op_counts":{"CPY":1,"VIEW":2}}
M5_COPY_RETURN {"copy_bytes":15728640,"dst_nb":[4,3145728,3145728,15728640],"dst_ne":[786432,1,5,1],"layout":"contiguous","phase":"measure","rows":5,"sample":37,"src_nb":[4,3145728,3145728,15728640],"src_ne":[786432,1,5,1],"wall_us":464.417,"width":786432}
M5_COPY_CALL {"copy_bytes":15728640,"dst_nb":[4,3145728,3145728,15728640],"dst_ne":[786432,1,5,1],"layout":"contiguous","phase":"measure","rows":5,"sample":38,"src_nb":[4,3145728,3145728,15728640],"src_ne":[786432,1,5,1],"width":786432}
M5_PROFILE {"context":"74e0de4000","graph":214,"cb":1,"original_nodes":3,"gpu_start_s":244999.184979667,"gpu_end_s":244999.185254750,"gpu_ms":0.275083,"valid":true,"completed":true,"op_counts":{"CPY":1,"VIEW":2}}
M5_COPY_RETURN {"copy_bytes":15728640,"dst_nb":[4,3145728,3145728,15728640],"dst_ne":[786432,1,5,1],"layout":"contiguous","phase":"measure","rows":5,"sample":38,"src_nb":[4,3145728,3145728,15728640],"src_ne":[786432,1,5,1],"wall_us":463.417,"width":786432}
M5_COPY_CALL {"copy_bytes":15728640,"dst_nb":[4,3145728,3145728,15728640],"dst_ne":[786432,1,5,1],"layout":"contiguous","phase":"measure","rows":5,"sample":39,"src_nb":[4,3145728,3145728,15728640],"src_ne":[786432,1,5,1],"width":786432}
M5_PROFILE {"context":"74e0de4000","graph":215,"cb":1,"original_nodes":3,"gpu_start_s":244999.185512000,"gpu_end_s":244999.185786667,"gpu_ms":0.274667,"valid":true,"completed":true,"op_counts":{"CPY":1,"VIEW":2}}
M5_COPY_RETURN {"copy_bytes":15728640,"dst_nb":[4,3145728,3145728,15728640],"dst_ne":[786432,1,5,1],"layout":"contiguous","phase":"measure","rows":5,"sample":39,"src_nb":[4,3145728,3145728,15728640],"src_ne":[786432,1,5,1],"wall_us":524.625,"width":786432}
M5_COPY_PASS {"copy_bytes":15728640,"dst_nb":[4,3145728,3145728,15728640],"dst_ne":[786432,1,5,1],"layout":"contiguous","rows":5,"src_nb":[4,3145728,3145728,15728640],"src_ne":[786432,1,5,1],"width":786432}
M5_COPY_CALL {"copy_bytes":15728640,"dst_nb":[4,3145728,18874368,94371840],"dst_ne":[786432,1,5,1],"layout":"strided","phase":"warmup","rows":5,"sample":-3,"src_nb":[4,3145728,3145744,15728720],"src_ne":[786432,1,5,1],"width":786432}
M5_PROFILE {"context":"74e0de4000","graph":216,"cb":1,"original_nodes":3,"gpu_start_s":244999.222300792,"gpu_end_s":244999.223356167,"gpu_ms":1.055375,"valid":true,"completed":true,"op_counts":{"CPY":1,"VIEW":2}}
M5_COPY_RETURN {"copy_bytes":15728640,"dst_nb":[4,3145728,18874368,94371840],"dst_ne":[786432,1,5,1],"layout":"strided","phase":"warmup","rows":5,"sample":-3,"src_nb":[4,3145728,3145744,15728720],"src_ne":[786432,1,5,1],"wall_us":2066.959,"width":786432}
M5_COPY_CALL {"copy_bytes":15728640,"dst_nb":[4,3145728,18874368,94371840],"dst_ne":[786432,1,5,1],"layout":"strided","phase":"warmup","rows":5,"sample":-2,"src_nb":[4,3145728,3145744,15728720],"src_ne":[786432,1,5,1],"width":786432}
M5_PROFILE {"context":"74e0de4000","graph":217,"cb":1,"original_nodes":3,"gpu_start_s":244999.223640042,"gpu_end_s":244999.224953500,"gpu_ms":1.313458,"valid":true,"completed":true,"op_counts":{"CPY":1,"VIEW":2}}
M5_COPY_RETURN {"copy_bytes":15728640,"dst_nb":[4,3145728,18874368,94371840],"dst_ne":[786432,1,5,1],"layout":"strided","phase":"warmup","rows":5,"sample":-2,"src_nb":[4,3145728,3145744,15728720],"src_ne":[786432,1,5,1],"wall_us":1585.5,"width":786432}
M5_COPY_CALL {"copy_bytes":15728640,"dst_nb":[4,3145728,18874368,94371840],"dst_ne":[786432,1,5,1],"layout":"strided","phase":"warmup","rows":5,"sample":-1,"src_nb":[4,3145728,3145744,15728720],"src_ne":[786432,1,5,1],"width":786432}
M5_PROFILE {"context":"74e0de4000","graph":218,"cb":1,"original_nodes":3,"gpu_start_s":244999.225255250,"gpu_end_s":244999.226566875,"gpu_ms":1.311625,"valid":true,"completed":true,"op_counts":{"CPY":1,"VIEW":2}}
M5_COPY_RETURN {"copy_bytes":15728640,"dst_nb":[4,3145728,18874368,94371840],"dst_ne":[786432,1,5,1],"layout":"strided","phase":"warmup","rows":5,"sample":-1,"src_nb":[4,3145728,3145744,15728720],"src_ne":[786432,1,5,1],"wall_us":1526.25,"width":786432}
M5_COPY_CALL {"copy_bytes":15728640,"dst_nb":[4,3145728,18874368,94371840],"dst_ne":[786432,1,5,1],"layout":"strided","phase":"measure","rows":5,"sample":0,"src_nb":[4,3145728,3145744,15728720],"src_ne":[786432,1,5,1],"width":786432}
M5_PROFILE {"context":"74e0de4000","graph":219,"cb":1,"original_nodes":3,"gpu_start_s":244999.226773417,"gpu_end_s":244999.228117167,"gpu_ms":1.343750,"valid":true,"completed":true,"op_counts":{"CPY":1,"VIEW":2}}
M5_COPY_RETURN {"copy_bytes":15728640,"dst_nb":[4,3145728,18874368,94371840],"dst_ne":[786432,1,5,1],"layout":"strided","phase":"measure","rows":5,"sample":0,"src_nb":[4,3145728,3145744,15728720],"src_ne":[786432,1,5,1],"wall_us":1536.709,"width":786432}
M5_COPY_CALL {"copy_bytes":15728640,"dst_nb":[4,3145728,18874368,94371840],"dst_ne":[786432,1,5,1],"layout":"strided","phase":"measure","rows":5,"sample":1,"src_nb":[4,3145728,3145744,15728720],"src_ne":[786432,1,5,1],"width":786432}
M5_PROFILE {"context":"74e0de4000","graph":220,"cb":1,"original_nodes":3,"gpu_start_s":244999.228334875,"gpu_end_s":244999.229247250,"gpu_ms":0.912375,"valid":true,"completed":true,"op_counts":{"CPY":1,"VIEW":2}}
M5_COPY_RETURN {"copy_bytes":15728640,"dst_nb":[4,3145728,18874368,94371840],"dst_ne":[786432,1,5,1],"layout":"strided","phase":"measure","rows":5,"sample":1,"src_nb":[4,3145728,3145744,15728720],"src_ne":[786432,1,5,1],"wall_us":1110.791,"width":786432}
M5_COPY_CALL {"copy_bytes":15728640,"dst_nb":[4,3145728,18874368,94371840],"dst_ne":[786432,1,5,1],"layout":"strided","phase":"measure","rows":5,"sample":2,"src_nb":[4,3145728,3145744,15728720],"src_ne":[786432,1,5,1],"width":786432}
M5_PROFILE {"context":"74e0de4000","graph":221,"cb":1,"original_nodes":3,"gpu_start_s":244999.229464250,"gpu_end_s":244999.230377125,"gpu_ms":0.912875,"valid":true,"completed":true,"op_counts":{"CPY":1,"VIEW":2}}
M5_COPY_RETURN {"copy_bytes":15728640,"dst_nb":[4,3145728,18874368,94371840],"dst_ne":[786432,1,5,1],"layout":"strided","phase":"measure","rows":5,"sample":2,"src_nb":[4,3145728,3145744,15728720],"src_ne":[786432,1,5,1],"wall_us":1106.5,"width":786432}
M5_COPY_CALL {"copy_bytes":15728640,"dst_nb":[4,3145728,18874368,94371840],"dst_ne":[786432,1,5,1],"layout":"strided","phase":"measure","rows":5,"sample":3,"src_nb":[4,3145728,3145744,15728720],"src_ne":[786432,1,5,1],"width":786432}
M5_PROFILE {"context":"74e0de4000","graph":222,"cb":1,"original_nodes":3,"gpu_start_s":244999.230626042,"gpu_end_s":244999.231184000,"gpu_ms":0.557958,"valid":true,"completed":true,"op_counts":{"CPY":1,"VIEW":2}}
M5_COPY_RETURN {"copy_bytes":15728640,"dst_nb":[4,3145728,18874368,94371840],"dst_ne":[786432,1,5,1],"layout":"strided","phase":"measure","rows":5,"sample":3,"src_nb":[4,3145728,3145744,15728720],"src_ne":[786432,1,5,1],"wall_us":788.041,"width":786432}
M5_COPY_CALL {"copy_bytes":15728640,"dst_nb":[4,3145728,18874368,94371840],"dst_ne":[786432,1,5,1],"layout":"strided","phase":"measure","rows":5,"sample":4,"src_nb":[4,3145728,3145744,15728720],"src_ne":[786432,1,5,1],"width":786432}
M5_PROFILE {"context":"74e0de4000","graph":223,"cb":1,"original_nodes":3,"gpu_start_s":244999.231365292,"gpu_end_s":244999.231922625,"gpu_ms":0.557333,"valid":true,"completed":true,"op_counts":{"CPY":1,"VIEW":2}}
M5_COPY_RETURN {"copy_bytes":15728640,"dst_nb":[4,3145728,18874368,94371840],"dst_ne":[786432,1,5,1],"layout":"strided","phase":"measure","rows":5,"sample":4,"src_nb":[4,3145728,3145744,15728720],"src_ne":[786432,1,5,1],"wall_us":823.417,"width":786432}
M5_COPY_CALL {"copy_bytes":15728640,"dst_nb":[4,3145728,18874368,94371840],"dst_ne":[786432,1,5,1],"layout":"strided","phase":"measure","rows":5,"sample":5,"src_nb":[4,3145728,3145744,15728720],"src_ne":[786432,1,5,1],"width":786432}
M5_PROFILE {"context":"74e0de4000","graph":224,"cb":1,"original_nodes":3,"gpu_start_s":244999.232223500,"gpu_end_s":244999.232781125,"gpu_ms":0.557625,"valid":true,"completed":true,"op_counts":{"CPY":1,"VIEW":2}}
M5_COPY_RETURN {"copy_bytes":15728640,"dst_nb":[4,3145728,18874368,94371840],"dst_ne":[786432,1,5,1],"layout":"strided","phase":"measure","rows":5,"sample":5,"src_nb":[4,3145728,3145744,15728720],"src_ne":[786432,1,5,1],"wall_us":814.042,"width":786432}
M5_COPY_CALL {"copy_bytes":15728640,"dst_nb":[4,3145728,18874368,94371840],"dst_ne":[786432,1,5,1],"layout":"strided","phase":"measure","rows":5,"sample":6,"src_nb":[4,3145728,3145744,15728720],"src_ne":[786432,1,5,1],"width":786432}
M5_PROFILE {"context":"74e0de4000","graph":225,"cb":1,"original_nodes":3,"gpu_start_s":244999.233065000,"gpu_end_s":244999.233622292,"gpu_ms":0.557292,"valid":true,"completed":true,"op_counts":{"CPY":1,"VIEW":2}}
M5_COPY_RETURN {"copy_bytes":15728640,"dst_nb":[4,3145728,18874368,94371840],"dst_ne":[786432,1,5,1],"layout":"strided","phase":"measure","rows":5,"sample":6,"src_nb":[4,3145728,3145744,15728720],"src_ne":[786432,1,5,1],"wall_us":831.417,"width":786432}
M5_COPY_CALL {"copy_bytes":15728640,"dst_nb":[4,3145728,18874368,94371840],"dst_ne":[786432,1,5,1],"layout":"strided","phase":"measure","rows":5,"sample":7,"src_nb":[4,3145728,3145744,15728720],"src_ne":[786432,1,5,1],"width":786432}
M5_PROFILE {"context":"74e0de4000","graph":226,"cb":1,"original_nodes":3,"gpu_start_s":244999.233918750,"gpu_end_s":244999.234476125,"gpu_ms":0.557375,"valid":true,"completed":true,"op_counts":{"CPY":1,"VIEW":2}}
M5_COPY_RETURN {"copy_bytes":15728640,"dst_nb":[4,3145728,18874368,94371840],"dst_ne":[786432,1,5,1],"layout":"strided","phase":"measure","rows":5,"sample":7,"src_nb":[4,3145728,3145744,15728720],"src_ne":[786432,1,5,1],"wall_us":780.875,"width":786432}
M5_COPY_CALL {"copy_bytes":15728640,"dst_nb":[4,3145728,18874368,94371840],"dst_ne":[786432,1,5,1],"layout":"strided","phase":"measure","rows":5,"sample":8,"src_nb":[4,3145728,3145744,15728720],"src_ne":[786432,1,5,1],"width":786432}
M5_PROFILE {"context":"74e0de4000","graph":227,"cb":1,"original_nodes":3,"gpu_start_s":244999.234710625,"gpu_end_s":244999.235268667,"gpu_ms":0.558042,"valid":true,"completed":true,"op_counts":{"CPY":1,"VIEW":2}}
M5_COPY_RETURN {"copy_bytes":15728640,"dst_nb":[4,3145728,18874368,94371840],"dst_ne":[786432,1,5,1],"layout":"strided","phase":"measure","rows":5,"sample":8,"src_nb":[4,3145728,3145744,15728720],"src_ne":[786432,1,5,1],"wall_us":758.583,"width":786432}
M5_COPY_CALL {"copy_bytes":15728640,"dst_nb":[4,3145728,18874368,94371840],"dst_ne":[786432,1,5,1],"layout":"strided","phase":"measure","rows":5,"sample":9,"src_nb":[4,3145728,3145744,15728720],"src_ne":[786432,1,5,1],"width":786432}
M5_PROFILE {"context":"74e0de4000","graph":228,"cb":1,"original_nodes":3,"gpu_start_s":244999.235491250,"gpu_end_s":244999.236048875,"gpu_ms":0.557625,"valid":true,"completed":true,"op_counts":{"CPY":1,"VIEW":2}}
M5_COPY_RETURN {"copy_bytes":15728640,"dst_nb":[4,3145728,18874368,94371840],"dst_ne":[786432,1,5,1],"layout":"strided","phase":"measure","rows":5,"sample":9,"src_nb":[4,3145728,3145744,15728720],"src_ne":[786432,1,5,1],"wall_us":800.292,"width":786432}
M5_COPY_CALL {"copy_bytes":15728640,"dst_nb":[4,3145728,18874368,94371840],"dst_ne":[786432,1,5,1],"layout":"strided","phase":"measure","rows":5,"sample":10,"src_nb":[4,3145728,3145744,15728720],"src_ne":[786432,1,5,1],"width":786432}
M5_PROFILE {"context":"74e0de4000","graph":229,"cb":1,"original_nodes":3,"gpu_start_s":244999.236348417,"gpu_end_s":244999.236905792,"gpu_ms":0.557375,"valid":true,"completed":true,"op_counts":{"CPY":1,"VIEW":2}}
M5_COPY_RETURN {"copy_bytes":15728640,"dst_nb":[4,3145728,18874368,94371840],"dst_ne":[786432,1,5,1],"layout":"strided","phase":"measure","rows":5,"sample":10,"src_nb":[4,3145728,3145744,15728720],"src_ne":[786432,1,5,1],"wall_us":738.125,"width":786432}
M5_COPY_CALL {"copy_bytes":15728640,"dst_nb":[4,3145728,18874368,94371840],"dst_ne":[786432,1,5,1],"layout":"strided","phase":"measure","rows":5,"sample":11,"src_nb":[4,3145728,3145744,15728720],"src_ne":[786432,1,5,1],"width":786432}
M5_PROFILE {"context":"74e0de4000","graph":230,"cb":1,"original_nodes":3,"gpu_start_s":244999.237074417,"gpu_end_s":244999.237632750,"gpu_ms":0.558333,"valid":true,"completed":true,"op_counts":{"CPY":1,"VIEW":2}}
M5_COPY_RETURN {"copy_bytes":15728640,"dst_nb":[4,3145728,18874368,94371840],"dst_ne":[786432,1,5,1],"layout":"strided","phase":"measure","rows":5,"sample":11,"src_nb":[4,3145728,3145744,15728720],"src_ne":[786432,1,5,1],"wall_us":718.208,"width":786432}
M5_COPY_CALL {"copy_bytes":15728640,"dst_nb":[4,3145728,18874368,94371840],"dst_ne":[786432,1,5,1],"layout":"strided","phase":"measure","rows":5,"sample":12,"src_nb":[4,3145728,3145744,15728720],"src_ne":[786432,1,5,1],"width":786432}
M5_PROFILE {"context":"74e0de4000","graph":231,"cb":1,"original_nodes":3,"gpu_start_s":244999.237820500,"gpu_end_s":244999.238350000,"gpu_ms":0.529500,"valid":true,"completed":true,"op_counts":{"CPY":1,"VIEW":2}}
M5_COPY_RETURN {"copy_bytes":15728640,"dst_nb":[4,3145728,18874368,94371840],"dst_ne":[786432,1,5,1],"layout":"strided","phase":"measure","rows":5,"sample":12,"src_nb":[4,3145728,3145744,15728720],"src_ne":[786432,1,5,1],"wall_us":740.125,"width":786432}
M5_COPY_CALL {"copy_bytes":15728640,"dst_nb":[4,3145728,18874368,94371840],"dst_ne":[786432,1,5,1],"layout":"strided","phase":"measure","rows":5,"sample":13,"src_nb":[4,3145728,3145744,15728720],"src_ne":[786432,1,5,1],"width":786432}
M5_PROFILE {"context":"74e0de4000","graph":232,"cb":1,"original_nodes":3,"gpu_start_s":244999.238569625,"gpu_end_s":244999.238979542,"gpu_ms":0.409917,"valid":true,"completed":true,"op_counts":{"CPY":1,"VIEW":2}}
M5_COPY_RETURN {"copy_bytes":15728640,"dst_nb":[4,3145728,18874368,94371840],"dst_ne":[786432,1,5,1],"layout":"strided","phase":"measure","rows":5,"sample":13,"src_nb":[4,3145728,3145744,15728720],"src_ne":[786432,1,5,1],"wall_us":579.959,"width":786432}
M5_COPY_CALL {"copy_bytes":15728640,"dst_nb":[4,3145728,18874368,94371840],"dst_ne":[786432,1,5,1],"layout":"strided","phase":"measure","rows":5,"sample":14,"src_nb":[4,3145728,3145744,15728720],"src_ne":[786432,1,5,1],"width":786432}
M5_PROFILE {"context":"74e0de4000","graph":233,"cb":1,"original_nodes":3,"gpu_start_s":244999.239151042,"gpu_end_s":244999.239560750,"gpu_ms":0.409708,"valid":true,"completed":true,"op_counts":{"CPY":1,"VIEW":2}}
M5_COPY_RETURN {"copy_bytes":15728640,"dst_nb":[4,3145728,18874368,94371840],"dst_ne":[786432,1,5,1],"layout":"strided","phase":"measure","rows":5,"sample":14,"src_nb":[4,3145728,3145744,15728720],"src_ne":[786432,1,5,1],"wall_us":575.334,"width":786432}
M5_COPY_CALL {"copy_bytes":15728640,"dst_nb":[4,3145728,18874368,94371840],"dst_ne":[786432,1,5,1],"layout":"strided","phase":"measure","rows":5,"sample":15,"src_nb":[4,3145728,3145744,15728720],"src_ne":[786432,1,5,1],"width":786432}
M5_PROFILE {"context":"74e0de4000","graph":234,"cb":1,"original_nodes":3,"gpu_start_s":244999.239719625,"gpu_end_s":244999.240129375,"gpu_ms":0.409750,"valid":true,"completed":true,"op_counts":{"CPY":1,"VIEW":2}}
M5_COPY_RETURN {"copy_bytes":15728640,"dst_nb":[4,3145728,18874368,94371840],"dst_ne":[786432,1,5,1],"layout":"strided","phase":"measure","rows":5,"sample":15,"src_nb":[4,3145728,3145744,15728720],"src_ne":[786432,1,5,1],"wall_us":554.459,"width":786432}
M5_COPY_CALL {"copy_bytes":15728640,"dst_nb":[4,3145728,18874368,94371840],"dst_ne":[786432,1,5,1],"layout":"strided","phase":"measure","rows":5,"sample":16,"src_nb":[4,3145728,3145744,15728720],"src_ne":[786432,1,5,1],"width":786432}
M5_PROFILE {"context":"74e0de4000","graph":235,"cb":1,"original_nodes":3,"gpu_start_s":244999.240278750,"gpu_end_s":244999.240688792,"gpu_ms":0.410042,"valid":true,"completed":true,"op_counts":{"CPY":1,"VIEW":2}}
M5_COPY_RETURN {"copy_bytes":15728640,"dst_nb":[4,3145728,18874368,94371840],"dst_ne":[786432,1,5,1],"layout":"strided","phase":"measure","rows":5,"sample":16,"src_nb":[4,3145728,3145744,15728720],"src_ne":[786432,1,5,1],"wall_us":562.25,"width":786432}
M5_COPY_CALL {"copy_bytes":15728640,"dst_nb":[4,3145728,18874368,94371840],"dst_ne":[786432,1,5,1],"layout":"strided","phase":"measure","rows":5,"sample":17,"src_nb":[4,3145728,3145744,15728720],"src_ne":[786432,1,5,1],"width":786432}
M5_PROFILE {"context":"74e0de4000","graph":236,"cb":1,"original_nodes":3,"gpu_start_s":244999.240867625,"gpu_end_s":244999.241277000,"gpu_ms":0.409375,"valid":true,"completed":true,"op_counts":{"CPY":1,"VIEW":2}}
M5_COPY_RETURN {"copy_bytes":15728640,"dst_nb":[4,3145728,18874368,94371840],"dst_ne":[786432,1,5,1],"layout":"strided","phase":"measure","rows":5,"sample":17,"src_nb":[4,3145728,3145744,15728720],"src_ne":[786432,1,5,1],"wall_us":573.75,"width":786432}
M5_COPY_CALL {"copy_bytes":15728640,"dst_nb":[4,3145728,18874368,94371840],"dst_ne":[786432,1,5,1],"layout":"strided","phase":"measure","rows":5,"sample":18,"src_nb":[4,3145728,3145744,15728720],"src_ne":[786432,1,5,1],"width":786432}
M5_PROFILE {"context":"74e0de4000","graph":237,"cb":1,"original_nodes":3,"gpu_start_s":244999.241482292,"gpu_end_s":244999.241891875,"gpu_ms":0.409583,"valid":true,"completed":true,"op_counts":{"CPY":1,"VIEW":2}}
M5_COPY_RETURN {"copy_bytes":15728640,"dst_nb":[4,3145728,18874368,94371840],"dst_ne":[786432,1,5,1],"layout":"strided","phase":"measure","rows":5,"sample":18,"src_nb":[4,3145728,3145744,15728720],"src_ne":[786432,1,5,1],"wall_us":609.542,"width":786432}
M5_COPY_CALL {"copy_bytes":15728640,"dst_nb":[4,3145728,18874368,94371840],"dst_ne":[786432,1,5,1],"layout":"strided","phase":"measure","rows":5,"sample":19,"src_nb":[4,3145728,3145744,15728720],"src_ne":[786432,1,5,1],"width":786432}
M5_PROFILE {"context":"74e0de4000","graph":238,"cb":1,"original_nodes":3,"gpu_start_s":244999.242065625,"gpu_end_s":244999.242476917,"gpu_ms":0.411292,"valid":true,"completed":true,"op_counts":{"CPY":1,"VIEW":2}}
M5_COPY_RETURN {"copy_bytes":15728640,"dst_nb":[4,3145728,18874368,94371840],"dst_ne":[786432,1,5,1],"layout":"strided","phase":"measure","rows":5,"sample":19,"src_nb":[4,3145728,3145744,15728720],"src_ne":[786432,1,5,1],"wall_us":576.666,"width":786432}
M5_COPY_CALL {"copy_bytes":15728640,"dst_nb":[4,3145728,18874368,94371840],"dst_ne":[786432,1,5,1],"layout":"strided","phase":"measure","rows":5,"sample":20,"src_nb":[4,3145728,3145744,15728720],"src_ne":[786432,1,5,1],"width":786432}
M5_PROFILE {"context":"74e0de4000","graph":239,"cb":1,"original_nodes":3,"gpu_start_s":244999.242646125,"gpu_end_s":244999.242969417,"gpu_ms":0.323292,"valid":true,"completed":true,"op_counts":{"CPY":1,"VIEW":2}}
M5_COPY_RETURN {"copy_bytes":15728640,"dst_nb":[4,3145728,18874368,94371840],"dst_ne":[786432,1,5,1],"layout":"strided","phase":"measure","rows":5,"sample":20,"src_nb":[4,3145728,3145744,15728720],"src_ne":[786432,1,5,1],"wall_us":485.167,"width":786432}
M5_COPY_CALL {"copy_bytes":15728640,"dst_nb":[4,3145728,18874368,94371840],"dst_ne":[786432,1,5,1],"layout":"strided","phase":"measure","rows":5,"sample":21,"src_nb":[4,3145728,3145744,15728720],"src_ne":[786432,1,5,1],"width":786432}
M5_PROFILE {"context":"74e0de4000","graph":240,"cb":1,"original_nodes":3,"gpu_start_s":244999.243130500,"gpu_end_s":244999.243453875,"gpu_ms":0.323375,"valid":true,"completed":true,"op_counts":{"CPY":1,"VIEW":2}}
M5_COPY_RETURN {"copy_bytes":15728640,"dst_nb":[4,3145728,18874368,94371840],"dst_ne":[786432,1,5,1],"layout":"strided","phase":"measure","rows":5,"sample":21,"src_nb":[4,3145728,3145744,15728720],"src_ne":[786432,1,5,1],"wall_us":476.667,"width":786432}
M5_COPY_CALL {"copy_bytes":15728640,"dst_nb":[4,3145728,18874368,94371840],"dst_ne":[786432,1,5,1],"layout":"strided","phase":"measure","rows":5,"sample":22,"src_nb":[4,3145728,3145744,15728720],"src_ne":[786432,1,5,1],"width":786432}
M5_PROFILE {"context":"74e0de4000","graph":241,"cb":1,"original_nodes":3,"gpu_start_s":244999.243625375,"gpu_end_s":244999.243948875,"gpu_ms":0.323500,"valid":true,"completed":true,"op_counts":{"CPY":1,"VIEW":2}}
M5_COPY_RETURN {"copy_bytes":15728640,"dst_nb":[4,3145728,18874368,94371840],"dst_ne":[786432,1,5,1],"layout":"strided","phase":"measure","rows":5,"sample":22,"src_nb":[4,3145728,3145744,15728720],"src_ne":[786432,1,5,1],"wall_us":489.459,"width":786432}
M5_COPY_CALL {"copy_bytes":15728640,"dst_nb":[4,3145728,18874368,94371840],"dst_ne":[786432,1,5,1],"layout":"strided","phase":"measure","rows":5,"sample":23,"src_nb":[4,3145728,3145744,15728720],"src_ne":[786432,1,5,1],"width":786432}
M5_PROFILE {"context":"74e0de4000","graph":242,"cb":1,"original_nodes":3,"gpu_start_s":244999.244121500,"gpu_end_s":244999.244444875,"gpu_ms":0.323375,"valid":true,"completed":true,"op_counts":{"CPY":1,"VIEW":2}}
M5_COPY_RETURN {"copy_bytes":15728640,"dst_nb":[4,3145728,18874368,94371840],"dst_ne":[786432,1,5,1],"layout":"strided","phase":"measure","rows":5,"sample":23,"src_nb":[4,3145728,3145744,15728720],"src_ne":[786432,1,5,1],"wall_us":483.875,"width":786432}
M5_COPY_CALL {"copy_bytes":15728640,"dst_nb":[4,3145728,18874368,94371840],"dst_ne":[786432,1,5,1],"layout":"strided","phase":"measure","rows":5,"sample":24,"src_nb":[4,3145728,3145744,15728720],"src_ne":[786432,1,5,1],"width":786432}
M5_PROFILE {"context":"74e0de4000","graph":243,"cb":1,"original_nodes":3,"gpu_start_s":244999.244624250,"gpu_end_s":244999.244947625,"gpu_ms":0.323375,"valid":true,"completed":true,"op_counts":{"CPY":1,"VIEW":2}}
M5_COPY_RETURN {"copy_bytes":15728640,"dst_nb":[4,3145728,18874368,94371840],"dst_ne":[786432,1,5,1],"layout":"strided","phase":"measure","rows":5,"sample":24,"src_nb":[4,3145728,3145744,15728720],"src_ne":[786432,1,5,1],"wall_us":499.417,"width":786432}
M5_COPY_CALL {"copy_bytes":15728640,"dst_nb":[4,3145728,18874368,94371840],"dst_ne":[786432,1,5,1],"layout":"strided","phase":"measure","rows":5,"sample":25,"src_nb":[4,3145728,3145744,15728720],"src_ne":[786432,1,5,1],"width":786432}
M5_PROFILE {"context":"74e0de4000","graph":244,"cb":1,"original_nodes":3,"gpu_start_s":244999.245125000,"gpu_end_s":244999.245448292,"gpu_ms":0.323292,"valid":true,"completed":true,"op_counts":{"CPY":1,"VIEW":2}}
M5_COPY_RETURN {"copy_bytes":15728640,"dst_nb":[4,3145728,18874368,94371840],"dst_ne":[786432,1,5,1],"layout":"strided","phase":"measure","rows":5,"sample":25,"src_nb":[4,3145728,3145744,15728720],"src_ne":[786432,1,5,1],"wall_us":491.541,"width":786432}
M5_COPY_CALL {"copy_bytes":15728640,"dst_nb":[4,3145728,18874368,94371840],"dst_ne":[786432,1,5,1],"layout":"strided","phase":"measure","rows":5,"sample":26,"src_nb":[4,3145728,3145744,15728720],"src_ne":[786432,1,5,1],"width":786432}
M5_PROFILE {"context":"74e0de4000","graph":245,"cb":1,"original_nodes":3,"gpu_start_s":244999.245619750,"gpu_end_s":244999.245930000,"gpu_ms":0.310250,"valid":true,"completed":true,"op_counts":{"CPY":1,"VIEW":2}}
M5_COPY_RETURN {"copy_bytes":15728640,"dst_nb":[4,3145728,18874368,94371840],"dst_ne":[786432,1,5,1],"layout":"strided","phase":"measure","rows":5,"sample":26,"src_nb":[4,3145728,3145744,15728720],"src_ne":[786432,1,5,1],"wall_us":477.458,"width":786432}
M5_COPY_CALL {"copy_bytes":15728640,"dst_nb":[4,3145728,18874368,94371840],"dst_ne":[786432,1,5,1],"layout":"strided","phase":"measure","rows":5,"sample":27,"src_nb":[4,3145728,3145744,15728720],"src_ne":[786432,1,5,1],"width":786432}
M5_PROFILE {"context":"74e0de4000","graph":246,"cb":1,"original_nodes":3,"gpu_start_s":244999.246232625,"gpu_end_s":244999.246507250,"gpu_ms":0.274625,"valid":true,"completed":true,"op_counts":{"CPY":1,"VIEW":2}}
M5_COPY_RETURN {"copy_bytes":15728640,"dst_nb":[4,3145728,18874368,94371840],"dst_ne":[786432,1,5,1],"layout":"strided","phase":"measure","rows":5,"sample":27,"src_nb":[4,3145728,3145744,15728720],"src_ne":[786432,1,5,1],"wall_us":565.917,"width":786432}
M5_COPY_CALL {"copy_bytes":15728640,"dst_nb":[4,3145728,18874368,94371840],"dst_ne":[786432,1,5,1],"layout":"strided","phase":"measure","rows":5,"sample":28,"src_nb":[4,3145728,3145744,15728720],"src_ne":[786432,1,5,1],"width":786432}
M5_PROFILE {"context":"74e0de4000","graph":247,"cb":1,"original_nodes":3,"gpu_start_s":244999.246677167,"gpu_end_s":244999.246951625,"gpu_ms":0.274458,"valid":true,"completed":true,"op_counts":{"CPY":1,"VIEW":2}}
M5_COPY_RETURN {"copy_bytes":15728640,"dst_nb":[4,3145728,18874368,94371840],"dst_ne":[786432,1,5,1],"layout":"strided","phase":"measure","rows":5,"sample":28,"src_nb":[4,3145728,3145744,15728720],"src_ne":[786432,1,5,1],"wall_us":436.75,"width":786432}
M5_COPY_CALL {"copy_bytes":15728640,"dst_nb":[4,3145728,18874368,94371840],"dst_ne":[786432,1,5,1],"layout":"strided","phase":"measure","rows":5,"sample":29,"src_nb":[4,3145728,3145744,15728720],"src_ne":[786432,1,5,1],"width":786432}
M5_PROFILE {"context":"74e0de4000","graph":248,"cb":1,"original_nodes":3,"gpu_start_s":244999.247120375,"gpu_end_s":244999.247395000,"gpu_ms":0.274625,"valid":true,"completed":true,"op_counts":{"CPY":1,"VIEW":2}}
M5_COPY_RETURN {"copy_bytes":15728640,"dst_nb":[4,3145728,18874368,94371840],"dst_ne":[786432,1,5,1],"layout":"strided","phase":"measure","rows":5,"sample":29,"src_nb":[4,3145728,3145744,15728720],"src_ne":[786432,1,5,1],"wall_us":436.0,"width":786432}
M5_COPY_CALL {"copy_bytes":15728640,"dst_nb":[4,3145728,18874368,94371840],"dst_ne":[786432,1,5,1],"layout":"strided","phase":"measure","rows":5,"sample":30,"src_nb":[4,3145728,3145744,15728720],"src_ne":[786432,1,5,1],"width":786432}
M5_PROFILE {"context":"74e0de4000","graph":249,"cb":1,"original_nodes":3,"gpu_start_s":244999.247573000,"gpu_end_s":244999.247847417,"gpu_ms":0.274417,"valid":true,"completed":true,"op_counts":{"CPY":1,"VIEW":2}}
M5_COPY_RETURN {"copy_bytes":15728640,"dst_nb":[4,3145728,18874368,94371840],"dst_ne":[786432,1,5,1],"layout":"strided","phase":"measure","rows":5,"sample":30,"src_nb":[4,3145728,3145744,15728720],"src_ne":[786432,1,5,1],"wall_us":446.333,"width":786432}
M5_COPY_CALL {"copy_bytes":15728640,"dst_nb":[4,3145728,18874368,94371840],"dst_ne":[786432,1,5,1],"layout":"strided","phase":"measure","rows":5,"sample":31,"src_nb":[4,3145728,3145744,15728720],"src_ne":[786432,1,5,1],"width":786432}
M5_PROFILE {"context":"74e0de4000","graph":250,"cb":1,"original_nodes":3,"gpu_start_s":244999.248025250,"gpu_end_s":244999.248299875,"gpu_ms":0.274625,"valid":true,"completed":true,"op_counts":{"CPY":1,"VIEW":2}}
M5_COPY_RETURN {"copy_bytes":15728640,"dst_nb":[4,3145728,18874368,94371840],"dst_ne":[786432,1,5,1],"layout":"strided","phase":"measure","rows":5,"sample":31,"src_nb":[4,3145728,3145744,15728720],"src_ne":[786432,1,5,1],"wall_us":445.167,"width":786432}
M5_COPY_CALL {"copy_bytes":15728640,"dst_nb":[4,3145728,18874368,94371840],"dst_ne":[786432,1,5,1],"layout":"strided","phase":"measure","rows":5,"sample":32,"src_nb":[4,3145728,3145744,15728720],"src_ne":[786432,1,5,1],"width":786432}
M5_PROFILE {"context":"74e0de4000","graph":251,"cb":1,"original_nodes":3,"gpu_start_s":244999.248521125,"gpu_end_s":244999.248795625,"gpu_ms":0.274500,"valid":true,"completed":true,"op_counts":{"CPY":1,"VIEW":2}}
M5_COPY_RETURN {"copy_bytes":15728640,"dst_nb":[4,3145728,18874368,94371840],"dst_ne":[786432,1,5,1],"layout":"strided","phase":"measure","rows":5,"sample":32,"src_nb":[4,3145728,3145744,15728720],"src_ne":[786432,1,5,1],"wall_us":484.958,"width":786432}
M5_COPY_CALL {"copy_bytes":15728640,"dst_nb":[4,3145728,18874368,94371840],"dst_ne":[786432,1,5,1],"layout":"strided","phase":"measure","rows":5,"sample":33,"src_nb":[4,3145728,3145744,15728720],"src_ne":[786432,1,5,1],"width":786432}
M5_PROFILE {"context":"74e0de4000","graph":252,"cb":1,"original_nodes":3,"gpu_start_s":244999.249028125,"gpu_end_s":244999.249302917,"gpu_ms":0.274792,"valid":true,"completed":true,"op_counts":{"CPY":1,"VIEW":2}}
M5_COPY_RETURN {"copy_bytes":15728640,"dst_nb":[4,3145728,18874368,94371840],"dst_ne":[786432,1,5,1],"layout":"strided","phase":"measure","rows":5,"sample":33,"src_nb":[4,3145728,3145744,15728720],"src_ne":[786432,1,5,1],"wall_us":501.333,"width":786432}
M5_COPY_CALL {"copy_bytes":15728640,"dst_nb":[4,3145728,18874368,94371840],"dst_ne":[786432,1,5,1],"layout":"strided","phase":"measure","rows":5,"sample":34,"src_nb":[4,3145728,3145744,15728720],"src_ne":[786432,1,5,1],"width":786432}
M5_PROFILE {"context":"74e0de4000","graph":253,"cb":1,"original_nodes":3,"gpu_start_s":244999.249519125,"gpu_end_s":244999.249793625,"gpu_ms":0.274500,"valid":true,"completed":true,"op_counts":{"CPY":1,"VIEW":2}}
M5_COPY_RETURN {"copy_bytes":15728640,"dst_nb":[4,3145728,18874368,94371840],"dst_ne":[786432,1,5,1],"layout":"strided","phase":"measure","rows":5,"sample":34,"src_nb":[4,3145728,3145744,15728720],"src_ne":[786432,1,5,1],"wall_us":572.084,"width":786432}
M5_COPY_CALL {"copy_bytes":15728640,"dst_nb":[4,3145728,18874368,94371840],"dst_ne":[786432,1,5,1],"layout":"strided","phase":"measure","rows":5,"sample":35,"src_nb":[4,3145728,3145744,15728720],"src_ne":[786432,1,5,1],"width":786432}
M5_PROFILE {"context":"74e0de4000","graph":254,"cb":1,"original_nodes":3,"gpu_start_s":244999.250083125,"gpu_end_s":244999.250357625,"gpu_ms":0.274500,"valid":true,"completed":true,"op_counts":{"CPY":1,"VIEW":2}}
M5_COPY_RETURN {"copy_bytes":15728640,"dst_nb":[4,3145728,18874368,94371840],"dst_ne":[786432,1,5,1],"layout":"strided","phase":"measure","rows":5,"sample":35,"src_nb":[4,3145728,3145744,15728720],"src_ne":[786432,1,5,1],"wall_us":449.25,"width":786432}
M5_COPY_CALL {"copy_bytes":15728640,"dst_nb":[4,3145728,18874368,94371840],"dst_ne":[786432,1,5,1],"layout":"strided","phase":"measure","rows":5,"sample":36,"src_nb":[4,3145728,3145744,15728720],"src_ne":[786432,1,5,1],"width":786432}
M5_PROFILE {"context":"74e0de4000","graph":255,"cb":1,"original_nodes":3,"gpu_start_s":244999.250537667,"gpu_end_s":244999.250812000,"gpu_ms":0.274333,"valid":true,"completed":true,"op_counts":{"CPY":1,"VIEW":2}}
M5_COPY_RETURN {"copy_bytes":15728640,"dst_nb":[4,3145728,18874368,94371840],"dst_ne":[786432,1,5,1],"layout":"strided","phase":"measure","rows":5,"sample":36,"src_nb":[4,3145728,3145744,15728720],"src_ne":[786432,1,5,1],"wall_us":446.75,"width":786432}
M5_COPY_CALL {"copy_bytes":15728640,"dst_nb":[4,3145728,18874368,94371840],"dst_ne":[786432,1,5,1],"layout":"strided","phase":"measure","rows":5,"sample":37,"src_nb":[4,3145728,3145744,15728720],"src_ne":[786432,1,5,1],"width":786432}
M5_PROFILE {"context":"74e0de4000","graph":256,"cb":1,"original_nodes":3,"gpu_start_s":244999.250984750,"gpu_end_s":244999.251259375,"gpu_ms":0.274625,"valid":true,"completed":true,"op_counts":{"CPY":1,"VIEW":2}}
M5_COPY_RETURN {"copy_bytes":15728640,"dst_nb":[4,3145728,18874368,94371840],"dst_ne":[786432,1,5,1],"layout":"strided","phase":"measure","rows":5,"sample":37,"src_nb":[4,3145728,3145744,15728720],"src_ne":[786432,1,5,1],"wall_us":443.708,"width":786432}
M5_COPY_CALL {"copy_bytes":15728640,"dst_nb":[4,3145728,18874368,94371840],"dst_ne":[786432,1,5,1],"layout":"strided","phase":"measure","rows":5,"sample":38,"src_nb":[4,3145728,3145744,15728720],"src_ne":[786432,1,5,1],"width":786432}
M5_PROFILE {"context":"74e0de4000","graph":257,"cb":1,"original_nodes":3,"gpu_start_s":244999.251426250,"gpu_end_s":244999.251700500,"gpu_ms":0.274250,"valid":true,"completed":true,"op_counts":{"CPY":1,"VIEW":2}}
M5_COPY_RETURN {"copy_bytes":15728640,"dst_nb":[4,3145728,18874368,94371840],"dst_ne":[786432,1,5,1],"layout":"strided","phase":"measure","rows":5,"sample":38,"src_nb":[4,3145728,3145744,15728720],"src_ne":[786432,1,5,1],"wall_us":428.75,"width":786432}
M5_COPY_CALL {"copy_bytes":15728640,"dst_nb":[4,3145728,18874368,94371840],"dst_ne":[786432,1,5,1],"layout":"strided","phase":"measure","rows":5,"sample":39,"src_nb":[4,3145728,3145744,15728720],"src_ne":[786432,1,5,1],"width":786432}
M5_PROFILE {"context":"74e0de4000","graph":258,"cb":1,"original_nodes":3,"gpu_start_s":244999.251893250,"gpu_end_s":244999.252167875,"gpu_ms":0.274625,"valid":true,"completed":true,"op_counts":{"CPY":1,"VIEW":2}}
M5_COPY_RETURN {"copy_bytes":15728640,"dst_nb":[4,3145728,18874368,94371840],"dst_ne":[786432,1,5,1],"layout":"strided","phase":"measure","rows":5,"sample":39,"src_nb":[4,3145728,3145744,15728720],"src_ne":[786432,1,5,1],"wall_us":463.333,"width":786432}
M5_COPY_PASS {"copy_bytes":15728640,"dst_nb":[4,3145728,18874368,94371840],"dst_ne":[786432,1,5,1],"layout":"strided","rows":5,"src_nb":[4,3145728,3145744,15728720],"src_ne":[786432,1,5,1],"width":786432}
ggml_metal_free: deallocating
M5_COPY_DONE {"mode":"perf","passed":6}
