ggml_metal_device_init: testing tensor API for f16 support
ggml_metal_library_compile_pipeline: compiling pipeline: base = 'dummy_kernel', name = 'dummy_kernel'
ggml_metal_library_compile_pipeline: loaded dummy_kernel                                  0x101a3ff90 | th_max = 1024 | th_width =   32
ggml_metal_device_init: testing tensor API for bfloat support
ggml_metal_library_compile_pipeline: compiling pipeline: base = 'dummy_kernel', name = 'dummy_kernel'
ggml_metal_library_compile_pipeline: loaded dummy_kernel                                  0x101a40490 | th_max = 1024 | th_width =   32
ggml_metal_library_init: using embedded metal library
ggml_metal_library_compile_all: compiled 'fa_aux' library in 0.000 sec
ggml_metal_library_compile_all: compiled 'fa_f16' library in 0.001 sec
ggml_metal_library_compile_all: compiled 'fa_f32' library in 0.006 sec
ggml_metal_library_compile_all: compiled 'fa_q4_0' library in 0.006 sec
ggml_metal_library_compile_all: compiled 'fa_q4_1' library in 0.006 sec
ggml_metal_library_compile_all: compiled 'fa_q5_0' library in 0.002 sec
ggml_metal_library_compile_all: compiled 'fa_q5_1' library in 0.002 sec
ggml_metal_library_compile_all: compiled 'fa_q8_0' library in 0.004 sec
ggml_metal_library_compile_all: compiled 'fa_vec_f16' library in 0.003 sec
ggml_metal_library_compile_all: compiled 'fa_vec_f32' library in 0.001 sec
ggml_metal_library_compile_all: compiled 'fa_vec_q4_0' library in 0.008 sec
ggml_metal_library_compile_all: compiled 'fa_vec_q4_1' library in 0.011 sec
ggml_metal_library_compile_all: compiled 'fa_vec_q5_0' library in 0.010 sec
ggml_metal_library_compile_all: compiled 'fa_vec_q5_1' library in 0.009 sec
ggml_metal_library_compile_all: compiled 'fa_vec_q8_0' library in 0.007 sec
ggml_metal_library_compile_all: compiled 'mul_mv' library in 0.003 sec
ggml_metal_library_compile_all: compiled 'mul_mv_mma' library in 0.005 sec
ggml_metal_library_compile_all: compiled 'mul_mm' library in 0.009 sec
ggml_metal_library_compile_all: compiled 'quantize' library in 0.004 sec
ggml_metal_library_compile_all: compiled 'softmax' library in 0.007 sec
ggml_metal_library_compile_all: compiled 'norm' library in 0.008 sec
ggml_metal_library_compile_all: compiled 'unary' library in 0.007 sec
ggml_metal_library_compile_all: compiled 'binbcast' library in 0.006 sec
ggml_metal_library_compile_all: compiled 'reduce' library in 0.001 sec
ggml_metal_library_compile_all: compiled 'tri' library in 0.002 sec
ggml_metal_library_compile_all: compiled 'ssm' library in 0.007 sec
ggml_metal_library_compile_all: compiled 'wkv' library in 0.000 sec
ggml_metal_library_compile_all: compiled 'gated_delta_net' library in 0.009 sec
ggml_metal_library_compile_all: compiled 'solve_tri' library in 0.005 sec
ggml_metal_library_compile_all: compiled 'rope' library in 0.002 sec
ggml_metal_library_compile_all: compiled 'conv' library in 0.003 sec
ggml_metal_library_compile_all: compiled 'upscale' library in 0.003 sec
ggml_metal_library_compile_all: compiled 'argsort' library in 0.002 sec
ggml_metal_library_compile_all: compiled 'pool' library in 0.002 sec
ggml_metal_library_compile_all: compiled 'misc' library in 0.010 sec
ggml_metal_library_compile_all: loaded 35 libraries from embedded data in 0.011 sec (max single = 0.011 sec)
ggml_metal_rsets_init: creating a residency set collection (keep_alive = 180 s)
ggml_metal_device_init: GPU name:   MTL0 (Apple M5 Pro)
ggml_metal_device_init: GPU family: MTLGPUFamilyApple10  (1010)
ggml_metal_device_init: GPU family: MTLGPUFamilyMetal4  (5002)
ggml_metal_device_init: simdgroup reduction   = true
ggml_metal_device_init: simdgroup matrix mul. = true
ggml_metal_device_init: has unified memory    = true
ggml_metal_device_init: has bfloat            = true
ggml_metal_device_init: has tensor            = true
ggml_metal_device_init: use residency sets    = true
ggml_metal_device_init: use shared buffers    = true
ggml_metal_device_init: recommendedMaxWorkingSetSize  = 40200.90 MB
ggml_metal_init: allocating
ggml_metal_init: found device: Apple M5 Pro
ggml_metal_init: picking default device: Apple M5 Pro
ggml_metal_init: use fusion         = true
ggml_metal_init: use concurrency    = true
ggml_metal_init: use graph optimize = true
M5_COPY_CALL {"copy_bytes":3145728,"dst_nb":[4,3145728,3145728,3145728],"dst_ne":[786432,1,1,1],"layout":"contiguous","phase":"warmup","rows":1,"sample":-3,"src_nb":[4,3145728,3145728,3145728],"src_ne":[786432,1,1,1],"width":786432}
ggml_metal_library_compile_pipeline: compiling pipeline: base = 'kernel_cpy_f32_f32', name = 'kernel_cpy_f32_f32'
ggml_metal_library_compile_pipeline: loaded kernel_cpy_f32_f32                            0x101a46d90 | th_max = 1024 | th_width =   32
M5_PROFILE {"context":"7b1ec9cc00","graph":1,"cb":1,"original_nodes":3,"gpu_start_s":245033.879482375,"gpu_end_s":245033.879702167,"gpu_ms":0.219792,"valid":true,"completed":true,"op_counts":{"CPY":1,"VIEW":2}}
M5_COPY_RETURN {"copy_bytes":3145728,"dst_nb":[4,3145728,3145728,3145728],"dst_ne":[786432,1,1,1],"layout":"contiguous","phase":"warmup","rows":1,"sample":-3,"src_nb":[4,3145728,3145728,3145728],"src_ne":[786432,1,1,1],"wall_us":1008.292,"width":786432}
M5_COPY_CALL {"copy_bytes":3145728,"dst_nb":[4,3145728,3145728,3145728],"dst_ne":[786432,1,1,1],"layout":"contiguous","phase":"warmup","rows":1,"sample":-2,"src_nb":[4,3145728,3145728,3145728],"src_ne":[786432,1,1,1],"width":786432}
M5_PROFILE {"context":"7b1ec9cc00","graph":2,"cb":1,"original_nodes":3,"gpu_start_s":245033.880033750,"gpu_end_s":245033.880250750,"gpu_ms":0.217000,"valid":true,"completed":true,"op_counts":{"CPY":1,"VIEW":2}}
M5_COPY_RETURN {"copy_bytes":3145728,"dst_nb":[4,3145728,3145728,3145728],"dst_ne":[786432,1,1,1],"layout":"contiguous","phase":"warmup","rows":1,"sample":-2,"src_nb":[4,3145728,3145728,3145728],"src_ne":[786432,1,1,1],"wall_us":455.75,"width":786432}
M5_COPY_CALL {"copy_bytes":3145728,"dst_nb":[4,3145728,3145728,3145728],"dst_ne":[786432,1,1,1],"layout":"contiguous","phase":"warmup","rows":1,"sample":-1,"src_nb":[4,3145728,3145728,3145728],"src_ne":[786432,1,1,1],"width":786432}
M5_PROFILE {"context":"7b1ec9cc00","graph":3,"cb":1,"original_nodes":3,"gpu_start_s":245033.880482250,"gpu_end_s":245033.880699125,"gpu_ms":0.216875,"valid":true,"completed":true,"op_counts":{"CPY":1,"VIEW":2}}
M5_COPY_RETURN {"copy_bytes":3145728,"dst_nb":[4,3145728,3145728,3145728],"dst_ne":[786432,1,1,1],"layout":"contiguous","phase":"warmup","rows":1,"sample":-1,"src_nb":[4,3145728,3145728,3145728],"src_ne":[786432,1,1,1],"wall_us":431.167,"width":786432}
M5_COPY_CALL {"copy_bytes":3145728,"dst_nb":[4,3145728,3145728,3145728],"dst_ne":[786432,1,1,1],"layout":"contiguous","phase":"measure","rows":1,"sample":0,"src_nb":[4,3145728,3145728,3145728],"src_ne":[786432,1,1,1],"width":786432}
M5_PROFILE {"context":"7b1ec9cc00","graph":4,"cb":1,"original_nodes":3,"gpu_start_s":245033.880903167,"gpu_end_s":245033.881120417,"gpu_ms":0.217250,"valid":true,"completed":true,"op_counts":{"CPY":1,"VIEW":2}}
M5_COPY_RETURN {"copy_bytes":3145728,"dst_nb":[4,3145728,3145728,3145728],"dst_ne":[786432,1,1,1],"layout":"contiguous","phase":"measure","rows":1,"sample":0,"src_nb":[4,3145728,3145728,3145728],"src_ne":[786432,1,1,1],"wall_us":420.875,"width":786432}
M5_COPY_CALL {"copy_bytes":3145728,"dst_nb":[4,3145728,3145728,3145728],"dst_ne":[786432,1,1,1],"layout":"contiguous","phase":"measure","rows":1,"sample":1,"src_nb":[4,3145728,3145728,3145728],"src_ne":[786432,1,1,1],"width":786432}
M5_PROFILE {"context":"7b1ec9cc00","graph":5,"cb":1,"original_nodes":3,"gpu_start_s":245033.881349500,"gpu_end_s":245033.881566500,"gpu_ms":0.217000,"valid":true,"completed":true,"op_counts":{"CPY":1,"VIEW":2}}
M5_COPY_RETURN {"copy_bytes":3145728,"dst_nb":[4,3145728,3145728,3145728],"dst_ne":[786432,1,1,1],"layout":"contiguous","phase":"measure","rows":1,"sample":1,"src_nb":[4,3145728,3145728,3145728],"src_ne":[786432,1,1,1],"wall_us":432.583,"width":786432}
M5_COPY_CALL {"copy_bytes":3145728,"dst_nb":[4,3145728,3145728,3145728],"dst_ne":[786432,1,1,1],"layout":"contiguous","phase":"measure","rows":1,"sample":2,"src_nb":[4,3145728,3145728,3145728],"src_ne":[786432,1,1,1],"width":786432}
M5_PROFILE {"context":"7b1ec9cc00","graph":6,"cb":1,"original_nodes":3,"gpu_start_s":245033.881847625,"gpu_end_s":245033.882064375,"gpu_ms":0.216750,"valid":true,"completed":true,"op_counts":{"CPY":1,"VIEW":2}}
M5_COPY_RETURN {"copy_bytes":3145728,"dst_nb":[4,3145728,3145728,3145728],"dst_ne":[786432,1,1,1],"layout":"contiguous","phase":"measure","rows":1,"sample":2,"src_nb":[4,3145728,3145728,3145728],"src_ne":[786432,1,1,1],"wall_us":482.458,"width":786432}
M5_COPY_CALL {"copy_bytes":3145728,"dst_nb":[4,3145728,3145728,3145728],"dst_ne":[786432,1,1,1],"layout":"contiguous","phase":"measure","rows":1,"sample":3,"src_nb":[4,3145728,3145728,3145728],"src_ne":[786432,1,1,1],"width":786432}
M5_PROFILE {"context":"7b1ec9cc00","graph":7,"cb":1,"original_nodes":3,"gpu_start_s":245033.882279250,"gpu_end_s":245033.882496250,"gpu_ms":0.217000,"valid":true,"completed":true,"op_counts":{"CPY":1,"VIEW":2}}
M5_COPY_RETURN {"copy_bytes":3145728,"dst_nb":[4,3145728,3145728,3145728],"dst_ne":[786432,1,1,1],"layout":"contiguous","phase":"measure","rows":1,"sample":3,"src_nb":[4,3145728,3145728,3145728],"src_ne":[786432,1,1,1],"wall_us":414.292,"width":786432}
M5_COPY_CALL {"copy_bytes":3145728,"dst_nb":[4,3145728,3145728,3145728],"dst_ne":[786432,1,1,1],"layout":"contiguous","phase":"measure","rows":1,"sample":4,"src_nb":[4,3145728,3145728,3145728],"src_ne":[786432,1,1,1],"width":786432}
M5_PROFILE {"context":"7b1ec9cc00","graph":8,"cb":1,"original_nodes":3,"gpu_start_s":245033.882747500,"gpu_end_s":245033.882964625,"gpu_ms":0.217125,"valid":true,"completed":true,"op_counts":{"CPY":1,"VIEW":2}}
M5_COPY_RETURN {"copy_bytes":3145728,"dst_nb":[4,3145728,3145728,3145728],"dst_ne":[786432,1,1,1],"layout":"contiguous","phase":"measure","rows":1,"sample":4,"src_nb":[4,3145728,3145728,3145728],"src_ne":[786432,1,1,1],"wall_us":468.083,"width":786432}
M5_COPY_CALL {"copy_bytes":3145728,"dst_nb":[4,3145728,3145728,3145728],"dst_ne":[786432,1,1,1],"layout":"contiguous","phase":"measure","rows":1,"sample":5,"src_nb":[4,3145728,3145728,3145728],"src_ne":[786432,1,1,1],"width":786432}
M5_PROFILE {"context":"7b1ec9cc00","graph":9,"cb":1,"original_nodes":3,"gpu_start_s":245033.883209042,"gpu_end_s":245033.883438375,"gpu_ms":0.229333,"valid":true,"completed":true,"op_counts":{"CPY":1,"VIEW":2}}
M5_COPY_RETURN {"copy_bytes":3145728,"dst_nb":[4,3145728,3145728,3145728],"dst_ne":[786432,1,1,1],"layout":"contiguous","phase":"measure","rows":1,"sample":5,"src_nb":[4,3145728,3145728,3145728],"src_ne":[786432,1,1,1],"wall_us":455.708,"width":786432}
M5_COPY_CALL {"copy_bytes":3145728,"dst_nb":[4,3145728,3145728,3145728],"dst_ne":[786432,1,1,1],"layout":"contiguous","phase":"measure","rows":1,"sample":6,"src_nb":[4,3145728,3145728,3145728],"src_ne":[786432,1,1,1],"width":786432}
M5_PROFILE {"context":"7b1ec9cc00","graph":10,"cb":1,"original_nodes":3,"gpu_start_s":245033.883700167,"gpu_end_s":245033.883917167,"gpu_ms":0.217000,"valid":true,"completed":true,"op_counts":{"CPY":1,"VIEW":2}}
M5_COPY_RETURN {"copy_bytes":3145728,"dst_nb":[4,3145728,3145728,3145728],"dst_ne":[786432,1,1,1],"layout":"contiguous","phase":"measure","rows":1,"sample":6,"src_nb":[4,3145728,3145728,3145728],"src_ne":[786432,1,1,1],"wall_us":490.542,"width":786432}
M5_COPY_CALL {"copy_bytes":3145728,"dst_nb":[4,3145728,3145728,3145728],"dst_ne":[786432,1,1,1],"layout":"contiguous","phase":"measure","rows":1,"sample":7,"src_nb":[4,3145728,3145728,3145728],"src_ne":[786432,1,1,1],"width":786432}
M5_PROFILE {"context":"7b1ec9cc00","graph":11,"cb":1,"original_nodes":3,"gpu_start_s":245033.884192375,"gpu_end_s":245033.884409625,"gpu_ms":0.217250,"valid":true,"completed":true,"op_counts":{"CPY":1,"VIEW":2}}
M5_COPY_RETURN {"copy_bytes":3145728,"dst_nb":[4,3145728,3145728,3145728],"dst_ne":[786432,1,1,1],"layout":"contiguous","phase":"measure","rows":1,"sample":7,"src_nb":[4,3145728,3145728,3145728],"src_ne":[786432,1,1,1],"wall_us":515.209,"width":786432}
M5_COPY_CALL {"copy_bytes":3145728,"dst_nb":[4,3145728,3145728,3145728],"dst_ne":[786432,1,1,1],"layout":"contiguous","phase":"measure","rows":1,"sample":8,"src_nb":[4,3145728,3145728,3145728],"src_ne":[786432,1,1,1],"width":786432}
M5_PROFILE {"context":"7b1ec9cc00","graph":12,"cb":1,"original_nodes":3,"gpu_start_s":245033.884710875,"gpu_end_s":245033.884927875,"gpu_ms":0.217000,"valid":true,"completed":true,"op_counts":{"CPY":1,"VIEW":2}}
M5_COPY_RETURN {"copy_bytes":3145728,"dst_nb":[4,3145728,3145728,3145728],"dst_ne":[786432,1,1,1],"layout":"contiguous","phase":"measure","rows":1,"sample":8,"src_nb":[4,3145728,3145728,3145728],"src_ne":[786432,1,1,1],"wall_us":444.542,"width":786432}
M5_COPY_CALL {"copy_bytes":3145728,"dst_nb":[4,3145728,3145728,3145728],"dst_ne":[786432,1,1,1],"layout":"contiguous","phase":"measure","rows":1,"sample":9,"src_nb":[4,3145728,3145728,3145728],"src_ne":[786432,1,1,1],"width":786432}
M5_PROFILE {"context":"7b1ec9cc00","graph":13,"cb":1,"original_nodes":3,"gpu_start_s":245033.885149875,"gpu_end_s":245033.885366625,"gpu_ms":0.216750,"valid":true,"completed":true,"op_counts":{"CPY":1,"VIEW":2}}
M5_COPY_RETURN {"copy_bytes":3145728,"dst_nb":[4,3145728,3145728,3145728],"dst_ne":[786432,1,1,1],"layout":"contiguous","phase":"measure","rows":1,"sample":9,"src_nb":[4,3145728,3145728,3145728],"src_ne":[786432,1,1,1],"wall_us":418.167,"width":786432}
M5_COPY_CALL {"copy_bytes":3145728,"dst_nb":[4,3145728,3145728,3145728],"dst_ne":[786432,1,1,1],"layout":"contiguous","phase":"measure","rows":1,"sample":10,"src_nb":[4,3145728,3145728,3145728],"src_ne":[786432,1,1,1],"width":786432}
M5_PROFILE {"context":"7b1ec9cc00","graph":14,"cb":1,"original_nodes":3,"gpu_start_s":245033.885571250,"gpu_end_s":245033.885788250,"gpu_ms":0.217000,"valid":true,"completed":true,"op_counts":{"CPY":1,"VIEW":2}}
M5_COPY_RETURN {"copy_bytes":3145728,"dst_nb":[4,3145728,3145728,3145728],"dst_ne":[786432,1,1,1],"layout":"contiguous","phase":"measure","rows":1,"sample":10,"src_nb":[4,3145728,3145728,3145728],"src_ne":[786432,1,1,1],"wall_us":416.0,"width":786432}
M5_COPY_CALL {"copy_bytes":3145728,"dst_nb":[4,3145728,3145728,3145728],"dst_ne":[786432,1,1,1],"layout":"contiguous","phase":"measure","rows":1,"sample":11,"src_nb":[4,3145728,3145728,3145728],"src_ne":[786432,1,1,1],"width":786432}
M5_PROFILE {"context":"7b1ec9cc00","graph":15,"cb":1,"original_nodes":3,"gpu_start_s":245033.886035500,"gpu_end_s":245033.886252542,"gpu_ms":0.217042,"valid":true,"completed":true,"op_counts":{"CPY":1,"VIEW":2}}
M5_COPY_RETURN {"copy_bytes":3145728,"dst_nb":[4,3145728,3145728,3145728],"dst_ne":[786432,1,1,1],"layout":"contiguous","phase":"measure","rows":1,"sample":11,"src_nb":[4,3145728,3145728,3145728],"src_ne":[786432,1,1,1],"wall_us":462.0,"width":786432}
M5_COPY_CALL {"copy_bytes":3145728,"dst_nb":[4,3145728,3145728,3145728],"dst_ne":[786432,1,1,1],"layout":"contiguous","phase":"measure","rows":1,"sample":12,"src_nb":[4,3145728,3145728,3145728],"src_ne":[786432,1,1,1],"width":786432}
M5_PROFILE {"context":"7b1ec9cc00","graph":16,"cb":1,"original_nodes":3,"gpu_start_s":245033.886538292,"gpu_end_s":245033.886755000,"gpu_ms":0.216708,"valid":true,"completed":true,"op_counts":{"CPY":1,"VIEW":2}}
M5_COPY_RETURN {"copy_bytes":3145728,"dst_nb":[4,3145728,3145728,3145728],"dst_ne":[786432,1,1,1],"layout":"contiguous","phase":"measure","rows":1,"sample":12,"src_nb":[4,3145728,3145728,3145728],"src_ne":[786432,1,1,1],"wall_us":491.125,"width":786432}
M5_COPY_CALL {"copy_bytes":3145728,"dst_nb":[4,3145728,3145728,3145728],"dst_ne":[786432,1,1,1],"layout":"contiguous","phase":"measure","rows":1,"sample":13,"src_nb":[4,3145728,3145728,3145728],"src_ne":[786432,1,1,1],"width":786432}
M5_PROFILE {"context":"7b1ec9cc00","graph":17,"cb":1,"original_nodes":3,"gpu_start_s":245033.886970250,"gpu_end_s":245033.887187167,"gpu_ms":0.216917,"valid":true,"completed":true,"op_counts":{"CPY":1,"VIEW":2}}
M5_COPY_RETURN {"copy_bytes":3145728,"dst_nb":[4,3145728,3145728,3145728],"dst_ne":[786432,1,1,1],"layout":"contiguous","phase":"measure","rows":1,"sample":13,"src_nb":[4,3145728,3145728,3145728],"src_ne":[786432,1,1,1],"wall_us":420.333,"width":786432}
M5_COPY_CALL {"copy_bytes":3145728,"dst_nb":[4,3145728,3145728,3145728],"dst_ne":[786432,1,1,1],"layout":"contiguous","phase":"measure","rows":1,"sample":14,"src_nb":[4,3145728,3145728,3145728],"src_ne":[786432,1,1,1],"width":786432}
M5_PROFILE {"context":"7b1ec9cc00","graph":18,"cb":1,"original_nodes":3,"gpu_start_s":245033.887390917,"gpu_end_s":245033.887608000,"gpu_ms":0.217083,"valid":true,"completed":true,"op_counts":{"CPY":1,"VIEW":2}}
M5_COPY_RETURN {"copy_bytes":3145728,"dst_nb":[4,3145728,3145728,3145728],"dst_ne":[786432,1,1,1],"layout":"contiguous","phase":"measure","rows":1,"sample":14,"src_nb":[4,3145728,3145728,3145728],"src_ne":[786432,1,1,1],"wall_us":419.708,"width":786432}
M5_COPY_CALL {"copy_bytes":3145728,"dst_nb":[4,3145728,3145728,3145728],"dst_ne":[786432,1,1,1],"layout":"contiguous","phase":"measure","rows":1,"sample":15,"src_nb":[4,3145728,3145728,3145728],"src_ne":[786432,1,1,1],"width":786432}
M5_PROFILE {"context":"7b1ec9cc00","graph":19,"cb":1,"original_nodes":3,"gpu_start_s":245033.887829667,"gpu_end_s":245033.888046625,"gpu_ms":0.216958,"valid":true,"completed":true,"op_counts":{"CPY":1,"VIEW":2}}
M5_COPY_RETURN {"copy_bytes":3145728,"dst_nb":[4,3145728,3145728,3145728],"dst_ne":[786432,1,1,1],"layout":"contiguous","phase":"measure","rows":1,"sample":15,"src_nb":[4,3145728,3145728,3145728],"src_ne":[786432,1,1,1],"wall_us":430.958,"width":786432}
M5_COPY_CALL {"copy_bytes":3145728,"dst_nb":[4,3145728,3145728,3145728],"dst_ne":[786432,1,1,1],"layout":"contiguous","phase":"measure","rows":1,"sample":16,"src_nb":[4,3145728,3145728,3145728],"src_ne":[786432,1,1,1],"width":786432}
M5_PROFILE {"context":"7b1ec9cc00","graph":20,"cb":1,"original_nodes":3,"gpu_start_s":245033.888257750,"gpu_end_s":245033.888474792,"gpu_ms":0.217042,"valid":true,"completed":true,"op_counts":{"CPY":1,"VIEW":2}}
M5_COPY_RETURN {"copy_bytes":3145728,"dst_nb":[4,3145728,3145728,3145728],"dst_ne":[786432,1,1,1],"layout":"contiguous","phase":"measure","rows":1,"sample":16,"src_nb":[4,3145728,3145728,3145728],"src_ne":[786432,1,1,1],"wall_us":413.458,"width":786432}
M5_COPY_CALL {"copy_bytes":3145728,"dst_nb":[4,3145728,3145728,3145728],"dst_ne":[786432,1,1,1],"layout":"contiguous","phase":"measure","rows":1,"sample":17,"src_nb":[4,3145728,3145728,3145728],"src_ne":[786432,1,1,1],"width":786432}
M5_PROFILE {"context":"7b1ec9cc00","graph":21,"cb":1,"original_nodes":3,"gpu_start_s":245033.888706000,"gpu_end_s":245033.888923000,"gpu_ms":0.217000,"valid":true,"completed":true,"op_counts":{"CPY":1,"VIEW":2}}
M5_COPY_RETURN {"copy_bytes":3145728,"dst_nb":[4,3145728,3145728,3145728],"dst_ne":[786432,1,1,1],"layout":"contiguous","phase":"measure","rows":1,"sample":17,"src_nb":[4,3145728,3145728,3145728],"src_ne":[786432,1,1,1],"wall_us":446.0,"width":786432}
M5_COPY_CALL {"copy_bytes":3145728,"dst_nb":[4,3145728,3145728,3145728],"dst_ne":[786432,1,1,1],"layout":"contiguous","phase":"measure","rows":1,"sample":18,"src_nb":[4,3145728,3145728,3145728],"src_ne":[786432,1,1,1],"width":786432}
M5_PROFILE {"context":"7b1ec9cc00","graph":22,"cb":1,"original_nodes":3,"gpu_start_s":245033.889163667,"gpu_end_s":245033.889380792,"gpu_ms":0.217125,"valid":true,"completed":true,"op_counts":{"CPY":1,"VIEW":2}}
M5_COPY_RETURN {"copy_bytes":3145728,"dst_nb":[4,3145728,3145728,3145728],"dst_ne":[786432,1,1,1],"layout":"contiguous","phase":"measure","rows":1,"sample":18,"src_nb":[4,3145728,3145728,3145728],"src_ne":[786432,1,1,1],"wall_us":425.5,"width":786432}
M5_COPY_CALL {"copy_bytes":3145728,"dst_nb":[4,3145728,3145728,3145728],"dst_ne":[786432,1,1,1],"layout":"contiguous","phase":"measure","rows":1,"sample":19,"src_nb":[4,3145728,3145728,3145728],"src_ne":[786432,1,1,1],"width":786432}
M5_PROFILE {"context":"7b1ec9cc00","graph":23,"cb":1,"original_nodes":3,"gpu_start_s":245033.889660000,"gpu_end_s":245033.889775417,"gpu_ms":0.115417,"valid":true,"completed":true,"op_counts":{"CPY":1,"VIEW":2}}
M5_COPY_RETURN {"copy_bytes":3145728,"dst_nb":[4,3145728,3145728,3145728],"dst_ne":[786432,1,1,1],"layout":"contiguous","phase":"measure","rows":1,"sample":19,"src_nb":[4,3145728,3145728,3145728],"src_ne":[786432,1,1,1],"wall_us":385.0,"width":786432}
M5_COPY_CALL {"copy_bytes":3145728,"dst_nb":[4,3145728,3145728,3145728],"dst_ne":[786432,1,1,1],"layout":"contiguous","phase":"measure","rows":1,"sample":20,"src_nb":[4,3145728,3145728,3145728],"src_ne":[786432,1,1,1],"width":786432}
M5_PROFILE {"context":"7b1ec9cc00","graph":24,"cb":1,"original_nodes":3,"gpu_start_s":245033.889971292,"gpu_end_s":245033.890086792,"gpu_ms":0.115500,"valid":true,"completed":true,"op_counts":{"CPY":1,"VIEW":2}}
M5_COPY_RETURN {"copy_bytes":3145728,"dst_nb":[4,3145728,3145728,3145728],"dst_ne":[786432,1,1,1],"layout":"contiguous","phase":"measure","rows":1,"sample":20,"src_nb":[4,3145728,3145728,3145728],"src_ne":[786432,1,1,1],"wall_us":293.0,"width":786432}
M5_COPY_CALL {"copy_bytes":3145728,"dst_nb":[4,3145728,3145728,3145728],"dst_ne":[786432,1,1,1],"layout":"contiguous","phase":"measure","rows":1,"sample":21,"src_nb":[4,3145728,3145728,3145728],"src_ne":[786432,1,1,1],"width":786432}
M5_PROFILE {"context":"7b1ec9cc00","graph":25,"cb":1,"original_nodes":3,"gpu_start_s":245033.890270250,"gpu_end_s":245033.890385667,"gpu_ms":0.115417,"valid":true,"completed":true,"op_counts":{"CPY":1,"VIEW":2}}
M5_COPY_RETURN {"copy_bytes":3145728,"dst_nb":[4,3145728,3145728,3145728],"dst_ne":[786432,1,1,1],"layout":"contiguous","phase":"measure","rows":1,"sample":21,"src_nb":[4,3145728,3145728,3145728],"src_ne":[786432,1,1,1],"wall_us":295.25,"width":786432}
M5_COPY_CALL {"copy_bytes":3145728,"dst_nb":[4,3145728,3145728,3145728],"dst_ne":[786432,1,1,1],"layout":"contiguous","phase":"measure","rows":1,"sample":22,"src_nb":[4,3145728,3145728,3145728],"src_ne":[786432,1,1,1],"width":786432}
M5_PROFILE {"context":"7b1ec9cc00","graph":26,"cb":1,"original_nodes":3,"gpu_start_s":245033.890571000,"gpu_end_s":245033.890686625,"gpu_ms":0.115625,"valid":true,"completed":true,"op_counts":{"CPY":1,"VIEW":2}}
M5_COPY_RETURN {"copy_bytes":3145728,"dst_nb":[4,3145728,3145728,3145728],"dst_ne":[786432,1,1,1],"layout":"contiguous","phase":"measure","rows":1,"sample":22,"src_nb":[4,3145728,3145728,3145728],"src_ne":[786432,1,1,1],"wall_us":289.875,"width":786432}
M5_COPY_CALL {"copy_bytes":3145728,"dst_nb":[4,3145728,3145728,3145728],"dst_ne":[786432,1,1,1],"layout":"contiguous","phase":"measure","rows":1,"sample":23,"src_nb":[4,3145728,3145728,3145728],"src_ne":[786432,1,1,1],"width":786432}
M5_PROFILE {"context":"7b1ec9cc00","graph":27,"cb":1,"original_nodes":3,"gpu_start_s":245033.890869292,"gpu_end_s":245033.890984917,"gpu_ms":0.115625,"valid":true,"completed":true,"op_counts":{"CPY":1,"VIEW":2}}
M5_COPY_RETURN {"copy_bytes":3145728,"dst_nb":[4,3145728,3145728,3145728],"dst_ne":[786432,1,1,1],"layout":"contiguous","phase":"measure","rows":1,"sample":23,"src_nb":[4,3145728,3145728,3145728],"src_ne":[786432,1,1,1],"wall_us":293.792,"width":786432}
M5_COPY_CALL {"copy_bytes":3145728,"dst_nb":[4,3145728,3145728,3145728],"dst_ne":[786432,1,1,1],"layout":"contiguous","phase":"measure","rows":1,"sample":24,"src_nb":[4,3145728,3145728,3145728],"src_ne":[786432,1,1,1],"width":786432}
M5_PROFILE {"context":"7b1ec9cc00","graph":28,"cb":1,"original_nodes":3,"gpu_start_s":245033.891220875,"gpu_end_s":245033.891336500,"gpu_ms":0.115625,"valid":true,"completed":true,"op_counts":{"CPY":1,"VIEW":2}}
M5_COPY_RETURN {"copy_bytes":3145728,"dst_nb":[4,3145728,3145728,3145728],"dst_ne":[786432,1,1,1],"layout":"contiguous","phase":"measure","rows":1,"sample":24,"src_nb":[4,3145728,3145728,3145728],"src_ne":[786432,1,1,1],"wall_us":343.25,"width":786432}
M5_COPY_CALL {"copy_bytes":3145728,"dst_nb":[4,3145728,3145728,3145728],"dst_ne":[786432,1,1,1],"layout":"contiguous","phase":"measure","rows":1,"sample":25,"src_nb":[4,3145728,3145728,3145728],"src_ne":[786432,1,1,1],"width":786432}
M5_PROFILE {"context":"7b1ec9cc00","graph":29,"cb":1,"original_nodes":3,"gpu_start_s":245033.891533500,"gpu_end_s":245033.891649167,"gpu_ms":0.115667,"valid":true,"completed":true,"op_counts":{"CPY":1,"VIEW":2}}
M5_COPY_RETURN {"copy_bytes":3145728,"dst_nb":[4,3145728,3145728,3145728],"dst_ne":[786432,1,1,1],"layout":"contiguous","phase":"measure","rows":1,"sample":25,"src_nb":[4,3145728,3145728,3145728],"src_ne":[786432,1,1,1],"wall_us":297.417,"width":786432}
M5_COPY_CALL {"copy_bytes":3145728,"dst_nb":[4,3145728,3145728,3145728],"dst_ne":[786432,1,1,1],"layout":"contiguous","phase":"measure","rows":1,"sample":26,"src_nb":[4,3145728,3145728,3145728],"src_ne":[786432,1,1,1],"width":786432}
M5_PROFILE {"context":"7b1ec9cc00","graph":30,"cb":1,"original_nodes":3,"gpu_start_s":245033.891827250,"gpu_end_s":245033.891942875,"gpu_ms":0.115625,"valid":true,"completed":true,"op_counts":{"CPY":1,"VIEW":2}}
M5_COPY_RETURN {"copy_bytes":3145728,"dst_nb":[4,3145728,3145728,3145728],"dst_ne":[786432,1,1,1],"layout":"contiguous","phase":"measure","rows":1,"sample":26,"src_nb":[4,3145728,3145728,3145728],"src_ne":[786432,1,1,1],"wall_us":286.083,"width":786432}
M5_COPY_CALL {"copy_bytes":3145728,"dst_nb":[4,3145728,3145728,3145728],"dst_ne":[786432,1,1,1],"layout":"contiguous","phase":"measure","rows":1,"sample":27,"src_nb":[4,3145728,3145728,3145728],"src_ne":[786432,1,1,1],"width":786432}
M5_PROFILE {"context":"7b1ec9cc00","graph":31,"cb":1,"original_nodes":3,"gpu_start_s":245033.892124875,"gpu_end_s":245033.892240375,"gpu_ms":0.115500,"valid":true,"completed":true,"op_counts":{"CPY":1,"VIEW":2}}
M5_COPY_RETURN {"copy_bytes":3145728,"dst_nb":[4,3145728,3145728,3145728],"dst_ne":[786432,1,1,1],"layout":"contiguous","phase":"measure","rows":1,"sample":27,"src_nb":[4,3145728,3145728,3145728],"src_ne":[786432,1,1,1],"wall_us":296.75,"width":786432}
M5_COPY_CALL {"copy_bytes":3145728,"dst_nb":[4,3145728,3145728,3145728],"dst_ne":[786432,1,1,1],"layout":"contiguous","phase":"measure","rows":1,"sample":28,"src_nb":[4,3145728,3145728,3145728],"src_ne":[786432,1,1,1],"width":786432}
M5_PROFILE {"context":"7b1ec9cc00","graph":32,"cb":1,"original_nodes":3,"gpu_start_s":245033.892422042,"gpu_end_s":245033.892537750,"gpu_ms":0.115708,"valid":true,"completed":true,"op_counts":{"CPY":1,"VIEW":2}}
M5_COPY_RETURN {"copy_bytes":3145728,"dst_nb":[4,3145728,3145728,3145728],"dst_ne":[786432,1,1,1],"layout":"contiguous","phase":"measure","rows":1,"sample":28,"src_nb":[4,3145728,3145728,3145728],"src_ne":[786432,1,1,1],"wall_us":275.792,"width":786432}
M5_COPY_CALL {"copy_bytes":3145728,"dst_nb":[4,3145728,3145728,3145728],"dst_ne":[786432,1,1,1],"layout":"contiguous","phase":"measure","rows":1,"sample":29,"src_nb":[4,3145728,3145728,3145728],"src_ne":[786432,1,1,1],"width":786432}
M5_PROFILE {"context":"7b1ec9cc00","graph":33,"cb":1,"original_nodes":3,"gpu_start_s":245033.892772625,"gpu_end_s":245033.892888292,"gpu_ms":0.115667,"valid":true,"completed":true,"op_counts":{"CPY":1,"VIEW":2}}
M5_COPY_RETURN {"copy_bytes":3145728,"dst_nb":[4,3145728,3145728,3145728],"dst_ne":[786432,1,1,1],"layout":"contiguous","phase":"measure","rows":1,"sample":29,"src_nb":[4,3145728,3145728,3145728],"src_ne":[786432,1,1,1],"wall_us":344.917,"width":786432}
M5_COPY_CALL {"copy_bytes":3145728,"dst_nb":[4,3145728,3145728,3145728],"dst_ne":[786432,1,1,1],"layout":"contiguous","phase":"measure","rows":1,"sample":30,"src_nb":[4,3145728,3145728,3145728],"src_ne":[786432,1,1,1],"width":786432}
M5_PROFILE {"context":"7b1ec9cc00","graph":34,"cb":1,"original_nodes":3,"gpu_start_s":245033.893072542,"gpu_end_s":245033.893188042,"gpu_ms":0.115500,"valid":true,"completed":true,"op_counts":{"CPY":1,"VIEW":2}}
M5_COPY_RETURN {"copy_bytes":3145728,"dst_nb":[4,3145728,3145728,3145728],"dst_ne":[786432,1,1,1],"layout":"contiguous","phase":"measure","rows":1,"sample":30,"src_nb":[4,3145728,3145728,3145728],"src_ne":[786432,1,1,1],"wall_us":296.375,"width":786432}
M5_COPY_CALL {"copy_bytes":3145728,"dst_nb":[4,3145728,3145728,3145728],"dst_ne":[786432,1,1,1],"layout":"contiguous","phase":"measure","rows":1,"sample":31,"src_nb":[4,3145728,3145728,3145728],"src_ne":[786432,1,1,1],"width":786432}
M5_PROFILE {"context":"7b1ec9cc00","graph":35,"cb":1,"original_nodes":3,"gpu_start_s":245033.893373000,"gpu_end_s":245033.893488375,"gpu_ms":0.115375,"valid":true,"completed":true,"op_counts":{"CPY":1,"VIEW":2}}
M5_COPY_RETURN {"copy_bytes":3145728,"dst_nb":[4,3145728,3145728,3145728],"dst_ne":[786432,1,1,1],"layout":"contiguous","phase":"measure","rows":1,"sample":31,"src_nb":[4,3145728,3145728,3145728],"src_ne":[786432,1,1,1],"wall_us":291.084,"width":786432}
M5_COPY_CALL {"copy_bytes":3145728,"dst_nb":[4,3145728,3145728,3145728],"dst_ne":[786432,1,1,1],"layout":"contiguous","phase":"measure","rows":1,"sample":32,"src_nb":[4,3145728,3145728,3145728],"src_ne":[786432,1,1,1],"width":786432}
M5_PROFILE {"context":"7b1ec9cc00","graph":36,"cb":1,"original_nodes":3,"gpu_start_s":245033.893671250,"gpu_end_s":245033.893786792,"gpu_ms":0.115542,"valid":true,"completed":true,"op_counts":{"CPY":1,"VIEW":2}}
M5_COPY_RETURN {"copy_bytes":3145728,"dst_nb":[4,3145728,3145728,3145728],"dst_ne":[786432,1,1,1],"layout":"contiguous","phase":"measure","rows":1,"sample":32,"src_nb":[4,3145728,3145728,3145728],"src_ne":[786432,1,1,1],"wall_us":291.667,"width":786432}
M5_COPY_CALL {"copy_bytes":3145728,"dst_nb":[4,3145728,3145728,3145728],"dst_ne":[786432,1,1,1],"layout":"contiguous","phase":"measure","rows":1,"sample":33,"src_nb":[4,3145728,3145728,3145728],"src_ne":[786432,1,1,1],"width":786432}
M5_PROFILE {"context":"7b1ec9cc00","graph":37,"cb":1,"original_nodes":3,"gpu_start_s":245033.893971750,"gpu_end_s":245033.894087125,"gpu_ms":0.115375,"valid":true,"completed":true,"op_counts":{"CPY":1,"VIEW":2}}
M5_COPY_RETURN {"copy_bytes":3145728,"dst_nb":[4,3145728,3145728,3145728],"dst_ne":[786432,1,1,1],"layout":"contiguous","phase":"measure","rows":1,"sample":33,"src_nb":[4,3145728,3145728,3145728],"src_ne":[786432,1,1,1],"wall_us":288.375,"width":786432}
M5_COPY_CALL {"copy_bytes":3145728,"dst_nb":[4,3145728,3145728,3145728],"dst_ne":[786432,1,1,1],"layout":"contiguous","phase":"measure","rows":1,"sample":34,"src_nb":[4,3145728,3145728,3145728],"src_ne":[786432,1,1,1],"width":786432}
M5_PROFILE {"context":"7b1ec9cc00","graph":38,"cb":1,"original_nodes":3,"gpu_start_s":245033.894276042,"gpu_end_s":245033.894391625,"gpu_ms":0.115583,"valid":true,"completed":true,"op_counts":{"CPY":1,"VIEW":2}}
M5_COPY_RETURN {"copy_bytes":3145728,"dst_nb":[4,3145728,3145728,3145728],"dst_ne":[786432,1,1,1],"layout":"contiguous","phase":"measure","rows":1,"sample":34,"src_nb":[4,3145728,3145728,3145728],"src_ne":[786432,1,1,1],"wall_us":297.791,"width":786432}
M5_COPY_CALL {"copy_bytes":3145728,"dst_nb":[4,3145728,3145728,3145728],"dst_ne":[786432,1,1,1],"layout":"contiguous","phase":"measure","rows":1,"sample":35,"src_nb":[4,3145728,3145728,3145728],"src_ne":[786432,1,1,1],"width":786432}
M5_PROFILE {"context":"7b1ec9cc00","graph":39,"cb":1,"original_nodes":3,"gpu_start_s":245033.894611500,"gpu_end_s":245033.894727125,"gpu_ms":0.115625,"valid":true,"completed":true,"op_counts":{"CPY":1,"VIEW":2}}
M5_COPY_RETURN {"copy_bytes":3145728,"dst_nb":[4,3145728,3145728,3145728],"dst_ne":[786432,1,1,1],"layout":"contiguous","phase":"measure","rows":1,"sample":35,"src_nb":[4,3145728,3145728,3145728],"src_ne":[786432,1,1,1],"wall_us":321.292,"width":786432}
M5_COPY_CALL {"copy_bytes":3145728,"dst_nb":[4,3145728,3145728,3145728],"dst_ne":[786432,1,1,1],"layout":"contiguous","phase":"measure","rows":1,"sample":36,"src_nb":[4,3145728,3145728,3145728],"src_ne":[786432,1,1,1],"width":786432}
M5_PROFILE {"context":"7b1ec9cc00","graph":40,"cb":1,"original_nodes":3,"gpu_start_s":245033.894899500,"gpu_end_s":245033.895015250,"gpu_ms":0.115750,"valid":true,"completed":true,"op_counts":{"CPY":1,"VIEW":2}}
M5_COPY_RETURN {"copy_bytes":3145728,"dst_nb":[4,3145728,3145728,3145728],"dst_ne":[786432,1,1,1],"layout":"contiguous","phase":"measure","rows":1,"sample":36,"src_nb":[4,3145728,3145728,3145728],"src_ne":[786432,1,1,1],"wall_us":282.542,"width":786432}
M5_COPY_CALL {"copy_bytes":3145728,"dst_nb":[4,3145728,3145728,3145728],"dst_ne":[786432,1,1,1],"layout":"contiguous","phase":"measure","rows":1,"sample":37,"src_nb":[4,3145728,3145728,3145728],"src_ne":[786432,1,1,1],"width":786432}
M5_PROFILE {"context":"7b1ec9cc00","graph":41,"cb":1,"original_nodes":3,"gpu_start_s":245033.895188542,"gpu_end_s":245033.895304000,"gpu_ms":0.115458,"valid":true,"completed":true,"op_counts":{"CPY":1,"VIEW":2}}
M5_COPY_RETURN {"copy_bytes":3145728,"dst_nb":[4,3145728,3145728,3145728],"dst_ne":[786432,1,1,1],"layout":"contiguous","phase":"measure","rows":1,"sample":37,"src_nb":[4,3145728,3145728,3145728],"src_ne":[786432,1,1,1],"wall_us":289.625,"width":786432}
M5_COPY_CALL {"copy_bytes":3145728,"dst_nb":[4,3145728,3145728,3145728],"dst_ne":[786432,1,1,1],"layout":"contiguous","phase":"measure","rows":1,"sample":38,"src_nb":[4,3145728,3145728,3145728],"src_ne":[786432,1,1,1],"width":786432}
M5_PROFILE {"context":"7b1ec9cc00","graph":42,"cb":1,"original_nodes":3,"gpu_start_s":245033.895483500,"gpu_end_s":245033.895599125,"gpu_ms":0.115625,"valid":true,"completed":true,"op_counts":{"CPY":1,"VIEW":2}}
M5_COPY_RETURN {"copy_bytes":3145728,"dst_nb":[4,3145728,3145728,3145728],"dst_ne":[786432,1,1,1],"layout":"contiguous","phase":"measure","rows":1,"sample":38,"src_nb":[4,3145728,3145728,3145728],"src_ne":[786432,1,1,1],"wall_us":296.5,"width":786432}
M5_COPY_CALL {"copy_bytes":3145728,"dst_nb":[4,3145728,3145728,3145728],"dst_ne":[786432,1,1,1],"layout":"contiguous","phase":"measure","rows":1,"sample":39,"src_nb":[4,3145728,3145728,3145728],"src_ne":[786432,1,1,1],"width":786432}
M5_PROFILE {"context":"7b1ec9cc00","graph":43,"cb":1,"original_nodes":3,"gpu_start_s":245033.895780750,"gpu_end_s":245033.895896375,"gpu_ms":0.115625,"valid":true,"completed":true,"op_counts":{"CPY":1,"VIEW":2}}
M5_COPY_RETURN {"copy_bytes":3145728,"dst_nb":[4,3145728,3145728,3145728],"dst_ne":[786432,1,1,1],"layout":"contiguous","phase":"measure","rows":1,"sample":39,"src_nb":[4,3145728,3145728,3145728],"src_ne":[786432,1,1,1],"wall_us":276.916,"width":786432}
M5_COPY_PASS {"copy_bytes":3145728,"dst_nb":[4,3145728,3145728,3145728],"dst_ne":[786432,1,1,1],"layout":"contiguous","rows":1,"src_nb":[4,3145728,3145728,3145728],"src_ne":[786432,1,1,1],"width":786432}
M5_COPY_CALL {"copy_bytes":3145728,"dst_nb":[4,3145728,18874368,18874368],"dst_ne":[786432,1,1,1],"layout":"strided","phase":"warmup","rows":1,"sample":-3,"src_nb":[4,3145728,3145744,3145744],"src_ne":[786432,1,1,1],"width":786432}
M5_PROFILE {"context":"7b1ec9cc00","graph":44,"cb":1,"original_nodes":3,"gpu_start_s":245033.901411250,"gpu_end_s":245033.901530625,"gpu_ms":0.119375,"valid":true,"completed":true,"op_counts":{"CPY":1,"VIEW":2}}
M5_COPY_RETURN {"copy_bytes":3145728,"dst_nb":[4,3145728,18874368,18874368],"dst_ne":[786432,1,1,1],"layout":"strided","phase":"warmup","rows":1,"sample":-3,"src_nb":[4,3145728,3145744,3145744],"src_ne":[786432,1,1,1],"wall_us":914.875,"width":786432}
M5_COPY_CALL {"copy_bytes":3145728,"dst_nb":[4,3145728,18874368,18874368],"dst_ne":[786432,1,1,1],"layout":"strided","phase":"warmup","rows":1,"sample":-2,"src_nb":[4,3145728,3145744,3145744],"src_ne":[786432,1,1,1],"width":786432}
M5_PROFILE {"context":"7b1ec9cc00","graph":45,"cb":1,"original_nodes":3,"gpu_start_s":245033.901835125,"gpu_end_s":245033.901951042,"gpu_ms":0.115917,"valid":true,"completed":true,"op_counts":{"CPY":1,"VIEW":2}}
M5_COPY_RETURN {"copy_bytes":3145728,"dst_nb":[4,3145728,18874368,18874368],"dst_ne":[786432,1,1,1],"layout":"strided","phase":"warmup","rows":1,"sample":-2,"src_nb":[4,3145728,3145744,3145744],"src_ne":[786432,1,1,1],"wall_us":317.708,"width":786432}
M5_COPY_CALL {"copy_bytes":3145728,"dst_nb":[4,3145728,18874368,18874368],"dst_ne":[786432,1,1,1],"layout":"strided","phase":"warmup","rows":1,"sample":-1,"src_nb":[4,3145728,3145744,3145744],"src_ne":[786432,1,1,1],"width":786432}
M5_PROFILE {"context":"7b1ec9cc00","graph":46,"cb":1,"original_nodes":3,"gpu_start_s":245033.902146542,"gpu_end_s":245033.902262042,"gpu_ms":0.115500,"valid":true,"completed":true,"op_counts":{"CPY":1,"VIEW":2}}
M5_COPY_RETURN {"copy_bytes":3145728,"dst_nb":[4,3145728,18874368,18874368],"dst_ne":[786432,1,1,1],"layout":"strided","phase":"warmup","rows":1,"sample":-1,"src_nb":[4,3145728,3145744,3145744],"src_ne":[786432,1,1,1],"wall_us":297.75,"width":786432}
M5_COPY_CALL {"copy_bytes":3145728,"dst_nb":[4,3145728,18874368,18874368],"dst_ne":[786432,1,1,1],"layout":"strided","phase":"measure","rows":1,"sample":0,"src_nb":[4,3145728,3145744,3145744],"src_ne":[786432,1,1,1],"width":786432}
M5_PROFILE {"context":"7b1ec9cc00","graph":47,"cb":1,"original_nodes":3,"gpu_start_s":245033.902426917,"gpu_end_s":245033.902542417,"gpu_ms":0.115500,"valid":true,"completed":true,"op_counts":{"CPY":1,"VIEW":2}}
M5_COPY_RETURN {"copy_bytes":3145728,"dst_nb":[4,3145728,18874368,18874368],"dst_ne":[786432,1,1,1],"layout":"strided","phase":"measure","rows":1,"sample":0,"src_nb":[4,3145728,3145744,3145744],"src_ne":[786432,1,1,1],"wall_us":262.917,"width":786432}
M5_COPY_CALL {"copy_bytes":3145728,"dst_nb":[4,3145728,18874368,18874368],"dst_ne":[786432,1,1,1],"layout":"strided","phase":"measure","rows":1,"sample":1,"src_nb":[4,3145728,3145744,3145744],"src_ne":[786432,1,1,1],"width":786432}
M5_PROFILE {"context":"7b1ec9cc00","graph":48,"cb":1,"original_nodes":3,"gpu_start_s":245033.902711250,"gpu_end_s":245033.902826792,"gpu_ms":0.115542,"valid":true,"completed":true,"op_counts":{"CPY":1,"VIEW":2}}
M5_COPY_RETURN {"copy_bytes":3145728,"dst_nb":[4,3145728,18874368,18874368],"dst_ne":[786432,1,1,1],"layout":"strided","phase":"measure","rows":1,"sample":1,"src_nb":[4,3145728,3145744,3145744],"src_ne":[786432,1,1,1],"wall_us":278.083,"width":786432}
M5_COPY_CALL {"copy_bytes":3145728,"dst_nb":[4,3145728,18874368,18874368],"dst_ne":[786432,1,1,1],"layout":"strided","phase":"measure","rows":1,"sample":2,"src_nb":[4,3145728,3145744,3145744],"src_ne":[786432,1,1,1],"width":786432}
M5_PROFILE {"context":"7b1ec9cc00","graph":49,"cb":1,"original_nodes":3,"gpu_start_s":245033.903002750,"gpu_end_s":245033.903118250,"gpu_ms":0.115500,"valid":true,"completed":true,"op_counts":{"CPY":1,"VIEW":2}}
M5_COPY_RETURN {"copy_bytes":3145728,"dst_nb":[4,3145728,18874368,18874368],"dst_ne":[786432,1,1,1],"layout":"strided","phase":"measure","rows":1,"sample":2,"src_nb":[4,3145728,3145744,3145744],"src_ne":[786432,1,1,1],"wall_us":282.834,"width":786432}
M5_COPY_CALL {"copy_bytes":3145728,"dst_nb":[4,3145728,18874368,18874368],"dst_ne":[786432,1,1,1],"layout":"strided","phase":"measure","rows":1,"sample":3,"src_nb":[4,3145728,3145744,3145744],"src_ne":[786432,1,1,1],"width":786432}
M5_PROFILE {"context":"7b1ec9cc00","graph":50,"cb":1,"original_nodes":3,"gpu_start_s":245033.903297125,"gpu_end_s":245033.903412750,"gpu_ms":0.115625,"valid":true,"completed":true,"op_counts":{"CPY":1,"VIEW":2}}
M5_COPY_RETURN {"copy_bytes":3145728,"dst_nb":[4,3145728,18874368,18874368],"dst_ne":[786432,1,1,1],"layout":"strided","phase":"measure","rows":1,"sample":3,"src_nb":[4,3145728,3145744,3145744],"src_ne":[786432,1,1,1],"wall_us":293.375,"width":786432}
M5_COPY_CALL {"copy_bytes":3145728,"dst_nb":[4,3145728,18874368,18874368],"dst_ne":[786432,1,1,1],"layout":"strided","phase":"measure","rows":1,"sample":4,"src_nb":[4,3145728,3145744,3145744],"src_ne":[786432,1,1,1],"width":786432}
M5_PROFILE {"context":"7b1ec9cc00","graph":51,"cb":1,"original_nodes":3,"gpu_start_s":245033.903587500,"gpu_end_s":245033.903702917,"gpu_ms":0.115417,"valid":true,"completed":true,"op_counts":{"CPY":1,"VIEW":2}}
M5_COPY_RETURN {"copy_bytes":3145728,"dst_nb":[4,3145728,18874368,18874368],"dst_ne":[786432,1,1,1],"layout":"strided","phase":"measure","rows":1,"sample":4,"src_nb":[4,3145728,3145744,3145744],"src_ne":[786432,1,1,1],"wall_us":281.875,"width":786432}
M5_COPY_CALL {"copy_bytes":3145728,"dst_nb":[4,3145728,18874368,18874368],"dst_ne":[786432,1,1,1],"layout":"strided","phase":"measure","rows":1,"sample":5,"src_nb":[4,3145728,3145744,3145744],"src_ne":[786432,1,1,1],"width":786432}
M5_PROFILE {"context":"7b1ec9cc00","graph":52,"cb":1,"original_nodes":3,"gpu_start_s":245033.903869500,"gpu_end_s":245033.903985125,"gpu_ms":0.115625,"valid":true,"completed":true,"op_counts":{"CPY":1,"VIEW":2}}
M5_COPY_RETURN {"copy_bytes":3145728,"dst_nb":[4,3145728,18874368,18874368],"dst_ne":[786432,1,1,1],"layout":"strided","phase":"measure","rows":1,"sample":5,"src_nb":[4,3145728,3145744,3145744],"src_ne":[786432,1,1,1],"wall_us":271.166,"width":786432}
M5_COPY_CALL {"copy_bytes":3145728,"dst_nb":[4,3145728,18874368,18874368],"dst_ne":[786432,1,1,1],"layout":"strided","phase":"measure","rows":1,"sample":6,"src_nb":[4,3145728,3145744,3145744],"src_ne":[786432,1,1,1],"width":786432}
M5_PROFILE {"context":"7b1ec9cc00","graph":53,"cb":1,"original_nodes":3,"gpu_start_s":245033.904206875,"gpu_end_s":245033.904322375,"gpu_ms":0.115500,"valid":true,"completed":true,"op_counts":{"CPY":1,"VIEW":2}}
M5_COPY_RETURN {"copy_bytes":3145728,"dst_nb":[4,3145728,18874368,18874368],"dst_ne":[786432,1,1,1],"layout":"strided","phase":"measure","rows":1,"sample":6,"src_nb":[4,3145728,3145744,3145744],"src_ne":[786432,1,1,1],"wall_us":331.625,"width":786432}
M5_COPY_CALL {"copy_bytes":3145728,"dst_nb":[4,3145728,18874368,18874368],"dst_ne":[786432,1,1,1],"layout":"strided","phase":"measure","rows":1,"sample":7,"src_nb":[4,3145728,3145744,3145744],"src_ne":[786432,1,1,1],"width":786432}
M5_PROFILE {"context":"7b1ec9cc00","graph":54,"cb":1,"original_nodes":3,"gpu_start_s":245033.904509625,"gpu_end_s":245033.904625250,"gpu_ms":0.115625,"valid":true,"completed":true,"op_counts":{"CPY":1,"VIEW":2}}
M5_COPY_RETURN {"copy_bytes":3145728,"dst_nb":[4,3145728,18874368,18874368],"dst_ne":[786432,1,1,1],"layout":"strided","phase":"measure","rows":1,"sample":7,"src_nb":[4,3145728,3145744,3145744],"src_ne":[786432,1,1,1],"wall_us":288.375,"width":786432}
M5_COPY_CALL {"copy_bytes":3145728,"dst_nb":[4,3145728,18874368,18874368],"dst_ne":[786432,1,1,1],"layout":"strided","phase":"measure","rows":1,"sample":8,"src_nb":[4,3145728,3145744,3145744],"src_ne":[786432,1,1,1],"width":786432}
M5_PROFILE {"context":"7b1ec9cc00","graph":55,"cb":1,"original_nodes":3,"gpu_start_s":245033.904790292,"gpu_end_s":245033.904905750,"gpu_ms":0.115458,"valid":true,"completed":true,"op_counts":{"CPY":1,"VIEW":2}}
M5_COPY_RETURN {"copy_bytes":3145728,"dst_nb":[4,3145728,18874368,18874368],"dst_ne":[786432,1,1,1],"layout":"strided","phase":"measure","rows":1,"sample":8,"src_nb":[4,3145728,3145744,3145744],"src_ne":[786432,1,1,1],"wall_us":279.958,"width":786432}
M5_COPY_CALL {"copy_bytes":3145728,"dst_nb":[4,3145728,18874368,18874368],"dst_ne":[786432,1,1,1],"layout":"strided","phase":"measure","rows":1,"sample":9,"src_nb":[4,3145728,3145744,3145744],"src_ne":[786432,1,1,1],"width":786432}
M5_PROFILE {"context":"7b1ec9cc00","graph":56,"cb":1,"original_nodes":3,"gpu_start_s":245033.905069125,"gpu_end_s":245033.905184542,"gpu_ms":0.115417,"valid":true,"completed":true,"op_counts":{"CPY":1,"VIEW":2}}
M5_COPY_RETURN {"copy_bytes":3145728,"dst_nb":[4,3145728,18874368,18874368],"dst_ne":[786432,1,1,1],"layout":"strided","phase":"measure","rows":1,"sample":9,"src_nb":[4,3145728,3145744,3145744],"src_ne":[786432,1,1,1],"wall_us":268.125,"width":786432}
M5_COPY_CALL {"copy_bytes":3145728,"dst_nb":[4,3145728,18874368,18874368],"dst_ne":[786432,1,1,1],"layout":"strided","phase":"measure","rows":1,"sample":10,"src_nb":[4,3145728,3145744,3145744],"src_ne":[786432,1,1,1],"width":786432}
M5_PROFILE {"context":"7b1ec9cc00","graph":57,"cb":1,"original_nodes":3,"gpu_start_s":245033.905352917,"gpu_end_s":245033.905467125,"gpu_ms":0.114208,"valid":true,"completed":true,"op_counts":{"CPY":1,"VIEW":2}}
M5_COPY_RETURN {"copy_bytes":3145728,"dst_nb":[4,3145728,18874368,18874368],"dst_ne":[786432,1,1,1],"layout":"strided","phase":"measure","rows":1,"sample":10,"src_nb":[4,3145728,3145744,3145744],"src_ne":[786432,1,1,1],"wall_us":272.042,"width":786432}
M5_COPY_CALL {"copy_bytes":3145728,"dst_nb":[4,3145728,18874368,18874368],"dst_ne":[786432,1,1,1],"layout":"strided","phase":"measure","rows":1,"sample":11,"src_nb":[4,3145728,3145744,3145744],"src_ne":[786432,1,1,1],"width":786432}
M5_PROFILE {"context":"7b1ec9cc00","graph":58,"cb":1,"original_nodes":3,"gpu_start_s":245033.905621125,"gpu_end_s":245033.905713750,"gpu_ms":0.092625,"valid":true,"completed":true,"op_counts":{"CPY":1,"VIEW":2}}
M5_COPY_RETURN {"copy_bytes":3145728,"dst_nb":[4,3145728,18874368,18874368],"dst_ne":[786432,1,1,1],"layout":"strided","phase":"measure","rows":1,"sample":11,"src_nb":[4,3145728,3145744,3145744],"src_ne":[786432,1,1,1],"wall_us":238.875,"width":786432}
M5_COPY_CALL {"copy_bytes":3145728,"dst_nb":[4,3145728,18874368,18874368],"dst_ne":[786432,1,1,1],"layout":"strided","phase":"measure","rows":1,"sample":12,"src_nb":[4,3145728,3145744,3145744],"src_ne":[786432,1,1,1],"width":786432}
M5_PROFILE {"context":"7b1ec9cc00","graph":59,"cb":1,"original_nodes":3,"gpu_start_s":245033.905874375,"gpu_end_s":245033.905966750,"gpu_ms":0.092375,"valid":true,"completed":true,"op_counts":{"CPY":1,"VIEW":2}}
M5_COPY_RETURN {"copy_bytes":3145728,"dst_nb":[4,3145728,18874368,18874368],"dst_ne":[786432,1,1,1],"layout":"strided","phase":"measure","rows":1,"sample":12,"src_nb":[4,3145728,3145744,3145744],"src_ne":[786432,1,1,1],"wall_us":242.875,"width":786432}
M5_COPY_CALL {"copy_bytes":3145728,"dst_nb":[4,3145728,18874368,18874368],"dst_ne":[786432,1,1,1],"layout":"strided","phase":"measure","rows":1,"sample":13,"src_nb":[4,3145728,3145744,3145744],"src_ne":[786432,1,1,1],"width":786432}
M5_PROFILE {"context":"7b1ec9cc00","graph":60,"cb":1,"original_nodes":3,"gpu_start_s":245033.906124500,"gpu_end_s":245033.906216917,"gpu_ms":0.092417,"valid":true,"completed":true,"op_counts":{"CPY":1,"VIEW":2}}
M5_COPY_RETURN {"copy_bytes":3145728,"dst_nb":[4,3145728,18874368,18874368],"dst_ne":[786432,1,1,1],"layout":"strided","phase":"measure","rows":1,"sample":13,"src_nb":[4,3145728,3145744,3145744],"src_ne":[786432,1,1,1],"wall_us":236.416,"width":786432}
M5_COPY_CALL {"copy_bytes":3145728,"dst_nb":[4,3145728,18874368,18874368],"dst_ne":[786432,1,1,1],"layout":"strided","phase":"measure","rows":1,"sample":14,"src_nb":[4,3145728,3145744,3145744],"src_ne":[786432,1,1,1],"width":786432}
M5_PROFILE {"context":"7b1ec9cc00","graph":61,"cb":1,"original_nodes":3,"gpu_start_s":245033.906459167,"gpu_end_s":245033.906505750,"gpu_ms":0.046583,"valid":true,"completed":true,"op_counts":{"CPY":1,"VIEW":2}}
M5_COPY_RETURN {"copy_bytes":3145728,"dst_nb":[4,3145728,18874368,18874368],"dst_ne":[786432,1,1,1],"layout":"strided","phase":"measure","rows":1,"sample":14,"src_nb":[4,3145728,3145744,3145744],"src_ne":[786432,1,1,1],"wall_us":287.958,"width":786432}
M5_COPY_CALL {"copy_bytes":3145728,"dst_nb":[4,3145728,18874368,18874368],"dst_ne":[786432,1,1,1],"layout":"strided","phase":"measure","rows":1,"sample":15,"src_nb":[4,3145728,3145744,3145744],"src_ne":[786432,1,1,1],"width":786432}
M5_PROFILE {"context":"7b1ec9cc00","graph":62,"cb":1,"original_nodes":3,"gpu_start_s":245033.906655542,"gpu_end_s":245033.906701875,"gpu_ms":0.046333,"valid":true,"completed":true,"op_counts":{"CPY":1,"VIEW":2}}
M5_COPY_RETURN {"copy_bytes":3145728,"dst_nb":[4,3145728,18874368,18874368],"dst_ne":[786432,1,1,1],"layout":"strided","phase":"measure","rows":1,"sample":15,"src_nb":[4,3145728,3145744,3145744],"src_ne":[786432,1,1,1],"wall_us":188.833,"width":786432}
M5_COPY_CALL {"copy_bytes":3145728,"dst_nb":[4,3145728,18874368,18874368],"dst_ne":[786432,1,1,1],"layout":"strided","phase":"measure","rows":1,"sample":16,"src_nb":[4,3145728,3145744,3145744],"src_ne":[786432,1,1,1],"width":786432}
M5_PROFILE {"context":"7b1ec9cc00","graph":63,"cb":1,"original_nodes":3,"gpu_start_s":245033.906869042,"gpu_end_s":245033.906915125,"gpu_ms":0.046083,"valid":true,"completed":true,"op_counts":{"CPY":1,"VIEW":2}}
M5_COPY_RETURN {"copy_bytes":3145728,"dst_nb":[4,3145728,18874368,18874368],"dst_ne":[786432,1,1,1],"layout":"strided","phase":"measure","rows":1,"sample":16,"src_nb":[4,3145728,3145744,3145744],"src_ne":[786432,1,1,1],"wall_us":208.042,"width":786432}
M5_COPY_CALL {"copy_bytes":3145728,"dst_nb":[4,3145728,18874368,18874368],"dst_ne":[786432,1,1,1],"layout":"strided","phase":"measure","rows":1,"sample":17,"src_nb":[4,3145728,3145744,3145744],"src_ne":[786432,1,1,1],"width":786432}
M5_PROFILE {"context":"7b1ec9cc00","graph":64,"cb":1,"original_nodes":3,"gpu_start_s":245033.907144000,"gpu_end_s":245033.907190125,"gpu_ms":0.046125,"valid":true,"completed":true,"op_counts":{"CPY":1,"VIEW":2}}
M5_COPY_RETURN {"copy_bytes":3145728,"dst_nb":[4,3145728,18874368,18874368],"dst_ne":[786432,1,1,1],"layout":"strided","phase":"measure","rows":1,"sample":17,"src_nb":[4,3145728,3145744,3145744],"src_ne":[786432,1,1,1],"wall_us":261.667,"width":786432}
M5_COPY_CALL {"copy_bytes":3145728,"dst_nb":[4,3145728,18874368,18874368],"dst_ne":[786432,1,1,1],"layout":"strided","phase":"measure","rows":1,"sample":18,"src_nb":[4,3145728,3145744,3145744],"src_ne":[786432,1,1,1],"width":786432}
M5_PROFILE {"context":"7b1ec9cc00","graph":65,"cb":1,"original_nodes":3,"gpu_start_s":245033.907409875,"gpu_end_s":245033.907455875,"gpu_ms":0.046000,"valid":true,"completed":true,"op_counts":{"CPY":1,"VIEW":2}}
M5_COPY_RETURN {"copy_bytes":3145728,"dst_nb":[4,3145728,18874368,18874368],"dst_ne":[786432,1,1,1],"layout":"strided","phase":"measure","rows":1,"sample":18,"src_nb":[4,3145728,3145744,3145744],"src_ne":[786432,1,1,1],"wall_us":260.125,"width":786432}
M5_COPY_CALL {"copy_bytes":3145728,"dst_nb":[4,3145728,18874368,18874368],"dst_ne":[786432,1,1,1],"layout":"strided","phase":"measure","rows":1,"sample":19,"src_nb":[4,3145728,3145744,3145744],"src_ne":[786432,1,1,1],"width":786432}
M5_PROFILE {"context":"7b1ec9cc00","graph":66,"cb":1,"original_nodes":3,"gpu_start_s":245033.907645125,"gpu_end_s":245033.907691042,"gpu_ms":0.045917,"valid":true,"completed":true,"op_counts":{"CPY":1,"VIEW":2}}
M5_COPY_RETURN {"copy_bytes":3145728,"dst_nb":[4,3145728,18874368,18874368],"dst_ne":[786432,1,1,1],"layout":"strided","phase":"measure","rows":1,"sample":19,"src_nb":[4,3145728,3145744,3145744],"src_ne":[786432,1,1,1],"wall_us":221.875,"width":786432}
M5_COPY_CALL {"copy_bytes":3145728,"dst_nb":[4,3145728,18874368,18874368],"dst_ne":[786432,1,1,1],"layout":"strided","phase":"measure","rows":1,"sample":20,"src_nb":[4,3145728,3145744,3145744],"src_ne":[786432,1,1,1],"width":786432}
M5_PROFILE {"context":"7b1ec9cc00","graph":67,"cb":1,"original_nodes":3,"gpu_start_s":245033.907899750,"gpu_end_s":245033.907945625,"gpu_ms":0.045875,"valid":true,"completed":true,"op_counts":{"CPY":1,"VIEW":2}}
M5_COPY_RETURN {"copy_bytes":3145728,"dst_nb":[4,3145728,18874368,18874368],"dst_ne":[786432,1,1,1],"layout":"strided","phase":"measure","rows":1,"sample":20,"src_nb":[4,3145728,3145744,3145744],"src_ne":[786432,1,1,1],"wall_us":249.708,"width":786432}
M5_COPY_CALL {"copy_bytes":3145728,"dst_nb":[4,3145728,18874368,18874368],"dst_ne":[786432,1,1,1],"layout":"strided","phase":"measure","rows":1,"sample":21,"src_nb":[4,3145728,3145744,3145744],"src_ne":[786432,1,1,1],"width":786432}
M5_PROFILE {"context":"7b1ec9cc00","graph":68,"cb":1,"original_nodes":3,"gpu_start_s":245033.908204125,"gpu_end_s":245033.908250000,"gpu_ms":0.045875,"valid":true,"completed":true,"op_counts":{"CPY":1,"VIEW":2}}
M5_COPY_RETURN {"copy_bytes":3145728,"dst_nb":[4,3145728,18874368,18874368],"dst_ne":[786432,1,1,1],"layout":"strided","phase":"measure","rows":1,"sample":21,"src_nb":[4,3145728,3145744,3145744],"src_ne":[786432,1,1,1],"wall_us":298.875,"width":786432}
M5_COPY_CALL {"copy_bytes":3145728,"dst_nb":[4,3145728,18874368,18874368],"dst_ne":[786432,1,1,1],"layout":"strided","phase":"measure","rows":1,"sample":22,"src_nb":[4,3145728,3145744,3145744],"src_ne":[786432,1,1,1],"width":786432}
M5_PROFILE {"context":"7b1ec9cc00","graph":69,"cb":1,"original_nodes":3,"gpu_start_s":245033.908435875,"gpu_end_s":245033.908481625,"gpu_ms":0.045750,"valid":true,"completed":true,"op_counts":{"CPY":1,"VIEW":2}}
M5_COPY_RETURN {"copy_bytes":3145728,"dst_nb":[4,3145728,18874368,18874368],"dst_ne":[786432,1,1,1],"layout":"strided","phase":"measure","rows":1,"sample":22,"src_nb":[4,3145728,3145744,3145744],"src_ne":[786432,1,1,1],"wall_us":225.708,"width":786432}
M5_COPY_CALL {"copy_bytes":3145728,"dst_nb":[4,3145728,18874368,18874368],"dst_ne":[786432,1,1,1],"layout":"strided","phase":"measure","rows":1,"sample":23,"src_nb":[4,3145728,3145744,3145744],"src_ne":[786432,1,1,1],"width":786432}
M5_PROFILE {"context":"7b1ec9cc00","graph":70,"cb":1,"original_nodes":3,"gpu_start_s":245033.908642042,"gpu_end_s":245033.908687875,"gpu_ms":0.045833,"valid":true,"completed":true,"op_counts":{"CPY":1,"VIEW":2}}
M5_COPY_RETURN {"copy_bytes":3145728,"dst_nb":[4,3145728,18874368,18874368],"dst_ne":[786432,1,1,1],"layout":"strided","phase":"measure","rows":1,"sample":23,"src_nb":[4,3145728,3145744,3145744],"src_ne":[786432,1,1,1],"wall_us":203.334,"width":786432}
M5_COPY_CALL {"copy_bytes":3145728,"dst_nb":[4,3145728,18874368,18874368],"dst_ne":[786432,1,1,1],"layout":"strided","phase":"measure","rows":1,"sample":24,"src_nb":[4,3145728,3145744,3145744],"src_ne":[786432,1,1,1],"width":786432}
M5_PROFILE {"context":"7b1ec9cc00","graph":71,"cb":1,"original_nodes":3,"gpu_start_s":245033.908877500,"gpu_end_s":245033.908923417,"gpu_ms":0.045917,"valid":true,"completed":true,"op_counts":{"CPY":1,"VIEW":2}}
M5_COPY_RETURN {"copy_bytes":3145728,"dst_nb":[4,3145728,18874368,18874368],"dst_ne":[786432,1,1,1],"layout":"strided","phase":"measure","rows":1,"sample":24,"src_nb":[4,3145728,3145744,3145744],"src_ne":[786432,1,1,1],"wall_us":238.917,"width":786432}
M5_COPY_CALL {"copy_bytes":3145728,"dst_nb":[4,3145728,18874368,18874368],"dst_ne":[786432,1,1,1],"layout":"strided","phase":"measure","rows":1,"sample":25,"src_nb":[4,3145728,3145744,3145744],"src_ne":[786432,1,1,1],"width":786432}
M5_PROFILE {"context":"7b1ec9cc00","graph":72,"cb":1,"original_nodes":3,"gpu_start_s":245033.909101500,"gpu_end_s":245033.909147375,"gpu_ms":0.045875,"valid":true,"completed":true,"op_counts":{"CPY":1,"VIEW":2}}
M5_COPY_RETURN {"copy_bytes":3145728,"dst_nb":[4,3145728,18874368,18874368],"dst_ne":[786432,1,1,1],"layout":"strided","phase":"measure","rows":1,"sample":25,"src_nb":[4,3145728,3145744,3145744],"src_ne":[786432,1,1,1],"wall_us":200.166,"width":786432}
M5_COPY_CALL {"copy_bytes":3145728,"dst_nb":[4,3145728,18874368,18874368],"dst_ne":[786432,1,1,1],"layout":"strided","phase":"measure","rows":1,"sample":26,"src_nb":[4,3145728,3145744,3145744],"src_ne":[786432,1,1,1],"width":786432}
M5_PROFILE {"context":"7b1ec9cc00","graph":73,"cb":1,"original_nodes":3,"gpu_start_s":245033.909320750,"gpu_end_s":245033.909366625,"gpu_ms":0.045875,"valid":true,"completed":true,"op_counts":{"CPY":1,"VIEW":2}}
M5_COPY_RETURN {"copy_bytes":3145728,"dst_nb":[4,3145728,18874368,18874368],"dst_ne":[786432,1,1,1],"layout":"strided","phase":"measure","rows":1,"sample":26,"src_nb":[4,3145728,3145744,3145744],"src_ne":[786432,1,1,1],"wall_us":211.417,"width":786432}
M5_COPY_CALL {"copy_bytes":3145728,"dst_nb":[4,3145728,18874368,18874368],"dst_ne":[786432,1,1,1],"layout":"strided","phase":"measure","rows":1,"sample":27,"src_nb":[4,3145728,3145744,3145744],"src_ne":[786432,1,1,1],"width":786432}
M5_PROFILE {"context":"7b1ec9cc00","graph":74,"cb":1,"original_nodes":3,"gpu_start_s":245033.909534250,"gpu_end_s":245033.909580125,"gpu_ms":0.045875,"valid":true,"completed":true,"op_counts":{"CPY":1,"VIEW":2}}
M5_COPY_RETURN {"copy_bytes":3145728,"dst_nb":[4,3145728,18874368,18874368],"dst_ne":[786432,1,1,1],"layout":"strided","phase":"measure","rows":1,"sample":27,"src_nb":[4,3145728,3145744,3145744],"src_ne":[786432,1,1,1],"wall_us":199.0,"width":786432}
M5_COPY_CALL {"copy_bytes":3145728,"dst_nb":[4,3145728,18874368,18874368],"dst_ne":[786432,1,1,1],"layout":"strided","phase":"measure","rows":1,"sample":28,"src_nb":[4,3145728,3145744,3145744],"src_ne":[786432,1,1,1],"width":786432}
M5_PROFILE {"context":"7b1ec9cc00","graph":75,"cb":1,"original_nodes":3,"gpu_start_s":245033.909730250,"gpu_end_s":245033.909776000,"gpu_ms":0.045750,"valid":true,"completed":true,"op_counts":{"CPY":1,"VIEW":2}}
M5_COPY_RETURN {"copy_bytes":3145728,"dst_nb":[4,3145728,18874368,18874368],"dst_ne":[786432,1,1,1],"layout":"strided","phase":"measure","rows":1,"sample":28,"src_nb":[4,3145728,3145744,3145744],"src_ne":[786432,1,1,1],"wall_us":198.333,"width":786432}
M5_COPY_CALL {"copy_bytes":3145728,"dst_nb":[4,3145728,18874368,18874368],"dst_ne":[786432,1,1,1],"layout":"strided","phase":"measure","rows":1,"sample":29,"src_nb":[4,3145728,3145744,3145744],"src_ne":[786432,1,1,1],"width":786432}
M5_PROFILE {"context":"7b1ec9cc00","graph":76,"cb":1,"original_nodes":3,"gpu_start_s":245033.909946125,"gpu_end_s":245033.909992000,"gpu_ms":0.045875,"valid":true,"completed":true,"op_counts":{"CPY":1,"VIEW":2}}
M5_COPY_RETURN {"copy_bytes":3145728,"dst_nb":[4,3145728,18874368,18874368],"dst_ne":[786432,1,1,1],"layout":"strided","phase":"measure","rows":1,"sample":29,"src_nb":[4,3145728,3145744,3145744],"src_ne":[786432,1,1,1],"wall_us":204.208,"width":786432}
M5_COPY_CALL {"copy_bytes":3145728,"dst_nb":[4,3145728,18874368,18874368],"dst_ne":[786432,1,1,1],"layout":"strided","phase":"measure","rows":1,"sample":30,"src_nb":[4,3145728,3145744,3145744],"src_ne":[786432,1,1,1],"width":786432}
M5_PROFILE {"context":"7b1ec9cc00","graph":77,"cb":1,"original_nodes":3,"gpu_start_s":245033.910177000,"gpu_end_s":245033.910222750,"gpu_ms":0.045750,"valid":true,"completed":true,"op_counts":{"CPY":1,"VIEW":2}}
M5_COPY_RETURN {"copy_bytes":3145728,"dst_nb":[4,3145728,18874368,18874368],"dst_ne":[786432,1,1,1],"layout":"strided","phase":"measure","rows":1,"sample":30,"src_nb":[4,3145728,3145744,3145744],"src_ne":[786432,1,1,1],"wall_us":220.417,"width":786432}
M5_COPY_CALL {"copy_bytes":3145728,"dst_nb":[4,3145728,18874368,18874368],"dst_ne":[786432,1,1,1],"layout":"strided","phase":"measure","rows":1,"sample":31,"src_nb":[4,3145728,3145744,3145744],"src_ne":[786432,1,1,1],"width":786432}
M5_PROFILE {"context":"7b1ec9cc00","graph":78,"cb":1,"original_nodes":3,"gpu_start_s":245033.910401042,"gpu_end_s":245033.910447000,"gpu_ms":0.045958,"valid":true,"completed":true,"op_counts":{"CPY":1,"VIEW":2}}
M5_COPY_RETURN {"copy_bytes":3145728,"dst_nb":[4,3145728,18874368,18874368],"dst_ne":[786432,1,1,1],"layout":"strided","phase":"measure","rows":1,"sample":31,"src_nb":[4,3145728,3145744,3145744],"src_ne":[786432,1,1,1],"wall_us":232.541,"width":786432}
M5_COPY_CALL {"copy_bytes":3145728,"dst_nb":[4,3145728,18874368,18874368],"dst_ne":[786432,1,1,1],"layout":"strided","phase":"measure","rows":1,"sample":32,"src_nb":[4,3145728,3145744,3145744],"src_ne":[786432,1,1,1],"width":786432}
M5_PROFILE {"context":"7b1ec9cc00","graph":79,"cb":1,"original_nodes":3,"gpu_start_s":245033.910713417,"gpu_end_s":245033.910759375,"gpu_ms":0.045958,"valid":true,"completed":true,"op_counts":{"CPY":1,"VIEW":2}}
M5_COPY_RETURN {"copy_bytes":3145728,"dst_nb":[4,3145728,18874368,18874368],"dst_ne":[786432,1,1,1],"layout":"strided","phase":"measure","rows":1,"sample":32,"src_nb":[4,3145728,3145744,3145744],"src_ne":[786432,1,1,1],"wall_us":292.208,"width":786432}
M5_COPY_CALL {"copy_bytes":3145728,"dst_nb":[4,3145728,18874368,18874368],"dst_ne":[786432,1,1,1],"layout":"strided","phase":"measure","rows":1,"sample":33,"src_nb":[4,3145728,3145744,3145744],"src_ne":[786432,1,1,1],"width":786432}
M5_PROFILE {"context":"7b1ec9cc00","graph":80,"cb":1,"original_nodes":3,"gpu_start_s":245033.910918125,"gpu_end_s":245033.910963917,"gpu_ms":0.045792,"valid":true,"completed":true,"op_counts":{"CPY":1,"VIEW":2}}
M5_COPY_RETURN {"copy_bytes":3145728,"dst_nb":[4,3145728,18874368,18874368],"dst_ne":[786432,1,1,1],"layout":"strided","phase":"measure","rows":1,"sample":33,"src_nb":[4,3145728,3145744,3145744],"src_ne":[786432,1,1,1],"wall_us":193.125,"width":786432}
M5_COPY_CALL {"copy_bytes":3145728,"dst_nb":[4,3145728,18874368,18874368],"dst_ne":[786432,1,1,1],"layout":"strided","phase":"measure","rows":1,"sample":34,"src_nb":[4,3145728,3145744,3145744],"src_ne":[786432,1,1,1],"width":786432}
M5_PROFILE {"context":"7b1ec9cc00","graph":81,"cb":1,"original_nodes":3,"gpu_start_s":245033.911127417,"gpu_end_s":245033.911173250,"gpu_ms":0.045833,"valid":true,"completed":true,"op_counts":{"CPY":1,"VIEW":2}}
M5_COPY_RETURN {"copy_bytes":3145728,"dst_nb":[4,3145728,18874368,18874368],"dst_ne":[786432,1,1,1],"layout":"strided","phase":"measure","rows":1,"sample":34,"src_nb":[4,3145728,3145744,3145744],"src_ne":[786432,1,1,1],"wall_us":196.833,"width":786432}
M5_COPY_CALL {"copy_bytes":3145728,"dst_nb":[4,3145728,18874368,18874368],"dst_ne":[786432,1,1,1],"layout":"strided","phase":"measure","rows":1,"sample":35,"src_nb":[4,3145728,3145744,3145744],"src_ne":[786432,1,1,1],"width":786432}
M5_PROFILE {"context":"7b1ec9cc00","graph":82,"cb":1,"original_nodes":3,"gpu_start_s":245033.911333917,"gpu_end_s":245033.911379750,"gpu_ms":0.045833,"valid":true,"completed":true,"op_counts":{"CPY":1,"VIEW":2}}
M5_COPY_RETURN {"copy_bytes":3145728,"dst_nb":[4,3145728,18874368,18874368],"dst_ne":[786432,1,1,1],"layout":"strided","phase":"measure","rows":1,"sample":35,"src_nb":[4,3145728,3145744,3145744],"src_ne":[786432,1,1,1],"wall_us":202.625,"width":786432}
M5_COPY_CALL {"copy_bytes":3145728,"dst_nb":[4,3145728,18874368,18874368],"dst_ne":[786432,1,1,1],"layout":"strided","phase":"measure","rows":1,"sample":36,"src_nb":[4,3145728,3145744,3145744],"src_ne":[786432,1,1,1],"width":786432}
M5_PROFILE {"context":"7b1ec9cc00","graph":83,"cb":1,"original_nodes":3,"gpu_start_s":245033.911554625,"gpu_end_s":245033.911600500,"gpu_ms":0.045875,"valid":true,"completed":true,"op_counts":{"CPY":1,"VIEW":2}}
M5_COPY_RETURN {"copy_bytes":3145728,"dst_nb":[4,3145728,18874368,18874368],"dst_ne":[786432,1,1,1],"layout":"strided","phase":"measure","rows":1,"sample":36,"src_nb":[4,3145728,3145744,3145744],"src_ne":[786432,1,1,1],"wall_us":204.75,"width":786432}
M5_COPY_CALL {"copy_bytes":3145728,"dst_nb":[4,3145728,18874368,18874368],"dst_ne":[786432,1,1,1],"layout":"strided","phase":"measure","rows":1,"sample":37,"src_nb":[4,3145728,3145744,3145744],"src_ne":[786432,1,1,1],"width":786432}
M5_PROFILE {"context":"7b1ec9cc00","graph":84,"cb":1,"original_nodes":3,"gpu_start_s":245033.911764250,"gpu_end_s":245033.911810000,"gpu_ms":0.045750,"valid":true,"completed":true,"op_counts":{"CPY":1,"VIEW":2}}
M5_COPY_RETURN {"copy_bytes":3145728,"dst_nb":[4,3145728,18874368,18874368],"dst_ne":[786432,1,1,1],"layout":"strided","phase":"measure","rows":1,"sample":37,"src_nb":[4,3145728,3145744,3145744],"src_ne":[786432,1,1,1],"wall_us":202.083,"width":786432}
M5_COPY_CALL {"copy_bytes":3145728,"dst_nb":[4,3145728,18874368,18874368],"dst_ne":[786432,1,1,1],"layout":"strided","phase":"measure","rows":1,"sample":38,"src_nb":[4,3145728,3145744,3145744],"src_ne":[786432,1,1,1],"width":786432}
M5_PROFILE {"context":"7b1ec9cc00","graph":85,"cb":1,"original_nodes":3,"gpu_start_s":245033.911951000,"gpu_end_s":245033.911996750,"gpu_ms":0.045750,"valid":true,"completed":true,"op_counts":{"CPY":1,"VIEW":2}}
M5_COPY_RETURN {"copy_bytes":3145728,"dst_nb":[4,3145728,18874368,18874368],"dst_ne":[786432,1,1,1],"layout":"strided","phase":"measure","rows":1,"sample":38,"src_nb":[4,3145728,3145744,3145744],"src_ne":[786432,1,1,1],"wall_us":180.5,"width":786432}
M5_COPY_CALL {"copy_bytes":3145728,"dst_nb":[4,3145728,18874368,18874368],"dst_ne":[786432,1,1,1],"layout":"strided","phase":"measure","rows":1,"sample":39,"src_nb":[4,3145728,3145744,3145744],"src_ne":[786432,1,1,1],"width":786432}
M5_PROFILE {"context":"7b1ec9cc00","graph":86,"cb":1,"original_nodes":3,"gpu_start_s":245033.912153000,"gpu_end_s":245033.912198917,"gpu_ms":0.045917,"valid":true,"completed":true,"op_counts":{"CPY":1,"VIEW":2}}
M5_COPY_RETURN {"copy_bytes":3145728,"dst_nb":[4,3145728,18874368,18874368],"dst_ne":[786432,1,1,1],"layout":"strided","phase":"measure","rows":1,"sample":39,"src_nb":[4,3145728,3145744,3145744],"src_ne":[786432,1,1,1],"wall_us":192.459,"width":786432}
M5_COPY_PASS {"copy_bytes":3145728,"dst_nb":[4,3145728,18874368,18874368],"dst_ne":[786432,1,1,1],"layout":"strided","rows":1,"src_nb":[4,3145728,3145744,3145744],"src_ne":[786432,1,1,1],"width":786432}
M5_COPY_CALL {"copy_bytes":12582912,"dst_nb":[4,3145728,3145728,12582912],"dst_ne":[786432,1,4,1],"layout":"contiguous","phase":"warmup","rows":4,"sample":-3,"src_nb":[4,3145728,3145728,12582912],"src_ne":[786432,1,4,1],"width":786432}
M5_PROFILE {"context":"7b1ec9cc00","graph":87,"cb":1,"original_nodes":3,"gpu_start_s":245033.932638542,"gpu_end_s":245033.932870250,"gpu_ms":0.231708,"valid":true,"completed":true,"op_counts":{"CPY":1,"VIEW":2}}
M5_COPY_RETURN {"copy_bytes":12582912,"dst_nb":[4,3145728,3145728,12582912],"dst_ne":[786432,1,4,1],"layout":"contiguous","phase":"warmup","rows":4,"sample":-3,"src_nb":[4,3145728,3145728,12582912],"src_ne":[786432,1,4,1],"wall_us":1306.25,"width":786432}
M5_COPY_CALL {"copy_bytes":12582912,"dst_nb":[4,3145728,3145728,12582912],"dst_ne":[786432,1,4,1],"layout":"contiguous","phase":"warmup","rows":4,"sample":-2,"src_nb":[4,3145728,3145728,12582912],"src_ne":[786432,1,4,1],"width":786432}
M5_PROFILE {"context":"7b1ec9cc00","graph":88,"cb":1,"original_nodes":3,"gpu_start_s":245033.933076292,"gpu_end_s":245033.933287750,"gpu_ms":0.211458,"valid":true,"completed":true,"op_counts":{"CPY":1,"VIEW":2}}
M5_COPY_RETURN {"copy_bytes":12582912,"dst_nb":[4,3145728,3145728,12582912],"dst_ne":[786432,1,4,1],"layout":"contiguous","phase":"warmup","rows":4,"sample":-2,"src_nb":[4,3145728,3145728,12582912],"src_ne":[786432,1,4,1],"wall_us":395.208,"width":786432}
M5_COPY_CALL {"copy_bytes":12582912,"dst_nb":[4,3145728,3145728,12582912],"dst_ne":[786432,1,4,1],"layout":"contiguous","phase":"warmup","rows":4,"sample":-1,"src_nb":[4,3145728,3145728,12582912],"src_ne":[786432,1,4,1],"width":786432}
M5_PROFILE {"context":"7b1ec9cc00","graph":89,"cb":1,"original_nodes":3,"gpu_start_s":245033.933470625,"gpu_end_s":245033.933682375,"gpu_ms":0.211750,"valid":true,"completed":true,"op_counts":{"CPY":1,"VIEW":2}}
M5_COPY_RETURN {"copy_bytes":12582912,"dst_nb":[4,3145728,3145728,12582912],"dst_ne":[786432,1,4,1],"layout":"contiguous","phase":"warmup","rows":4,"sample":-1,"src_nb":[4,3145728,3145728,12582912],"src_ne":[786432,1,4,1],"wall_us":386.167,"width":786432}
M5_COPY_CALL {"copy_bytes":12582912,"dst_nb":[4,3145728,3145728,12582912],"dst_ne":[786432,1,4,1],"layout":"contiguous","phase":"measure","rows":4,"sample":0,"src_nb":[4,3145728,3145728,12582912],"src_ne":[786432,1,4,1],"width":786432}
M5_PROFILE {"context":"7b1ec9cc00","graph":90,"cb":1,"original_nodes":3,"gpu_start_s":245033.933886792,"gpu_end_s":245033.934098000,"gpu_ms":0.211208,"valid":true,"completed":true,"op_counts":{"CPY":1,"VIEW":2}}
M5_COPY_RETURN {"copy_bytes":12582912,"dst_nb":[4,3145728,3145728,12582912],"dst_ne":[786432,1,4,1],"layout":"contiguous","phase":"measure","rows":4,"sample":0,"src_nb":[4,3145728,3145728,12582912],"src_ne":[786432,1,4,1],"wall_us":398.458,"width":786432}
M5_COPY_CALL {"copy_bytes":12582912,"dst_nb":[4,3145728,3145728,12582912],"dst_ne":[786432,1,4,1],"layout":"contiguous","phase":"measure","rows":4,"sample":1,"src_nb":[4,3145728,3145728,12582912],"src_ne":[786432,1,4,1],"width":786432}
M5_PROFILE {"context":"7b1ec9cc00","graph":91,"cb":1,"original_nodes":3,"gpu_start_s":245033.934281625,"gpu_end_s":245033.934492917,"gpu_ms":0.211292,"valid":true,"completed":true,"op_counts":{"CPY":1,"VIEW":2}}
M5_COPY_RETURN {"copy_bytes":12582912,"dst_nb":[4,3145728,3145728,12582912],"dst_ne":[786432,1,4,1],"layout":"contiguous","phase":"measure","rows":4,"sample":1,"src_nb":[4,3145728,3145728,12582912],"src_ne":[786432,1,4,1],"wall_us":388.667,"width":786432}
M5_COPY_CALL {"copy_bytes":12582912,"dst_nb":[4,3145728,3145728,12582912],"dst_ne":[786432,1,4,1],"layout":"contiguous","phase":"measure","rows":4,"sample":2,"src_nb":[4,3145728,3145728,12582912],"src_ne":[786432,1,4,1],"width":786432}
M5_PROFILE {"context":"7b1ec9cc00","graph":92,"cb":1,"original_nodes":3,"gpu_start_s":245033.934733250,"gpu_end_s":245033.934944500,"gpu_ms":0.211250,"valid":true,"completed":true,"op_counts":{"CPY":1,"VIEW":2}}
M5_COPY_RETURN {"copy_bytes":12582912,"dst_nb":[4,3145728,3145728,12582912],"dst_ne":[786432,1,4,1],"layout":"contiguous","phase":"measure","rows":4,"sample":2,"src_nb":[4,3145728,3145728,12582912],"src_ne":[786432,1,4,1],"wall_us":445.375,"width":786432}
M5_COPY_CALL {"copy_bytes":12582912,"dst_nb":[4,3145728,3145728,12582912],"dst_ne":[786432,1,4,1],"layout":"contiguous","phase":"measure","rows":4,"sample":3,"src_nb":[4,3145728,3145728,12582912],"src_ne":[786432,1,4,1],"width":786432}
M5_PROFILE {"context":"7b1ec9cc00","graph":93,"cb":1,"original_nodes":3,"gpu_start_s":245033.935128250,"gpu_end_s":245033.935339500,"gpu_ms":0.211250,"valid":true,"completed":true,"op_counts":{"CPY":1,"VIEW":2}}
M5_COPY_RETURN {"copy_bytes":12582912,"dst_nb":[4,3145728,3145728,12582912],"dst_ne":[786432,1,4,1],"layout":"contiguous","phase":"measure","rows":4,"sample":3,"src_nb":[4,3145728,3145728,12582912],"src_ne":[786432,1,4,1],"wall_us":388.292,"width":786432}
M5_COPY_CALL {"copy_bytes":12582912,"dst_nb":[4,3145728,3145728,12582912],"dst_ne":[786432,1,4,1],"layout":"contiguous","phase":"measure","rows":4,"sample":4,"src_nb":[4,3145728,3145728,12582912],"src_ne":[786432,1,4,1],"width":786432}
M5_PROFILE {"context":"7b1ec9cc00","graph":94,"cb":1,"original_nodes":3,"gpu_start_s":245033.935523375,"gpu_end_s":245033.935734625,"gpu_ms":0.211250,"valid":true,"completed":true,"op_counts":{"CPY":1,"VIEW":2}}
M5_COPY_RETURN {"copy_bytes":12582912,"dst_nb":[4,3145728,3145728,12582912],"dst_ne":[786432,1,4,1],"layout":"contiguous","phase":"measure","rows":4,"sample":4,"src_nb":[4,3145728,3145728,12582912],"src_ne":[786432,1,4,1],"wall_us":472.292,"width":786432}
M5_COPY_CALL {"copy_bytes":12582912,"dst_nb":[4,3145728,3145728,12582912],"dst_ne":[786432,1,4,1],"layout":"contiguous","phase":"measure","rows":4,"sample":5,"src_nb":[4,3145728,3145728,12582912],"src_ne":[786432,1,4,1],"width":786432}
M5_PROFILE {"context":"7b1ec9cc00","graph":95,"cb":1,"original_nodes":3,"gpu_start_s":245033.936030375,"gpu_end_s":245033.936241667,"gpu_ms":0.211292,"valid":true,"completed":true,"op_counts":{"CPY":1,"VIEW":2}}
M5_COPY_RETURN {"copy_bytes":12582912,"dst_nb":[4,3145728,3145728,12582912],"dst_ne":[786432,1,4,1],"layout":"contiguous","phase":"measure","rows":4,"sample":5,"src_nb":[4,3145728,3145728,12582912],"src_ne":[786432,1,4,1],"wall_us":392.625,"width":786432}
M5_COPY_CALL {"copy_bytes":12582912,"dst_nb":[4,3145728,3145728,12582912],"dst_ne":[786432,1,4,1],"layout":"contiguous","phase":"measure","rows":4,"sample":6,"src_nb":[4,3145728,3145728,12582912],"src_ne":[786432,1,4,1],"width":786432}
M5_PROFILE {"context":"7b1ec9cc00","graph":96,"cb":1,"original_nodes":3,"gpu_start_s":245033.936424625,"gpu_end_s":245033.936635625,"gpu_ms":0.211000,"valid":true,"completed":true,"op_counts":{"CPY":1,"VIEW":2}}
M5_COPY_RETURN {"copy_bytes":12582912,"dst_nb":[4,3145728,3145728,12582912],"dst_ne":[786432,1,4,1],"layout":"contiguous","phase":"measure","rows":4,"sample":6,"src_nb":[4,3145728,3145728,12582912],"src_ne":[786432,1,4,1],"wall_us":387.833,"width":786432}
M5_COPY_CALL {"copy_bytes":12582912,"dst_nb":[4,3145728,3145728,12582912],"dst_ne":[786432,1,4,1],"layout":"contiguous","phase":"measure","rows":4,"sample":7,"src_nb":[4,3145728,3145728,12582912],"src_ne":[786432,1,4,1],"width":786432}
M5_PROFILE {"context":"7b1ec9cc00","graph":97,"cb":1,"original_nodes":3,"gpu_start_s":245033.936804375,"gpu_end_s":245033.937015500,"gpu_ms":0.211125,"valid":true,"completed":true,"op_counts":{"CPY":1,"VIEW":2}}
M5_COPY_RETURN {"copy_bytes":12582912,"dst_nb":[4,3145728,3145728,12582912],"dst_ne":[786432,1,4,1],"layout":"contiguous","phase":"measure","rows":4,"sample":7,"src_nb":[4,3145728,3145728,12582912],"src_ne":[786432,1,4,1],"wall_us":373.917,"width":786432}
M5_COPY_CALL {"copy_bytes":12582912,"dst_nb":[4,3145728,3145728,12582912],"dst_ne":[786432,1,4,1],"layout":"contiguous","phase":"measure","rows":4,"sample":8,"src_nb":[4,3145728,3145728,12582912],"src_ne":[786432,1,4,1],"width":786432}
M5_PROFILE {"context":"7b1ec9cc00","graph":98,"cb":1,"original_nodes":3,"gpu_start_s":245033.937192750,"gpu_end_s":245033.937404000,"gpu_ms":0.211250,"valid":true,"completed":true,"op_counts":{"CPY":1,"VIEW":2}}
M5_COPY_RETURN {"copy_bytes":12582912,"dst_nb":[4,3145728,3145728,12582912],"dst_ne":[786432,1,4,1],"layout":"contiguous","phase":"measure","rows":4,"sample":8,"src_nb":[4,3145728,3145728,12582912],"src_ne":[786432,1,4,1],"wall_us":380.708,"width":786432}
M5_COPY_CALL {"copy_bytes":12582912,"dst_nb":[4,3145728,3145728,12582912],"dst_ne":[786432,1,4,1],"layout":"contiguous","phase":"measure","rows":4,"sample":9,"src_nb":[4,3145728,3145728,12582912],"src_ne":[786432,1,4,1],"width":786432}
M5_PROFILE {"context":"7b1ec9cc00","graph":99,"cb":1,"original_nodes":3,"gpu_start_s":245033.937578500,"gpu_end_s":245033.937789875,"gpu_ms":0.211375,"valid":true,"completed":true,"op_counts":{"CPY":1,"VIEW":2}}
M5_COPY_RETURN {"copy_bytes":12582912,"dst_nb":[4,3145728,3145728,12582912],"dst_ne":[786432,1,4,1],"layout":"contiguous","phase":"measure","rows":4,"sample":9,"src_nb":[4,3145728,3145728,12582912],"src_ne":[786432,1,4,1],"wall_us":474.417,"width":786432}
M5_COPY_CALL {"copy_bytes":12582912,"dst_nb":[4,3145728,3145728,12582912],"dst_ne":[786432,1,4,1],"layout":"contiguous","phase":"measure","rows":4,"sample":10,"src_nb":[4,3145728,3145728,12582912],"src_ne":[786432,1,4,1],"width":786432}
M5_PROFILE {"context":"7b1ec9cc00","graph":100,"cb":1,"original_nodes":3,"gpu_start_s":245033.938090125,"gpu_end_s":245033.938301375,"gpu_ms":0.211250,"valid":true,"completed":true,"op_counts":{"CPY":1,"VIEW":2}}
M5_COPY_RETURN {"copy_bytes":12582912,"dst_nb":[4,3145728,3145728,12582912],"dst_ne":[786432,1,4,1],"layout":"contiguous","phase":"measure","rows":4,"sample":10,"src_nb":[4,3145728,3145728,12582912],"src_ne":[786432,1,4,1],"wall_us":395.084,"width":786432}
M5_COPY_CALL {"copy_bytes":12582912,"dst_nb":[4,3145728,3145728,12582912],"dst_ne":[786432,1,4,1],"layout":"contiguous","phase":"measure","rows":4,"sample":11,"src_nb":[4,3145728,3145728,12582912],"src_ne":[786432,1,4,1],"width":786432}
M5_PROFILE {"context":"7b1ec9cc00","graph":101,"cb":1,"original_nodes":3,"gpu_start_s":245033.938484042,"gpu_end_s":245033.938695292,"gpu_ms":0.211250,"valid":true,"completed":true,"op_counts":{"CPY":1,"VIEW":2}}
M5_COPY_RETURN {"copy_bytes":12582912,"dst_nb":[4,3145728,3145728,12582912],"dst_ne":[786432,1,4,1],"layout":"contiguous","phase":"measure","rows":4,"sample":11,"src_nb":[4,3145728,3145728,12582912],"src_ne":[786432,1,4,1],"wall_us":385.917,"width":786432}
M5_COPY_CALL {"copy_bytes":12582912,"dst_nb":[4,3145728,3145728,12582912],"dst_ne":[786432,1,4,1],"layout":"contiguous","phase":"measure","rows":4,"sample":12,"src_nb":[4,3145728,3145728,12582912],"src_ne":[786432,1,4,1],"width":786432}
M5_PROFILE {"context":"7b1ec9cc00","graph":102,"cb":1,"original_nodes":3,"gpu_start_s":245033.938880750,"gpu_end_s":245033.939091875,"gpu_ms":0.211125,"valid":true,"completed":true,"op_counts":{"CPY":1,"VIEW":2}}
M5_COPY_RETURN {"copy_bytes":12582912,"dst_nb":[4,3145728,3145728,12582912],"dst_ne":[786432,1,4,1],"layout":"contiguous","phase":"measure","rows":4,"sample":12,"src_nb":[4,3145728,3145728,12582912],"src_ne":[786432,1,4,1],"wall_us":393.208,"width":786432}
M5_COPY_CALL {"copy_bytes":12582912,"dst_nb":[4,3145728,3145728,12582912],"dst_ne":[786432,1,4,1],"layout":"contiguous","phase":"measure","rows":4,"sample":13,"src_nb":[4,3145728,3145728,12582912],"src_ne":[786432,1,4,1],"width":786432}
M5_PROFILE {"context":"7b1ec9cc00","graph":103,"cb":1,"original_nodes":3,"gpu_start_s":245033.939276250,"gpu_end_s":245033.939487292,"gpu_ms":0.211042,"valid":true,"completed":true,"op_counts":{"CPY":1,"VIEW":2}}
M5_COPY_RETURN {"copy_bytes":12582912,"dst_nb":[4,3145728,3145728,12582912],"dst_ne":[786432,1,4,1],"layout":"contiguous","phase":"measure","rows":4,"sample":13,"src_nb":[4,3145728,3145728,12582912],"src_ne":[786432,1,4,1],"wall_us":391.625,"width":786432}
M5_COPY_CALL {"copy_bytes":12582912,"dst_nb":[4,3145728,3145728,12582912],"dst_ne":[786432,1,4,1],"layout":"contiguous","phase":"measure","rows":4,"sample":14,"src_nb":[4,3145728,3145728,12582912],"src_ne":[786432,1,4,1],"width":786432}
M5_PROFILE {"context":"7b1ec9cc00","graph":104,"cb":1,"original_nodes":3,"gpu_start_s":245033.939745625,"gpu_end_s":245033.939956792,"gpu_ms":0.211167,"valid":true,"completed":true,"op_counts":{"CPY":1,"VIEW":2}}
M5_COPY_RETURN {"copy_bytes":12582912,"dst_nb":[4,3145728,3145728,12582912],"dst_ne":[786432,1,4,1],"layout":"contiguous","phase":"measure","rows":4,"sample":14,"src_nb":[4,3145728,3145728,12582912],"src_ne":[786432,1,4,1],"wall_us":454.916,"width":786432}
M5_COPY_CALL {"copy_bytes":12582912,"dst_nb":[4,3145728,3145728,12582912],"dst_ne":[786432,1,4,1],"layout":"contiguous","phase":"measure","rows":4,"sample":15,"src_nb":[4,3145728,3145728,12582912],"src_ne":[786432,1,4,1],"width":786432}
M5_PROFILE {"context":"7b1ec9cc00","graph":105,"cb":1,"original_nodes":3,"gpu_start_s":245033.940183292,"gpu_end_s":245033.940394500,"gpu_ms":0.211208,"valid":true,"completed":true,"op_counts":{"CPY":1,"VIEW":2}}
M5_COPY_RETURN {"copy_bytes":12582912,"dst_nb":[4,3145728,3145728,12582912],"dst_ne":[786432,1,4,1],"layout":"contiguous","phase":"measure","rows":4,"sample":15,"src_nb":[4,3145728,3145728,12582912],"src_ne":[786432,1,4,1],"wall_us":429.5,"width":786432}
M5_COPY_CALL {"copy_bytes":12582912,"dst_nb":[4,3145728,3145728,12582912],"dst_ne":[786432,1,4,1],"layout":"contiguous","phase":"measure","rows":4,"sample":16,"src_nb":[4,3145728,3145728,12582912],"src_ne":[786432,1,4,1],"width":786432}
M5_PROFILE {"context":"7b1ec9cc00","graph":106,"cb":1,"original_nodes":3,"gpu_start_s":245033.940577000,"gpu_end_s":245033.940788250,"gpu_ms":0.211250,"valid":true,"completed":true,"op_counts":{"CPY":1,"VIEW":2}}
M5_COPY_RETURN {"copy_bytes":12582912,"dst_nb":[4,3145728,3145728,12582912],"dst_ne":[786432,1,4,1],"layout":"contiguous","phase":"measure","rows":4,"sample":16,"src_nb":[4,3145728,3145728,12582912],"src_ne":[786432,1,4,1],"wall_us":385.625,"width":786432}
M5_COPY_CALL {"copy_bytes":12582912,"dst_nb":[4,3145728,3145728,12582912],"dst_ne":[786432,1,4,1],"layout":"contiguous","phase":"measure","rows":4,"sample":17,"src_nb":[4,3145728,3145728,12582912],"src_ne":[786432,1,4,1],"width":786432}
M5_PROFILE {"context":"7b1ec9cc00","graph":107,"cb":1,"original_nodes":3,"gpu_start_s":245033.940972667,"gpu_end_s":245033.941183750,"gpu_ms":0.211083,"valid":true,"completed":true,"op_counts":{"CPY":1,"VIEW":2}}
M5_COPY_RETURN {"copy_bytes":12582912,"dst_nb":[4,3145728,3145728,12582912],"dst_ne":[786432,1,4,1],"layout":"contiguous","phase":"measure","rows":4,"sample":17,"src_nb":[4,3145728,3145728,12582912],"src_ne":[786432,1,4,1],"wall_us":386.542,"width":786432}
M5_COPY_CALL {"copy_bytes":12582912,"dst_nb":[4,3145728,3145728,12582912],"dst_ne":[786432,1,4,1],"layout":"contiguous","phase":"measure","rows":4,"sample":18,"src_nb":[4,3145728,3145728,12582912],"src_ne":[786432,1,4,1],"width":786432}
M5_PROFILE {"context":"7b1ec9cc00","graph":108,"cb":1,"original_nodes":3,"gpu_start_s":245033.941369042,"gpu_end_s":245033.941580375,"gpu_ms":0.211333,"valid":true,"completed":true,"op_counts":{"CPY":1,"VIEW":2}}
M5_COPY_RETURN {"copy_bytes":12582912,"dst_nb":[4,3145728,3145728,12582912],"dst_ne":[786432,1,4,1],"layout":"contiguous","phase":"measure","rows":4,"sample":18,"src_nb":[4,3145728,3145728,12582912],"src_ne":[786432,1,4,1],"wall_us":392.208,"width":786432}
M5_COPY_CALL {"copy_bytes":12582912,"dst_nb":[4,3145728,3145728,12582912],"dst_ne":[786432,1,4,1],"layout":"contiguous","phase":"measure","rows":4,"sample":19,"src_nb":[4,3145728,3145728,12582912],"src_ne":[786432,1,4,1],"width":786432}
M5_PROFILE {"context":"7b1ec9cc00","graph":109,"cb":1,"original_nodes":3,"gpu_start_s":245033.941755292,"gpu_end_s":245033.941966500,"gpu_ms":0.211208,"valid":true,"completed":true,"op_counts":{"CPY":1,"VIEW":2}}
M5_COPY_RETURN {"copy_bytes":12582912,"dst_nb":[4,3145728,3145728,12582912],"dst_ne":[786432,1,4,1],"layout":"contiguous","phase":"measure","rows":4,"sample":19,"src_nb":[4,3145728,3145728,12582912],"src_ne":[786432,1,4,1],"wall_us":380.125,"width":786432}
M5_COPY_CALL {"copy_bytes":12582912,"dst_nb":[4,3145728,3145728,12582912],"dst_ne":[786432,1,4,1],"layout":"contiguous","phase":"measure","rows":4,"sample":20,"src_nb":[4,3145728,3145728,12582912],"src_ne":[786432,1,4,1],"width":786432}
M5_PROFILE {"context":"7b1ec9cc00","graph":110,"cb":1,"original_nodes":3,"gpu_start_s":245033.942137500,"gpu_end_s":245033.942348792,"gpu_ms":0.211292,"valid":true,"completed":true,"op_counts":{"CPY":1,"VIEW":2}}
M5_COPY_RETURN {"copy_bytes":12582912,"dst_nb":[4,3145728,3145728,12582912],"dst_ne":[786432,1,4,1],"layout":"contiguous","phase":"measure","rows":4,"sample":20,"src_nb":[4,3145728,3145728,12582912],"src_ne":[786432,1,4,1],"wall_us":369.208,"width":786432}
M5_COPY_CALL {"copy_bytes":12582912,"dst_nb":[4,3145728,3145728,12582912],"dst_ne":[786432,1,4,1],"layout":"contiguous","phase":"measure","rows":4,"sample":21,"src_nb":[4,3145728,3145728,12582912],"src_ne":[786432,1,4,1],"width":786432}
M5_PROFILE {"context":"7b1ec9cc00","graph":111,"cb":1,"original_nodes":3,"gpu_start_s":245033.942519375,"gpu_end_s":245033.942730417,"gpu_ms":0.211042,"valid":true,"completed":true,"op_counts":{"CPY":1,"VIEW":2}}
M5_COPY_RETURN {"copy_bytes":12582912,"dst_nb":[4,3145728,3145728,12582912],"dst_ne":[786432,1,4,1],"layout":"contiguous","phase":"measure","rows":4,"sample":21,"src_nb":[4,3145728,3145728,12582912],"src_ne":[786432,1,4,1],"wall_us":476.208,"width":786432}
M5_COPY_CALL {"copy_bytes":12582912,"dst_nb":[4,3145728,3145728,12582912],"dst_ne":[786432,1,4,1],"layout":"contiguous","phase":"measure","rows":4,"sample":22,"src_nb":[4,3145728,3145728,12582912],"src_ne":[786432,1,4,1],"width":786432}
M5_PROFILE {"context":"7b1ec9cc00","graph":112,"cb":1,"original_nodes":3,"gpu_start_s":245033.943034875,"gpu_end_s":245033.943246125,"gpu_ms":0.211250,"valid":true,"completed":true,"op_counts":{"CPY":1,"VIEW":2}}
M5_COPY_RETURN {"copy_bytes":12582912,"dst_nb":[4,3145728,3145728,12582912],"dst_ne":[786432,1,4,1],"layout":"contiguous","phase":"measure","rows":4,"sample":22,"src_nb":[4,3145728,3145728,12582912],"src_ne":[786432,1,4,1],"wall_us":378.459,"width":786432}
M5_COPY_CALL {"copy_bytes":12582912,"dst_nb":[4,3145728,3145728,12582912],"dst_ne":[786432,1,4,1],"layout":"contiguous","phase":"measure","rows":4,"sample":23,"src_nb":[4,3145728,3145728,12582912],"src_ne":[786432,1,4,1],"width":786432}
M5_PROFILE {"context":"7b1ec9cc00","graph":113,"cb":1,"original_nodes":3,"gpu_start_s":245033.943426167,"gpu_end_s":245033.943637250,"gpu_ms":0.211083,"valid":true,"completed":true,"op_counts":{"CPY":1,"VIEW":2}}
M5_COPY_RETURN {"copy_bytes":12582912,"dst_nb":[4,3145728,3145728,12582912],"dst_ne":[786432,1,4,1],"layout":"contiguous","phase":"measure","rows":4,"sample":23,"src_nb":[4,3145728,3145728,12582912],"src_ne":[786432,1,4,1],"wall_us":388.791,"width":786432}
M5_COPY_CALL {"copy_bytes":12582912,"dst_nb":[4,3145728,3145728,12582912],"dst_ne":[786432,1,4,1],"layout":"contiguous","phase":"measure","rows":4,"sample":24,"src_nb":[4,3145728,3145728,12582912],"src_ne":[786432,1,4,1],"width":786432}
M5_PROFILE {"context":"7b1ec9cc00","graph":114,"cb":1,"original_nodes":3,"gpu_start_s":245033.943822667,"gpu_end_s":245033.944033917,"gpu_ms":0.211250,"valid":true,"completed":true,"op_counts":{"CPY":1,"VIEW":2}}
M5_COPY_RETURN {"copy_bytes":12582912,"dst_nb":[4,3145728,3145728,12582912],"dst_ne":[786432,1,4,1],"layout":"contiguous","phase":"measure","rows":4,"sample":24,"src_nb":[4,3145728,3145728,12582912],"src_ne":[786432,1,4,1],"wall_us":387.708,"width":786432}
M5_COPY_CALL {"copy_bytes":12582912,"dst_nb":[4,3145728,3145728,12582912],"dst_ne":[786432,1,4,1],"layout":"contiguous","phase":"measure","rows":4,"sample":25,"src_nb":[4,3145728,3145728,12582912],"src_ne":[786432,1,4,1],"width":786432}
M5_PROFILE {"context":"7b1ec9cc00","graph":115,"cb":1,"original_nodes":3,"gpu_start_s":245033.944225250,"gpu_end_s":245033.944436500,"gpu_ms":0.211250,"valid":true,"completed":true,"op_counts":{"CPY":1,"VIEW":2}}
M5_COPY_RETURN {"copy_bytes":12582912,"dst_nb":[4,3145728,3145728,12582912],"dst_ne":[786432,1,4,1],"layout":"contiguous","phase":"measure","rows":4,"sample":25,"src_nb":[4,3145728,3145728,12582912],"src_ne":[786432,1,4,1],"wall_us":393.792,"width":786432}
M5_COPY_CALL {"copy_bytes":12582912,"dst_nb":[4,3145728,3145728,12582912],"dst_ne":[786432,1,4,1],"layout":"contiguous","phase":"measure","rows":4,"sample":26,"src_nb":[4,3145728,3145728,12582912],"src_ne":[786432,1,4,1],"width":786432}
M5_PROFILE {"context":"7b1ec9cc00","graph":116,"cb":1,"original_nodes":3,"gpu_start_s":245033.944618500,"gpu_end_s":245033.944829542,"gpu_ms":0.211042,"valid":true,"completed":true,"op_counts":{"CPY":1,"VIEW":2}}
M5_COPY_RETURN {"copy_bytes":12582912,"dst_nb":[4,3145728,3145728,12582912],"dst_ne":[786432,1,4,1],"layout":"contiguous","phase":"measure","rows":4,"sample":26,"src_nb":[4,3145728,3145728,12582912],"src_ne":[786432,1,4,1],"wall_us":388.25,"width":786432}
M5_COPY_CALL {"copy_bytes":12582912,"dst_nb":[4,3145728,3145728,12582912],"dst_ne":[786432,1,4,1],"layout":"contiguous","phase":"measure","rows":4,"sample":27,"src_nb":[4,3145728,3145728,12582912],"src_ne":[786432,1,4,1],"width":786432}
M5_PROFILE {"context":"7b1ec9cc00","graph":117,"cb":1,"original_nodes":3,"gpu_start_s":245033.945016000,"gpu_end_s":245033.945227042,"gpu_ms":0.211042,"valid":true,"completed":true,"op_counts":{"CPY":1,"VIEW":2}}
M5_COPY_RETURN {"copy_bytes":12582912,"dst_nb":[4,3145728,3145728,12582912],"dst_ne":[786432,1,4,1],"layout":"contiguous","phase":"measure","rows":4,"sample":27,"src_nb":[4,3145728,3145728,12582912],"src_ne":[786432,1,4,1],"wall_us":387.0,"width":786432}
M5_COPY_CALL {"copy_bytes":12582912,"dst_nb":[4,3145728,3145728,12582912],"dst_ne":[786432,1,4,1],"layout":"contiguous","phase":"measure","rows":4,"sample":28,"src_nb":[4,3145728,3145728,12582912],"src_ne":[786432,1,4,1],"width":786432}
M5_PROFILE {"context":"7b1ec9cc00","graph":118,"cb":1,"original_nodes":3,"gpu_start_s":245033.945403375,"gpu_end_s":245033.945614417,"gpu_ms":0.211042,"valid":true,"completed":true,"op_counts":{"CPY":1,"VIEW":2}}
M5_COPY_RETURN {"copy_bytes":12582912,"dst_nb":[4,3145728,3145728,12582912],"dst_ne":[786432,1,4,1],"layout":"contiguous","phase":"measure","rows":4,"sample":28,"src_nb":[4,3145728,3145728,12582912],"src_ne":[786432,1,4,1],"wall_us":381.542,"width":786432}
M5_COPY_CALL {"copy_bytes":12582912,"dst_nb":[4,3145728,3145728,12582912],"dst_ne":[786432,1,4,1],"layout":"contiguous","phase":"measure","rows":4,"sample":29,"src_nb":[4,3145728,3145728,12582912],"src_ne":[786432,1,4,1],"width":786432}
M5_PROFILE {"context":"7b1ec9cc00","graph":119,"cb":1,"original_nodes":3,"gpu_start_s":245033.945787042,"gpu_end_s":245033.945998250,"gpu_ms":0.211208,"valid":true,"completed":true,"op_counts":{"CPY":1,"VIEW":2}}
M5_COPY_RETURN {"copy_bytes":12582912,"dst_nb":[4,3145728,3145728,12582912],"dst_ne":[786432,1,4,1],"layout":"contiguous","phase":"measure","rows":4,"sample":29,"src_nb":[4,3145728,3145728,12582912],"src_ne":[786432,1,4,1],"wall_us":365.834,"width":786432}
M5_COPY_CALL {"copy_bytes":12582912,"dst_nb":[4,3145728,3145728,12582912],"dst_ne":[786432,1,4,1],"layout":"contiguous","phase":"measure","rows":4,"sample":30,"src_nb":[4,3145728,3145728,12582912],"src_ne":[786432,1,4,1],"width":786432}
M5_PROFILE {"context":"7b1ec9cc00","graph":120,"cb":1,"original_nodes":3,"gpu_start_s":245033.946176542,"gpu_end_s":245033.946387917,"gpu_ms":0.211375,"valid":true,"completed":true,"op_counts":{"CPY":1,"VIEW":2}}
M5_COPY_RETURN {"copy_bytes":12582912,"dst_nb":[4,3145728,3145728,12582912],"dst_ne":[786432,1,4,1],"layout":"contiguous","phase":"measure","rows":4,"sample":30,"src_nb":[4,3145728,3145728,12582912],"src_ne":[786432,1,4,1],"wall_us":479.166,"width":786432}
M5_COPY_CALL {"copy_bytes":12582912,"dst_nb":[4,3145728,3145728,12582912],"dst_ne":[786432,1,4,1],"layout":"contiguous","phase":"measure","rows":4,"sample":31,"src_nb":[4,3145728,3145728,12582912],"src_ne":[786432,1,4,1],"width":786432}
M5_PROFILE {"context":"7b1ec9cc00","graph":121,"cb":1,"original_nodes":3,"gpu_start_s":245033.946681375,"gpu_end_s":245033.946892625,"gpu_ms":0.211250,"valid":true,"completed":true,"op_counts":{"CPY":1,"VIEW":2}}
M5_COPY_RETURN {"copy_bytes":12582912,"dst_nb":[4,3145728,3145728,12582912],"dst_ne":[786432,1,4,1],"layout":"contiguous","phase":"measure","rows":4,"sample":31,"src_nb":[4,3145728,3145728,12582912],"src_ne":[786432,1,4,1],"wall_us":394.875,"width":786432}
M5_COPY_CALL {"copy_bytes":12582912,"dst_nb":[4,3145728,3145728,12582912],"dst_ne":[786432,1,4,1],"layout":"contiguous","phase":"measure","rows":4,"sample":32,"src_nb":[4,3145728,3145728,12582912],"src_ne":[786432,1,4,1],"width":786432}
M5_PROFILE {"context":"7b1ec9cc00","graph":122,"cb":1,"original_nodes":3,"gpu_start_s":245033.947072000,"gpu_end_s":245033.947283250,"gpu_ms":0.211250,"valid":true,"completed":true,"op_counts":{"CPY":1,"VIEW":2}}
M5_COPY_RETURN {"copy_bytes":12582912,"dst_nb":[4,3145728,3145728,12582912],"dst_ne":[786432,1,4,1],"layout":"contiguous","phase":"measure","rows":4,"sample":32,"src_nb":[4,3145728,3145728,12582912],"src_ne":[786432,1,4,1],"wall_us":476.458,"width":786432}
M5_COPY_CALL {"copy_bytes":12582912,"dst_nb":[4,3145728,3145728,12582912],"dst_ne":[786432,1,4,1],"layout":"contiguous","phase":"measure","rows":4,"sample":33,"src_nb":[4,3145728,3145728,12582912],"src_ne":[786432,1,4,1],"width":786432}
M5_PROFILE {"context":"7b1ec9cc00","graph":123,"cb":1,"original_nodes":3,"gpu_start_s":245033.947581250,"gpu_end_s":245033.947792625,"gpu_ms":0.211375,"valid":true,"completed":true,"op_counts":{"CPY":1,"VIEW":2}}
M5_COPY_RETURN {"copy_bytes":12582912,"dst_nb":[4,3145728,3145728,12582912],"dst_ne":[786432,1,4,1],"layout":"contiguous","phase":"measure","rows":4,"sample":33,"src_nb":[4,3145728,3145728,12582912],"src_ne":[786432,1,4,1],"wall_us":385.417,"width":786432}
M5_COPY_CALL {"copy_bytes":12582912,"dst_nb":[4,3145728,3145728,12582912],"dst_ne":[786432,1,4,1],"layout":"contiguous","phase":"measure","rows":4,"sample":34,"src_nb":[4,3145728,3145728,12582912],"src_ne":[786432,1,4,1],"width":786432}
M5_PROFILE {"context":"7b1ec9cc00","graph":124,"cb":1,"original_nodes":3,"gpu_start_s":245033.948002625,"gpu_end_s":245033.948213875,"gpu_ms":0.211250,"valid":true,"completed":true,"op_counts":{"CPY":1,"VIEW":2}}
M5_COPY_RETURN {"copy_bytes":12582912,"dst_nb":[4,3145728,3145728,12582912],"dst_ne":[786432,1,4,1],"layout":"contiguous","phase":"measure","rows":4,"sample":34,"src_nb":[4,3145728,3145728,12582912],"src_ne":[786432,1,4,1],"wall_us":411.291,"width":786432}
M5_COPY_CALL {"copy_bytes":12582912,"dst_nb":[4,3145728,3145728,12582912],"dst_ne":[786432,1,4,1],"layout":"contiguous","phase":"measure","rows":4,"sample":35,"src_nb":[4,3145728,3145728,12582912],"src_ne":[786432,1,4,1],"width":786432}
M5_PROFILE {"context":"7b1ec9cc00","graph":125,"cb":1,"original_nodes":3,"gpu_start_s":245033.948392167,"gpu_end_s":245033.948603375,"gpu_ms":0.211208,"valid":true,"completed":true,"op_counts":{"CPY":1,"VIEW":2}}
M5_COPY_RETURN {"copy_bytes":12582912,"dst_nb":[4,3145728,3145728,12582912],"dst_ne":[786432,1,4,1],"layout":"contiguous","phase":"measure","rows":4,"sample":35,"src_nb":[4,3145728,3145728,12582912],"src_ne":[786432,1,4,1],"wall_us":379.166,"width":786432}
M5_COPY_CALL {"copy_bytes":12582912,"dst_nb":[4,3145728,3145728,12582912],"dst_ne":[786432,1,4,1],"layout":"contiguous","phase":"measure","rows":4,"sample":36,"src_nb":[4,3145728,3145728,12582912],"src_ne":[786432,1,4,1],"width":786432}
M5_PROFILE {"context":"7b1ec9cc00","graph":126,"cb":1,"original_nodes":3,"gpu_start_s":245033.948781375,"gpu_end_s":245033.948993125,"gpu_ms":0.211750,"valid":true,"completed":true,"op_counts":{"CPY":1,"VIEW":2}}
M5_COPY_RETURN {"copy_bytes":12582912,"dst_nb":[4,3145728,3145728,12582912],"dst_ne":[786432,1,4,1],"layout":"contiguous","phase":"measure","rows":4,"sample":36,"src_nb":[4,3145728,3145728,12582912],"src_ne":[786432,1,4,1],"wall_us":383.875,"width":786432}
M5_COPY_CALL {"copy_bytes":12582912,"dst_nb":[4,3145728,3145728,12582912],"dst_ne":[786432,1,4,1],"layout":"contiguous","phase":"measure","rows":4,"sample":37,"src_nb":[4,3145728,3145728,12582912],"src_ne":[786432,1,4,1],"width":786432}
M5_PROFILE {"context":"7b1ec9cc00","graph":127,"cb":1,"original_nodes":3,"gpu_start_s":245033.949168375,"gpu_end_s":245033.949379625,"gpu_ms":0.211250,"valid":true,"completed":true,"op_counts":{"CPY":1,"VIEW":2}}
M5_COPY_RETURN {"copy_bytes":12582912,"dst_nb":[4,3145728,3145728,12582912],"dst_ne":[786432,1,4,1],"layout":"contiguous","phase":"measure","rows":4,"sample":37,"src_nb":[4,3145728,3145728,12582912],"src_ne":[786432,1,4,1],"wall_us":384.333,"width":786432}
M5_COPY_CALL {"copy_bytes":12582912,"dst_nb":[4,3145728,3145728,12582912],"dst_ne":[786432,1,4,1],"layout":"contiguous","phase":"measure","rows":4,"sample":38,"src_nb":[4,3145728,3145728,12582912],"src_ne":[786432,1,4,1],"width":786432}
M5_PROFILE {"context":"7b1ec9cc00","graph":128,"cb":1,"original_nodes":3,"gpu_start_s":245033.949568250,"gpu_end_s":245033.949779750,"gpu_ms":0.211500,"valid":true,"completed":true,"op_counts":{"CPY":1,"VIEW":2}}
M5_COPY_RETURN {"copy_bytes":12582912,"dst_nb":[4,3145728,3145728,12582912],"dst_ne":[786432,1,4,1],"layout":"contiguous","phase":"measure","rows":4,"sample":38,"src_nb":[4,3145728,3145728,12582912],"src_ne":[786432,1,4,1],"wall_us":397.625,"width":786432}
M5_COPY_CALL {"copy_bytes":12582912,"dst_nb":[4,3145728,3145728,12582912],"dst_ne":[786432,1,4,1],"layout":"contiguous","phase":"measure","rows":4,"sample":39,"src_nb":[4,3145728,3145728,12582912],"src_ne":[786432,1,4,1],"width":786432}
M5_PROFILE {"context":"7b1ec9cc00","graph":129,"cb":1,"original_nodes":3,"gpu_start_s":245033.949974125,"gpu_end_s":245033.950185375,"gpu_ms":0.211250,"valid":true,"completed":true,"op_counts":{"CPY":1,"VIEW":2}}
M5_COPY_RETURN {"copy_bytes":12582912,"dst_nb":[4,3145728,3145728,12582912],"dst_ne":[786432,1,4,1],"layout":"contiguous","phase":"measure","rows":4,"sample":39,"src_nb":[4,3145728,3145728,12582912],"src_ne":[786432,1,4,1],"wall_us":396.291,"width":786432}
M5_COPY_PASS {"copy_bytes":12582912,"dst_nb":[4,3145728,3145728,12582912],"dst_ne":[786432,1,4,1],"layout":"contiguous","rows":4,"src_nb":[4,3145728,3145728,12582912],"src_ne":[786432,1,4,1],"width":786432}
M5_COPY_CALL {"copy_bytes":12582912,"dst_nb":[4,3145728,18874368,75497472],"dst_ne":[786432,1,4,1],"layout":"strided","phase":"warmup","rows":4,"sample":-3,"src_nb":[4,3145728,3145744,12582976],"src_ne":[786432,1,4,1],"width":786432}
M5_PROFILE {"context":"7b1ec9cc00","graph":130,"cb":1,"original_nodes":3,"gpu_start_s":245033.978445500,"gpu_end_s":245033.978968750,"gpu_ms":0.523250,"valid":true,"completed":true,"op_counts":{"CPY":1,"VIEW":2}}
M5_COPY_RETURN {"copy_bytes":12582912,"dst_nb":[4,3145728,18874368,75497472],"dst_ne":[786432,1,4,1],"layout":"strided","phase":"warmup","rows":4,"sample":-3,"src_nb":[4,3145728,3145744,12582976],"src_ne":[786432,1,4,1],"wall_us":1594.708,"width":786432}
M5_COPY_CALL {"copy_bytes":12582912,"dst_nb":[4,3145728,18874368,75497472],"dst_ne":[786432,1,4,1],"layout":"strided","phase":"warmup","rows":4,"sample":-2,"src_nb":[4,3145728,3145744,12582976],"src_ne":[786432,1,4,1],"width":786432}
M5_PROFILE {"context":"7b1ec9cc00","graph":131,"cb":1,"original_nodes":3,"gpu_start_s":245033.979216292,"gpu_end_s":245033.979539292,"gpu_ms":0.323000,"valid":true,"completed":true,"op_counts":{"CPY":1,"VIEW":2}}
M5_COPY_RETURN {"copy_bytes":12582912,"dst_nb":[4,3145728,18874368,75497472],"dst_ne":[786432,1,4,1],"layout":"strided","phase":"warmup","rows":4,"sample":-2,"src_nb":[4,3145728,3145744,12582976],"src_ne":[786432,1,4,1],"wall_us":495.917,"width":786432}
M5_COPY_CALL {"copy_bytes":12582912,"dst_nb":[4,3145728,18874368,75497472],"dst_ne":[786432,1,4,1],"layout":"strided","phase":"warmup","rows":4,"sample":-1,"src_nb":[4,3145728,3145744,12582976],"src_ne":[786432,1,4,1],"width":786432}
M5_PROFILE {"context":"7b1ec9cc00","graph":132,"cb":1,"original_nodes":3,"gpu_start_s":245033.979761417,"gpu_end_s":245033.980078750,"gpu_ms":0.317333,"valid":true,"completed":true,"op_counts":{"CPY":1,"VIEW":2}}
M5_COPY_RETURN {"copy_bytes":12582912,"dst_nb":[4,3145728,18874368,75497472],"dst_ne":[786432,1,4,1],"layout":"strided","phase":"warmup","rows":4,"sample":-1,"src_nb":[4,3145728,3145744,12582976],"src_ne":[786432,1,4,1],"wall_us":522.0,"width":786432}
M5_COPY_CALL {"copy_bytes":12582912,"dst_nb":[4,3145728,18874368,75497472],"dst_ne":[786432,1,4,1],"layout":"strided","phase":"measure","rows":4,"sample":0,"src_nb":[4,3145728,3145744,12582976],"src_ne":[786432,1,4,1],"width":786432}
M5_PROFILE {"context":"7b1ec9cc00","graph":133,"cb":1,"original_nodes":3,"gpu_start_s":245033.980274000,"gpu_end_s":245033.980590917,"gpu_ms":0.316917,"valid":true,"completed":true,"op_counts":{"CPY":1,"VIEW":2}}
M5_COPY_RETURN {"copy_bytes":12582912,"dst_nb":[4,3145728,18874368,75497472],"dst_ne":[786432,1,4,1],"layout":"strided","phase":"measure","rows":4,"sample":0,"src_nb":[4,3145728,3145744,12582976],"src_ne":[786432,1,4,1],"wall_us":499.667,"width":786432}
M5_COPY_CALL {"copy_bytes":12582912,"dst_nb":[4,3145728,18874368,75497472],"dst_ne":[786432,1,4,1],"layout":"strided","phase":"measure","rows":4,"sample":1,"src_nb":[4,3145728,3145744,12582976],"src_ne":[786432,1,4,1],"width":786432}
M5_PROFILE {"context":"7b1ec9cc00","graph":134,"cb":1,"original_nodes":3,"gpu_start_s":245033.980762375,"gpu_end_s":245033.981085417,"gpu_ms":0.323042,"valid":true,"completed":true,"op_counts":{"CPY":1,"VIEW":2}}
M5_COPY_RETURN {"copy_bytes":12582912,"dst_nb":[4,3145728,18874368,75497472],"dst_ne":[786432,1,4,1],"layout":"strided","phase":"measure","rows":4,"sample":1,"src_nb":[4,3145728,3145744,12582976],"src_ne":[786432,1,4,1],"wall_us":483.125,"width":786432}
M5_COPY_CALL {"copy_bytes":12582912,"dst_nb":[4,3145728,18874368,75497472],"dst_ne":[786432,1,4,1],"layout":"strided","phase":"measure","rows":4,"sample":2,"src_nb":[4,3145728,3145744,12582976],"src_ne":[786432,1,4,1],"width":786432}
M5_PROFILE {"context":"7b1ec9cc00","graph":135,"cb":1,"original_nodes":3,"gpu_start_s":245033.981367625,"gpu_end_s":245033.981685125,"gpu_ms":0.317500,"valid":true,"completed":true,"op_counts":{"CPY":1,"VIEW":2}}
M5_COPY_RETURN {"copy_bytes":12582912,"dst_nb":[4,3145728,18874368,75497472],"dst_ne":[786432,1,4,1],"layout":"strided","phase":"measure","rows":4,"sample":2,"src_nb":[4,3145728,3145744,12582976],"src_ne":[786432,1,4,1],"wall_us":582.5,"width":786432}
M5_COPY_CALL {"copy_bytes":12582912,"dst_nb":[4,3145728,18874368,75497472],"dst_ne":[786432,1,4,1],"layout":"strided","phase":"measure","rows":4,"sample":3,"src_nb":[4,3145728,3145744,12582976],"src_ne":[786432,1,4,1],"width":786432}
M5_PROFILE {"context":"7b1ec9cc00","graph":136,"cb":1,"original_nodes":3,"gpu_start_s":245033.981864250,"gpu_end_s":245033.982181917,"gpu_ms":0.317667,"valid":true,"completed":true,"op_counts":{"CPY":1,"VIEW":2}}
M5_COPY_RETURN {"copy_bytes":12582912,"dst_nb":[4,3145728,18874368,75497472],"dst_ne":[786432,1,4,1],"layout":"strided","phase":"measure","rows":4,"sample":3,"src_nb":[4,3145728,3145744,12582976],"src_ne":[786432,1,4,1],"wall_us":492.292,"width":786432}
M5_COPY_CALL {"copy_bytes":12582912,"dst_nb":[4,3145728,18874368,75497472],"dst_ne":[786432,1,4,1],"layout":"strided","phase":"measure","rows":4,"sample":4,"src_nb":[4,3145728,3145744,12582976],"src_ne":[786432,1,4,1],"width":786432}
M5_PROFILE {"context":"7b1ec9cc00","graph":137,"cb":1,"original_nodes":3,"gpu_start_s":245033.982351667,"gpu_end_s":245033.982669000,"gpu_ms":0.317333,"valid":true,"completed":true,"op_counts":{"CPY":1,"VIEW":2}}
M5_COPY_RETURN {"copy_bytes":12582912,"dst_nb":[4,3145728,18874368,75497472],"dst_ne":[786432,1,4,1],"layout":"strided","phase":"measure","rows":4,"sample":4,"src_nb":[4,3145728,3145744,12582976],"src_ne":[786432,1,4,1],"wall_us":478.625,"width":786432}
M5_COPY_CALL {"copy_bytes":12582912,"dst_nb":[4,3145728,18874368,75497472],"dst_ne":[786432,1,4,1],"layout":"strided","phase":"measure","rows":4,"sample":5,"src_nb":[4,3145728,3145744,12582976],"src_ne":[786432,1,4,1],"width":786432}
M5_PROFILE {"context":"7b1ec9cc00","graph":138,"cb":1,"original_nodes":3,"gpu_start_s":245033.982862125,"gpu_end_s":245033.983179750,"gpu_ms":0.317625,"valid":true,"completed":true,"op_counts":{"CPY":1,"VIEW":2}}
M5_COPY_RETURN {"copy_bytes":12582912,"dst_nb":[4,3145728,18874368,75497472],"dst_ne":[786432,1,4,1],"layout":"strided","phase":"measure","rows":4,"sample":5,"src_nb":[4,3145728,3145744,12582976],"src_ne":[786432,1,4,1],"wall_us":512.292,"width":786432}
M5_COPY_CALL {"copy_bytes":12582912,"dst_nb":[4,3145728,18874368,75497472],"dst_ne":[786432,1,4,1],"layout":"strided","phase":"measure","rows":4,"sample":6,"src_nb":[4,3145728,3145744,12582976],"src_ne":[786432,1,4,1],"width":786432}
M5_PROFILE {"context":"7b1ec9cc00","graph":139,"cb":1,"original_nodes":3,"gpu_start_s":245033.983420292,"gpu_end_s":245033.983740000,"gpu_ms":0.319708,"valid":true,"completed":true,"op_counts":{"CPY":1,"VIEW":2}}
M5_COPY_RETURN {"copy_bytes":12582912,"dst_nb":[4,3145728,18874368,75497472],"dst_ne":[786432,1,4,1],"layout":"strided","phase":"measure","rows":4,"sample":6,"src_nb":[4,3145728,3145744,12582976],"src_ne":[786432,1,4,1],"wall_us":594.25,"width":786432}
M5_COPY_CALL {"copy_bytes":12582912,"dst_nb":[4,3145728,18874368,75497472],"dst_ne":[786432,1,4,1],"layout":"strided","phase":"measure","rows":4,"sample":7,"src_nb":[4,3145728,3145744,12582976],"src_ne":[786432,1,4,1],"width":786432}
M5_PROFILE {"context":"7b1ec9cc00","graph":140,"cb":1,"original_nodes":3,"gpu_start_s":245033.983968542,"gpu_end_s":245033.984285875,"gpu_ms":0.317333,"valid":true,"completed":true,"op_counts":{"CPY":1,"VIEW":2}}
M5_COPY_RETURN {"copy_bytes":12582912,"dst_nb":[4,3145728,18874368,75497472],"dst_ne":[786432,1,4,1],"layout":"strided","phase":"measure","rows":4,"sample":7,"src_nb":[4,3145728,3145744,12582976],"src_ne":[786432,1,4,1],"wall_us":569.209,"width":786432}
M5_COPY_CALL {"copy_bytes":12582912,"dst_nb":[4,3145728,18874368,75497472],"dst_ne":[786432,1,4,1],"layout":"strided","phase":"measure","rows":4,"sample":8,"src_nb":[4,3145728,3145744,12582976],"src_ne":[786432,1,4,1],"width":786432}
M5_PROFILE {"context":"7b1ec9cc00","graph":141,"cb":1,"original_nodes":3,"gpu_start_s":245033.984586417,"gpu_end_s":245033.984903667,"gpu_ms":0.317250,"valid":true,"completed":true,"op_counts":{"CPY":1,"VIEW":2}}
M5_COPY_RETURN {"copy_bytes":12582912,"dst_nb":[4,3145728,18874368,75497472],"dst_ne":[786432,1,4,1],"layout":"strided","phase":"measure","rows":4,"sample":8,"src_nb":[4,3145728,3145744,12582976],"src_ne":[786432,1,4,1],"wall_us":506.167,"width":786432}
M5_COPY_CALL {"copy_bytes":12582912,"dst_nb":[4,3145728,18874368,75497472],"dst_ne":[786432,1,4,1],"layout":"strided","phase":"measure","rows":4,"sample":9,"src_nb":[4,3145728,3145744,12582976],"src_ne":[786432,1,4,1],"width":786432}
M5_PROFILE {"context":"7b1ec9cc00","graph":142,"cb":1,"original_nodes":3,"gpu_start_s":245033.985083000,"gpu_end_s":245033.985400292,"gpu_ms":0.317292,"valid":true,"completed":true,"op_counts":{"CPY":1,"VIEW":2}}
M5_COPY_RETURN {"copy_bytes":12582912,"dst_nb":[4,3145728,18874368,75497472],"dst_ne":[786432,1,4,1],"layout":"strided","phase":"measure","rows":4,"sample":9,"src_nb":[4,3145728,3145744,12582976],"src_ne":[786432,1,4,1],"wall_us":490.666,"width":786432}
M5_COPY_CALL {"copy_bytes":12582912,"dst_nb":[4,3145728,18874368,75497472],"dst_ne":[786432,1,4,1],"layout":"strided","phase":"measure","rows":4,"sample":10,"src_nb":[4,3145728,3145744,12582976],"src_ne":[786432,1,4,1],"width":786432}
M5_PROFILE {"context":"7b1ec9cc00","graph":143,"cb":1,"original_nodes":3,"gpu_start_s":245033.985594542,"gpu_end_s":245033.985911875,"gpu_ms":0.317333,"valid":true,"completed":true,"op_counts":{"CPY":1,"VIEW":2}}
M5_COPY_RETURN {"copy_bytes":12582912,"dst_nb":[4,3145728,18874368,75497472],"dst_ne":[786432,1,4,1],"layout":"strided","phase":"measure","rows":4,"sample":10,"src_nb":[4,3145728,3145744,12582976],"src_ne":[786432,1,4,1],"wall_us":498.583,"width":786432}
M5_COPY_CALL {"copy_bytes":12582912,"dst_nb":[4,3145728,18874368,75497472],"dst_ne":[786432,1,4,1],"layout":"strided","phase":"measure","rows":4,"sample":11,"src_nb":[4,3145728,3145744,12582976],"src_ne":[786432,1,4,1],"width":786432}
M5_PROFILE {"context":"7b1ec9cc00","graph":144,"cb":1,"original_nodes":3,"gpu_start_s":245033.986089875,"gpu_end_s":245033.986407125,"gpu_ms":0.317250,"valid":true,"completed":true,"op_counts":{"CPY":1,"VIEW":2}}
M5_COPY_RETURN {"copy_bytes":12582912,"dst_nb":[4,3145728,18874368,75497472],"dst_ne":[786432,1,4,1],"layout":"strided","phase":"measure","rows":4,"sample":11,"src_nb":[4,3145728,3145744,12582976],"src_ne":[786432,1,4,1],"wall_us":483.209,"width":786432}
M5_COPY_CALL {"copy_bytes":12582912,"dst_nb":[4,3145728,18874368,75497472],"dst_ne":[786432,1,4,1],"layout":"strided","phase":"measure","rows":4,"sample":12,"src_nb":[4,3145728,3145744,12582976],"src_ne":[786432,1,4,1],"width":786432}
M5_PROFILE {"context":"7b1ec9cc00","graph":145,"cb":1,"original_nodes":3,"gpu_start_s":245033.986573250,"gpu_end_s":245033.986890250,"gpu_ms":0.317000,"valid":true,"completed":true,"op_counts":{"CPY":1,"VIEW":2}}
M5_COPY_RETURN {"copy_bytes":12582912,"dst_nb":[4,3145728,18874368,75497472],"dst_ne":[786432,1,4,1],"layout":"strided","phase":"measure","rows":4,"sample":12,"src_nb":[4,3145728,3145744,12582976],"src_ne":[786432,1,4,1],"wall_us":475.375,"width":786432}
M5_COPY_CALL {"copy_bytes":12582912,"dst_nb":[4,3145728,18874368,75497472],"dst_ne":[786432,1,4,1],"layout":"strided","phase":"measure","rows":4,"sample":13,"src_nb":[4,3145728,3145744,12582976],"src_ne":[786432,1,4,1],"width":786432}
M5_PROFILE {"context":"7b1ec9cc00","graph":146,"cb":1,"original_nodes":3,"gpu_start_s":245033.987064625,"gpu_end_s":245033.987382167,"gpu_ms":0.317542,"valid":true,"completed":true,"op_counts":{"CPY":1,"VIEW":2}}
M5_COPY_RETURN {"copy_bytes":12582912,"dst_nb":[4,3145728,18874368,75497472],"dst_ne":[786432,1,4,1],"layout":"strided","phase":"measure","rows":4,"sample":13,"src_nb":[4,3145728,3145744,12582976],"src_ne":[786432,1,4,1],"wall_us":483.875,"width":786432}
M5_COPY_CALL {"copy_bytes":12582912,"dst_nb":[4,3145728,18874368,75497472],"dst_ne":[786432,1,4,1],"layout":"strided","phase":"measure","rows":4,"sample":14,"src_nb":[4,3145728,3145744,12582976],"src_ne":[786432,1,4,1],"width":786432}
M5_PROFILE {"context":"7b1ec9cc00","graph":147,"cb":1,"original_nodes":3,"gpu_start_s":245033.987571917,"gpu_end_s":245033.987889500,"gpu_ms":0.317583,"valid":true,"completed":true,"op_counts":{"CPY":1,"VIEW":2}}
M5_COPY_RETURN {"copy_bytes":12582912,"dst_nb":[4,3145728,18874368,75497472],"dst_ne":[786432,1,4,1],"layout":"strided","phase":"measure","rows":4,"sample":14,"src_nb":[4,3145728,3145744,12582976],"src_ne":[786432,1,4,1],"wall_us":495.917,"width":786432}
M5_COPY_CALL {"copy_bytes":12582912,"dst_nb":[4,3145728,18874368,75497472],"dst_ne":[786432,1,4,1],"layout":"strided","phase":"measure","rows":4,"sample":15,"src_nb":[4,3145728,3145744,12582976],"src_ne":[786432,1,4,1],"width":786432}
M5_PROFILE {"context":"7b1ec9cc00","graph":148,"cb":1,"original_nodes":3,"gpu_start_s":245033.988057750,"gpu_end_s":245033.988375125,"gpu_ms":0.317375,"valid":true,"completed":true,"op_counts":{"CPY":1,"VIEW":2}}
M5_COPY_RETURN {"copy_bytes":12582912,"dst_nb":[4,3145728,18874368,75497472],"dst_ne":[786432,1,4,1],"layout":"strided","phase":"measure","rows":4,"sample":15,"src_nb":[4,3145728,3145744,12582976],"src_ne":[786432,1,4,1],"wall_us":487.083,"width":786432}
M5_COPY_CALL {"copy_bytes":12582912,"dst_nb":[4,3145728,18874368,75497472],"dst_ne":[786432,1,4,1],"layout":"strided","phase":"measure","rows":4,"sample":16,"src_nb":[4,3145728,3145744,12582976],"src_ne":[786432,1,4,1],"width":786432}
M5_PROFILE {"context":"7b1ec9cc00","graph":149,"cb":1,"original_nodes":3,"gpu_start_s":245033.988622875,"gpu_end_s":245033.988940042,"gpu_ms":0.317167,"valid":true,"completed":true,"op_counts":{"CPY":1,"VIEW":2}}
M5_COPY_RETURN {"copy_bytes":12582912,"dst_nb":[4,3145728,18874368,75497472],"dst_ne":[786432,1,4,1],"layout":"strided","phase":"measure","rows":4,"sample":16,"src_nb":[4,3145728,3145744,12582976],"src_ne":[786432,1,4,1],"wall_us":551.208,"width":786432}
M5_COPY_CALL {"copy_bytes":12582912,"dst_nb":[4,3145728,18874368,75497472],"dst_ne":[786432,1,4,1],"layout":"strided","phase":"measure","rows":4,"sample":17,"src_nb":[4,3145728,3145744,12582976],"src_ne":[786432,1,4,1],"width":786432}
M5_PROFILE {"context":"7b1ec9cc00","graph":150,"cb":1,"original_nodes":3,"gpu_start_s":245033.989134125,"gpu_end_s":245033.989451750,"gpu_ms":0.317625,"valid":true,"completed":true,"op_counts":{"CPY":1,"VIEW":2}}
M5_COPY_RETURN {"copy_bytes":12582912,"dst_nb":[4,3145728,18874368,75497472],"dst_ne":[786432,1,4,1],"layout":"strided","phase":"measure","rows":4,"sample":17,"src_nb":[4,3145728,3145744,12582976],"src_ne":[786432,1,4,1],"wall_us":496.459,"width":786432}
M5_COPY_CALL {"copy_bytes":12582912,"dst_nb":[4,3145728,18874368,75497472],"dst_ne":[786432,1,4,1],"layout":"strided","phase":"measure","rows":4,"sample":18,"src_nb":[4,3145728,3145744,12582976],"src_ne":[786432,1,4,1],"width":786432}
M5_PROFILE {"context":"7b1ec9cc00","graph":151,"cb":1,"original_nodes":3,"gpu_start_s":245033.989681167,"gpu_end_s":245033.989998500,"gpu_ms":0.317333,"valid":true,"completed":true,"op_counts":{"CPY":1,"VIEW":2}}
M5_COPY_RETURN {"copy_bytes":12582912,"dst_nb":[4,3145728,18874368,75497472],"dst_ne":[786432,1,4,1],"layout":"strided","phase":"measure","rows":4,"sample":18,"src_nb":[4,3145728,3145744,12582976],"src_ne":[786432,1,4,1],"wall_us":547.166,"width":786432}
M5_COPY_CALL {"copy_bytes":12582912,"dst_nb":[4,3145728,18874368,75497472],"dst_ne":[786432,1,4,1],"layout":"strided","phase":"measure","rows":4,"sample":19,"src_nb":[4,3145728,3145744,12582976],"src_ne":[786432,1,4,1],"width":786432}
M5_PROFILE {"context":"7b1ec9cc00","graph":152,"cb":1,"original_nodes":3,"gpu_start_s":245033.990172875,"gpu_end_s":245033.990490167,"gpu_ms":0.317292,"valid":true,"completed":true,"op_counts":{"CPY":1,"VIEW":2}}
M5_COPY_RETURN {"copy_bytes":12582912,"dst_nb":[4,3145728,18874368,75497472],"dst_ne":[786432,1,4,1],"layout":"strided","phase":"measure","rows":4,"sample":19,"src_nb":[4,3145728,3145744,12582976],"src_ne":[786432,1,4,1],"wall_us":487.459,"width":786432}
M5_COPY_CALL {"copy_bytes":12582912,"dst_nb":[4,3145728,18874368,75497472],"dst_ne":[786432,1,4,1],"layout":"strided","phase":"measure","rows":4,"sample":20,"src_nb":[4,3145728,3145744,12582976],"src_ne":[786432,1,4,1],"width":786432}
M5_PROFILE {"context":"7b1ec9cc00","graph":153,"cb":1,"original_nodes":3,"gpu_start_s":245033.990727750,"gpu_end_s":245033.991045250,"gpu_ms":0.317500,"valid":true,"completed":true,"op_counts":{"CPY":1,"VIEW":2}}
M5_COPY_RETURN {"copy_bytes":12582912,"dst_nb":[4,3145728,18874368,75497472],"dst_ne":[786432,1,4,1],"layout":"strided","phase":"measure","rows":4,"sample":20,"src_nb":[4,3145728,3145744,12582976],"src_ne":[786432,1,4,1],"wall_us":540.5,"width":786432}
M5_COPY_CALL {"copy_bytes":12582912,"dst_nb":[4,3145728,18874368,75497472],"dst_ne":[786432,1,4,1],"layout":"strided","phase":"measure","rows":4,"sample":21,"src_nb":[4,3145728,3145744,12582976],"src_ne":[786432,1,4,1],"width":786432}
M5_PROFILE {"context":"7b1ec9cc00","graph":154,"cb":1,"original_nodes":3,"gpu_start_s":245033.991224125,"gpu_end_s":245033.991541917,"gpu_ms":0.317792,"valid":true,"completed":true,"op_counts":{"CPY":1,"VIEW":2}}
M5_COPY_RETURN {"copy_bytes":12582912,"dst_nb":[4,3145728,18874368,75497472],"dst_ne":[786432,1,4,1],"layout":"strided","phase":"measure","rows":4,"sample":21,"src_nb":[4,3145728,3145744,12582976],"src_ne":[786432,1,4,1],"wall_us":490.417,"width":786432}
M5_COPY_CALL {"copy_bytes":12582912,"dst_nb":[4,3145728,18874368,75497472],"dst_ne":[786432,1,4,1],"layout":"strided","phase":"measure","rows":4,"sample":22,"src_nb":[4,3145728,3145744,12582976],"src_ne":[786432,1,4,1],"width":786432}
M5_PROFILE {"context":"7b1ec9cc00","graph":155,"cb":1,"original_nodes":3,"gpu_start_s":245033.991730000,"gpu_end_s":245033.992047417,"gpu_ms":0.317417,"valid":true,"completed":true,"op_counts":{"CPY":1,"VIEW":2}}
M5_COPY_RETURN {"copy_bytes":12582912,"dst_nb":[4,3145728,18874368,75497472],"dst_ne":[786432,1,4,1],"layout":"strided","phase":"measure","rows":4,"sample":22,"src_nb":[4,3145728,3145744,12582976],"src_ne":[786432,1,4,1],"wall_us":500.292,"width":786432}
M5_COPY_CALL {"copy_bytes":12582912,"dst_nb":[4,3145728,18874368,75497472],"dst_ne":[786432,1,4,1],"layout":"strided","phase":"measure","rows":4,"sample":23,"src_nb":[4,3145728,3145744,12582976],"src_ne":[786432,1,4,1],"width":786432}
M5_PROFILE {"context":"7b1ec9cc00","graph":156,"cb":1,"original_nodes":3,"gpu_start_s":245033.992280500,"gpu_end_s":245033.992598125,"gpu_ms":0.317625,"valid":true,"completed":true,"op_counts":{"CPY":1,"VIEW":2}}
M5_COPY_RETURN {"copy_bytes":12582912,"dst_nb":[4,3145728,18874368,75497472],"dst_ne":[786432,1,4,1],"layout":"strided","phase":"measure","rows":4,"sample":23,"src_nb":[4,3145728,3145744,12582976],"src_ne":[786432,1,4,1],"wall_us":539.834,"width":786432}
M5_COPY_CALL {"copy_bytes":12582912,"dst_nb":[4,3145728,18874368,75497472],"dst_ne":[786432,1,4,1],"layout":"strided","phase":"measure","rows":4,"sample":24,"src_nb":[4,3145728,3145744,12582976],"src_ne":[786432,1,4,1],"width":786432}
M5_PROFILE {"context":"7b1ec9cc00","graph":157,"cb":1,"original_nodes":3,"gpu_start_s":245033.992800625,"gpu_end_s":245033.993117875,"gpu_ms":0.317250,"valid":true,"completed":true,"op_counts":{"CPY":1,"VIEW":2}}
M5_COPY_RETURN {"copy_bytes":12582912,"dst_nb":[4,3145728,18874368,75497472],"dst_ne":[786432,1,4,1],"layout":"strided","phase":"measure","rows":4,"sample":24,"src_nb":[4,3145728,3145744,12582976],"src_ne":[786432,1,4,1],"wall_us":517.833,"width":786432}
M5_COPY_CALL {"copy_bytes":12582912,"dst_nb":[4,3145728,18874368,75497472],"dst_ne":[786432,1,4,1],"layout":"strided","phase":"measure","rows":4,"sample":25,"src_nb":[4,3145728,3145744,12582976],"src_ne":[786432,1,4,1],"width":786432}
M5_PROFILE {"context":"7b1ec9cc00","graph":158,"cb":1,"original_nodes":3,"gpu_start_s":245033.993300125,"gpu_end_s":245033.993617500,"gpu_ms":0.317375,"valid":true,"completed":true,"op_counts":{"CPY":1,"VIEW":2}}
M5_COPY_RETURN {"copy_bytes":12582912,"dst_nb":[4,3145728,18874368,75497472],"dst_ne":[786432,1,4,1],"layout":"strided","phase":"measure","rows":4,"sample":25,"src_nb":[4,3145728,3145744,12582976],"src_ne":[786432,1,4,1],"wall_us":490.042,"width":786432}
M5_COPY_CALL {"copy_bytes":12582912,"dst_nb":[4,3145728,18874368,75497472],"dst_ne":[786432,1,4,1],"layout":"strided","phase":"measure","rows":4,"sample":26,"src_nb":[4,3145728,3145744,12582976],"src_ne":[786432,1,4,1],"width":786432}
M5_PROFILE {"context":"7b1ec9cc00","graph":159,"cb":1,"original_nodes":3,"gpu_start_s":245033.993804625,"gpu_end_s":245033.994121625,"gpu_ms":0.317000,"valid":true,"completed":true,"op_counts":{"CPY":1,"VIEW":2}}
M5_COPY_RETURN {"copy_bytes":12582912,"dst_nb":[4,3145728,18874368,75497472],"dst_ne":[786432,1,4,1],"layout":"strided","phase":"measure","rows":4,"sample":26,"src_nb":[4,3145728,3145744,12582976],"src_ne":[786432,1,4,1],"wall_us":499.125,"width":786432}
M5_COPY_CALL {"copy_bytes":12582912,"dst_nb":[4,3145728,18874368,75497472],"dst_ne":[786432,1,4,1],"layout":"strided","phase":"measure","rows":4,"sample":27,"src_nb":[4,3145728,3145744,12582976],"src_ne":[786432,1,4,1],"width":786432}
M5_PROFILE {"context":"7b1ec9cc00","graph":160,"cb":1,"original_nodes":3,"gpu_start_s":245033.994367125,"gpu_end_s":245033.994684500,"gpu_ms":0.317375,"valid":true,"completed":true,"op_counts":{"CPY":1,"VIEW":2}}
M5_COPY_RETURN {"copy_bytes":12582912,"dst_nb":[4,3145728,18874368,75497472],"dst_ne":[786432,1,4,1],"layout":"strided","phase":"measure","rows":4,"sample":27,"src_nb":[4,3145728,3145744,12582976],"src_ne":[786432,1,4,1],"wall_us":553.083,"width":786432}
M5_COPY_CALL {"copy_bytes":12582912,"dst_nb":[4,3145728,18874368,75497472],"dst_ne":[786432,1,4,1],"layout":"strided","phase":"measure","rows":4,"sample":28,"src_nb":[4,3145728,3145744,12582976],"src_ne":[786432,1,4,1],"width":786432}
M5_PROFILE {"context":"7b1ec9cc00","graph":161,"cb":1,"original_nodes":3,"gpu_start_s":245033.994876875,"gpu_end_s":245033.995194500,"gpu_ms":0.317625,"valid":true,"completed":true,"op_counts":{"CPY":1,"VIEW":2}}
M5_COPY_RETURN {"copy_bytes":12582912,"dst_nb":[4,3145728,18874368,75497472],"dst_ne":[786432,1,4,1],"layout":"strided","phase":"measure","rows":4,"sample":28,"src_nb":[4,3145728,3145744,12582976],"src_ne":[786432,1,4,1],"wall_us":501.792,"width":786432}
M5_COPY_CALL {"copy_bytes":12582912,"dst_nb":[4,3145728,18874368,75497472],"dst_ne":[786432,1,4,1],"layout":"strided","phase":"measure","rows":4,"sample":29,"src_nb":[4,3145728,3145744,12582976],"src_ne":[786432,1,4,1],"width":786432}
M5_PROFILE {"context":"7b1ec9cc00","graph":162,"cb":1,"original_nodes":3,"gpu_start_s":245033.995378500,"gpu_end_s":245033.995695500,"gpu_ms":0.317000,"valid":true,"completed":true,"op_counts":{"CPY":1,"VIEW":2}}
M5_COPY_RETURN {"copy_bytes":12582912,"dst_nb":[4,3145728,18874368,75497472],"dst_ne":[786432,1,4,1],"layout":"strided","phase":"measure","rows":4,"sample":29,"src_nb":[4,3145728,3145744,12582976],"src_ne":[786432,1,4,1],"wall_us":536.167,"width":786432}
M5_COPY_CALL {"copy_bytes":12582912,"dst_nb":[4,3145728,18874368,75497472],"dst_ne":[786432,1,4,1],"layout":"strided","phase":"measure","rows":4,"sample":30,"src_nb":[4,3145728,3145744,12582976],"src_ne":[786432,1,4,1],"width":786432}
M5_PROFILE {"context":"7b1ec9cc00","graph":163,"cb":1,"original_nodes":3,"gpu_start_s":245033.995935250,"gpu_end_s":245033.996259375,"gpu_ms":0.324125,"valid":true,"completed":true,"op_counts":{"CPY":1,"VIEW":2}}
M5_COPY_RETURN {"copy_bytes":12582912,"dst_nb":[4,3145728,18874368,75497472],"dst_ne":[786432,1,4,1],"layout":"strided","phase":"measure","rows":4,"sample":30,"src_nb":[4,3145728,3145744,12582976],"src_ne":[786432,1,4,1],"wall_us":492.0,"width":786432}
M5_COPY_CALL {"copy_bytes":12582912,"dst_nb":[4,3145728,18874368,75497472],"dst_ne":[786432,1,4,1],"layout":"strided","phase":"measure","rows":4,"sample":31,"src_nb":[4,3145728,3145744,12582976],"src_ne":[786432,1,4,1],"width":786432}
M5_PROFILE {"context":"7b1ec9cc00","graph":164,"cb":1,"original_nodes":3,"gpu_start_s":245033.996431750,"gpu_end_s":245033.996749000,"gpu_ms":0.317250,"valid":true,"completed":true,"op_counts":{"CPY":1,"VIEW":2}}
M5_COPY_RETURN {"copy_bytes":12582912,"dst_nb":[4,3145728,18874368,75497472],"dst_ne":[786432,1,4,1],"layout":"strided","phase":"measure","rows":4,"sample":31,"src_nb":[4,3145728,3145744,12582976],"src_ne":[786432,1,4,1],"wall_us":484.75,"width":786432}
M5_COPY_CALL {"copy_bytes":12582912,"dst_nb":[4,3145728,18874368,75497472],"dst_ne":[786432,1,4,1],"layout":"strided","phase":"measure","rows":4,"sample":32,"src_nb":[4,3145728,3145744,12582976],"src_ne":[786432,1,4,1],"width":786432}
M5_PROFILE {"context":"7b1ec9cc00","graph":165,"cb":1,"original_nodes":3,"gpu_start_s":245033.996951250,"gpu_end_s":245033.997268875,"gpu_ms":0.317625,"valid":true,"completed":true,"op_counts":{"CPY":1,"VIEW":2}}
M5_COPY_RETURN {"copy_bytes":12582912,"dst_nb":[4,3145728,18874368,75497472],"dst_ne":[786432,1,4,1],"layout":"strided","phase":"measure","rows":4,"sample":32,"src_nb":[4,3145728,3145744,12582976],"src_ne":[786432,1,4,1],"wall_us":519.667,"width":786432}
M5_COPY_CALL {"copy_bytes":12582912,"dst_nb":[4,3145728,18874368,75497472],"dst_ne":[786432,1,4,1],"layout":"strided","phase":"measure","rows":4,"sample":33,"src_nb":[4,3145728,3145744,12582976],"src_ne":[786432,1,4,1],"width":786432}
M5_PROFILE {"context":"7b1ec9cc00","graph":166,"cb":1,"original_nodes":3,"gpu_start_s":245033.997482792,"gpu_end_s":245033.997784417,"gpu_ms":0.301625,"valid":true,"completed":true,"op_counts":{"CPY":1,"VIEW":2}}
M5_COPY_RETURN {"copy_bytes":12582912,"dst_nb":[4,3145728,18874368,75497472],"dst_ne":[786432,1,4,1],"layout":"strided","phase":"measure","rows":4,"sample":33,"src_nb":[4,3145728,3145744,12582976],"src_ne":[786432,1,4,1],"wall_us":502.5,"width":786432}
M5_COPY_CALL {"copy_bytes":12582912,"dst_nb":[4,3145728,18874368,75497472],"dst_ne":[786432,1,4,1],"layout":"strided","phase":"measure","rows":4,"sample":34,"src_nb":[4,3145728,3145744,12582976],"src_ne":[786432,1,4,1],"width":786432}
M5_PROFILE {"context":"7b1ec9cc00","graph":167,"cb":1,"original_nodes":3,"gpu_start_s":245033.998092167,"gpu_end_s":245033.998305292,"gpu_ms":0.213125,"valid":true,"completed":true,"op_counts":{"CPY":1,"VIEW":2}}
M5_COPY_RETURN {"copy_bytes":12582912,"dst_nb":[4,3145728,18874368,75497472],"dst_ne":[786432,1,4,1],"layout":"strided","phase":"measure","rows":4,"sample":34,"src_nb":[4,3145728,3145744,12582976],"src_ne":[786432,1,4,1],"wall_us":511.834,"width":786432}
M5_COPY_CALL {"copy_bytes":12582912,"dst_nb":[4,3145728,18874368,75497472],"dst_ne":[786432,1,4,1],"layout":"strided","phase":"measure","rows":4,"sample":35,"src_nb":[4,3145728,3145744,12582976],"src_ne":[786432,1,4,1],"width":786432}
M5_PROFILE {"context":"7b1ec9cc00","graph":168,"cb":1,"original_nodes":3,"gpu_start_s":245033.998572792,"gpu_end_s":245033.998785667,"gpu_ms":0.212875,"valid":true,"completed":true,"op_counts":{"CPY":1,"VIEW":2}}
M5_COPY_RETURN {"copy_bytes":12582912,"dst_nb":[4,3145728,18874368,75497472],"dst_ne":[786432,1,4,1],"layout":"strided","phase":"measure","rows":4,"sample":35,"src_nb":[4,3145728,3145744,12582976],"src_ne":[786432,1,4,1],"wall_us":472.417,"width":786432}
M5_COPY_CALL {"copy_bytes":12582912,"dst_nb":[4,3145728,18874368,75497472],"dst_ne":[786432,1,4,1],"layout":"strided","phase":"measure","rows":4,"sample":36,"src_nb":[4,3145728,3145744,12582976],"src_ne":[786432,1,4,1],"width":786432}
M5_PROFILE {"context":"7b1ec9cc00","graph":169,"cb":1,"original_nodes":3,"gpu_start_s":245033.999032125,"gpu_end_s":245033.999244875,"gpu_ms":0.212750,"valid":true,"completed":true,"op_counts":{"CPY":1,"VIEW":2}}
M5_COPY_RETURN {"copy_bytes":12582912,"dst_nb":[4,3145728,18874368,75497472],"dst_ne":[786432,1,4,1],"layout":"strided","phase":"measure","rows":4,"sample":36,"src_nb":[4,3145728,3145744,12582976],"src_ne":[786432,1,4,1],"wall_us":458.0,"width":786432}
M5_COPY_CALL {"copy_bytes":12582912,"dst_nb":[4,3145728,18874368,75497472],"dst_ne":[786432,1,4,1],"layout":"strided","phase":"measure","rows":4,"sample":37,"src_nb":[4,3145728,3145744,12582976],"src_ne":[786432,1,4,1],"width":786432}
M5_PROFILE {"context":"7b1ec9cc00","graph":170,"cb":1,"original_nodes":3,"gpu_start_s":245033.999420625,"gpu_end_s":245033.999633542,"gpu_ms":0.212917,"valid":true,"completed":true,"op_counts":{"CPY":1,"VIEW":2}}
M5_COPY_RETURN {"copy_bytes":12582912,"dst_nb":[4,3145728,18874368,75497472],"dst_ne":[786432,1,4,1],"layout":"strided","phase":"measure","rows":4,"sample":37,"src_nb":[4,3145728,3145744,12582976],"src_ne":[786432,1,4,1],"wall_us":370.0,"width":786432}
M5_COPY_CALL {"copy_bytes":12582912,"dst_nb":[4,3145728,18874368,75497472],"dst_ne":[786432,1,4,1],"layout":"strided","phase":"measure","rows":4,"sample":38,"src_nb":[4,3145728,3145744,12582976],"src_ne":[786432,1,4,1],"width":786432}
M5_PROFILE {"context":"7b1ec9cc00","graph":171,"cb":1,"original_nodes":3,"gpu_start_s":245033.999814667,"gpu_end_s":245034.000027375,"gpu_ms":0.212708,"valid":true,"completed":true,"op_counts":{"CPY":1,"VIEW":2}}
M5_COPY_RETURN {"copy_bytes":12582912,"dst_nb":[4,3145728,18874368,75497472],"dst_ne":[786432,1,4,1],"layout":"strided","phase":"measure","rows":4,"sample":38,"src_nb":[4,3145728,3145744,12582976],"src_ne":[786432,1,4,1],"wall_us":391.917,"width":786432}
M5_COPY_CALL {"copy_bytes":12582912,"dst_nb":[4,3145728,18874368,75497472],"dst_ne":[786432,1,4,1],"layout":"strided","phase":"measure","rows":4,"sample":39,"src_nb":[4,3145728,3145744,12582976],"src_ne":[786432,1,4,1],"width":786432}
M5_PROFILE {"context":"7b1ec9cc00","graph":172,"cb":1,"original_nodes":3,"gpu_start_s":245034.000202667,"gpu_end_s":245034.000415375,"gpu_ms":0.212708,"valid":true,"completed":true,"op_counts":{"CPY":1,"VIEW":2}}
M5_COPY_RETURN {"copy_bytes":12582912,"dst_nb":[4,3145728,18874368,75497472],"dst_ne":[786432,1,4,1],"layout":"strided","phase":"measure","rows":4,"sample":39,"src_nb":[4,3145728,3145744,12582976],"src_ne":[786432,1,4,1],"wall_us":381.042,"width":786432}
M5_COPY_PASS {"copy_bytes":12582912,"dst_nb":[4,3145728,18874368,75497472],"dst_ne":[786432,1,4,1],"layout":"strided","rows":4,"src_nb":[4,3145728,3145744,12582976],"src_ne":[786432,1,4,1],"width":786432}
M5_COPY_CALL {"copy_bytes":15728640,"dst_nb":[4,3145728,3145728,15728640],"dst_ne":[786432,1,5,1],"layout":"contiguous","phase":"warmup","rows":5,"sample":-3,"src_nb":[4,3145728,3145728,15728640],"src_ne":[786432,1,5,1],"width":786432}
M5_PROFILE {"context":"7b1ec9cc00","graph":173,"cb":1,"original_nodes":3,"gpu_start_s":245034.027914167,"gpu_end_s":245034.028298417,"gpu_ms":0.384250,"valid":true,"completed":true,"op_counts":{"CPY":1,"VIEW":2}}
M5_COPY_RETURN {"copy_bytes":15728640,"dst_nb":[4,3145728,3145728,15728640],"dst_ne":[786432,1,5,1],"layout":"contiguous","phase":"warmup","rows":5,"sample":-3,"src_nb":[4,3145728,3145728,15728640],"src_ne":[786432,1,5,1],"wall_us":1408.708,"width":786432}
M5_COPY_CALL {"copy_bytes":15728640,"dst_nb":[4,3145728,3145728,15728640],"dst_ne":[786432,1,5,1],"layout":"contiguous","phase":"warmup","rows":5,"sample":-2,"src_nb":[4,3145728,3145728,15728640],"src_ne":[786432,1,5,1],"width":786432}
M5_PROFILE {"context":"7b1ec9cc00","graph":174,"cb":1,"original_nodes":3,"gpu_start_s":245034.028563917,"gpu_end_s":245034.028940000,"gpu_ms":0.376083,"valid":true,"completed":true,"op_counts":{"CPY":1,"VIEW":2}}
M5_COPY_RETURN {"copy_bytes":15728640,"dst_nb":[4,3145728,3145728,15728640],"dst_ne":[786432,1,5,1],"layout":"contiguous","phase":"warmup","rows":5,"sample":-2,"src_nb":[4,3145728,3145728,15728640],"src_ne":[786432,1,5,1],"wall_us":579.083,"width":786432}
M5_COPY_CALL {"copy_bytes":15728640,"dst_nb":[4,3145728,3145728,15728640],"dst_ne":[786432,1,5,1],"layout":"contiguous","phase":"warmup","rows":5,"sample":-1,"src_nb":[4,3145728,3145728,15728640],"src_ne":[786432,1,5,1],"width":786432}
M5_PROFILE {"context":"7b1ec9cc00","graph":175,"cb":1,"original_nodes":3,"gpu_start_s":245034.029150042,"gpu_end_s":245034.029525917,"gpu_ms":0.375875,"valid":true,"completed":true,"op_counts":{"CPY":1,"VIEW":2}}
M5_COPY_RETURN {"copy_bytes":15728640,"dst_nb":[4,3145728,3145728,15728640],"dst_ne":[786432,1,5,1],"layout":"contiguous","phase":"warmup","rows":5,"sample":-1,"src_nb":[4,3145728,3145728,15728640],"src_ne":[786432,1,5,1],"wall_us":561.625,"width":786432}
M5_COPY_CALL {"copy_bytes":15728640,"dst_nb":[4,3145728,3145728,15728640],"dst_ne":[786432,1,5,1],"layout":"contiguous","phase":"measure","rows":5,"sample":0,"src_nb":[4,3145728,3145728,15728640],"src_ne":[786432,1,5,1],"width":786432}
M5_PROFILE {"context":"7b1ec9cc00","graph":176,"cb":1,"original_nodes":3,"gpu_start_s":245034.029777875,"gpu_end_s":245034.030153292,"gpu_ms":0.375417,"valid":true,"completed":true,"op_counts":{"CPY":1,"VIEW":2}}
M5_COPY_RETURN {"copy_bytes":15728640,"dst_nb":[4,3145728,3145728,15728640],"dst_ne":[786432,1,5,1],"layout":"contiguous","phase":"measure","rows":5,"sample":0,"src_nb":[4,3145728,3145728,15728640],"src_ne":[786432,1,5,1],"wall_us":704.542,"width":786432}
M5_COPY_CALL {"copy_bytes":15728640,"dst_nb":[4,3145728,3145728,15728640],"dst_ne":[786432,1,5,1],"layout":"contiguous","phase":"measure","rows":5,"sample":1,"src_nb":[4,3145728,3145728,15728640],"src_ne":[786432,1,5,1],"width":786432}
M5_PROFILE {"context":"7b1ec9cc00","graph":177,"cb":1,"original_nodes":3,"gpu_start_s":245034.030454000,"gpu_end_s":245034.030830292,"gpu_ms":0.376292,"valid":true,"completed":true,"op_counts":{"CPY":1,"VIEW":2}}
M5_COPY_RETURN {"copy_bytes":15728640,"dst_nb":[4,3145728,3145728,15728640],"dst_ne":[786432,1,5,1],"layout":"contiguous","phase":"measure","rows":5,"sample":1,"src_nb":[4,3145728,3145728,15728640],"src_ne":[786432,1,5,1],"wall_us":596.125,"width":786432}
M5_COPY_CALL {"copy_bytes":15728640,"dst_nb":[4,3145728,3145728,15728640],"dst_ne":[786432,1,5,1],"layout":"contiguous","phase":"measure","rows":5,"sample":2,"src_nb":[4,3145728,3145728,15728640],"src_ne":[786432,1,5,1],"width":786432}
M5_PROFILE {"context":"7b1ec9cc00","graph":178,"cb":1,"original_nodes":3,"gpu_start_s":245034.031091875,"gpu_end_s":245034.031485625,"gpu_ms":0.393750,"valid":true,"completed":true,"op_counts":{"CPY":1,"VIEW":2}}
M5_COPY_RETURN {"copy_bytes":15728640,"dst_nb":[4,3145728,3145728,15728640],"dst_ne":[786432,1,5,1],"layout":"contiguous","phase":"measure","rows":5,"sample":2,"src_nb":[4,3145728,3145728,15728640],"src_ne":[786432,1,5,1],"wall_us":687.042,"width":786432}
M5_COPY_CALL {"copy_bytes":15728640,"dst_nb":[4,3145728,3145728,15728640],"dst_ne":[786432,1,5,1],"layout":"contiguous","phase":"measure","rows":5,"sample":3,"src_nb":[4,3145728,3145728,15728640],"src_ne":[786432,1,5,1],"width":786432}
M5_PROFILE {"context":"7b1ec9cc00","graph":179,"cb":1,"original_nodes":3,"gpu_start_s":245034.031783542,"gpu_end_s":245034.032193250,"gpu_ms":0.409708,"valid":true,"completed":true,"op_counts":{"CPY":1,"VIEW":2}}
M5_COPY_RETURN {"copy_bytes":15728640,"dst_nb":[4,3145728,3145728,15728640],"dst_ne":[786432,1,5,1],"layout":"contiguous","phase":"measure","rows":5,"sample":3,"src_nb":[4,3145728,3145728,15728640],"src_ne":[786432,1,5,1],"wall_us":685.25,"width":786432}
M5_COPY_CALL {"copy_bytes":15728640,"dst_nb":[4,3145728,3145728,15728640],"dst_ne":[786432,1,5,1],"layout":"contiguous","phase":"measure","rows":5,"sample":4,"src_nb":[4,3145728,3145728,15728640],"src_ne":[786432,1,5,1],"width":786432}
M5_PROFILE {"context":"7b1ec9cc00","graph":180,"cb":1,"original_nodes":3,"gpu_start_s":245034.032492000,"gpu_end_s":245034.032901375,"gpu_ms":0.409375,"valid":true,"completed":true,"op_counts":{"CPY":1,"VIEW":2}}
M5_COPY_RETURN {"copy_bytes":15728640,"dst_nb":[4,3145728,3145728,15728640],"dst_ne":[786432,1,5,1],"layout":"contiguous","phase":"measure","rows":5,"sample":4,"src_nb":[4,3145728,3145728,15728640],"src_ne":[786432,1,5,1],"wall_us":606.834,"width":786432}
M5_COPY_CALL {"copy_bytes":15728640,"dst_nb":[4,3145728,3145728,15728640],"dst_ne":[786432,1,5,1],"layout":"contiguous","phase":"measure","rows":5,"sample":5,"src_nb":[4,3145728,3145728,15728640],"src_ne":[786432,1,5,1],"width":786432}
M5_PROFILE {"context":"7b1ec9cc00","graph":181,"cb":1,"original_nodes":3,"gpu_start_s":245034.033118375,"gpu_end_s":245034.033528125,"gpu_ms":0.409750,"valid":true,"completed":true,"op_counts":{"CPY":1,"VIEW":2}}
M5_COPY_RETURN {"copy_bytes":15728640,"dst_nb":[4,3145728,3145728,15728640],"dst_ne":[786432,1,5,1],"layout":"contiguous","phase":"measure","rows":5,"sample":5,"src_nb":[4,3145728,3145728,15728640],"src_ne":[786432,1,5,1],"wall_us":694.416,"width":786432}
M5_COPY_CALL {"copy_bytes":15728640,"dst_nb":[4,3145728,3145728,15728640],"dst_ne":[786432,1,5,1],"layout":"contiguous","phase":"measure","rows":5,"sample":6,"src_nb":[4,3145728,3145728,15728640],"src_ne":[786432,1,5,1],"width":786432}
M5_PROFILE {"context":"7b1ec9cc00","graph":182,"cb":1,"original_nodes":3,"gpu_start_s":245034.033819125,"gpu_end_s":245034.034228750,"gpu_ms":0.409625,"valid":true,"completed":true,"op_counts":{"CPY":1,"VIEW":2}}
M5_COPY_RETURN {"copy_bytes":15728640,"dst_nb":[4,3145728,3145728,15728640],"dst_ne":[786432,1,5,1],"layout":"contiguous","phase":"measure","rows":5,"sample":6,"src_nb":[4,3145728,3145728,15728640],"src_ne":[786432,1,5,1],"wall_us":614.625,"width":786432}
M5_COPY_CALL {"copy_bytes":15728640,"dst_nb":[4,3145728,3145728,15728640],"dst_ne":[786432,1,5,1],"layout":"contiguous","phase":"measure","rows":5,"sample":7,"src_nb":[4,3145728,3145728,15728640],"src_ne":[786432,1,5,1],"width":786432}
M5_PROFILE {"context":"7b1ec9cc00","graph":183,"cb":1,"original_nodes":3,"gpu_start_s":245034.034469125,"gpu_end_s":245034.034878875,"gpu_ms":0.409750,"valid":true,"completed":true,"op_counts":{"CPY":1,"VIEW":2}}
M5_COPY_RETURN {"copy_bytes":15728640,"dst_nb":[4,3145728,3145728,15728640],"dst_ne":[786432,1,5,1],"layout":"contiguous","phase":"measure","rows":5,"sample":7,"src_nb":[4,3145728,3145728,15728640],"src_ne":[786432,1,5,1],"wall_us":616.625,"width":786432}
M5_COPY_CALL {"copy_bytes":15728640,"dst_nb":[4,3145728,3145728,15728640],"dst_ne":[786432,1,5,1],"layout":"contiguous","phase":"measure","rows":5,"sample":8,"src_nb":[4,3145728,3145728,15728640],"src_ne":[786432,1,5,1],"width":786432}
M5_PROFILE {"context":"7b1ec9cc00","graph":184,"cb":1,"original_nodes":3,"gpu_start_s":245034.035085292,"gpu_end_s":245034.035495167,"gpu_ms":0.409875,"valid":true,"completed":true,"op_counts":{"CPY":1,"VIEW":2}}
M5_COPY_RETURN {"copy_bytes":15728640,"dst_nb":[4,3145728,3145728,15728640],"dst_ne":[786432,1,5,1],"layout":"contiguous","phase":"measure","rows":5,"sample":8,"src_nb":[4,3145728,3145728,15728640],"src_ne":[786432,1,5,1],"wall_us":604.166,"width":786432}
M5_COPY_CALL {"copy_bytes":15728640,"dst_nb":[4,3145728,3145728,15728640],"dst_ne":[786432,1,5,1],"layout":"contiguous","phase":"measure","rows":5,"sample":9,"src_nb":[4,3145728,3145728,15728640],"src_ne":[786432,1,5,1],"width":786432}
M5_PROFILE {"context":"7b1ec9cc00","graph":185,"cb":1,"original_nodes":3,"gpu_start_s":245034.035712625,"gpu_end_s":245034.036122542,"gpu_ms":0.409917,"valid":true,"completed":true,"op_counts":{"CPY":1,"VIEW":2}}
M5_COPY_RETURN {"copy_bytes":15728640,"dst_nb":[4,3145728,3145728,15728640],"dst_ne":[786432,1,5,1],"layout":"contiguous","phase":"measure","rows":5,"sample":9,"src_nb":[4,3145728,3145728,15728640],"src_ne":[786432,1,5,1],"wall_us":701.0,"width":786432}
M5_COPY_CALL {"copy_bytes":15728640,"dst_nb":[4,3145728,3145728,15728640],"dst_ne":[786432,1,5,1],"layout":"contiguous","phase":"measure","rows":5,"sample":10,"src_nb":[4,3145728,3145728,15728640],"src_ne":[786432,1,5,1],"width":786432}
M5_PROFILE {"context":"7b1ec9cc00","graph":186,"cb":1,"original_nodes":3,"gpu_start_s":245034.036425917,"gpu_end_s":245034.036802000,"gpu_ms":0.376083,"valid":true,"completed":true,"op_counts":{"CPY":1,"VIEW":2}}
M5_COPY_RETURN {"copy_bytes":15728640,"dst_nb":[4,3145728,3145728,15728640],"dst_ne":[786432,1,5,1],"layout":"contiguous","phase":"measure","rows":5,"sample":10,"src_nb":[4,3145728,3145728,15728640],"src_ne":[786432,1,5,1],"wall_us":560.291,"width":786432}
M5_COPY_CALL {"copy_bytes":15728640,"dst_nb":[4,3145728,3145728,15728640],"dst_ne":[786432,1,5,1],"layout":"contiguous","phase":"measure","rows":5,"sample":11,"src_nb":[4,3145728,3145728,15728640],"src_ne":[786432,1,5,1],"width":786432}
M5_PROFILE {"context":"7b1ec9cc00","graph":187,"cb":1,"original_nodes":3,"gpu_start_s":245034.037016250,"gpu_end_s":245034.037392000,"gpu_ms":0.375750,"valid":true,"completed":true,"op_counts":{"CPY":1,"VIEW":2}}
M5_COPY_RETURN {"copy_bytes":15728640,"dst_nb":[4,3145728,3145728,15728640],"dst_ne":[786432,1,5,1],"layout":"contiguous","phase":"measure","rows":5,"sample":11,"src_nb":[4,3145728,3145728,15728640],"src_ne":[786432,1,5,1],"wall_us":620.042,"width":786432}
M5_COPY_CALL {"copy_bytes":15728640,"dst_nb":[4,3145728,3145728,15728640],"dst_ne":[786432,1,5,1],"layout":"contiguous","phase":"measure","rows":5,"sample":12,"src_nb":[4,3145728,3145728,15728640],"src_ne":[786432,1,5,1],"width":786432}
M5_PROFILE {"context":"7b1ec9cc00","graph":188,"cb":1,"original_nodes":3,"gpu_start_s":245034.037614625,"gpu_end_s":245034.037990125,"gpu_ms":0.375500,"valid":true,"completed":true,"op_counts":{"CPY":1,"VIEW":2}}
M5_COPY_RETURN {"copy_bytes":15728640,"dst_nb":[4,3145728,3145728,15728640],"dst_ne":[786432,1,5,1],"layout":"contiguous","phase":"measure","rows":5,"sample":12,"src_nb":[4,3145728,3145728,15728640],"src_ne":[786432,1,5,1],"wall_us":539.75,"width":786432}
M5_COPY_CALL {"copy_bytes":15728640,"dst_nb":[4,3145728,3145728,15728640],"dst_ne":[786432,1,5,1],"layout":"contiguous","phase":"measure","rows":5,"sample":13,"src_nb":[4,3145728,3145728,15728640],"src_ne":[786432,1,5,1],"width":786432}
M5_PROFILE {"context":"7b1ec9cc00","graph":189,"cb":1,"original_nodes":3,"gpu_start_s":245034.038197792,"gpu_end_s":245034.038573750,"gpu_ms":0.375958,"valid":true,"completed":true,"op_counts":{"CPY":1,"VIEW":2}}
M5_COPY_RETURN {"copy_bytes":15728640,"dst_nb":[4,3145728,3145728,15728640],"dst_ne":[786432,1,5,1],"layout":"contiguous","phase":"measure","rows":5,"sample":13,"src_nb":[4,3145728,3145728,15728640],"src_ne":[786432,1,5,1],"wall_us":576.916,"width":786432}
M5_COPY_CALL {"copy_bytes":15728640,"dst_nb":[4,3145728,3145728,15728640],"dst_ne":[786432,1,5,1],"layout":"contiguous","phase":"measure","rows":5,"sample":14,"src_nb":[4,3145728,3145728,15728640],"src_ne":[786432,1,5,1],"width":786432}
M5_PROFILE {"context":"7b1ec9cc00","graph":190,"cb":1,"original_nodes":3,"gpu_start_s":245034.038759750,"gpu_end_s":245034.039135625,"gpu_ms":0.375875,"valid":true,"completed":true,"op_counts":{"CPY":1,"VIEW":2}}
M5_COPY_RETURN {"copy_bytes":15728640,"dst_nb":[4,3145728,3145728,15728640],"dst_ne":[786432,1,5,1],"layout":"contiguous","phase":"measure","rows":5,"sample":14,"src_nb":[4,3145728,3145728,15728640],"src_ne":[786432,1,5,1],"wall_us":553.458,"width":786432}
M5_COPY_CALL {"copy_bytes":15728640,"dst_nb":[4,3145728,3145728,15728640],"dst_ne":[786432,1,5,1],"layout":"contiguous","phase":"measure","rows":5,"sample":15,"src_nb":[4,3145728,3145728,15728640],"src_ne":[786432,1,5,1],"width":786432}
M5_PROFILE {"context":"7b1ec9cc00","graph":191,"cb":1,"original_nodes":3,"gpu_start_s":245034.039513625,"gpu_end_s":245034.039923000,"gpu_ms":0.409375,"valid":true,"completed":true,"op_counts":{"CPY":1,"VIEW":2}}
M5_COPY_RETURN {"copy_bytes":15728640,"dst_nb":[4,3145728,3145728,15728640],"dst_ne":[786432,1,5,1],"layout":"contiguous","phase":"measure","rows":5,"sample":15,"src_nb":[4,3145728,3145728,15728640],"src_ne":[786432,1,5,1],"wall_us":780.125,"width":786432}
M5_COPY_CALL {"copy_bytes":15728640,"dst_nb":[4,3145728,3145728,15728640],"dst_ne":[786432,1,5,1],"layout":"contiguous","phase":"measure","rows":5,"sample":16,"src_nb":[4,3145728,3145728,15728640],"src_ne":[786432,1,5,1],"width":786432}
M5_PROFILE {"context":"7b1ec9cc00","graph":192,"cb":1,"original_nodes":3,"gpu_start_s":245034.040106792,"gpu_end_s":245034.040516125,"gpu_ms":0.409333,"valid":true,"completed":true,"op_counts":{"CPY":1,"VIEW":2}}
M5_COPY_RETURN {"copy_bytes":15728640,"dst_nb":[4,3145728,3145728,15728640],"dst_ne":[786432,1,5,1],"layout":"contiguous","phase":"measure","rows":5,"sample":16,"src_nb":[4,3145728,3145728,15728640],"src_ne":[786432,1,5,1],"wall_us":681.25,"width":786432}
M5_COPY_CALL {"copy_bytes":15728640,"dst_nb":[4,3145728,3145728,15728640],"dst_ne":[786432,1,5,1],"layout":"contiguous","phase":"measure","rows":5,"sample":17,"src_nb":[4,3145728,3145728,15728640],"src_ne":[786432,1,5,1],"width":786432}
M5_PROFILE {"context":"7b1ec9cc00","graph":193,"cb":1,"original_nodes":3,"gpu_start_s":245034.040820875,"gpu_end_s":245034.041230625,"gpu_ms":0.409750,"valid":true,"completed":true,"op_counts":{"CPY":1,"VIEW":2}}
M5_COPY_RETURN {"copy_bytes":15728640,"dst_nb":[4,3145728,3145728,15728640],"dst_ne":[786432,1,5,1],"layout":"contiguous","phase":"measure","rows":5,"sample":17,"src_nb":[4,3145728,3145728,15728640],"src_ne":[786432,1,5,1],"wall_us":685.542,"width":786432}
M5_COPY_CALL {"copy_bytes":15728640,"dst_nb":[4,3145728,3145728,15728640],"dst_ne":[786432,1,5,1],"layout":"contiguous","phase":"measure","rows":5,"sample":18,"src_nb":[4,3145728,3145728,15728640],"src_ne":[786432,1,5,1],"width":786432}
M5_PROFILE {"context":"7b1ec9cc00","graph":194,"cb":1,"original_nodes":3,"gpu_start_s":245034.041530500,"gpu_end_s":245034.041939875,"gpu_ms":0.409375,"valid":true,"completed":true,"op_counts":{"CPY":1,"VIEW":2}}
M5_COPY_RETURN {"copy_bytes":15728640,"dst_nb":[4,3145728,3145728,15728640],"dst_ne":[786432,1,5,1],"layout":"contiguous","phase":"measure","rows":5,"sample":18,"src_nb":[4,3145728,3145728,15728640],"src_ne":[786432,1,5,1],"wall_us":687.0,"width":786432}
M5_COPY_CALL {"copy_bytes":15728640,"dst_nb":[4,3145728,3145728,15728640],"dst_ne":[786432,1,5,1],"layout":"contiguous","phase":"measure","rows":5,"sample":19,"src_nb":[4,3145728,3145728,15728640],"src_ne":[786432,1,5,1],"width":786432}
M5_PROFILE {"context":"7b1ec9cc00","graph":195,"cb":1,"original_nodes":3,"gpu_start_s":245034.042247125,"gpu_end_s":245034.042656750,"gpu_ms":0.409625,"valid":true,"completed":true,"op_counts":{"CPY":1,"VIEW":2}}
M5_COPY_RETURN {"copy_bytes":15728640,"dst_nb":[4,3145728,3145728,15728640],"dst_ne":[786432,1,5,1],"layout":"contiguous","phase":"measure","rows":5,"sample":19,"src_nb":[4,3145728,3145728,15728640],"src_ne":[786432,1,5,1],"wall_us":607.625,"width":786432}
M5_COPY_CALL {"copy_bytes":15728640,"dst_nb":[4,3145728,3145728,15728640],"dst_ne":[786432,1,5,1],"layout":"contiguous","phase":"measure","rows":5,"sample":20,"src_nb":[4,3145728,3145728,15728640],"src_ne":[786432,1,5,1],"width":786432}
M5_PROFILE {"context":"7b1ec9cc00","graph":196,"cb":1,"original_nodes":3,"gpu_start_s":245034.042847375,"gpu_end_s":245034.043256625,"gpu_ms":0.409250,"valid":true,"completed":true,"op_counts":{"CPY":1,"VIEW":2}}
M5_COPY_RETURN {"copy_bytes":15728640,"dst_nb":[4,3145728,3145728,15728640],"dst_ne":[786432,1,5,1],"layout":"contiguous","phase":"measure","rows":5,"sample":20,"src_nb":[4,3145728,3145728,15728640],"src_ne":[786432,1,5,1],"wall_us":675.25,"width":786432}
M5_COPY_CALL {"copy_bytes":15728640,"dst_nb":[4,3145728,3145728,15728640],"dst_ne":[786432,1,5,1],"layout":"contiguous","phase":"measure","rows":5,"sample":21,"src_nb":[4,3145728,3145728,15728640],"src_ne":[786432,1,5,1],"width":786432}
M5_PROFILE {"context":"7b1ec9cc00","graph":197,"cb":1,"original_nodes":3,"gpu_start_s":245034.043544500,"gpu_end_s":245034.043954375,"gpu_ms":0.409875,"valid":true,"completed":true,"op_counts":{"CPY":1,"VIEW":2}}
M5_COPY_RETURN {"copy_bytes":15728640,"dst_nb":[4,3145728,3145728,15728640],"dst_ne":[786432,1,5,1],"layout":"contiguous","phase":"measure","rows":5,"sample":21,"src_nb":[4,3145728,3145728,15728640],"src_ne":[786432,1,5,1],"wall_us":620.917,"width":786432}
M5_COPY_CALL {"copy_bytes":15728640,"dst_nb":[4,3145728,3145728,15728640],"dst_ne":[786432,1,5,1],"layout":"contiguous","phase":"measure","rows":5,"sample":22,"src_nb":[4,3145728,3145728,15728640],"src_ne":[786432,1,5,1],"width":786432}
M5_PROFILE {"context":"7b1ec9cc00","graph":198,"cb":1,"original_nodes":3,"gpu_start_s":245034.044198000,"gpu_end_s":245034.044582792,"gpu_ms":0.384792,"valid":true,"completed":true,"op_counts":{"CPY":1,"VIEW":2}}
M5_COPY_RETURN {"copy_bytes":15728640,"dst_nb":[4,3145728,3145728,15728640],"dst_ne":[786432,1,5,1],"layout":"contiguous","phase":"measure","rows":5,"sample":22,"src_nb":[4,3145728,3145728,15728640],"src_ne":[786432,1,5,1],"wall_us":567.583,"width":786432}
M5_COPY_CALL {"copy_bytes":15728640,"dst_nb":[4,3145728,3145728,15728640],"dst_ne":[786432,1,5,1],"layout":"contiguous","phase":"measure","rows":5,"sample":23,"src_nb":[4,3145728,3145728,15728640],"src_ne":[786432,1,5,1],"width":786432}
M5_PROFILE {"context":"7b1ec9cc00","graph":199,"cb":1,"original_nodes":3,"gpu_start_s":245034.044786000,"gpu_end_s":245034.045161542,"gpu_ms":0.375542,"valid":true,"completed":true,"op_counts":{"CPY":1,"VIEW":2}}
M5_COPY_RETURN {"copy_bytes":15728640,"dst_nb":[4,3145728,3145728,15728640],"dst_ne":[786432,1,5,1],"layout":"contiguous","phase":"measure","rows":5,"sample":23,"src_nb":[4,3145728,3145728,15728640],"src_ne":[786432,1,5,1],"wall_us":568.125,"width":786432}
M5_COPY_CALL {"copy_bytes":15728640,"dst_nb":[4,3145728,3145728,15728640],"dst_ne":[786432,1,5,1],"layout":"contiguous","phase":"measure","rows":5,"sample":24,"src_nb":[4,3145728,3145728,15728640],"src_ne":[786432,1,5,1],"width":786432}
M5_PROFILE {"context":"7b1ec9cc00","graph":200,"cb":1,"original_nodes":3,"gpu_start_s":245034.045408875,"gpu_end_s":245034.045784250,"gpu_ms":0.375375,"valid":true,"completed":true,"op_counts":{"CPY":1,"VIEW":2}}
M5_COPY_RETURN {"copy_bytes":15728640,"dst_nb":[4,3145728,3145728,15728640],"dst_ne":[786432,1,5,1],"layout":"contiguous","phase":"measure","rows":5,"sample":24,"src_nb":[4,3145728,3145728,15728640],"src_ne":[786432,1,5,1],"wall_us":614.208,"width":786432}
M5_COPY_CALL {"copy_bytes":15728640,"dst_nb":[4,3145728,3145728,15728640],"dst_ne":[786432,1,5,1],"layout":"contiguous","phase":"measure","rows":5,"sample":25,"src_nb":[4,3145728,3145728,15728640],"src_ne":[786432,1,5,1],"width":786432}
M5_PROFILE {"context":"7b1ec9cc00","graph":201,"cb":1,"original_nodes":3,"gpu_start_s":245034.045958917,"gpu_end_s":245034.046334417,"gpu_ms":0.375500,"valid":true,"completed":true,"op_counts":{"CPY":1,"VIEW":2}}
M5_COPY_RETURN {"copy_bytes":15728640,"dst_nb":[4,3145728,3145728,15728640],"dst_ne":[786432,1,5,1],"layout":"contiguous","phase":"measure","rows":5,"sample":25,"src_nb":[4,3145728,3145728,15728640],"src_ne":[786432,1,5,1],"wall_us":544.5,"width":786432}
M5_COPY_CALL {"copy_bytes":15728640,"dst_nb":[4,3145728,3145728,15728640],"dst_ne":[786432,1,5,1],"layout":"contiguous","phase":"measure","rows":5,"sample":26,"src_nb":[4,3145728,3145728,15728640],"src_ne":[786432,1,5,1],"width":786432}
M5_PROFILE {"context":"7b1ec9cc00","graph":202,"cb":1,"original_nodes":3,"gpu_start_s":245034.046514375,"gpu_end_s":245034.046890042,"gpu_ms":0.375667,"valid":true,"completed":true,"op_counts":{"CPY":1,"VIEW":2}}
M5_COPY_RETURN {"copy_bytes":15728640,"dst_nb":[4,3145728,3145728,15728640],"dst_ne":[786432,1,5,1],"layout":"contiguous","phase":"measure","rows":5,"sample":26,"src_nb":[4,3145728,3145728,15728640],"src_ne":[786432,1,5,1],"wall_us":550.75,"width":786432}
M5_COPY_CALL {"copy_bytes":15728640,"dst_nb":[4,3145728,3145728,15728640],"dst_ne":[786432,1,5,1],"layout":"contiguous","phase":"measure","rows":5,"sample":27,"src_nb":[4,3145728,3145728,15728640],"src_ne":[786432,1,5,1],"width":786432}
M5_PROFILE {"context":"7b1ec9cc00","graph":203,"cb":1,"original_nodes":3,"gpu_start_s":245034.047066917,"gpu_end_s":245034.047442500,"gpu_ms":0.375583,"valid":true,"completed":true,"op_counts":{"CPY":1,"VIEW":2}}
M5_COPY_RETURN {"copy_bytes":15728640,"dst_nb":[4,3145728,3145728,15728640],"dst_ne":[786432,1,5,1],"layout":"contiguous","phase":"measure","rows":5,"sample":27,"src_nb":[4,3145728,3145728,15728640],"src_ne":[786432,1,5,1],"wall_us":547.5,"width":786432}
M5_COPY_CALL {"copy_bytes":15728640,"dst_nb":[4,3145728,3145728,15728640],"dst_ne":[786432,1,5,1],"layout":"contiguous","phase":"measure","rows":5,"sample":28,"src_nb":[4,3145728,3145728,15728640],"src_ne":[786432,1,5,1],"width":786432}
M5_PROFILE {"context":"7b1ec9cc00","graph":204,"cb":1,"original_nodes":3,"gpu_start_s":245034.047651875,"gpu_end_s":245034.047949625,"gpu_ms":0.297750,"valid":true,"completed":true,"op_counts":{"CPY":1,"VIEW":2}}
M5_COPY_RETURN {"copy_bytes":15728640,"dst_nb":[4,3145728,3145728,15728640],"dst_ne":[786432,1,5,1],"layout":"contiguous","phase":"measure","rows":5,"sample":28,"src_nb":[4,3145728,3145728,15728640],"src_ne":[786432,1,5,1],"wall_us":493.792,"width":786432}
M5_COPY_CALL {"copy_bytes":15728640,"dst_nb":[4,3145728,3145728,15728640],"dst_ne":[786432,1,5,1],"layout":"contiguous","phase":"measure","rows":5,"sample":29,"src_nb":[4,3145728,3145728,15728640],"src_ne":[786432,1,5,1],"width":786432}
M5_PROFILE {"context":"7b1ec9cc00","graph":205,"cb":1,"original_nodes":3,"gpu_start_s":245034.048143125,"gpu_end_s":245034.048419167,"gpu_ms":0.276042,"valid":true,"completed":true,"op_counts":{"CPY":1,"VIEW":2}}
M5_COPY_RETURN {"copy_bytes":15728640,"dst_nb":[4,3145728,3145728,15728640],"dst_ne":[786432,1,5,1],"layout":"contiguous","phase":"measure","rows":5,"sample":29,"src_nb":[4,3145728,3145728,15728640],"src_ne":[786432,1,5,1],"wall_us":465.0,"width":786432}
M5_COPY_CALL {"copy_bytes":15728640,"dst_nb":[4,3145728,3145728,15728640],"dst_ne":[786432,1,5,1],"layout":"contiguous","phase":"measure","rows":5,"sample":30,"src_nb":[4,3145728,3145728,15728640],"src_ne":[786432,1,5,1],"width":786432}
M5_PROFILE {"context":"7b1ec9cc00","graph":206,"cb":1,"original_nodes":3,"gpu_start_s":245034.048607667,"gpu_end_s":245034.048882000,"gpu_ms":0.274333,"valid":true,"completed":true,"op_counts":{"CPY":1,"VIEW":2}}
M5_COPY_RETURN {"copy_bytes":15728640,"dst_nb":[4,3145728,3145728,15728640],"dst_ne":[786432,1,5,1],"layout":"contiguous","phase":"measure","rows":5,"sample":30,"src_nb":[4,3145728,3145728,15728640],"src_ne":[786432,1,5,1],"wall_us":459.208,"width":786432}
M5_COPY_CALL {"copy_bytes":15728640,"dst_nb":[4,3145728,3145728,15728640],"dst_ne":[786432,1,5,1],"layout":"contiguous","phase":"measure","rows":5,"sample":31,"src_nb":[4,3145728,3145728,15728640],"src_ne":[786432,1,5,1],"width":786432}
M5_PROFILE {"context":"7b1ec9cc00","graph":207,"cb":1,"original_nodes":3,"gpu_start_s":245034.049057167,"gpu_end_s":245034.049331375,"gpu_ms":0.274208,"valid":true,"completed":true,"op_counts":{"CPY":1,"VIEW":2}}
M5_COPY_RETURN {"copy_bytes":15728640,"dst_nb":[4,3145728,3145728,15728640],"dst_ne":[786432,1,5,1],"layout":"contiguous","phase":"measure","rows":5,"sample":31,"src_nb":[4,3145728,3145728,15728640],"src_ne":[786432,1,5,1],"wall_us":448.25,"width":786432}
M5_COPY_CALL {"copy_bytes":15728640,"dst_nb":[4,3145728,3145728,15728640],"dst_ne":[786432,1,5,1],"layout":"contiguous","phase":"measure","rows":5,"sample":32,"src_nb":[4,3145728,3145728,15728640],"src_ne":[786432,1,5,1],"width":786432}
M5_PROFILE {"context":"7b1ec9cc00","graph":208,"cb":1,"original_nodes":3,"gpu_start_s":245034.049561250,"gpu_end_s":245034.049835375,"gpu_ms":0.274125,"valid":true,"completed":true,"op_counts":{"CPY":1,"VIEW":2}}
M5_COPY_RETURN {"copy_bytes":15728640,"dst_nb":[4,3145728,3145728,15728640],"dst_ne":[786432,1,5,1],"layout":"contiguous","phase":"measure","rows":5,"sample":32,"src_nb":[4,3145728,3145728,15728640],"src_ne":[786432,1,5,1],"wall_us":576.416,"width":786432}
M5_COPY_CALL {"copy_bytes":15728640,"dst_nb":[4,3145728,3145728,15728640],"dst_ne":[786432,1,5,1],"layout":"contiguous","phase":"measure","rows":5,"sample":33,"src_nb":[4,3145728,3145728,15728640],"src_ne":[786432,1,5,1],"width":786432}
M5_PROFILE {"context":"7b1ec9cc00","graph":209,"cb":1,"original_nodes":3,"gpu_start_s":245034.050129250,"gpu_end_s":245034.050403500,"gpu_ms":0.274250,"valid":true,"completed":true,"op_counts":{"CPY":1,"VIEW":2}}
M5_COPY_RETURN {"copy_bytes":15728640,"dst_nb":[4,3145728,3145728,15728640],"dst_ne":[786432,1,5,1],"layout":"contiguous","phase":"measure","rows":5,"sample":33,"src_nb":[4,3145728,3145728,15728640],"src_ne":[786432,1,5,1],"wall_us":456.458,"width":786432}
M5_COPY_CALL {"copy_bytes":15728640,"dst_nb":[4,3145728,3145728,15728640],"dst_ne":[786432,1,5,1],"layout":"contiguous","phase":"measure","rows":5,"sample":34,"src_nb":[4,3145728,3145728,15728640],"src_ne":[786432,1,5,1],"width":786432}
M5_PROFILE {"context":"7b1ec9cc00","graph":210,"cb":1,"original_nodes":3,"gpu_start_s":245034.050603125,"gpu_end_s":245034.050877375,"gpu_ms":0.274250,"valid":true,"completed":true,"op_counts":{"CPY":1,"VIEW":2}}
M5_COPY_RETURN {"copy_bytes":15728640,"dst_nb":[4,3145728,3145728,15728640],"dst_ne":[786432,1,5,1],"layout":"contiguous","phase":"measure","rows":5,"sample":34,"src_nb":[4,3145728,3145728,15728640],"src_ne":[786432,1,5,1],"wall_us":468.5,"width":786432}
M5_COPY_CALL {"copy_bytes":15728640,"dst_nb":[4,3145728,3145728,15728640],"dst_ne":[786432,1,5,1],"layout":"contiguous","phase":"measure","rows":5,"sample":35,"src_nb":[4,3145728,3145728,15728640],"src_ne":[786432,1,5,1],"width":786432}
M5_PROFILE {"context":"7b1ec9cc00","graph":211,"cb":1,"original_nodes":3,"gpu_start_s":245034.051072625,"gpu_end_s":245034.051346875,"gpu_ms":0.274250,"valid":true,"completed":true,"op_counts":{"CPY":1,"VIEW":2}}
M5_COPY_RETURN {"copy_bytes":15728640,"dst_nb":[4,3145728,3145728,15728640],"dst_ne":[786432,1,5,1],"layout":"contiguous","phase":"measure","rows":5,"sample":35,"src_nb":[4,3145728,3145728,15728640],"src_ne":[786432,1,5,1],"wall_us":459.667,"width":786432}
M5_COPY_CALL {"copy_bytes":15728640,"dst_nb":[4,3145728,3145728,15728640],"dst_ne":[786432,1,5,1],"layout":"contiguous","phase":"measure","rows":5,"sample":36,"src_nb":[4,3145728,3145728,15728640],"src_ne":[786432,1,5,1],"width":786432}
M5_PROFILE {"context":"7b1ec9cc00","graph":212,"cb":1,"original_nodes":3,"gpu_start_s":245034.051517042,"gpu_end_s":245034.051791042,"gpu_ms":0.274000,"valid":true,"completed":true,"op_counts":{"CPY":1,"VIEW":2}}
M5_COPY_RETURN {"copy_bytes":15728640,"dst_nb":[4,3145728,3145728,15728640],"dst_ne":[786432,1,5,1],"layout":"contiguous","phase":"measure","rows":5,"sample":36,"src_nb":[4,3145728,3145728,15728640],"src_ne":[786432,1,5,1],"wall_us":435.167,"width":786432}
M5_COPY_CALL {"copy_bytes":15728640,"dst_nb":[4,3145728,3145728,15728640],"dst_ne":[786432,1,5,1],"layout":"contiguous","phase":"measure","rows":5,"sample":37,"src_nb":[4,3145728,3145728,15728640],"src_ne":[786432,1,5,1],"width":786432}
M5_PROFILE {"context":"7b1ec9cc00","graph":213,"cb":1,"original_nodes":3,"gpu_start_s":245034.051962875,"gpu_end_s":245034.052237250,"gpu_ms":0.274375,"valid":true,"completed":true,"op_counts":{"CPY":1,"VIEW":2}}
M5_COPY_RETURN {"copy_bytes":15728640,"dst_nb":[4,3145728,3145728,15728640],"dst_ne":[786432,1,5,1],"layout":"contiguous","phase":"measure","rows":5,"sample":37,"src_nb":[4,3145728,3145728,15728640],"src_ne":[786432,1,5,1],"wall_us":441.583,"width":786432}
M5_COPY_CALL {"copy_bytes":15728640,"dst_nb":[4,3145728,3145728,15728640],"dst_ne":[786432,1,5,1],"layout":"contiguous","phase":"measure","rows":5,"sample":38,"src_nb":[4,3145728,3145728,15728640],"src_ne":[786432,1,5,1],"width":786432}
M5_PROFILE {"context":"7b1ec9cc00","graph":214,"cb":1,"original_nodes":3,"gpu_start_s":245034.052411792,"gpu_end_s":245034.052686125,"gpu_ms":0.274333,"valid":true,"completed":true,"op_counts":{"CPY":1,"VIEW":2}}
M5_COPY_RETURN {"copy_bytes":15728640,"dst_nb":[4,3145728,3145728,15728640],"dst_ne":[786432,1,5,1],"layout":"contiguous","phase":"measure","rows":5,"sample":38,"src_nb":[4,3145728,3145728,15728640],"src_ne":[786432,1,5,1],"wall_us":499.209,"width":786432}
M5_COPY_CALL {"copy_bytes":15728640,"dst_nb":[4,3145728,3145728,15728640],"dst_ne":[786432,1,5,1],"layout":"contiguous","phase":"measure","rows":5,"sample":39,"src_nb":[4,3145728,3145728,15728640],"src_ne":[786432,1,5,1],"width":786432}
M5_PROFILE {"context":"7b1ec9cc00","graph":215,"cb":1,"original_nodes":3,"gpu_start_s":245034.052954875,"gpu_end_s":245034.053229125,"gpu_ms":0.274250,"valid":true,"completed":true,"op_counts":{"CPY":1,"VIEW":2}}
M5_COPY_RETURN {"copy_bytes":15728640,"dst_nb":[4,3145728,3145728,15728640],"dst_ne":[786432,1,5,1],"layout":"contiguous","phase":"measure","rows":5,"sample":39,"src_nb":[4,3145728,3145728,15728640],"src_ne":[786432,1,5,1],"wall_us":441.875,"width":786432}
M5_COPY_PASS {"copy_bytes":15728640,"dst_nb":[4,3145728,3145728,15728640],"dst_ne":[786432,1,5,1],"layout":"contiguous","rows":5,"src_nb":[4,3145728,3145728,15728640],"src_ne":[786432,1,5,1],"width":786432}
M5_COPY_CALL {"copy_bytes":15728640,"dst_nb":[4,3145728,18874368,94371840],"dst_ne":[786432,1,5,1],"layout":"strided","phase":"warmup","rows":5,"sample":-3,"src_nb":[4,3145728,3145744,15728720],"src_ne":[786432,1,5,1],"width":786432}
M5_PROFILE {"context":"7b1ec9cc00","graph":216,"cb":1,"original_nodes":3,"gpu_start_s":245034.089059500,"gpu_end_s":245034.089608375,"gpu_ms":0.548875,"valid":true,"completed":true,"op_counts":{"CPY":1,"VIEW":2}}
M5_COPY_RETURN {"copy_bytes":15728640,"dst_nb":[4,3145728,18874368,94371840],"dst_ne":[786432,1,5,1],"layout":"strided","phase":"warmup","rows":5,"sample":-3,"src_nb":[4,3145728,3145744,15728720],"src_ne":[786432,1,5,1],"wall_us":1624.292,"width":786432}
M5_COPY_CALL {"copy_bytes":15728640,"dst_nb":[4,3145728,18874368,94371840],"dst_ne":[786432,1,5,1],"layout":"strided","phase":"warmup","rows":5,"sample":-2,"src_nb":[4,3145728,3145744,15728720],"src_ne":[786432,1,5,1],"width":786432}
M5_PROFILE {"context":"7b1ec9cc00","graph":217,"cb":1,"original_nodes":3,"gpu_start_s":245034.089832417,"gpu_end_s":245034.090155875,"gpu_ms":0.323458,"valid":true,"completed":true,"op_counts":{"CPY":1,"VIEW":2}}
M5_COPY_RETURN {"copy_bytes":15728640,"dst_nb":[4,3145728,18874368,94371840],"dst_ne":[786432,1,5,1],"layout":"strided","phase":"warmup","rows":5,"sample":-2,"src_nb":[4,3145728,3145744,15728720],"src_ne":[786432,1,5,1],"wall_us":485.25,"width":786432}
M5_COPY_CALL {"copy_bytes":15728640,"dst_nb":[4,3145728,18874368,94371840],"dst_ne":[786432,1,5,1],"layout":"strided","phase":"warmup","rows":5,"sample":-1,"src_nb":[4,3145728,3145744,15728720],"src_ne":[786432,1,5,1],"width":786432}
M5_PROFILE {"context":"7b1ec9cc00","graph":218,"cb":1,"original_nodes":3,"gpu_start_s":245034.090330875,"gpu_end_s":245034.090654292,"gpu_ms":0.323417,"valid":true,"completed":true,"op_counts":{"CPY":1,"VIEW":2}}
M5_COPY_RETURN {"copy_bytes":15728640,"dst_nb":[4,3145728,18874368,94371840],"dst_ne":[786432,1,5,1],"layout":"strided","phase":"warmup","rows":5,"sample":-1,"src_nb":[4,3145728,3145744,15728720],"src_ne":[786432,1,5,1],"wall_us":486.125,"width":786432}
M5_COPY_CALL {"copy_bytes":15728640,"dst_nb":[4,3145728,18874368,94371840],"dst_ne":[786432,1,5,1],"layout":"strided","phase":"measure","rows":5,"sample":0,"src_nb":[4,3145728,3145744,15728720],"src_ne":[786432,1,5,1],"width":786432}
M5_PROFILE {"context":"7b1ec9cc00","graph":219,"cb":1,"original_nodes":3,"gpu_start_s":245034.090822625,"gpu_end_s":245034.091145875,"gpu_ms":0.323250,"valid":true,"completed":true,"op_counts":{"CPY":1,"VIEW":2}}
M5_COPY_RETURN {"copy_bytes":15728640,"dst_nb":[4,3145728,18874368,94371840],"dst_ne":[786432,1,5,1],"layout":"strided","phase":"measure","rows":5,"sample":0,"src_nb":[4,3145728,3145744,15728720],"src_ne":[786432,1,5,1],"wall_us":486.291,"width":786432}
M5_COPY_CALL {"copy_bytes":15728640,"dst_nb":[4,3145728,18874368,94371840],"dst_ne":[786432,1,5,1],"layout":"strided","phase":"measure","rows":5,"sample":1,"src_nb":[4,3145728,3145744,15728720],"src_ne":[786432,1,5,1],"width":786432}
M5_PROFILE {"context":"7b1ec9cc00","graph":220,"cb":1,"original_nodes":3,"gpu_start_s":245034.091324167,"gpu_end_s":245034.091647500,"gpu_ms":0.323333,"valid":true,"completed":true,"op_counts":{"CPY":1,"VIEW":2}}
M5_COPY_RETURN {"copy_bytes":15728640,"dst_nb":[4,3145728,18874368,94371840],"dst_ne":[786432,1,5,1],"layout":"strided","phase":"measure","rows":5,"sample":1,"src_nb":[4,3145728,3145744,15728720],"src_ne":[786432,1,5,1],"wall_us":492.583,"width":786432}
M5_COPY_CALL {"copy_bytes":15728640,"dst_nb":[4,3145728,18874368,94371840],"dst_ne":[786432,1,5,1],"layout":"strided","phase":"measure","rows":5,"sample":2,"src_nb":[4,3145728,3145744,15728720],"src_ne":[786432,1,5,1],"width":786432}
M5_PROFILE {"context":"7b1ec9cc00","graph":221,"cb":1,"original_nodes":3,"gpu_start_s":245034.091819500,"gpu_end_s":245034.092142750,"gpu_ms":0.323250,"valid":true,"completed":true,"op_counts":{"CPY":1,"VIEW":2}}
M5_COPY_RETURN {"copy_bytes":15728640,"dst_nb":[4,3145728,18874368,94371840],"dst_ne":[786432,1,5,1],"layout":"strided","phase":"measure","rows":5,"sample":2,"src_nb":[4,3145728,3145744,15728720],"src_ne":[786432,1,5,1],"wall_us":526.917,"width":786432}
M5_COPY_CALL {"copy_bytes":15728640,"dst_nb":[4,3145728,18874368,94371840],"dst_ne":[786432,1,5,1],"layout":"strided","phase":"measure","rows":5,"sample":3,"src_nb":[4,3145728,3145744,15728720],"src_ne":[786432,1,5,1],"width":786432}
M5_PROFILE {"context":"7b1ec9cc00","graph":222,"cb":1,"original_nodes":3,"gpu_start_s":245034.092390625,"gpu_end_s":245034.092713792,"gpu_ms":0.323167,"valid":true,"completed":true,"op_counts":{"CPY":1,"VIEW":2}}
M5_COPY_RETURN {"copy_bytes":15728640,"dst_nb":[4,3145728,18874368,94371840],"dst_ne":[786432,1,5,1],"layout":"strided","phase":"measure","rows":5,"sample":3,"src_nb":[4,3145728,3145744,15728720],"src_ne":[786432,1,5,1],"wall_us":500.041,"width":786432}
M5_COPY_CALL {"copy_bytes":15728640,"dst_nb":[4,3145728,18874368,94371840],"dst_ne":[786432,1,5,1],"layout":"strided","phase":"measure","rows":5,"sample":4,"src_nb":[4,3145728,3145744,15728720],"src_ne":[786432,1,5,1],"width":786432}
M5_PROFILE {"context":"7b1ec9cc00","graph":223,"cb":1,"original_nodes":3,"gpu_start_s":245034.092884250,"gpu_end_s":245034.093207625,"gpu_ms":0.323375,"valid":true,"completed":true,"op_counts":{"CPY":1,"VIEW":2}}
M5_COPY_RETURN {"copy_bytes":15728640,"dst_nb":[4,3145728,18874368,94371840],"dst_ne":[786432,1,5,1],"layout":"strided","phase":"measure","rows":5,"sample":4,"src_nb":[4,3145728,3145744,15728720],"src_ne":[786432,1,5,1],"wall_us":485.167,"width":786432}
M5_COPY_CALL {"copy_bytes":15728640,"dst_nb":[4,3145728,18874368,94371840],"dst_ne":[786432,1,5,1],"layout":"strided","phase":"measure","rows":5,"sample":5,"src_nb":[4,3145728,3145744,15728720],"src_ne":[786432,1,5,1],"width":786432}
M5_PROFILE {"context":"7b1ec9cc00","graph":224,"cb":1,"original_nodes":3,"gpu_start_s":245034.093376542,"gpu_end_s":245034.093699750,"gpu_ms":0.323208,"valid":true,"completed":true,"op_counts":{"CPY":1,"VIEW":2}}
M5_COPY_RETURN {"copy_bytes":15728640,"dst_nb":[4,3145728,18874368,94371840],"dst_ne":[786432,1,5,1],"layout":"strided","phase":"measure","rows":5,"sample":5,"src_nb":[4,3145728,3145744,15728720],"src_ne":[786432,1,5,1],"wall_us":486.416,"width":786432}
M5_COPY_CALL {"copy_bytes":15728640,"dst_nb":[4,3145728,18874368,94371840],"dst_ne":[786432,1,5,1],"layout":"strided","phase":"measure","rows":5,"sample":6,"src_nb":[4,3145728,3145744,15728720],"src_ne":[786432,1,5,1],"width":786432}
M5_PROFILE {"context":"7b1ec9cc00","graph":225,"cb":1,"original_nodes":3,"gpu_start_s":245034.093874500,"gpu_end_s":245034.094197750,"gpu_ms":0.323250,"valid":true,"completed":true,"op_counts":{"CPY":1,"VIEW":2}}
M5_COPY_RETURN {"copy_bytes":15728640,"dst_nb":[4,3145728,18874368,94371840],"dst_ne":[786432,1,5,1],"layout":"strided","phase":"measure","rows":5,"sample":6,"src_nb":[4,3145728,3145744,15728720],"src_ne":[786432,1,5,1],"wall_us":492.083,"width":786432}
M5_COPY_CALL {"copy_bytes":15728640,"dst_nb":[4,3145728,18874368,94371840],"dst_ne":[786432,1,5,1],"layout":"strided","phase":"measure","rows":5,"sample":7,"src_nb":[4,3145728,3145744,15728720],"src_ne":[786432,1,5,1],"width":786432}
M5_PROFILE {"context":"7b1ec9cc00","graph":226,"cb":1,"original_nodes":3,"gpu_start_s":245034.094369667,"gpu_end_s":245034.094693250,"gpu_ms":0.323583,"valid":true,"completed":true,"op_counts":{"CPY":1,"VIEW":2}}
M5_COPY_RETURN {"copy_bytes":15728640,"dst_nb":[4,3145728,18874368,94371840],"dst_ne":[786432,1,5,1],"layout":"strided","phase":"measure","rows":5,"sample":7,"src_nb":[4,3145728,3145744,15728720],"src_ne":[786432,1,5,1],"wall_us":494.25,"width":786432}
M5_COPY_CALL {"copy_bytes":15728640,"dst_nb":[4,3145728,18874368,94371840],"dst_ne":[786432,1,5,1],"layout":"strided","phase":"measure","rows":5,"sample":8,"src_nb":[4,3145728,3145744,15728720],"src_ne":[786432,1,5,1],"width":786432}
M5_PROFILE {"context":"7b1ec9cc00","graph":227,"cb":1,"original_nodes":3,"gpu_start_s":245034.094872625,"gpu_end_s":245034.095196000,"gpu_ms":0.323375,"valid":true,"completed":true,"op_counts":{"CPY":1,"VIEW":2}}
M5_COPY_RETURN {"copy_bytes":15728640,"dst_nb":[4,3145728,18874368,94371840],"dst_ne":[786432,1,5,1],"layout":"strided","phase":"measure","rows":5,"sample":8,"src_nb":[4,3145728,3145744,15728720],"src_ne":[786432,1,5,1],"wall_us":492.583,"width":786432}
M5_COPY_CALL {"copy_bytes":15728640,"dst_nb":[4,3145728,18874368,94371840],"dst_ne":[786432,1,5,1],"layout":"strided","phase":"measure","rows":5,"sample":9,"src_nb":[4,3145728,3145744,15728720],"src_ne":[786432,1,5,1],"width":786432}
M5_PROFILE {"context":"7b1ec9cc00","graph":228,"cb":1,"original_nodes":3,"gpu_start_s":245034.095383917,"gpu_end_s":245034.095707125,"gpu_ms":0.323208,"valid":true,"completed":true,"op_counts":{"CPY":1,"VIEW":2}}
M5_COPY_RETURN {"copy_bytes":15728640,"dst_nb":[4,3145728,18874368,94371840],"dst_ne":[786432,1,5,1],"layout":"strided","phase":"measure","rows":5,"sample":9,"src_nb":[4,3145728,3145744,15728720],"src_ne":[786432,1,5,1],"wall_us":502.042,"width":786432}
M5_COPY_CALL {"copy_bytes":15728640,"dst_nb":[4,3145728,18874368,94371840],"dst_ne":[786432,1,5,1],"layout":"strided","phase":"measure","rows":5,"sample":10,"src_nb":[4,3145728,3145744,15728720],"src_ne":[786432,1,5,1],"width":786432}
M5_PROFILE {"context":"7b1ec9cc00","graph":229,"cb":1,"original_nodes":3,"gpu_start_s":245034.095903875,"gpu_end_s":245034.096227000,"gpu_ms":0.323125,"valid":true,"completed":true,"op_counts":{"CPY":1,"VIEW":2}}
M5_COPY_RETURN {"copy_bytes":15728640,"dst_nb":[4,3145728,18874368,94371840],"dst_ne":[786432,1,5,1],"layout":"strided","phase":"measure","rows":5,"sample":10,"src_nb":[4,3145728,3145744,15728720],"src_ne":[786432,1,5,1],"wall_us":513.292,"width":786432}
M5_COPY_CALL {"copy_bytes":15728640,"dst_nb":[4,3145728,18874368,94371840],"dst_ne":[786432,1,5,1],"layout":"strided","phase":"measure","rows":5,"sample":11,"src_nb":[4,3145728,3145744,15728720],"src_ne":[786432,1,5,1],"width":786432}
M5_PROFILE {"context":"7b1ec9cc00","graph":230,"cb":1,"original_nodes":3,"gpu_start_s":245034.096411417,"gpu_end_s":245034.096734542,"gpu_ms":0.323125,"valid":true,"completed":true,"op_counts":{"CPY":1,"VIEW":2}}
M5_COPY_RETURN {"copy_bytes":15728640,"dst_nb":[4,3145728,18874368,94371840],"dst_ne":[786432,1,5,1],"layout":"strided","phase":"measure","rows":5,"sample":11,"src_nb":[4,3145728,3145744,15728720],"src_ne":[786432,1,5,1],"wall_us":503.167,"width":786432}
M5_COPY_CALL {"copy_bytes":15728640,"dst_nb":[4,3145728,18874368,94371840],"dst_ne":[786432,1,5,1],"layout":"strided","phase":"measure","rows":5,"sample":12,"src_nb":[4,3145728,3145744,15728720],"src_ne":[786432,1,5,1],"width":786432}
M5_PROFILE {"context":"7b1ec9cc00","graph":231,"cb":1,"original_nodes":3,"gpu_start_s":245034.096966167,"gpu_end_s":245034.097289375,"gpu_ms":0.323208,"valid":true,"completed":true,"op_counts":{"CPY":1,"VIEW":2}}
M5_COPY_RETURN {"copy_bytes":15728640,"dst_nb":[4,3145728,18874368,94371840],"dst_ne":[786432,1,5,1],"layout":"strided","phase":"measure","rows":5,"sample":12,"src_nb":[4,3145728,3145744,15728720],"src_ne":[786432,1,5,1],"wall_us":548.042,"width":786432}
M5_COPY_CALL {"copy_bytes":15728640,"dst_nb":[4,3145728,18874368,94371840],"dst_ne":[786432,1,5,1],"layout":"strided","phase":"measure","rows":5,"sample":13,"src_nb":[4,3145728,3145744,15728720],"src_ne":[786432,1,5,1],"width":786432}
M5_PROFILE {"context":"7b1ec9cc00","graph":232,"cb":1,"original_nodes":3,"gpu_start_s":245034.097529292,"gpu_end_s":245034.097822292,"gpu_ms":0.293000,"valid":true,"completed":true,"op_counts":{"CPY":1,"VIEW":2}}
M5_COPY_RETURN {"copy_bytes":15728640,"dst_nb":[4,3145728,18874368,94371840],"dst_ne":[786432,1,5,1],"layout":"strided","phase":"measure","rows":5,"sample":13,"src_nb":[4,3145728,3145744,15728720],"src_ne":[786432,1,5,1],"wall_us":527.542,"width":786432}
M5_COPY_CALL {"copy_bytes":15728640,"dst_nb":[4,3145728,18874368,94371840],"dst_ne":[786432,1,5,1],"layout":"strided","phase":"measure","rows":5,"sample":14,"src_nb":[4,3145728,3145744,15728720],"src_ne":[786432,1,5,1],"width":786432}
M5_PROFILE {"context":"7b1ec9cc00","graph":233,"cb":1,"original_nodes":3,"gpu_start_s":245034.098042750,"gpu_end_s":245034.098316875,"gpu_ms":0.274125,"valid":true,"completed":true,"op_counts":{"CPY":1,"VIEW":2}}
M5_COPY_RETURN {"copy_bytes":15728640,"dst_nb":[4,3145728,18874368,94371840],"dst_ne":[786432,1,5,1],"layout":"strided","phase":"measure","rows":5,"sample":14,"src_nb":[4,3145728,3145744,15728720],"src_ne":[786432,1,5,1],"wall_us":486.917,"width":786432}
M5_COPY_CALL {"copy_bytes":15728640,"dst_nb":[4,3145728,18874368,94371840],"dst_ne":[786432,1,5,1],"layout":"strided","phase":"measure","rows":5,"sample":15,"src_nb":[4,3145728,3145744,15728720],"src_ne":[786432,1,5,1],"width":786432}
M5_PROFILE {"context":"7b1ec9cc00","graph":234,"cb":1,"original_nodes":3,"gpu_start_s":245034.098494125,"gpu_end_s":245034.098768417,"gpu_ms":0.274292,"valid":true,"completed":true,"op_counts":{"CPY":1,"VIEW":2}}
M5_COPY_RETURN {"copy_bytes":15728640,"dst_nb":[4,3145728,18874368,94371840],"dst_ne":[786432,1,5,1],"layout":"strided","phase":"measure","rows":5,"sample":15,"src_nb":[4,3145728,3145744,15728720],"src_ne":[786432,1,5,1],"wall_us":445.917,"width":786432}
M5_COPY_CALL {"copy_bytes":15728640,"dst_nb":[4,3145728,18874368,94371840],"dst_ne":[786432,1,5,1],"layout":"strided","phase":"measure","rows":5,"sample":16,"src_nb":[4,3145728,3145744,15728720],"src_ne":[786432,1,5,1],"width":786432}
M5_PROFILE {"context":"7b1ec9cc00","graph":235,"cb":1,"original_nodes":3,"gpu_start_s":245034.098993250,"gpu_end_s":245034.099267375,"gpu_ms":0.274125,"valid":true,"completed":true,"op_counts":{"CPY":1,"VIEW":2}}
M5_COPY_RETURN {"copy_bytes":15728640,"dst_nb":[4,3145728,18874368,94371840],"dst_ne":[786432,1,5,1],"layout":"strided","phase":"measure","rows":5,"sample":16,"src_nb":[4,3145728,3145744,15728720],"src_ne":[786432,1,5,1],"wall_us":492.167,"width":786432}
M5_COPY_CALL {"copy_bytes":15728640,"dst_nb":[4,3145728,18874368,94371840],"dst_ne":[786432,1,5,1],"layout":"strided","phase":"measure","rows":5,"sample":17,"src_nb":[4,3145728,3145744,15728720],"src_ne":[786432,1,5,1],"width":786432}
M5_PROFILE {"context":"7b1ec9cc00","graph":236,"cb":1,"original_nodes":3,"gpu_start_s":245034.099432000,"gpu_end_s":245034.099706375,"gpu_ms":0.274375,"valid":true,"completed":true,"op_counts":{"CPY":1,"VIEW":2}}
M5_COPY_RETURN {"copy_bytes":15728640,"dst_nb":[4,3145728,18874368,94371840],"dst_ne":[786432,1,5,1],"layout":"strided","phase":"measure","rows":5,"sample":17,"src_nb":[4,3145728,3145744,15728720],"src_ne":[786432,1,5,1],"wall_us":431.833,"width":786432}
M5_COPY_CALL {"copy_bytes":15728640,"dst_nb":[4,3145728,18874368,94371840],"dst_ne":[786432,1,5,1],"layout":"strided","phase":"measure","rows":5,"sample":18,"src_nb":[4,3145728,3145744,15728720],"src_ne":[786432,1,5,1],"width":786432}
M5_PROFILE {"context":"7b1ec9cc00","graph":237,"cb":1,"original_nodes":3,"gpu_start_s":245034.099873542,"gpu_end_s":245034.100148125,"gpu_ms":0.274583,"valid":true,"completed":true,"op_counts":{"CPY":1,"VIEW":2}}
M5_COPY_RETURN {"copy_bytes":15728640,"dst_nb":[4,3145728,18874368,94371840],"dst_ne":[786432,1,5,1],"layout":"strided","phase":"measure","rows":5,"sample":18,"src_nb":[4,3145728,3145744,15728720],"src_ne":[786432,1,5,1],"wall_us":522.417,"width":786432}
M5_COPY_CALL {"copy_bytes":15728640,"dst_nb":[4,3145728,18874368,94371840],"dst_ne":[786432,1,5,1],"layout":"strided","phase":"measure","rows":5,"sample":19,"src_nb":[4,3145728,3145744,15728720],"src_ne":[786432,1,5,1],"width":786432}
M5_PROFILE {"context":"7b1ec9cc00","graph":238,"cb":1,"original_nodes":3,"gpu_start_s":245034.100443667,"gpu_end_s":245034.100718000,"gpu_ms":0.274333,"valid":true,"completed":true,"op_counts":{"CPY":1,"VIEW":2}}
M5_COPY_RETURN {"copy_bytes":15728640,"dst_nb":[4,3145728,18874368,94371840],"dst_ne":[786432,1,5,1],"layout":"strided","phase":"measure","rows":5,"sample":19,"src_nb":[4,3145728,3145744,15728720],"src_ne":[786432,1,5,1],"wall_us":445.167,"width":786432}
M5_COPY_CALL {"copy_bytes":15728640,"dst_nb":[4,3145728,18874368,94371840],"dst_ne":[786432,1,5,1],"layout":"strided","phase":"measure","rows":5,"sample":20,"src_nb":[4,3145728,3145744,15728720],"src_ne":[786432,1,5,1],"width":786432}
M5_PROFILE {"context":"7b1ec9cc00","graph":239,"cb":1,"original_nodes":3,"gpu_start_s":245034.100879625,"gpu_end_s":245034.101154042,"gpu_ms":0.274417,"valid":true,"completed":true,"op_counts":{"CPY":1,"VIEW":2}}
M5_COPY_RETURN {"copy_bytes":15728640,"dst_nb":[4,3145728,18874368,94371840],"dst_ne":[786432,1,5,1],"layout":"strided","phase":"measure","rows":5,"sample":20,"src_nb":[4,3145728,3145744,15728720],"src_ne":[786432,1,5,1],"wall_us":433.5,"width":786432}
M5_COPY_CALL {"copy_bytes":15728640,"dst_nb":[4,3145728,18874368,94371840],"dst_ne":[786432,1,5,1],"layout":"strided","phase":"measure","rows":5,"sample":21,"src_nb":[4,3145728,3145744,15728720],"src_ne":[786432,1,5,1],"width":786432}
M5_PROFILE {"context":"7b1ec9cc00","graph":240,"cb":1,"original_nodes":3,"gpu_start_s":245034.101366750,"gpu_end_s":245034.101641125,"gpu_ms":0.274375,"valid":true,"completed":true,"op_counts":{"CPY":1,"VIEW":2}}
M5_COPY_RETURN {"copy_bytes":15728640,"dst_nb":[4,3145728,18874368,94371840],"dst_ne":[786432,1,5,1],"layout":"strided","phase":"measure","rows":5,"sample":21,"src_nb":[4,3145728,3145744,15728720],"src_ne":[786432,1,5,1],"wall_us":471.75,"width":786432}
M5_COPY_CALL {"copy_bytes":15728640,"dst_nb":[4,3145728,18874368,94371840],"dst_ne":[786432,1,5,1],"layout":"strided","phase":"measure","rows":5,"sample":22,"src_nb":[4,3145728,3145744,15728720],"src_ne":[786432,1,5,1],"width":786432}
M5_PROFILE {"context":"7b1ec9cc00","graph":241,"cb":1,"original_nodes":3,"gpu_start_s":245034.101866000,"gpu_end_s":245034.102140167,"gpu_ms":0.274167,"valid":true,"completed":true,"op_counts":{"CPY":1,"VIEW":2}}
M5_COPY_RETURN {"copy_bytes":15728640,"dst_nb":[4,3145728,18874368,94371840],"dst_ne":[786432,1,5,1],"layout":"strided","phase":"measure","rows":5,"sample":22,"src_nb":[4,3145728,3145744,15728720],"src_ne":[786432,1,5,1],"wall_us":495.583,"width":786432}
M5_COPY_CALL {"copy_bytes":15728640,"dst_nb":[4,3145728,18874368,94371840],"dst_ne":[786432,1,5,1],"layout":"strided","phase":"measure","rows":5,"sample":23,"src_nb":[4,3145728,3145744,15728720],"src_ne":[786432,1,5,1],"width":786432}
M5_PROFILE {"context":"7b1ec9cc00","graph":242,"cb":1,"original_nodes":3,"gpu_start_s":245034.102311750,"gpu_end_s":245034.102585917,"gpu_ms":0.274167,"valid":true,"completed":true,"op_counts":{"CPY":1,"VIEW":2}}
M5_COPY_RETURN {"copy_bytes":15728640,"dst_nb":[4,3145728,18874368,94371840],"dst_ne":[786432,1,5,1],"layout":"strided","phase":"measure","rows":5,"sample":23,"src_nb":[4,3145728,3145744,15728720],"src_ne":[786432,1,5,1],"wall_us":438.083,"width":786432}
M5_COPY_CALL {"copy_bytes":15728640,"dst_nb":[4,3145728,18874368,94371840],"dst_ne":[786432,1,5,1],"layout":"strided","phase":"measure","rows":5,"sample":24,"src_nb":[4,3145728,3145744,15728720],"src_ne":[786432,1,5,1],"width":786432}
M5_PROFILE {"context":"7b1ec9cc00","graph":243,"cb":1,"original_nodes":3,"gpu_start_s":245034.102768292,"gpu_end_s":245034.103042625,"gpu_ms":0.274333,"valid":true,"completed":true,"op_counts":{"CPY":1,"VIEW":2}}
M5_COPY_RETURN {"copy_bytes":15728640,"dst_nb":[4,3145728,18874368,94371840],"dst_ne":[786432,1,5,1],"layout":"strided","phase":"measure","rows":5,"sample":24,"src_nb":[4,3145728,3145744,15728720],"src_ne":[786432,1,5,1],"wall_us":514.125,"width":786432}
M5_COPY_CALL {"copy_bytes":15728640,"dst_nb":[4,3145728,18874368,94371840],"dst_ne":[786432,1,5,1],"layout":"strided","phase":"measure","rows":5,"sample":25,"src_nb":[4,3145728,3145744,15728720],"src_ne":[786432,1,5,1],"width":786432}
M5_PROFILE {"context":"7b1ec9cc00","graph":244,"cb":1,"original_nodes":3,"gpu_start_s":245034.103311042,"gpu_end_s":245034.103585292,"gpu_ms":0.274250,"valid":true,"completed":true,"op_counts":{"CPY":1,"VIEW":2}}
M5_COPY_RETURN {"copy_bytes":15728640,"dst_nb":[4,3145728,18874368,94371840],"dst_ne":[786432,1,5,1],"layout":"strided","phase":"measure","rows":5,"sample":25,"src_nb":[4,3145728,3145744,15728720],"src_ne":[786432,1,5,1],"wall_us":447.583,"width":786432}
M5_COPY_CALL {"copy_bytes":15728640,"dst_nb":[4,3145728,18874368,94371840],"dst_ne":[786432,1,5,1],"layout":"strided","phase":"measure","rows":5,"sample":26,"src_nb":[4,3145728,3145744,15728720],"src_ne":[786432,1,5,1],"width":786432}
M5_PROFILE {"context":"7b1ec9cc00","graph":245,"cb":1,"original_nodes":3,"gpu_start_s":245034.103764000,"gpu_end_s":245034.104038417,"gpu_ms":0.274417,"valid":true,"completed":true,"op_counts":{"CPY":1,"VIEW":2}}
M5_COPY_RETURN {"copy_bytes":15728640,"dst_nb":[4,3145728,18874368,94371840],"dst_ne":[786432,1,5,1],"layout":"strided","phase":"measure","rows":5,"sample":26,"src_nb":[4,3145728,3145744,15728720],"src_ne":[786432,1,5,1],"wall_us":448.875,"width":786432}
M5_COPY_CALL {"copy_bytes":15728640,"dst_nb":[4,3145728,18874368,94371840],"dst_ne":[786432,1,5,1],"layout":"strided","phase":"measure","rows":5,"sample":27,"src_nb":[4,3145728,3145744,15728720],"src_ne":[786432,1,5,1],"width":786432}
M5_PROFILE {"context":"7b1ec9cc00","graph":246,"cb":1,"original_nodes":3,"gpu_start_s":245034.104236750,"gpu_end_s":245034.104511042,"gpu_ms":0.274292,"valid":true,"completed":true,"op_counts":{"CPY":1,"VIEW":2}}
M5_COPY_RETURN {"copy_bytes":15728640,"dst_nb":[4,3145728,18874368,94371840],"dst_ne":[786432,1,5,1],"layout":"strided","phase":"measure","rows":5,"sample":27,"src_nb":[4,3145728,3145744,15728720],"src_ne":[786432,1,5,1],"wall_us":463.667,"width":786432}
M5_COPY_CALL {"copy_bytes":15728640,"dst_nb":[4,3145728,18874368,94371840],"dst_ne":[786432,1,5,1],"layout":"strided","phase":"measure","rows":5,"sample":28,"src_nb":[4,3145728,3145744,15728720],"src_ne":[786432,1,5,1],"width":786432}
M5_PROFILE {"context":"7b1ec9cc00","graph":247,"cb":1,"original_nodes":3,"gpu_start_s":245034.104727875,"gpu_end_s":245034.105002167,"gpu_ms":0.274292,"valid":true,"completed":true,"op_counts":{"CPY":1,"VIEW":2}}
M5_COPY_RETURN {"copy_bytes":15728640,"dst_nb":[4,3145728,18874368,94371840],"dst_ne":[786432,1,5,1],"layout":"strided","phase":"measure","rows":5,"sample":28,"src_nb":[4,3145728,3145744,15728720],"src_ne":[786432,1,5,1],"wall_us":484.042,"width":786432}
M5_COPY_CALL {"copy_bytes":15728640,"dst_nb":[4,3145728,18874368,94371840],"dst_ne":[786432,1,5,1],"layout":"strided","phase":"measure","rows":5,"sample":29,"src_nb":[4,3145728,3145744,15728720],"src_ne":[786432,1,5,1],"width":786432}
M5_PROFILE {"context":"7b1ec9cc00","graph":248,"cb":1,"original_nodes":3,"gpu_start_s":245034.105176500,"gpu_end_s":245034.105450750,"gpu_ms":0.274250,"valid":true,"completed":true,"op_counts":{"CPY":1,"VIEW":2}}
M5_COPY_RETURN {"copy_bytes":15728640,"dst_nb":[4,3145728,18874368,94371840],"dst_ne":[786432,1,5,1],"layout":"strided","phase":"measure","rows":5,"sample":29,"src_nb":[4,3145728,3145744,15728720],"src_ne":[786432,1,5,1],"wall_us":439.708,"width":786432}
M5_COPY_CALL {"copy_bytes":15728640,"dst_nb":[4,3145728,18874368,94371840],"dst_ne":[786432,1,5,1],"layout":"strided","phase":"measure","rows":5,"sample":30,"src_nb":[4,3145728,3145744,15728720],"src_ne":[786432,1,5,1],"width":786432}
M5_PROFILE {"context":"7b1ec9cc00","graph":249,"cb":1,"original_nodes":3,"gpu_start_s":245034.105607000,"gpu_end_s":245034.105881292,"gpu_ms":0.274292,"valid":true,"completed":true,"op_counts":{"CPY":1,"VIEW":2}}
M5_COPY_RETURN {"copy_bytes":15728640,"dst_nb":[4,3145728,18874368,94371840],"dst_ne":[786432,1,5,1],"layout":"strided","phase":"measure","rows":5,"sample":30,"src_nb":[4,3145728,3145744,15728720],"src_ne":[786432,1,5,1],"wall_us":435.667,"width":786432}
M5_COPY_CALL {"copy_bytes":15728640,"dst_nb":[4,3145728,18874368,94371840],"dst_ne":[786432,1,5,1],"layout":"strided","phase":"measure","rows":5,"sample":31,"src_nb":[4,3145728,3145744,15728720],"src_ne":[786432,1,5,1],"width":786432}
M5_PROFILE {"context":"7b1ec9cc00","graph":250,"cb":1,"original_nodes":3,"gpu_start_s":245034.106129250,"gpu_end_s":245034.106403667,"gpu_ms":0.274417,"valid":true,"completed":true,"op_counts":{"CPY":1,"VIEW":2}}
M5_COPY_RETURN {"copy_bytes":15728640,"dst_nb":[4,3145728,18874368,94371840],"dst_ne":[786432,1,5,1],"layout":"strided","phase":"measure","rows":5,"sample":31,"src_nb":[4,3145728,3145744,15728720],"src_ne":[786432,1,5,1],"wall_us":590.666,"width":786432}
M5_COPY_CALL {"copy_bytes":15728640,"dst_nb":[4,3145728,18874368,94371840],"dst_ne":[786432,1,5,1],"layout":"strided","phase":"measure","rows":5,"sample":32,"src_nb":[4,3145728,3145744,15728720],"src_ne":[786432,1,5,1],"width":786432}
M5_PROFILE {"context":"7b1ec9cc00","graph":251,"cb":1,"original_nodes":3,"gpu_start_s":245034.106694542,"gpu_end_s":245034.106968792,"gpu_ms":0.274250,"valid":true,"completed":true,"op_counts":{"CPY":1,"VIEW":2}}
M5_COPY_RETURN {"copy_bytes":15728640,"dst_nb":[4,3145728,18874368,94371840],"dst_ne":[786432,1,5,1],"layout":"strided","phase":"measure","rows":5,"sample":32,"src_nb":[4,3145728,3145744,15728720],"src_ne":[786432,1,5,1],"wall_us":454.791,"width":786432}
M5_COPY_CALL {"copy_bytes":15728640,"dst_nb":[4,3145728,18874368,94371840],"dst_ne":[786432,1,5,1],"layout":"strided","phase":"measure","rows":5,"sample":33,"src_nb":[4,3145728,3145744,15728720],"src_ne":[786432,1,5,1],"width":786432}
M5_PROFILE {"context":"7b1ec9cc00","graph":252,"cb":1,"original_nodes":3,"gpu_start_s":245034.107132500,"gpu_end_s":245034.107406875,"gpu_ms":0.274375,"valid":true,"completed":true,"op_counts":{"CPY":1,"VIEW":2}}
M5_COPY_RETURN {"copy_bytes":15728640,"dst_nb":[4,3145728,18874368,94371840],"dst_ne":[786432,1,5,1],"layout":"strided","phase":"measure","rows":5,"sample":33,"src_nb":[4,3145728,3145744,15728720],"src_ne":[786432,1,5,1],"wall_us":520.416,"width":786432}
M5_COPY_CALL {"copy_bytes":15728640,"dst_nb":[4,3145728,18874368,94371840],"dst_ne":[786432,1,5,1],"layout":"strided","phase":"measure","rows":5,"sample":34,"src_nb":[4,3145728,3145744,15728720],"src_ne":[786432,1,5,1],"width":786432}
M5_PROFILE {"context":"7b1ec9cc00","graph":253,"cb":1,"original_nodes":3,"gpu_start_s":245034.107697917,"gpu_end_s":245034.107972292,"gpu_ms":0.274375,"valid":true,"completed":true,"op_counts":{"CPY":1,"VIEW":2}}
M5_COPY_RETURN {"copy_bytes":15728640,"dst_nb":[4,3145728,18874368,94371840],"dst_ne":[786432,1,5,1],"layout":"strided","phase":"measure","rows":5,"sample":34,"src_nb":[4,3145728,3145744,15728720],"src_ne":[786432,1,5,1],"wall_us":442.792,"width":786432}
M5_COPY_CALL {"copy_bytes":15728640,"dst_nb":[4,3145728,18874368,94371840],"dst_ne":[786432,1,5,1],"layout":"strided","phase":"measure","rows":5,"sample":35,"src_nb":[4,3145728,3145744,15728720],"src_ne":[786432,1,5,1],"width":786432}
M5_PROFILE {"context":"7b1ec9cc00","graph":254,"cb":1,"original_nodes":3,"gpu_start_s":245034.108152750,"gpu_end_s":245034.108427125,"gpu_ms":0.274375,"valid":true,"completed":true,"op_counts":{"CPY":1,"VIEW":2}}
M5_COPY_RETURN {"copy_bytes":15728640,"dst_nb":[4,3145728,18874368,94371840],"dst_ne":[786432,1,5,1],"layout":"strided","phase":"measure","rows":5,"sample":35,"src_nb":[4,3145728,3145744,15728720],"src_ne":[786432,1,5,1],"wall_us":447.708,"width":786432}
M5_COPY_CALL {"copy_bytes":15728640,"dst_nb":[4,3145728,18874368,94371840],"dst_ne":[786432,1,5,1],"layout":"strided","phase":"measure","rows":5,"sample":36,"src_nb":[4,3145728,3145744,15728720],"src_ne":[786432,1,5,1],"width":786432}
M5_PROFILE {"context":"7b1ec9cc00","graph":255,"cb":1,"original_nodes":3,"gpu_start_s":245034.108612167,"gpu_end_s":245034.108886250,"gpu_ms":0.274083,"valid":true,"completed":true,"op_counts":{"CPY":1,"VIEW":2}}
M5_COPY_RETURN {"copy_bytes":15728640,"dst_nb":[4,3145728,18874368,94371840],"dst_ne":[786432,1,5,1],"layout":"strided","phase":"measure","rows":5,"sample":36,"src_nb":[4,3145728,3145744,15728720],"src_ne":[786432,1,5,1],"wall_us":450.5,"width":786432}
M5_COPY_CALL {"copy_bytes":15728640,"dst_nb":[4,3145728,18874368,94371840],"dst_ne":[786432,1,5,1],"layout":"strided","phase":"measure","rows":5,"sample":37,"src_nb":[4,3145728,3145744,15728720],"src_ne":[786432,1,5,1],"width":786432}
M5_PROFILE {"context":"7b1ec9cc00","graph":256,"cb":1,"original_nodes":3,"gpu_start_s":245034.109066625,"gpu_end_s":245034.109340875,"gpu_ms":0.274250,"valid":true,"completed":true,"op_counts":{"CPY":1,"VIEW":2}}
M5_COPY_RETURN {"copy_bytes":15728640,"dst_nb":[4,3145728,18874368,94371840],"dst_ne":[786432,1,5,1],"layout":"strided","phase":"measure","rows":5,"sample":37,"src_nb":[4,3145728,3145744,15728720],"src_ne":[786432,1,5,1],"wall_us":447.208,"width":786432}
M5_COPY_CALL {"copy_bytes":15728640,"dst_nb":[4,3145728,18874368,94371840],"dst_ne":[786432,1,5,1],"layout":"strided","phase":"measure","rows":5,"sample":38,"src_nb":[4,3145728,3145744,15728720],"src_ne":[786432,1,5,1],"width":786432}
M5_PROFILE {"context":"7b1ec9cc00","graph":257,"cb":1,"original_nodes":3,"gpu_start_s":245034.109521417,"gpu_end_s":245034.109795750,"gpu_ms":0.274333,"valid":true,"completed":true,"op_counts":{"CPY":1,"VIEW":2}}
M5_COPY_RETURN {"copy_bytes":15728640,"dst_nb":[4,3145728,18874368,94371840],"dst_ne":[786432,1,5,1],"layout":"strided","phase":"measure","rows":5,"sample":38,"src_nb":[4,3145728,3145744,15728720],"src_ne":[786432,1,5,1],"wall_us":447.375,"width":786432}
M5_COPY_CALL {"copy_bytes":15728640,"dst_nb":[4,3145728,18874368,94371840],"dst_ne":[786432,1,5,1],"layout":"strided","phase":"measure","rows":5,"sample":39,"src_nb":[4,3145728,3145744,15728720],"src_ne":[786432,1,5,1],"width":786432}
M5_PROFILE {"context":"7b1ec9cc00","graph":258,"cb":1,"original_nodes":3,"gpu_start_s":245034.109977792,"gpu_end_s":245034.110252000,"gpu_ms":0.274208,"valid":true,"completed":true,"op_counts":{"CPY":1,"VIEW":2}}
M5_COPY_RETURN {"copy_bytes":15728640,"dst_nb":[4,3145728,18874368,94371840],"dst_ne":[786432,1,5,1],"layout":"strided","phase":"measure","rows":5,"sample":39,"src_nb":[4,3145728,3145744,15728720],"src_ne":[786432,1,5,1],"wall_us":450.333,"width":786432}
M5_COPY_PASS {"copy_bytes":15728640,"dst_nb":[4,3145728,18874368,94371840],"dst_ne":[786432,1,5,1],"layout":"strided","rows":5,"src_nb":[4,3145728,3145744,15728720],"src_ne":[786432,1,5,1],"width":786432}
ggml_metal_free: deallocating
M5_COPY_DONE {"mode":"perf","passed":6}
