ggml_metal_device_init: testing tensor API for f16 support
ggml_metal_library_compile_pipeline: compiling pipeline: base = 'dummy_kernel', name = 'dummy_kernel'
ggml_metal_library_compile_pipeline: loaded dummy_kernel                                  0x106bcd730 | th_max = 1024 | th_width =   32
ggml_metal_device_init: testing tensor API for bfloat support
ggml_metal_library_compile_pipeline: compiling pipeline: base = 'dummy_kernel', name = 'dummy_kernel'
ggml_metal_library_compile_pipeline: loaded dummy_kernel                                  0x106bcd8b0 | th_max = 1024 | th_width =   32
ggml_metal_library_init: using embedded metal library
ggml_metal_library_compile_all: compiled 'fa_aux' library in 0.000 sec
ggml_metal_library_compile_all: compiled 'fa_f16' library in 0.001 sec
ggml_metal_library_compile_all: compiled 'fa_f32' library in 0.002 sec
ggml_metal_library_compile_all: compiled 'fa_q4_0' library in 0.003 sec
ggml_metal_library_compile_all: compiled 'fa_q4_1' library in 0.005 sec
ggml_metal_library_compile_all: compiled 'fa_q5_0' library in 0.011 sec
ggml_metal_library_compile_all: compiled 'fa_q5_1' library in 0.007 sec
ggml_metal_library_compile_all: compiled 'fa_q8_0' library in 0.002 sec
ggml_metal_library_compile_all: compiled 'fa_vec_f16' library in 0.002 sec
ggml_metal_library_compile_all: compiled 'fa_vec_f32' library in 0.009 sec
ggml_metal_library_compile_all: compiled 'fa_vec_q4_0' library in 0.009 sec
ggml_metal_library_compile_all: compiled 'fa_vec_q4_1' library in 0.007 sec
ggml_metal_library_compile_all: compiled 'fa_vec_q5_0' library in 0.010 sec
ggml_metal_library_compile_all: compiled 'fa_vec_q5_1' library in 0.008 sec
ggml_metal_library_compile_all: compiled 'fa_vec_q8_0' library in 0.006 sec
ggml_metal_library_compile_all: compiled 'mul_mv' library in 0.003 sec
ggml_metal_library_compile_all: compiled 'mul_mv_mma' library in 0.004 sec
ggml_metal_library_compile_all: compiled 'mul_mm' library in 0.009 sec
ggml_metal_library_compile_all: compiled 'quantize' library in 0.004 sec
ggml_metal_library_compile_all: compiled 'softmax' library in 0.005 sec
ggml_metal_library_compile_all: compiled 'norm' library in 0.005 sec
ggml_metal_library_compile_all: compiled 'unary' library in 0.010 sec
ggml_metal_library_compile_all: compiled 'binbcast' library in 0.010 sec
ggml_metal_library_compile_all: compiled 'reduce' library in 0.008 sec
ggml_metal_library_compile_all: compiled 'tri' library in 0.005 sec
ggml_metal_library_compile_all: compiled 'ssm' library in 0.006 sec
ggml_metal_library_compile_all: compiled 'wkv' library in 0.003 sec
ggml_metal_library_compile_all: compiled 'gated_delta_net' library in 0.006 sec
ggml_metal_library_compile_all: compiled 'solve_tri' library in 0.008 sec
ggml_metal_library_compile_all: compiled 'rope' library in 0.006 sec
ggml_metal_library_compile_all: compiled 'conv' library in 0.002 sec
ggml_metal_library_compile_all: compiled 'upscale' library in 0.000 sec
ggml_metal_library_compile_all: compiled 'argsort' library in 0.000 sec
ggml_metal_library_compile_all: compiled 'pool' library in 0.005 sec
ggml_metal_library_compile_all: compiled 'misc' library in 0.000 sec
ggml_metal_library_compile_all: loaded 35 libraries from embedded data in 0.011 sec (max single = 0.011 sec)
ggml_metal_rsets_init: creating a residency set collection (keep_alive = 180 s)
ggml_metal_device_init: GPU name:   MTL0 (Apple M5 Pro)
ggml_metal_device_init: GPU family: MTLGPUFamilyApple10  (1010)
ggml_metal_device_init: GPU family: MTLGPUFamilyMetal4  (5002)
ggml_metal_device_init: simdgroup reduction   = true
ggml_metal_device_init: simdgroup matrix mul. = true
ggml_metal_device_init: has unified memory    = true
ggml_metal_device_init: has bfloat            = true
ggml_metal_device_init: has tensor            = true
ggml_metal_device_init: use residency sets    = true
ggml_metal_device_init: use shared buffers    = true
ggml_metal_device_init: recommendedMaxWorkingSetSize  = 40200.90 MB
ggml_metal_init: allocating
ggml_metal_init: found device: Apple M5 Pro
ggml_metal_init: picking default device: Apple M5 Pro
ggml_metal_init: use fusion         = true
ggml_metal_init: use concurrency    = true
ggml_metal_init: use graph optimize = true
ggml_metal_library_compile_pipeline: compiling pipeline: base = 'kernel_mul_mv_bf16_f32_4', name = 'kernel_mul_mv_bf16_f32_4_nsg=2_ne12=1_r2=1_r3=1_split=0'
ggml_metal_library_compile_pipeline: loaded kernel_mul_mv_bf16_f32_4_nsg=2_ne12=1_r2=1_r3=1_split=0     0x7b615b0000 | th_max = 1024 | th_width =   32
Testing 3 devices

Backend 1/3: MTL0
  Device description: Apple M5 Pro
  Device memory: 38338 MB (38338 MB free)

  MUL_MAT(type_a=bf16,type_b=f32,m=16,n=1,k=256,bs=[1,1],nr=[1,1],per=[0,1,2,3],k_v=0,o=1,src_overlap=0,m_v=0,pad=0): [1;32mOK[0m
ggml_metal_library_compile_pipeline: compiling pipeline: base = 'kernel_mul_mv_ext_bf16_f32_r1_2', name = 'kernel_mul_mv_ext_bf16_f32_r1_2_nsg=2_nxpsg=16_ne12=1_r2=1_r3=1'
ggml_metal_library_compile_pipeline: loaded kernel_mul_mv_ext_bf16_f32_r1_2_nsg=2_nxpsg=16_ne12=1_r2=1_r3=1     0x7b615b0a80 | th_max = 1024 | th_width =   32
  MUL_MAT(type_a=bf16,type_b=f32,m=16,n=2,k=256,bs=[1,1],nr=[1,1],per=[0,1,2,3],k_v=0,o=1,src_overlap=0,m_v=0,pad=0): [1;32mOK[0m
ggml_metal_library_compile_pipeline: compiling pipeline: base = 'kernel_mul_mv_ext_bf16_f32_r1_3', name = 'kernel_mul_mv_ext_bf16_f32_r1_3_nsg=2_nxpsg=8_ne12=1_r2=1_r3=1'
ggml_metal_library_compile_pipeline: loaded kernel_mul_mv_ext_bf16_f32_r1_3_nsg=2_nxpsg=8_ne12=1_r2=1_r3=1     0x7b615b0700 | th_max = 1024 | th_width =   32
  MUL_MAT(type_a=bf16,type_b=f32,m=16,n=3,k=256,bs=[1,1],nr=[1,1],per=[0,1,2,3],k_v=0,o=1,src_overlap=0,m_v=0,pad=0): [1;32mOK[0m
ggml_metal_library_compile_pipeline: compiling pipeline: base = 'kernel_mul_mv_mma_bf16_f32_nt1_rt1', name = 'kernel_mul_mv_mma_bf16_f32_nt1_rt1_nsg=4_ne12=1_r2=1_r3=1_ne00=0_add=0'
ggml_metal_library_compile_pipeline: loaded kernel_mul_mv_mma_bf16_f32_nt1_rt1_nsg=4_ne12=1_r2=1_r3=1_ne00=0_add=0     0x7b615b0380 | th_max = 1024 | th_width =   32
  MUL_MAT(type_a=bf16,type_b=f32,m=16,n=4,k=256,bs=[1,1],nr=[1,1],per=[0,1,2,3],k_v=0,o=1,src_overlap=0,m_v=0,pad=0): [1;32mOK[0m
  MUL_MAT(type_a=bf16,type_b=f32,m=16,n=5,k=256,bs=[1,1],nr=[1,1],per=[0,1,2,3],k_v=0,o=1,src_overlap=0,m_v=0,pad=0): [1;32mOK[0m
  MUL_MAT(type_a=bf16,type_b=f32,m=16,n=6,k=256,bs=[1,1],nr=[1,1],per=[0,1,2,3],k_v=0,o=1,src_overlap=0,m_v=0,pad=0): [1;32mOK[0m
  MUL_MAT(type_a=bf16,type_b=f32,m=16,n=7,k=256,bs=[1,1],nr=[1,1],per=[0,1,2,3],k_v=0,o=1,src_overlap=0,m_v=0,pad=0): [1;32mOK[0m
  MUL_MAT(type_a=bf16,type_b=f32,m=16,n=8,k=256,bs=[1,1],nr=[1,1],per=[0,1,2,3],k_v=0,o=1,src_overlap=0,m_v=0,pad=0): [1;32mOK[0m
ggml_metal_library_compile_pipeline: compiling pipeline: base = 'kernel_mul_mv_mma_bf16_f32_nt1_rt2', name = 'kernel_mul_mv_mma_bf16_f32_nt1_rt2_nsg=4_ne12=1_r2=1_r3=1_ne00=0_add=0'
ggml_metal_library_compile_pipeline: loaded kernel_mul_mv_mma_bf16_f32_nt1_rt2_nsg=4_ne12=1_r2=1_r3=1_ne00=0_add=0     0x7b615b1180 | th_max = 1024 | th_width =   32
  MUL_MAT(type_a=bf16,type_b=f32,m=16,n=9,k=256,bs=[1,1],nr=[1,1],per=[0,1,2,3],k_v=0,o=1,src_overlap=0,m_v=0,pad=0): [1;32mOK[0m
ggml_metal_library_compile_pipeline: compiling pipeline: base = 'kernel_mul_mv_bf16_f32_4', name = 'kernel_mul_mv_bf16_f32_4_nsg=4_ne12=1_r2=1_r3=1_split=0'
ggml_metal_library_compile_pipeline: loaded kernel_mul_mv_bf16_f32_4_nsg=4_ne12=1_r2=1_r3=1_split=0     0x7b615b1500 | th_max = 1024 | th_width =   32
  MUL_MAT(type_a=bf16,type_b=f32,m=16,n=1,k=4096,bs=[1,1],nr=[1,1],per=[0,1,2,3],k_v=0,o=1,src_overlap=0,m_v=0,pad=0): [1;32mOK[0m
ggml_metal_library_compile_pipeline: compiling pipeline: base = 'kernel_mul_mv_mma_bf16_f32_nt1_rt1', name = 'kernel_mul_mv_mma_bf16_f32_nt1_rt1_nsg=32_ne12=1_r2=1_r3=1_ne00=0_add=0'
ggml_metal_library_compile_pipeline: loaded kernel_mul_mv_mma_bf16_f32_nt1_rt1_nsg=32_ne12=1_r2=1_r3=1_ne00=0_add=0     0x7b615b0e00 | th_max = 1024 | th_width =   32
  MUL_MAT(type_a=bf16,type_b=f32,m=16,n=8,k=4096,bs=[1,1],nr=[1,1],per=[0,1,2,3],k_v=0,o=1,src_overlap=0,m_v=0,pad=0): [1;32mOK[0m
ggml_metal_library_compile_pipeline: compiling pipeline: base = 'kernel_mul_mv_q2_0_f32', name = 'kernel_mul_mv_q2_0_f32_nsg=2_ne12=1_r2=1_r3=1_split=0'
ggml_metal_library_compile_pipeline: loaded kernel_mul_mv_q2_0_f32_nsg=2_ne12=1_r2=1_r3=1_split=0     0x7b615b1c00 | th_max = 1024 | th_width =   32
  MUL_MAT(type_a=q2_0,type_b=f32,m=16,n=1,k=256,bs=[1,1],nr=[1,1],per=[0,1,2,3],k_v=0,o=1,src_overlap=0,m_v=0,pad=0): [1;32mOK[0m
ggml_metal_library_compile_pipeline: compiling pipeline: base = 'kernel_mul_mv_ext_q2_0_f32_r1_2', name = 'kernel_mul_mv_ext_q2_0_f32_r1_2_nsg=2_nxpsg=16_ne12=1_r2=1_r3=1'
ggml_metal_library_compile_pipeline: loaded kernel_mul_mv_ext_q2_0_f32_r1_2_nsg=2_nxpsg=16_ne12=1_r2=1_r3=1     0x7b615b1880 | th_max = 1024 | th_width =   32
  MUL_MAT(type_a=q2_0,type_b=f32,m=16,n=2,k=256,bs=[1,1],nr=[1,1],per=[0,1,2,3],k_v=0,o=1,src_overlap=0,m_v=0,pad=0): [1;32mOK[0m
ggml_metal_library_compile_pipeline: compiling pipeline: base = 'kernel_mul_mv_mma_q2_0_f32_nt1_rt1', name = 'kernel_mul_mv_mma_q2_0_f32_nt1_rt1_nsg=4_ne12=1_r2=1_r3=1_ne00=0_add=0'
ggml_metal_library_compile_pipeline: loaded kernel_mul_mv_mma_q2_0_f32_nt1_rt1_nsg=4_ne12=1_r2=1_r3=1_ne00=0_add=0     0x7b615b1f80 | th_max = 1024 | th_width =   32
  MUL_MAT(type_a=q2_0,type_b=f32,m=16,n=3,k=256,bs=[1,1],nr=[1,1],per=[0,1,2,3],k_v=0,o=1,src_overlap=0,m_v=0,pad=0): [1;32mOK[0m
  MUL_MAT(type_a=q2_0,type_b=f32,m=16,n=4,k=256,bs=[1,1],nr=[1,1],per=[0,1,2,3],k_v=0,o=1,src_overlap=0,m_v=0,pad=0): [1;32mOK[0m
  MUL_MAT(type_a=q2_0,type_b=f32,m=16,n=5,k=256,bs=[1,1],nr=[1,1],per=[0,1,2,3],k_v=0,o=1,src_overlap=0,m_v=0,pad=0): [1;32mOK[0m
  MUL_MAT(type_a=q2_0,type_b=f32,m=16,n=6,k=256,bs=[1,1],nr=[1,1],per=[0,1,2,3],k_v=0,o=1,src_overlap=0,m_v=0,pad=0): [1;32mOK[0m
  MUL_MAT(type_a=q2_0,type_b=f32,m=16,n=7,k=256,bs=[1,1],nr=[1,1],per=[0,1,2,3],k_v=0,o=1,src_overlap=0,m_v=0,pad=0): [1;32mOK[0m
  MUL_MAT(type_a=q2_0,type_b=f32,m=16,n=8,k=256,bs=[1,1],nr=[1,1],per=[0,1,2,3],k_v=0,o=1,src_overlap=0,m_v=0,pad=0): [1;32mOK[0m
ggml_metal_library_compile_pipeline: compiling pipeline: base = 'kernel_mul_mv_mma_q2_0_f32_nt1_rt2', name = 'kernel_mul_mv_mma_q2_0_f32_nt1_rt2_nsg=4_ne12=1_r2=1_r3=1_ne00=0_add=0'
ggml_metal_library_compile_pipeline: loaded kernel_mul_mv_mma_q2_0_f32_nt1_rt2_nsg=4_ne12=1_r2=1_r3=1_ne00=0_add=0     0x7b615b2a00 | th_max = 1024 | th_width =   32
  MUL_MAT(type_a=q2_0,type_b=f32,m=16,n=9,k=256,bs=[1,1],nr=[1,1],per=[0,1,2,3],k_v=0,o=1,src_overlap=0,m_v=0,pad=0): [1;32mOK[0m
  MUL_MAT(type_a=q2_0,type_b=f32,m=16,n=1,k=4096,bs=[1,1],nr=[1,1],per=[0,1,2,3],k_v=0,o=1,src_overlap=0,m_v=0,pad=0): [1;32mOK[0m
ggml_metal_library_compile_pipeline: compiling pipeline: base = 'kernel_mul_mv_mma_q2_0_f32_nt1_rt1', name = 'kernel_mul_mv_mma_q2_0_f32_nt1_rt1_nsg=32_ne12=1_r2=1_r3=1_ne00=0_add=0'
ggml_metal_library_compile_pipeline: loaded kernel_mul_mv_mma_q2_0_f32_nt1_rt1_nsg=32_ne12=1_r2=1_r3=1_ne00=0_add=0     0x7b615b2680 | th_max = 1024 | th_width =   32
  MUL_MAT(type_a=q2_0,type_b=f32,m=16,n=8,k=4096,bs=[1,1],nr=[1,1],per=[0,1,2,3],k_v=0,o=1,src_overlap=0,m_v=0,pad=0): [1;32mOK[0m
ggml_metal_library_compile_pipeline: compiling pipeline: base = 'kernel_mul_mv_q3_K_f32', name = 'kernel_mul_mv_q3_K_f32_nsg=2_ne12=1_r2=1_r3=1_split=0'
ggml_metal_library_compile_pipeline: loaded kernel_mul_mv_q3_K_f32_nsg=2_ne12=1_r2=1_r3=1_split=0     0x7b615b2d80 | th_max = 1024 | th_width =   32
  MUL_MAT(type_a=q3_K,type_b=f32,m=16,n=1,k=256,bs=[1,1],nr=[1,1],per=[0,1,2,3],k_v=0,o=1,src_overlap=0,m_v=0,pad=0): [1;32mOK[0m
ggml_metal_library_compile_pipeline: compiling pipeline: base = 'kernel_mul_mv_mma_q3_K_f32_nt1_rt1', name = 'kernel_mul_mv_mma_q3_K_f32_nt1_rt1_nsg=4_ne12=1_r2=1_r3=1_ne00=0_add=0'
ggml_metal_library_compile_pipeline: loaded kernel_mul_mv_mma_q3_K_f32_nt1_rt1_nsg=4_ne12=1_r2=1_r3=1_ne00=0_add=0     0x7b615b2300 | th_max = 1024 | th_width =   32
  MUL_MAT(type_a=q3_K,type_b=f32,m=16,n=2,k=256,bs=[1,1],nr=[1,1],per=[0,1,2,3],k_v=0,o=1,src_overlap=0,m_v=0,pad=0): [1;32mOK[0m
  MUL_MAT(type_a=q3_K,type_b=f32,m=16,n=3,k=256,bs=[1,1],nr=[1,1],per=[0,1,2,3],k_v=0,o=1,src_overlap=0,m_v=0,pad=0): [1;32mOK[0m
  MUL_MAT(type_a=q3_K,type_b=f32,m=16,n=4,k=256,bs=[1,1],nr=[1,1],per=[0,1,2,3],k_v=0,o=1,src_overlap=0,m_v=0,pad=0): [1;32mOK[0m
  MUL_MAT(type_a=q3_K,type_b=f32,m=16,n=5,k=256,bs=[1,1],nr=[1,1],per=[0,1,2,3],k_v=0,o=1,src_overlap=0,m_v=0,pad=0): [1;32mOK[0m
  MUL_MAT(type_a=q3_K,type_b=f32,m=16,n=6,k=256,bs=[1,1],nr=[1,1],per=[0,1,2,3],k_v=0,o=1,src_overlap=0,m_v=0,pad=0): [1;32mOK[0m
  MUL_MAT(type_a=q3_K,type_b=f32,m=16,n=7,k=256,bs=[1,1],nr=[1,1],per=[0,1,2,3],k_v=0,o=1,src_overlap=0,m_v=0,pad=0): [1;32mOK[0m
  MUL_MAT(type_a=q3_K,type_b=f32,m=16,n=8,k=256,bs=[1,1],nr=[1,1],per=[0,1,2,3],k_v=0,o=1,src_overlap=0,m_v=0,pad=0): [1;32mOK[0m
ggml_metal_library_compile_pipeline: compiling pipeline: base = 'kernel_mul_mv_mma_q3_K_f32_nt1_rt2', name = 'kernel_mul_mv_mma_q3_K_f32_nt1_rt2_nsg=4_ne12=1_r2=1_r3=1_ne00=0_add=0'
ggml_metal_library_compile_pipeline: loaded kernel_mul_mv_mma_q3_K_f32_nt1_rt2_nsg=4_ne12=1_r2=1_r3=1_ne00=0_add=0     0x7b615b3100 | th_max = 1024 | th_width =   32
  MUL_MAT(type_a=q3_K,type_b=f32,m=16,n=9,k=256,bs=[1,1],nr=[1,1],per=[0,1,2,3],k_v=0,o=1,src_overlap=0,m_v=0,pad=0): [1;32mOK[0m
  MUL_MAT(type_a=q3_K,type_b=f32,m=16,n=1,k=4096,bs=[1,1],nr=[1,1],per=[0,1,2,3],k_v=0,o=1,src_overlap=0,m_v=0,pad=0): [1;32mOK[0m
ggml_metal_library_compile_pipeline: compiling pipeline: base = 'kernel_mul_mv_mma_q3_K_f32_nt1_rt1', name = 'kernel_mul_mv_mma_q3_K_f32_nt1_rt1_nsg=32_ne12=1_r2=1_r3=1_ne00=0_add=0'
ggml_metal_library_compile_pipeline: loaded kernel_mul_mv_mma_q3_K_f32_nt1_rt1_nsg=32_ne12=1_r2=1_r3=1_ne00=0_add=0     0x7b615b3800 | th_max = 1024 | th_width =   32
  MUL_MAT(type_a=q3_K,type_b=f32,m=16,n=8,k=4096,bs=[1,1],nr=[1,1],per=[0,1,2,3],k_v=0,o=1,src_overlap=0,m_v=0,pad=0): [1;32mOK[0m
ggml_metal_library_compile_pipeline: compiling pipeline: base = 'kernel_mul_mv_q5_K_f32', name = 'kernel_mul_mv_q5_K_f32_nsg=2_ne12=1_r2=1_r3=1_split=0'
ggml_metal_library_compile_pipeline: loaded kernel_mul_mv_q5_K_f32_nsg=2_ne12=1_r2=1_r3=1_split=0     0x7b61650380 | th_max = 1024 | th_width =   32
  MUL_MAT(type_a=q5_K,type_b=f32,m=16,n=1,k=256,bs=[1,1],nr=[1,1],per=[0,1,2,3],k_v=0,o=1,src_overlap=0,m_v=0,pad=0): [1;32mOK[0m
ggml_metal_library_compile_pipeline: compiling pipeline: base = 'kernel_mul_mv_mma_q5_K_f32_nt1_rt1', name = 'kernel_mul_mv_mma_q5_K_f32_nt1_rt1_nsg=4_ne12=1_r2=1_r3=1_ne00=256_add=0'
ggml_metal_library_compile_pipeline: loaded kernel_mul_mv_mma_q5_K_f32_nt1_rt1_nsg=4_ne12=1_r2=1_r3=1_ne00=256_add=0     0x7b61650700 | th_max = 1024 | th_width =   32
  MUL_MAT(type_a=q5_K,type_b=f32,m=16,n=2,k=256,bs=[1,1],nr=[1,1],per=[0,1,2,3],k_v=0,o=1,src_overlap=0,m_v=0,pad=0): [1;32mOK[0m
  MUL_MAT(type_a=q5_K,type_b=f32,m=16,n=3,k=256,bs=[1,1],nr=[1,1],per=[0,1,2,3],k_v=0,o=1,src_overlap=0,m_v=0,pad=0): [1;32mOK[0m
  MUL_MAT(type_a=q5_K,type_b=f32,m=16,n=4,k=256,bs=[1,1],nr=[1,1],per=[0,1,2,3],k_v=0,o=1,src_overlap=0,m_v=0,pad=0): [1;32mOK[0m
  MUL_MAT(type_a=q5_K,type_b=f32,m=16,n=5,k=256,bs=[1,1],nr=[1,1],per=[0,1,2,3],k_v=0,o=1,src_overlap=0,m_v=0,pad=0): [1;32mOK[0m
  MUL_MAT(type_a=q5_K,type_b=f32,m=16,n=6,k=256,bs=[1,1],nr=[1,1],per=[0,1,2,3],k_v=0,o=1,src_overlap=0,m_v=0,pad=0): [1;32mOK[0m
  MUL_MAT(type_a=q5_K,type_b=f32,m=16,n=7,k=256,bs=[1,1],nr=[1,1],per=[0,1,2,3],k_v=0,o=1,src_overlap=0,m_v=0,pad=0): [1;32mOK[0m
  MUL_MAT(type_a=q5_K,type_b=f32,m=16,n=8,k=256,bs=[1,1],nr=[1,1],per=[0,1,2,3],k_v=0,o=1,src_overlap=0,m_v=0,pad=0): [1;32mOK[0m
ggml_metal_library_compile_pipeline: compiling pipeline: base = 'kernel_mul_mv_mma_q5_K_f32_nt1_rt2', name = 'kernel_mul_mv_mma_q5_K_f32_nt1_rt2_nsg=4_ne12=1_r2=1_r3=1_ne00=256_add=0'
ggml_metal_library_compile_pipeline: loaded kernel_mul_mv_mma_q5_K_f32_nt1_rt2_nsg=4_ne12=1_r2=1_r3=1_ne00=256_add=0     0x7b61650000 | th_max = 1024 | th_width =   32
  MUL_MAT(type_a=q5_K,type_b=f32,m=16,n=9,k=256,bs=[1,1],nr=[1,1],per=[0,1,2,3],k_v=0,o=1,src_overlap=0,m_v=0,pad=0): [1;32mOK[0m
  MUL_MAT(type_a=q5_K,type_b=f32,m=16,n=1,k=4096,bs=[1,1],nr=[1,1],per=[0,1,2,3],k_v=0,o=1,src_overlap=0,m_v=0,pad=0): [1;32mOK[0m
ggml_metal_library_compile_pipeline: compiling pipeline: base = 'kernel_mul_mv_mma_q5_K_f32_nt1_rt1', name = 'kernel_mul_mv_mma_q5_K_f32_nt1_rt1_nsg=32_ne12=1_r2=1_r3=1_ne00=4096_add=0'
ggml_metal_library_compile_pipeline: loaded kernel_mul_mv_mma_q5_K_f32_nt1_rt1_nsg=32_ne12=1_r2=1_r3=1_ne00=4096_add=0     0x7b61650e00 | th_max = 1024 | th_width =   32
  MUL_MAT(type_a=q5_K,type_b=f32,m=16,n=8,k=4096,bs=[1,1],nr=[1,1],per=[0,1,2,3],k_v=0,o=1,src_overlap=0,m_v=0,pad=0): [1;32mOK[0m
ggml_metal_library_compile_pipeline: compiling pipeline: base = 'kernel_mul_mv_iq4_nl_f32', name = 'kernel_mul_mv_iq4_nl_f32_nsg=2_ne12=1_r2=1_r3=1_split=0'
ggml_metal_library_compile_pipeline: loaded kernel_mul_mv_iq4_nl_f32_nsg=2_ne12=1_r2=1_r3=1_split=0     0x7b61651180 | th_max = 1024 | th_width =   32
  MUL_MAT(type_a=iq4_nl,type_b=f32,m=16,n=1,k=256,bs=[1,1],nr=[1,1],per=[0,1,2,3],k_v=0,o=1,src_overlap=0,m_v=0,pad=0): [1;32mOK[0m
ggml_metal_library_compile_pipeline: compiling pipeline: base = 'kernel_mul_mv_ext_iq4_nl_f32_r1_2', name = 'kernel_mul_mv_ext_iq4_nl_f32_r1_2_nsg=2_nxpsg=16_ne12=1_r2=1_r3=1'
ggml_metal_library_compile_pipeline: loaded kernel_mul_mv_ext_iq4_nl_f32_r1_2_nsg=2_nxpsg=16_ne12=1_r2=1_r3=1     0x7b61650a80 | th_max = 1024 | th_width =   32
  MUL_MAT(type_a=iq4_nl,type_b=f32,m=16,n=2,k=256,bs=[1,1],nr=[1,1],per=[0,1,2,3],k_v=0,o=1,src_overlap=0,m_v=0,pad=0): [1;32mOK[0m
ggml_metal_library_compile_pipeline: compiling pipeline: base = 'kernel_mul_mv_mma_iq4_nl_f32_nt1_rt1', name = 'kernel_mul_mv_mma_iq4_nl_f32_nt1_rt1_nsg=4_ne12=1_r2=1_r3=1_ne00=0_add=0'
ggml_metal_library_compile_pipeline: loaded kernel_mul_mv_mma_iq4_nl_f32_nt1_rt1_nsg=4_ne12=1_r2=1_r3=1_ne00=0_add=0     0x7b61651500 | th_max = 1024 | th_width =   32
  MUL_MAT(type_a=iq4_nl,type_b=f32,m=16,n=3,k=256,bs=[1,1],nr=[1,1],per=[0,1,2,3],k_v=0,o=1,src_overlap=0,m_v=0,pad=0): [1;32mOK[0m
  MUL_MAT(type_a=iq4_nl,type_b=f32,m=16,n=4,k=256,bs=[1,1],nr=[1,1],per=[0,1,2,3],k_v=0,o=1,src_overlap=0,m_v=0,pad=0): [1;32mOK[0m
  MUL_MAT(type_a=iq4_nl,type_b=f32,m=16,n=5,k=256,bs=[1,1],nr=[1,1],per=[0,1,2,3],k_v=0,o=1,src_overlap=0,m_v=0,pad=0): [1;32mOK[0m
  MUL_MAT(type_a=iq4_nl,type_b=f32,m=16,n=6,k=256,bs=[1,1],nr=[1,1],per=[0,1,2,3],k_v=0,o=1,src_overlap=0,m_v=0,pad=0): [1;32mOK[0m
  MUL_MAT(type_a=iq4_nl,type_b=f32,m=16,n=7,k=256,bs=[1,1],nr=[1,1],per=[0,1,2,3],k_v=0,o=1,src_overlap=0,m_v=0,pad=0): [1;32mOK[0m
  MUL_MAT(type_a=iq4_nl,type_b=f32,m=16,n=8,k=256,bs=[1,1],nr=[1,1],per=[0,1,2,3],k_v=0,o=1,src_overlap=0,m_v=0,pad=0): [1;32mOK[0m
ggml_metal_library_compile_pipeline: compiling pipeline: base = 'kernel_mul_mv_mma_iq4_nl_f32_nt1_rt2', name = 'kernel_mul_mv_mma_iq4_nl_f32_nt1_rt2_nsg=4_ne12=1_r2=1_r3=1_ne00=0_add=0'
ggml_metal_library_compile_pipeline: loaded kernel_mul_mv_mma_iq4_nl_f32_nt1_rt2_nsg=4_ne12=1_r2=1_r3=1_ne00=0_add=0     0x7b61651f80 | th_max = 1024 | th_width =   32
  MUL_MAT(type_a=iq4_nl,type_b=f32,m=16,n=9,k=256,bs=[1,1],nr=[1,1],per=[0,1,2,3],k_v=0,o=1,src_overlap=0,m_v=0,pad=0): [1;32mOK[0m
  MUL_MAT(type_a=iq4_nl,type_b=f32,m=16,n=1,k=4096,bs=[1,1],nr=[1,1],per=[0,1,2,3],k_v=0,o=1,src_overlap=0,m_v=0,pad=0): [1;32mOK[0m
ggml_metal_library_compile_pipeline: compiling pipeline: base = 'kernel_mul_mv_mma_iq4_nl_f32_nt1_rt1', name = 'kernel_mul_mv_mma_iq4_nl_f32_nt1_rt1_nsg=32_ne12=1_r2=1_r3=1_ne00=0_add=0'
ggml_metal_library_compile_pipeline: loaded kernel_mul_mv_mma_iq4_nl_f32_nt1_rt1_nsg=32_ne12=1_r2=1_r3=1_ne00=0_add=0     0x7b61651c00 | th_max = 1024 | th_width =   32
  MUL_MAT(type_a=iq4_nl,type_b=f32,m=16,n=8,k=4096,bs=[1,1],nr=[1,1],per=[0,1,2,3],k_v=0,o=1,src_overlap=0,m_v=0,pad=0): [1;32mOK[0m
ggml_metal_library_compile_pipeline: compiling pipeline: base = 'kernel_mul_mv_iq4_xs_f32', name = 'kernel_mul_mv_iq4_xs_f32_nsg=2_ne12=1_r2=1_r3=1_split=0'
ggml_metal_library_compile_pipeline: loaded kernel_mul_mv_iq4_xs_f32_nsg=2_ne12=1_r2=1_r3=1_split=0     0x7b61652300 | th_max = 1024 | th_width =   32
  MUL_MAT(type_a=iq4_xs,type_b=f32,m=16,n=1,k=256,bs=[1,1],nr=[1,1],per=[0,1,2,3],k_v=0,o=1,src_overlap=0,m_v=0,pad=0): [1;32mOK[0m
ggml_metal_library_compile_pipeline: compiling pipeline: base = 'kernel_mul_mv_mma_iq4_xs_f32_nt1_rt1', name = 'kernel_mul_mv_mma_iq4_xs_f32_nt1_rt1_nsg=4_ne12=1_r2=1_r3=1_ne00=0_add=0'
ggml_metal_library_compile_pipeline: loaded kernel_mul_mv_mma_iq4_xs_f32_nt1_rt1_nsg=4_ne12=1_r2=1_r3=1_ne00=0_add=0     0x7b61651880 | th_max = 1024 | th_width =   32
  MUL_MAT(type_a=iq4_xs,type_b=f32,m=16,n=2,k=256,bs=[1,1],nr=[1,1],per=[0,1,2,3],k_v=0,o=1,src_overlap=0,m_v=0,pad=0): [1;32mOK[0m
  MUL_MAT(type_a=iq4_xs,type_b=f32,m=16,n=3,k=256,bs=[1,1],nr=[1,1],per=[0,1,2,3],k_v=0,o=1,src_overlap=0,m_v=0,pad=0): [1;32mOK[0m
  MUL_MAT(type_a=iq4_xs,type_b=f32,m=16,n=4,k=256,bs=[1,1],nr=[1,1],per=[0,1,2,3],k_v=0,o=1,src_overlap=0,m_v=0,pad=0): [1;32mOK[0m
  MUL_MAT(type_a=iq4_xs,type_b=f32,m=16,n=5,k=256,bs=[1,1],nr=[1,1],per=[0,1,2,3],k_v=0,o=1,src_overlap=0,m_v=0,pad=0): [1;32mOK[0m
  MUL_MAT(type_a=iq4_xs,type_b=f32,m=16,n=6,k=256,bs=[1,1],nr=[1,1],per=[0,1,2,3],k_v=0,o=1,src_overlap=0,m_v=0,pad=0): [1;32mOK[0m
  MUL_MAT(type_a=iq4_xs,type_b=f32,m=16,n=7,k=256,bs=[1,1],nr=[1,1],per=[0,1,2,3],k_v=0,o=1,src_overlap=0,m_v=0,pad=0): [1;32mOK[0m
  MUL_MAT(type_a=iq4_xs,type_b=f32,m=16,n=8,k=256,bs=[1,1],nr=[1,1],per=[0,1,2,3],k_v=0,o=1,src_overlap=0,m_v=0,pad=0): [1;32mOK[0m
ggml_metal_library_compile_pipeline: compiling pipeline: base = 'kernel_mul_mv_mma_iq4_xs_f32_nt1_rt2', name = 'kernel_mul_mv_mma_iq4_xs_f32_nt1_rt2_nsg=4_ne12=1_r2=1_r3=1_ne00=0_add=0'
ggml_metal_library_compile_pipeline: loaded kernel_mul_mv_mma_iq4_xs_f32_nt1_rt2_nsg=4_ne12=1_r2=1_r3=1_ne00=0_add=0     0x7b61652680 | th_max = 1024 | th_width =   32
  MUL_MAT(type_a=iq4_xs,type_b=f32,m=16,n=9,k=256,bs=[1,1],nr=[1,1],per=[0,1,2,3],k_v=0,o=1,src_overlap=0,m_v=0,pad=0): [1;32mOK[0m
  MUL_MAT(type_a=iq4_xs,type_b=f32,m=16,n=1,k=4096,bs=[1,1],nr=[1,1],per=[0,1,2,3],k_v=0,o=1,src_overlap=0,m_v=0,pad=0): [1;32mOK[0m
ggml_metal_library_compile_pipeline: compiling pipeline: base = 'kernel_mul_mv_mma_iq4_xs_f32_nt1_rt1', name = 'kernel_mul_mv_mma_iq4_xs_f32_nt1_rt1_nsg=32_ne12=1_r2=1_r3=1_ne00=0_add=0'
ggml_metal_library_compile_pipeline: loaded kernel_mul_mv_mma_iq4_xs_f32_nt1_rt1_nsg=32_ne12=1_r2=1_r3=1_ne00=0_add=0     0x7b61652d80 | th_max = 1024 | th_width =   32
  MUL_MAT(type_a=iq4_xs,type_b=f32,m=16,n=8,k=4096,bs=[1,1],nr=[1,1],per=[0,1,2,3],k_v=0,o=1,src_overlap=0,m_v=0,pad=0): [1;32mOK[0m
  MUL_MAT(type_a=q5_K,type_b=f32,m=4096,n=1,k=1024,bs=[1,1],nr=[1,1],per=[0,1,2,3],k_v=0,o=1,src_overlap=0,m_v=0,pad=0): [1;32mOK[0m
  MUL_MAT(type_a=q5_K,type_b=f32,m=1023,n=1,k=4096,bs=[1,1],nr=[1,1],per=[0,1,2,3],k_v=0,o=1,src_overlap=0,m_v=0,pad=0): [1;32mOK[0m
ggml_metal_library_compile_pipeline: compiling pipeline: base = 'kernel_mul_mv_mma_q5_K_f32_nt4_rt1', name = 'kernel_mul_mv_mma_q5_K_f32_nt4_rt1_nsg=16_ne12=1_r2=1_r3=1_ne00=1024_add=0'
ggml_metal_library_compile_pipeline: loaded kernel_mul_mv_mma_q5_K_f32_nt4_rt1_nsg=16_ne12=1_r2=1_r3=1_ne00=1024_add=0     0x7b61653480 | th_max = 1024 | th_width =   32
  MUL_MAT(type_a=q5_K,type_b=f32,m=4096,n=2,k=1024,bs=[1,1],nr=[1,1],per=[0,1,2,3],k_v=0,o=1,src_overlap=0,m_v=0,pad=0): [1;32mOK[0m
ggml_metal_library_compile_pipeline: compiling pipeline: base = 'kernel_mul_mv_mma_q5_K_f32_nt1_rt1', name = 'kernel_mul_mv_mma_q5_K_f32_nt1_rt1_nsg=16_ne12=1_r2=1_r3=1_ne00=4096_add=0'
ggml_metal_library_compile_pipeline: loaded kernel_mul_mv_mma_q5_K_f32_nt1_rt1_nsg=16_ne12=1_r2=1_r3=1_ne00=4096_add=0     0x7b61653100 | th_max = 1024 | th_width =   32
  MUL_MAT(type_a=q5_K,type_b=f32,m=1023,n=2,k=4096,bs=[1,1],nr=[1,1],per=[0,1,2,3],k_v=0,o=1,src_overlap=0,m_v=0,pad=0): [1;32mOK[0m
  MUL_MAT(type_a=q5_K,type_b=f32,m=4096,n=3,k=1024,bs=[1,1],nr=[1,1],per=[0,1,2,3],k_v=0,o=1,src_overlap=0,m_v=0,pad=0): [1;32mOK[0m
  MUL_MAT(type_a=q5_K,type_b=f32,m=1023,n=3,k=4096,bs=[1,1],nr=[1,1],per=[0,1,2,3],k_v=0,o=1,src_overlap=0,m_v=0,pad=0): [1;32mOK[0m
  MUL_MAT(type_a=q5_K,type_b=f32,m=4096,n=4,k=1024,bs=[1,1],nr=[1,1],per=[0,1,2,3],k_v=0,o=1,src_overlap=0,m_v=0,pad=0): [1;32mOK[0m
  MUL_MAT(type_a=q5_K,type_b=f32,m=1023,n=4,k=4096,bs=[1,1],nr=[1,1],per=[0,1,2,3],k_v=0,o=1,src_overlap=0,m_v=0,pad=0): [1;32mOK[0m
  MUL_MAT(type_a=q5_K,type_b=f32,m=4096,n=5,k=1024,bs=[1,1],nr=[1,1],per=[0,1,2,3],k_v=0,o=1,src_overlap=0,m_v=0,pad=0): [1;32mOK[0m
  MUL_MAT(type_a=q5_K,type_b=f32,m=1023,n=5,k=4096,bs=[1,1],nr=[1,1],per=[0,1,2,3],k_v=0,o=1,src_overlap=0,m_v=0,pad=0): [1;32mOK[0m
  MUL_MAT(type_a=q5_K,type_b=f32,m=4096,n=6,k=1024,bs=[1,1],nr=[1,1],per=[0,1,2,3],k_v=0,o=1,src_overlap=0,m_v=0,pad=0): [1;32mOK[0m
  MUL_MAT(type_a=q5_K,type_b=f32,m=1023,n=6,k=4096,bs=[1,1],nr=[1,1],per=[0,1,2,3],k_v=0,o=1,src_overlap=0,m_v=0,pad=0): [1;32mOK[0m
  MUL_MAT(type_a=q5_K,type_b=f32,m=4096,n=7,k=1024,bs=[1,1],nr=[1,1],per=[0,1,2,3],k_v=0,o=1,src_overlap=0,m_v=0,pad=0): [1;32mOK[0m
  MUL_MAT(type_a=q5_K,type_b=f32,m=1023,n=7,k=4096,bs=[1,1],nr=[1,1],per=[0,1,2,3],k_v=0,o=1,src_overlap=0,m_v=0,pad=0): [1;32mOK[0m
  MUL_MAT(type_a=q5_K,type_b=f32,m=4096,n=8,k=1024,bs=[1,1],nr=[1,1],per=[0,1,2,3],k_v=0,o=1,src_overlap=0,m_v=0,pad=0): [1;32mOK[0m
  MUL_MAT(type_a=q5_K,type_b=f32,m=1023,n=8,k=4096,bs=[1,1],nr=[1,1],per=[0,1,2,3],k_v=0,o=1,src_overlap=0,m_v=0,pad=0): [1;32mOK[0m
  MUL_MAT(type_a=bf16,type_b=f32,m=48,n=2,k=2560,bs=[1,1],nr=[1,1],per=[0,1,2,3],k_v=0,o=1,src_overlap=0,m_v=0,pad=0): [1;32mOK[0m
  MUL_MAT(type_a=bf16,type_b=f32,m=1000,n=2,k=1024,bs=[1,1],nr=[1,1],per=[0,1,2,3],k_v=0,o=1,src_overlap=0,m_v=0,pad=0): [1;32mOK[0m
  MUL_MAT(type_a=bf16,type_b=f32,m=3000,n=2,k=512,bs=[1,1],nr=[1,1],per=[0,1,2,3],k_v=0,o=1,src_overlap=0,m_v=0,pad=0): [1;32mOK[0m
  MUL_MAT(type_a=bf16,type_b=f32,m=4100,n=2,k=256,bs=[1,1],nr=[1,1],per=[0,1,2,3],k_v=0,o=1,src_overlap=0,m_v=0,pad=0): [1;32mOK[0m
ggml_metal_library_compile_pipeline: compiling pipeline: base = 'kernel_mul_mv_ext_bf16_f32_r1_2', name = 'kernel_mul_mv_ext_bf16_f32_r1_2_nsg=2_nxpsg=16_ne12=6_r2=2_r3=1'
ggml_metal_library_compile_pipeline: loaded kernel_mul_mv_ext_bf16_f32_r1_2_nsg=2_nxpsg=16_ne12=6_r2=2_r3=1     0x7b61653800 | th_max = 1024 | th_width =   32
  MUL_MAT(type_a=bf16,type_b=f32,m=64,n=2,k=256,bs=[3,2],nr=[2,1],per=[0,1,2,3],k_v=0,o=1,src_overlap=0,m_v=0,pad=0): [1;32mOK[0m
ggml_metal_library_compile_pipeline: compiling pipeline: base = 'kernel_mul_mv_bf16_f32_4', name = 'kernel_mul_mv_bf16_f32_4_nsg=1_ne12=1_r2=1_r3=1_split=0'
ggml_metal_library_compile_pipeline: loaded kernel_mul_mv_bf16_f32_4_nsg=1_ne12=1_r2=1_r3=1_split=0     0x7b61653b80 | th_max = 1024 | th_width =   32
  MUL_MAT(type_a=bf16,type_b=f32,m=100,n=2,k=96,bs=[1,1],nr=[1,1],per=[0,1,2,3],k_v=0,o=1,src_overlap=0,m_v=0,pad=0): [1;32mOK[0m
  MUL_MAT(type_a=q2_0,type_b=f32,m=48,n=2,k=2560,bs=[1,1],nr=[1,1],per=[0,1,2,3],k_v=0,o=1,src_overlap=0,m_v=0,pad=0): [1;32mOK[0m
  MUL_MAT(type_a=q2_0,type_b=f32,m=1000,n=2,k=1024,bs=[1,1],nr=[1,1],per=[0,1,2,3],k_v=0,o=1,src_overlap=0,m_v=0,pad=0): [1;32mOK[0m
  MUL_MAT(type_a=q2_0,type_b=f32,m=3000,n=2,k=512,bs=[1,1],nr=[1,1],per=[0,1,2,3],k_v=0,o=1,src_overlap=0,m_v=0,pad=0): [1;32mOK[0m
  MUL_MAT(type_a=q2_0,type_b=f32,m=4100,n=2,k=256,bs=[1,1],nr=[1,1],per=[0,1,2,3],k_v=0,o=1,src_overlap=0,m_v=0,pad=0): [1;32mOK[0m
ggml_metal_library_compile_pipeline: compiling pipeline: base = 'kernel_mul_mv_ext_q2_0_f32_r1_2', name = 'kernel_mul_mv_ext_q2_0_f32_r1_2_nsg=2_nxpsg=16_ne12=6_r2=2_r3=1'
ggml_metal_library_compile_pipeline: loaded kernel_mul_mv_ext_q2_0_f32_r1_2_nsg=2_nxpsg=16_ne12=6_r2=2_r3=1     0x7b615b3480 | th_max = 1024 | th_width =   32
  MUL_MAT(type_a=q2_0,type_b=f32,m=64,n=2,k=256,bs=[3,2],nr=[2,1],per=[0,1,2,3],k_v=0,o=1,src_overlap=0,m_v=0,pad=0): [1;32mOK[0m
  MUL_MAT(type_a=q3_K,type_b=f32,m=48,n=2,k=2560,bs=[1,1],nr=[1,1],per=[0,1,2,3],k_v=0,o=1,src_overlap=0,m_v=0,pad=0): [1;32mOK[0m
ggml_metal_library_compile_pipeline: compiling pipeline: base = 'kernel_mul_mv_mma_q3_K_f32_nt1_rt1', name = 'kernel_mul_mv_mma_q3_K_f32_nt1_rt1_nsg=16_ne12=1_r2=1_r3=1_ne00=0_add=0'
ggml_metal_library_compile_pipeline: loaded kernel_mul_mv_mma_q3_K_f32_nt1_rt1_nsg=16_ne12=1_r2=1_r3=1_ne00=0_add=0     0x7b616d8700 | th_max = 1024 | th_width =   32
  MUL_MAT(type_a=q3_K,type_b=f32,m=1000,n=2,k=1024,bs=[1,1],nr=[1,1],per=[0,1,2,3],k_v=0,o=1,src_overlap=0,m_v=0,pad=0): [1;32mOK[0m
ggml_metal_library_compile_pipeline: compiling pipeline: base = 'kernel_mul_mv_mma_q3_K_f32_nt2_rt1', name = 'kernel_mul_mv_mma_q3_K_f32_nt2_rt1_nsg=8_ne12=1_r2=1_r3=1_ne00=0_add=0'
ggml_metal_library_compile_pipeline: loaded kernel_mul_mv_mma_q3_K_f32_nt2_rt1_nsg=8_ne12=1_r2=1_r3=1_ne00=0_add=0     0x7b616d8000 | th_max = 1024 | th_width =   32
  MUL_MAT(type_a=q3_K,type_b=f32,m=3000,n=2,k=512,bs=[1,1],nr=[1,1],per=[0,1,2,3],k_v=0,o=1,src_overlap=0,m_v=0,pad=0): [1;32mOK[0m
ggml_metal_library_compile_pipeline: compiling pipeline: base = 'kernel_mul_mv_mma_q3_K_f32_nt4_rt1', name = 'kernel_mul_mv_mma_q3_K_f32_nt4_rt1_nsg=4_ne12=1_r2=1_r3=1_ne00=0_add=0'
ggml_metal_library_compile_pipeline: loaded kernel_mul_mv_mma_q3_K_f32_nt4_rt1_nsg=4_ne12=1_r2=1_r3=1_ne00=0_add=0     0x7b616d8380 | th_max = 1024 | th_width =   32
  MUL_MAT(type_a=q3_K,type_b=f32,m=4100,n=2,k=256,bs=[1,1],nr=[1,1],per=[0,1,2,3],k_v=0,o=1,src_overlap=0,m_v=0,pad=0): [1;32mOK[0m
ggml_metal_library_compile_pipeline: compiling pipeline: base = 'kernel_mul_mv_mma_q3_K_f32_nt1_rt1', name = 'kernel_mul_mv_mma_q3_K_f32_nt1_rt1_nsg=4_ne12=6_r2=2_r3=1_ne00=0_add=0'
ggml_metal_library_compile_pipeline: loaded kernel_mul_mv_mma_q3_K_f32_nt1_rt1_nsg=4_ne12=6_r2=2_r3=1_ne00=0_add=0     0x7b616d8a80 | th_max = 1024 | th_width =   32
  MUL_MAT(type_a=q3_K,type_b=f32,m=64,n=2,k=256,bs=[3,2],nr=[2,1],per=[0,1,2,3],k_v=0,o=1,src_overlap=0,m_v=0,pad=0): [1;32mOK[0m
ggml_metal_library_compile_pipeline: compiling pipeline: base = 'kernel_mul_mv_mma_q5_K_f32_nt1_rt1', name = 'kernel_mul_mv_mma_q5_K_f32_nt1_rt1_nsg=32_ne12=1_r2=1_r3=1_ne00=2560_add=0'
ggml_metal_library_compile_pipeline: loaded kernel_mul_mv_mma_q5_K_f32_nt1_rt1_nsg=32_ne12=1_r2=1_r3=1_ne00=2560_add=0     0x7b616d8e00 | th_max = 1024 | th_width =   32
  MUL_MAT(type_a=q5_K,type_b=f32,m=48,n=2,k=2560,bs=[1,1],nr=[1,1],per=[0,1,2,3],k_v=0,o=1,src_overlap=0,m_v=0,pad=0): [1;32mOK[0m
ggml_metal_library_compile_pipeline: compiling pipeline: base = 'kernel_mul_mv_mma_q5_K_f32_nt1_rt1', name = 'kernel_mul_mv_mma_q5_K_f32_nt1_rt1_nsg=16_ne12=1_r2=1_r3=1_ne00=1024_add=0'
ggml_metal_library_compile_pipeline: loaded kernel_mul_mv_mma_q5_K_f32_nt1_rt1_nsg=16_ne12=1_r2=1_r3=1_ne00=1024_add=0     0x7b616d9180 | th_max = 1024 | th_width =   32
  MUL_MAT(type_a=q5_K,type_b=f32,m=1000,n=2,k=1024,bs=[1,1],nr=[1,1],per=[0,1,2,3],k_v=0,o=1,src_overlap=0,m_v=0,pad=0): [1;32mOK[0m
ggml_metal_library_compile_pipeline: compiling pipeline: base = 'kernel_mul_mv_mma_q5_K_f32_nt2_rt1', name = 'kernel_mul_mv_mma_q5_K_f32_nt2_rt1_nsg=8_ne12=1_r2=1_r3=1_ne00=512_add=0'
ggml_metal_library_compile_pipeline: loaded kernel_mul_mv_mma_q5_K_f32_nt2_rt1_nsg=8_ne12=1_r2=1_r3=1_ne00=512_add=0     0x7b616d9500 | th_max = 1024 | th_width =   32
  MUL_MAT(type_a=q5_K,type_b=f32,m=3000,n=2,k=512,bs=[1,1],nr=[1,1],per=[0,1,2,3],k_v=0,o=1,src_overlap=0,m_v=0,pad=0): [1;32mOK[0m
ggml_metal_library_compile_pipeline: compiling pipeline: base = 'kernel_mul_mv_mma_q5_K_f32_nt4_rt1', name = 'kernel_mul_mv_mma_q5_K_f32_nt4_rt1_nsg=4_ne12=1_r2=1_r3=1_ne00=256_add=0'
ggml_metal_library_compile_pipeline: loaded kernel_mul_mv_mma_q5_K_f32_nt4_rt1_nsg=4_ne12=1_r2=1_r3=1_ne00=256_add=0     0x7b616d9880 | th_max = 1024 | th_width =   32
  MUL_MAT(type_a=q5_K,type_b=f32,m=4100,n=2,k=256,bs=[1,1],nr=[1,1],per=[0,1,2,3],k_v=0,o=1,src_overlap=0,m_v=0,pad=0): [1;32mOK[0m
ggml_metal_library_compile_pipeline: compiling pipeline: base = 'kernel_mul_mv_mma_q5_K_f32_nt1_rt1', name = 'kernel_mul_mv_mma_q5_K_f32_nt1_rt1_nsg=4_ne12=6_r2=2_r3=1_ne00=256_add=0'
ggml_metal_library_compile_pipeline: loaded kernel_mul_mv_mma_q5_K_f32_nt1_rt1_nsg=4_ne12=6_r2=2_r3=1_ne00=256_add=0     0x7b616d9c00 | th_max = 1024 | th_width =   32
  MUL_MAT(type_a=q5_K,type_b=f32,m=64,n=2,k=256,bs=[3,2],nr=[2,1],per=[0,1,2,3],k_v=0,o=1,src_overlap=0,m_v=0,pad=0): [1;32mOK[0m
  MUL_MAT(type_a=iq4_nl,type_b=f32,m=48,n=2,k=2560,bs=[1,1],nr=[1,1],per=[0,1,2,3],k_v=0,o=1,src_overlap=0,m_v=0,pad=0): [1;32mOK[0m
  MUL_MAT(type_a=iq4_nl,type_b=f32,m=1000,n=2,k=1024,bs=[1,1],nr=[1,1],per=[0,1,2,3],k_v=0,o=1,src_overlap=0,m_v=0,pad=0): [1;32mOK[0m
  MUL_MAT(type_a=iq4_nl,type_b=f32,m=3000,n=2,k=512,bs=[1,1],nr=[1,1],per=[0,1,2,3],k_v=0,o=1,src_overlap=0,m_v=0,pad=0): [1;32mOK[0m
  MUL_MAT(type_a=iq4_nl,type_b=f32,m=4100,n=2,k=256,bs=[1,1],nr=[1,1],per=[0,1,2,3],k_v=0,o=1,src_overlap=0,m_v=0,pad=0): [1;32mOK[0m
ggml_metal_library_compile_pipeline: compiling pipeline: base = 'kernel_mul_mv_ext_iq4_nl_f32_r1_2', name = 'kernel_mul_mv_ext_iq4_nl_f32_r1_2_nsg=2_nxpsg=16_ne12=6_r2=2_r3=1'
ggml_metal_library_compile_pipeline: loaded kernel_mul_mv_ext_iq4_nl_f32_r1_2_nsg=2_nxpsg=16_ne12=6_r2=2_r3=1     0x7b616da300 | th_max = 1024 | th_width =   32
  MUL_MAT(type_a=iq4_nl,type_b=f32,m=64,n=2,k=256,bs=[3,2],nr=[2,1],per=[0,1,2,3],k_v=0,o=1,src_overlap=0,m_v=0,pad=0): [1;32mOK[0m
  MUL_MAT(type_a=iq4_nl,type_b=f32,m=100,n=2,k=96,bs=[1,1],nr=[1,1],per=[0,1,2,3],k_v=0,o=1,src_overlap=0,m_v=0,pad=0): [1;32mOK[0m
  MUL_MAT(type_a=iq4_xs,type_b=f32,m=48,n=2,k=2560,bs=[1,1],nr=[1,1],per=[0,1,2,3],k_v=0,o=1,src_overlap=0,m_v=0,pad=0): [1;32mOK[0m
ggml_metal_library_compile_pipeline: compiling pipeline: base = 'kernel_mul_mv_mma_iq4_xs_f32_nt1_rt1', name = 'kernel_mul_mv_mma_iq4_xs_f32_nt1_rt1_nsg=16_ne12=1_r2=1_r3=1_ne00=0_add=0'
ggml_metal_library_compile_pipeline: loaded kernel_mul_mv_mma_iq4_xs_f32_nt1_rt1_nsg=16_ne12=1_r2=1_r3=1_ne00=0_add=0     0x7b616daa00 | th_max = 1024 | th_width =   32
  MUL_MAT(type_a=iq4_xs,type_b=f32,m=1000,n=2,k=1024,bs=[1,1],nr=[1,1],per=[0,1,2,3],k_v=0,o=1,src_overlap=0,m_v=0,pad=0): [1;32mOK[0m
ggml_metal_library_compile_pipeline: compiling pipeline: base = 'kernel_mul_mv_mma_iq4_xs_f32_nt2_rt1', name = 'kernel_mul_mv_mma_iq4_xs_f32_nt2_rt1_nsg=8_ne12=1_r2=1_r3=1_ne00=0_add=0'
ggml_metal_library_compile_pipeline: loaded kernel_mul_mv_mma_iq4_xs_f32_nt2_rt1_nsg=8_ne12=1_r2=1_r3=1_ne00=0_add=0     0x7b616da680 | th_max = 1024 | th_width =   32
  MUL_MAT(type_a=iq4_xs,type_b=f32,m=3000,n=2,k=512,bs=[1,1],nr=[1,1],per=[0,1,2,3],k_v=0,o=1,src_overlap=0,m_v=0,pad=0): [1;32mOK[0m
ggml_metal_library_compile_pipeline: compiling pipeline: base = 'kernel_mul_mv_mma_iq4_xs_f32_nt4_rt1', name = 'kernel_mul_mv_mma_iq4_xs_f32_nt4_rt1_nsg=4_ne12=1_r2=1_r3=1_ne00=0_add=0'
ggml_metal_library_compile_pipeline: loaded kernel_mul_mv_mma_iq4_xs_f32_nt4_rt1_nsg=4_ne12=1_r2=1_r3=1_ne00=0_add=0     0x7b616d9f80 | th_max = 1024 | th_width =   32
  MUL_MAT(type_a=iq4_xs,type_b=f32,m=4100,n=2,k=256,bs=[1,1],nr=[1,1],per=[0,1,2,3],k_v=0,o=1,src_overlap=0,m_v=0,pad=0): [1;32mOK[0m
ggml_metal_library_compile_pipeline: compiling pipeline: base = 'kernel_mul_mv_mma_iq4_xs_f32_nt1_rt1', name = 'kernel_mul_mv_mma_iq4_xs_f32_nt1_rt1_nsg=4_ne12=6_r2=2_r3=1_ne00=0_add=0'
ggml_metal_library_compile_pipeline: loaded kernel_mul_mv_mma_iq4_xs_f32_nt1_rt1_nsg=4_ne12=6_r2=2_r3=1_ne00=0_add=0     0x7b616dad80 | th_max = 1024 | th_width =   32
  MUL_MAT(type_a=iq4_xs,type_b=f32,m=64,n=2,k=256,bs=[3,2],nr=[2,1],per=[0,1,2,3],k_v=0,o=1,src_overlap=0,m_v=0,pad=0): [1;32mOK[0m
ggml_metal_library_compile_pipeline: compiling pipeline: base = 'kernel_mul_mv_mma_q5_K_f32_nt4_rt1', name = 'kernel_mul_mv_mma_q5_K_f32_nt4_rt1_nsg=8_ne12=1_r2=1_r3=1_ne00=512_add=0'
ggml_metal_library_compile_pipeline: loaded kernel_mul_mv_mma_q5_K_f32_nt4_rt1_nsg=8_ne12=1_r2=1_r3=1_ne00=512_add=0     0x7b616db100 | th_max = 1024 | th_width =   32
  MUL_MAT(type_a=q5_K,type_b=f32,m=8192,n=2,k=512,bs=[1,1],nr=[1,1],per=[0,1,2,3],k_v=0,o=1,src_overlap=0,m_v=0,pad=0): [1;32mOK[0m
  MUL_MAT(type_a=q5_K,type_b=f32,m=1000,n=2,k=1024,bs=[1,1],nr=[1,1],per=[0,1,2,3],k_v=1280,o=1,src_overlap=0,m_v=0,pad=0): [1;32mOK[0m
  MUL_MAT(type_a=q5_K,type_b=f32,m=1000,n=2,k=1024,bs=[1,1],nr=[1,1],per=[0,1,2,3],k_v=0,o=1,src_overlap=0,m_v=0,pad=0,src1=[0,1]): [1;32mOK[0m
  MUL_MAT(type_a=bf16,type_b=f32,m=48,n=3,k=2560,bs=[1,1],nr=[1,1],per=[0,1,2,3],k_v=0,o=1,src_overlap=0,m_v=0,pad=0): [1;32mOK[0m
  MUL_MAT(type_a=bf16,type_b=f32,m=1000,n=3,k=1024,bs=[1,1],nr=[1,1],per=[0,1,2,3],k_v=0,o=1,src_overlap=0,m_v=0,pad=0): [1;32mOK[0m
  MUL_MAT(type_a=bf16,type_b=f32,m=3000,n=3,k=512,bs=[1,1],nr=[1,1],per=[0,1,2,3],k_v=0,o=1,src_overlap=0,m_v=0,pad=0): [1;32mOK[0m
  MUL_MAT(type_a=bf16,type_b=f32,m=4100,n=3,k=256,bs=[1,1],nr=[1,1],per=[0,1,2,3],k_v=0,o=1,src_overlap=0,m_v=0,pad=0): [1;32mOK[0m
ggml_metal_library_compile_pipeline: compiling pipeline: base = 'kernel_mul_mv_ext_bf16_f32_r1_3', name = 'kernel_mul_mv_ext_bf16_f32_r1_3_nsg=2_nxpsg=8_ne12=6_r2=2_r3=1'
ggml_metal_library_compile_pipeline: loaded kernel_mul_mv_ext_bf16_f32_r1_3_nsg=2_nxpsg=8_ne12=6_r2=2_r3=1     0x7b616db800 | th_max = 1024 | th_width =   32
  MUL_MAT(type_a=bf16,type_b=f32,m=64,n=3,k=256,bs=[3,2],nr=[2,1],per=[0,1,2,3],k_v=0,o=1,src_overlap=0,m_v=0,pad=0): [1;32mOK[0m
  MUL_MAT(type_a=bf16,type_b=f32,m=100,n=3,k=96,bs=[1,1],nr=[1,1],per=[0,1,2,3],k_v=0,o=1,src_overlap=0,m_v=0,pad=0): [1;32mOK[0m
  MUL_MAT(type_a=q2_0,type_b=f32,m=48,n=3,k=2560,bs=[1,1],nr=[1,1],per=[0,1,2,3],k_v=0,o=1,src_overlap=0,m_v=0,pad=0): [1;32mOK[0m
ggml_metal_library_compile_pipeline: compiling pipeline: base = 'kernel_mul_mv_mma_q2_0_f32_nt1_rt1', name = 'kernel_mul_mv_mma_q2_0_f32_nt1_rt1_nsg=16_ne12=1_r2=1_r3=1_ne00=0_add=0'
ggml_metal_library_compile_pipeline: loaded kernel_mul_mv_mma_q2_0_f32_nt1_rt1_nsg=16_ne12=1_r2=1_r3=1_ne00=0_add=0     0x7b616dbb80 | th_max = 1024 | th_width =   32
  MUL_MAT(type_a=q2_0,type_b=f32,m=1000,n=3,k=1024,bs=[1,1],nr=[1,1],per=[0,1,2,3],k_v=0,o=1,src_overlap=0,m_v=0,pad=0): [1;32mOK[0m
ggml_metal_library_compile_pipeline: compiling pipeline: base = 'kernel_mul_mv_mma_q2_0_f32_nt2_rt1', name = 'kernel_mul_mv_mma_q2_0_f32_nt2_rt1_nsg=8_ne12=1_r2=1_r3=1_ne00=0_add=0'
ggml_metal_library_compile_pipeline: loaded kernel_mul_mv_mma_q2_0_f32_nt2_rt1_nsg=8_ne12=1_r2=1_r3=1_ne00=0_add=0     0x7b616db480 | th_max = 1024 | th_width =   32
  MUL_MAT(type_a=q2_0,type_b=f32,m=3000,n=3,k=512,bs=[1,1],nr=[1,1],per=[0,1,2,3],k_v=0,o=1,src_overlap=0,m_v=0,pad=0): [1;32mOK[0m
ggml_metal_library_compile_pipeline: compiling pipeline: base = 'kernel_mul_mv_mma_q2_0_f32_nt4_rt1', name = 'kernel_mul_mv_mma_q2_0_f32_nt4_rt1_nsg=4_ne12=1_r2=1_r3=1_ne00=0_add=0'
ggml_metal_library_compile_pipeline: loaded kernel_mul_mv_mma_q2_0_f32_nt4_rt1_nsg=4_ne12=1_r2=1_r3=1_ne00=0_add=0     0x7b616e4380 | th_max = 1024 | th_width =   32
  MUL_MAT(type_a=q2_0,type_b=f32,m=4100,n=3,k=256,bs=[1,1],nr=[1,1],per=[0,1,2,3],k_v=0,o=1,src_overlap=0,m_v=0,pad=0): [1;32mOK[0m
ggml_metal_library_compile_pipeline: compiling pipeline: base = 'kernel_mul_mv_mma_q2_0_f32_nt1_rt1', name = 'kernel_mul_mv_mma_q2_0_f32_nt1_rt1_nsg=4_ne12=6_r2=2_r3=1_ne00=0_add=0'
ggml_metal_library_compile_pipeline: loaded kernel_mul_mv_mma_q2_0_f32_nt1_rt1_nsg=4_ne12=6_r2=2_r3=1_ne00=0_add=0     0x7b616e4700 | th_max = 1024 | th_width =   32
  MUL_MAT(type_a=q2_0,type_b=f32,m=64,n=3,k=256,bs=[3,2],nr=[2,1],per=[0,1,2,3],k_v=0,o=1,src_overlap=0,m_v=0,pad=0): [1;32mOK[0m
  MUL_MAT(type_a=q3_K,type_b=f32,m=48,n=3,k=2560,bs=[1,1],nr=[1,1],per=[0,1,2,3],k_v=0,o=1,src_overlap=0,m_v=0,pad=0): [1;32mOK[0m
  MUL_MAT(type_a=q3_K,type_b=f32,m=1000,n=3,k=1024,bs=[1,1],nr=[1,1],per=[0,1,2,3],k_v=0,o=1,src_overlap=0,m_v=0,pad=0): [1;32mOK[0m
  MUL_MAT(type_a=q3_K,type_b=f32,m=3000,n=3,k=512,bs=[1,1],nr=[1,1],per=[0,1,2,3],k_v=0,o=1,src_overlap=0,m_v=0,pad=0): [1;32mOK[0m
  MUL_MAT(type_a=q3_K,type_b=f32,m=4100,n=3,k=256,bs=[1,1],nr=[1,1],per=[0,1,2,3],k_v=0,o=1,src_overlap=0,m_v=0,pad=0): [1;32mOK[0m
  MUL_MAT(type_a=q3_K,type_b=f32,m=64,n=3,k=256,bs=[3,2],nr=[2,1],per=[0,1,2,3],k_v=0,o=1,src_overlap=0,m_v=0,pad=0): [1;32mOK[0m
  MUL_MAT(type_a=q5_K,type_b=f32,m=48,n=3,k=2560,bs=[1,1],nr=[1,1],per=[0,1,2,3],k_v=0,o=1,src_overlap=0,m_v=0,pad=0): [1;32mOK[0m
  MUL_MAT(type_a=q5_K,type_b=f32,m=1000,n=3,k=1024,bs=[1,1],nr=[1,1],per=[0,1,2,3],k_v=0,o=1,src_overlap=0,m_v=0,pad=0): [1;32mOK[0m
  MUL_MAT(type_a=q5_K,type_b=f32,m=3000,n=3,k=512,bs=[1,1],nr=[1,1],per=[0,1,2,3],k_v=0,o=1,src_overlap=0,m_v=0,pad=0): [1;32mOK[0m
  MUL_MAT(type_a=q5_K,type_b=f32,m=4100,n=3,k=256,bs=[1,1],nr=[1,1],per=[0,1,2,3],k_v=0,o=1,src_overlap=0,m_v=0,pad=0): [1;32mOK[0m
  MUL_MAT(type_a=q5_K,type_b=f32,m=64,n=3,k=256,bs=[3,2],nr=[2,1],per=[0,1,2,3],k_v=0,o=1,src_overlap=0,m_v=0,pad=0): [1;32mOK[0m
  MUL_MAT(type_a=iq4_nl,type_b=f32,m=48,n=3,k=2560,bs=[1,1],nr=[1,1],per=[0,1,2,3],k_v=0,o=1,src_overlap=0,m_v=0,pad=0): [1;32mOK[0m
ggml_metal_library_compile_pipeline: compiling pipeline: base = 'kernel_mul_mv_mma_iq4_nl_f32_nt1_rt1', name = 'kernel_mul_mv_mma_iq4_nl_f32_nt1_rt1_nsg=16_ne12=1_r2=1_r3=1_ne00=0_add=0'
ggml_metal_library_compile_pipeline: loaded kernel_mul_mv_mma_iq4_nl_f32_nt1_rt1_nsg=16_ne12=1_r2=1_r3=1_ne00=0_add=0     0x7b616e4e00 | th_max = 1024 | th_width =   32
  MUL_MAT(type_a=iq4_nl,type_b=f32,m=1000,n=3,k=1024,bs=[1,1],nr=[1,1],per=[0,1,2,3],k_v=0,o=1,src_overlap=0,m_v=0,pad=0): [1;32mOK[0m
ggml_metal_library_compile_pipeline: compiling pipeline: base = 'kernel_mul_mv_mma_iq4_nl_f32_nt2_rt1', name = 'kernel_mul_mv_mma_iq4_nl_f32_nt2_rt1_nsg=8_ne12=1_r2=1_r3=1_ne00=0_add=0'
ggml_metal_library_compile_pipeline: loaded kernel_mul_mv_mma_iq4_nl_f32_nt2_rt1_nsg=8_ne12=1_r2=1_r3=1_ne00=0_add=0     0x7b616e4000 | th_max = 1024 | th_width =   32
  MUL_MAT(type_a=iq4_nl,type_b=f32,m=3000,n=3,k=512,bs=[1,1],nr=[1,1],per=[0,1,2,3],k_v=0,o=1,src_overlap=0,m_v=0,pad=0): [1;32mOK[0m
ggml_metal_library_compile_pipeline: compiling pipeline: base = 'kernel_mul_mv_mma_iq4_nl_f32_nt4_rt1', name = 'kernel_mul_mv_mma_iq4_nl_f32_nt4_rt1_nsg=4_ne12=1_r2=1_r3=1_ne00=0_add=0'
ggml_metal_library_compile_pipeline: loaded kernel_mul_mv_mma_iq4_nl_f32_nt4_rt1_nsg=4_ne12=1_r2=1_r3=1_ne00=0_add=0     0x7b616e4a80 | th_max = 1024 | th_width =   32
  MUL_MAT(type_a=iq4_nl,type_b=f32,m=4100,n=3,k=256,bs=[1,1],nr=[1,1],per=[0,1,2,3],k_v=0,o=1,src_overlap=0,m_v=0,pad=0): [1;32mOK[0m
ggml_metal_library_compile_pipeline: compiling pipeline: base = 'kernel_mul_mv_mma_iq4_nl_f32_nt1_rt1', name = 'kernel_mul_mv_mma_iq4_nl_f32_nt1_rt1_nsg=4_ne12=6_r2=2_r3=1_ne00=0_add=0'
ggml_metal_library_compile_pipeline: loaded kernel_mul_mv_mma_iq4_nl_f32_nt1_rt1_nsg=4_ne12=6_r2=2_r3=1_ne00=0_add=0     0x7b616e5180 | th_max = 1024 | th_width =   32
  MUL_MAT(type_a=iq4_nl,type_b=f32,m=64,n=3,k=256,bs=[3,2],nr=[2,1],per=[0,1,2,3],k_v=0,o=1,src_overlap=0,m_v=0,pad=0): [1;32mOK[0m
  MUL_MAT(type_a=iq4_nl,type_b=f32,m=100,n=3,k=96,bs=[1,1],nr=[1,1],per=[0,1,2,3],k_v=0,o=1,src_overlap=0,m_v=0,pad=0): [1;32mOK[0m
  MUL_MAT(type_a=iq4_xs,type_b=f32,m=48,n=3,k=2560,bs=[1,1],nr=[1,1],per=[0,1,2,3],k_v=0,o=1,src_overlap=0,m_v=0,pad=0): [1;32mOK[0m
  MUL_MAT(type_a=iq4_xs,type_b=f32,m=1000,n=3,k=1024,bs=[1,1],nr=[1,1],per=[0,1,2,3],k_v=0,o=1,src_overlap=0,m_v=0,pad=0): [1;32mOK[0m
  MUL_MAT(type_a=iq4_xs,type_b=f32,m=3000,n=3,k=512,bs=[1,1],nr=[1,1],per=[0,1,2,3],k_v=0,o=1,src_overlap=0,m_v=0,pad=0): [1;32mOK[0m
  MUL_MAT(type_a=iq4_xs,type_b=f32,m=4100,n=3,k=256,bs=[1,1],nr=[1,1],per=[0,1,2,3],k_v=0,o=1,src_overlap=0,m_v=0,pad=0): [1;32mOK[0m
  MUL_MAT(type_a=iq4_xs,type_b=f32,m=64,n=3,k=256,bs=[3,2],nr=[2,1],per=[0,1,2,3],k_v=0,o=1,src_overlap=0,m_v=0,pad=0): [1;32mOK[0m
  MUL_MAT(type_a=q5_K,type_b=f32,m=8192,n=3,k=512,bs=[1,1],nr=[1,1],per=[0,1,2,3],k_v=0,o=1,src_overlap=0,m_v=0,pad=0): [1;32mOK[0m
  MUL_MAT(type_a=q5_K,type_b=f32,m=1000,n=3,k=1024,bs=[1,1],nr=[1,1],per=[0,1,2,3],k_v=1280,o=1,src_overlap=0,m_v=0,pad=0): [1;32mOK[0m
  MUL_MAT(type_a=q5_K,type_b=f32,m=1000,n=3,k=1024,bs=[1,1],nr=[1,1],per=[0,1,2,3],k_v=0,o=1,src_overlap=0,m_v=0,pad=0,src1=[0,1]): [1;32mOK[0m
  MUL_MAT(type_a=bf16,type_b=f32,m=48,n=5,k=2560,bs=[1,1],nr=[1,1],per=[0,1,2,3],k_v=0,o=1,src_overlap=0,m_v=0,pad=0): [1;32mOK[0m
ggml_metal_library_compile_pipeline: compiling pipeline: base = 'kernel_mul_mv_mma_bf16_f32_nt1_rt1', name = 'kernel_mul_mv_mma_bf16_f32_nt1_rt1_nsg=16_ne12=1_r2=1_r3=1_ne00=0_add=0'
ggml_metal_library_compile_pipeline: loaded kernel_mul_mv_mma_bf16_f32_nt1_rt1_nsg=16_ne12=1_r2=1_r3=1_ne00=0_add=0     0x7b616e5880 | th_max = 1024 | th_width =   32
  MUL_MAT(type_a=bf16,type_b=f32,m=1000,n=5,k=1024,bs=[1,1],nr=[1,1],per=[0,1,2,3],k_v=0,o=1,src_overlap=0,m_v=0,pad=0): [1;32mOK[0m
ggml_metal_library_compile_pipeline: compiling pipeline: base = 'kernel_mul_mv_mma_bf16_f32_nt2_rt1', name = 'kernel_mul_mv_mma_bf16_f32_nt2_rt1_nsg=8_ne12=1_r2=1_r3=1_ne00=0_add=0'
ggml_metal_library_compile_pipeline: loaded kernel_mul_mv_mma_bf16_f32_nt2_rt1_nsg=8_ne12=1_r2=1_r3=1_ne00=0_add=0     0x7b616e5500 | th_max = 1024 | th_width =   32
  MUL_MAT(type_a=bf16,type_b=f32,m=3000,n=5,k=512,bs=[1,1],nr=[1,1],per=[0,1,2,3],k_v=0,o=1,src_overlap=0,m_v=0,pad=0): [1;32mOK[0m
ggml_metal_library_compile_pipeline: compiling pipeline: base = 'kernel_mul_mv_mma_bf16_f32_nt4_rt1', name = 'kernel_mul_mv_mma_bf16_f32_nt4_rt1_nsg=4_ne12=1_r2=1_r3=1_ne00=0_add=0'
ggml_metal_library_compile_pipeline: loaded kernel_mul_mv_mma_bf16_f32_nt4_rt1_nsg=4_ne12=1_r2=1_r3=1_ne00=0_add=0     0x7b616e5c00 | th_max = 1024 | th_width =   32
  MUL_MAT(type_a=bf16,type_b=f32,m=4100,n=5,k=256,bs=[1,1],nr=[1,1],per=[0,1,2,3],k_v=0,o=1,src_overlap=0,m_v=0,pad=0): [1;32mOK[0m
ggml_metal_library_compile_pipeline: compiling pipeline: base = 'kernel_mul_mv_mma_bf16_f32_nt1_rt1', name = 'kernel_mul_mv_mma_bf16_f32_nt1_rt1_nsg=4_ne12=6_r2=2_r3=1_ne00=0_add=0'
ggml_metal_library_compile_pipeline: loaded kernel_mul_mv_mma_bf16_f32_nt1_rt1_nsg=4_ne12=6_r2=2_r3=1_ne00=0_add=0     0x7b616e6680 | th_max = 1024 | th_width =   32
  MUL_MAT(type_a=bf16,type_b=f32,m=64,n=5,k=256,bs=[3,2],nr=[2,1],per=[0,1,2,3],k_v=0,o=1,src_overlap=0,m_v=0,pad=0): [1;32mOK[0m
  MUL_MAT(type_a=bf16,type_b=f32,m=100,n=5,k=96,bs=[1,1],nr=[1,1],per=[0,1,2,3],k_v=0,o=1,src_overlap=0,m_v=0,pad=0): [1;32mOK[0m
  MUL_MAT(type_a=q2_0,type_b=f32,m=48,n=5,k=2560,bs=[1,1],nr=[1,1],per=[0,1,2,3],k_v=0,o=1,src_overlap=0,m_v=0,pad=0): [1;32mOK[0m
  MUL_MAT(type_a=q2_0,type_b=f32,m=1000,n=5,k=1024,bs=[1,1],nr=[1,1],per=[0,1,2,3],k_v=0,o=1,src_overlap=0,m_v=0,pad=0): [1;32mOK[0m
  MUL_MAT(type_a=q2_0,type_b=f32,m=3000,n=5,k=512,bs=[1,1],nr=[1,1],per=[0,1,2,3],k_v=0,o=1,src_overlap=0,m_v=0,pad=0): [1;32mOK[0m
  MUL_MAT(type_a=q2_0,type_b=f32,m=4100,n=5,k=256,bs=[1,1],nr=[1,1],per=[0,1,2,3],k_v=0,o=1,src_overlap=0,m_v=0,pad=0): [1;32mOK[0m
  MUL_MAT(type_a=q2_0,type_b=f32,m=64,n=5,k=256,bs=[3,2],nr=[2,1],per=[0,1,2,3],k_v=0,o=1,src_overlap=0,m_v=0,pad=0): [1;32mOK[0m
  MUL_MAT(type_a=q3_K,type_b=f32,m=48,n=5,k=2560,bs=[1,1],nr=[1,1],per=[0,1,2,3],k_v=0,o=1,src_overlap=0,m_v=0,pad=0): [1;32mOK[0m
  MUL_MAT(type_a=q3_K,type_b=f32,m=1000,n=5,k=1024,bs=[1,1],nr=[1,1],per=[0,1,2,3],k_v=0,o=1,src_overlap=0,m_v=0,pad=0): [1;32mOK[0m
  MUL_MAT(type_a=q3_K,type_b=f32,m=3000,n=5,k=512,bs=[1,1],nr=[1,1],per=[0,1,2,3],k_v=0,o=1,src_overlap=0,m_v=0,pad=0): [1;32mOK[0m
  MUL_MAT(type_a=q3_K,type_b=f32,m=4100,n=5,k=256,bs=[1,1],nr=[1,1],per=[0,1,2,3],k_v=0,o=1,src_overlap=0,m_v=0,pad=0): [1;32mOK[0m
  MUL_MAT(type_a=q3_K,type_b=f32,m=64,n=5,k=256,bs=[3,2],nr=[2,1],per=[0,1,2,3],k_v=0,o=1,src_overlap=0,m_v=0,pad=0): [1;32mOK[0m
  MUL_MAT(type_a=q5_K,type_b=f32,m=48,n=5,k=2560,bs=[1,1],nr=[1,1],per=[0,1,2,3],k_v=0,o=1,src_overlap=0,m_v=0,pad=0): [1;32mOK[0m
  MUL_MAT(type_a=q5_K,type_b=f32,m=1000,n=5,k=1024,bs=[1,1],nr=[1,1],per=[0,1,2,3],k_v=0,o=1,src_overlap=0,m_v=0,pad=0): [1;32mOK[0m
  MUL_MAT(type_a=q5_K,type_b=f32,m=3000,n=5,k=512,bs=[1,1],nr=[1,1],per=[0,1,2,3],k_v=0,o=1,src_overlap=0,m_v=0,pad=0): [1;32mOK[0m
  MUL_MAT(type_a=q5_K,type_b=f32,m=4100,n=5,k=256,bs=[1,1],nr=[1,1],per=[0,1,2,3],k_v=0,o=1,src_overlap=0,m_v=0,pad=0): [1;32mOK[0m
  MUL_MAT(type_a=q5_K,type_b=f32,m=64,n=5,k=256,bs=[3,2],nr=[2,1],per=[0,1,2,3],k_v=0,o=1,src_overlap=0,m_v=0,pad=0): [1;32mOK[0m
  MUL_MAT(type_a=iq4_nl,type_b=f32,m=48,n=5,k=2560,bs=[1,1],nr=[1,1],per=[0,1,2,3],k_v=0,o=1,src_overlap=0,m_v=0,pad=0): [1;32mOK[0m
  MUL_MAT(type_a=iq4_nl,type_b=f32,m=1000,n=5,k=1024,bs=[1,1],nr=[1,1],per=[0,1,2,3],k_v=0,o=1,src_overlap=0,m_v=0,pad=0): [1;32mOK[0m
  MUL_MAT(type_a=iq4_nl,type_b=f32,m=3000,n=5,k=512,bs=[1,1],nr=[1,1],per=[0,1,2,3],k_v=0,o=1,src_overlap=0,m_v=0,pad=0): [1;32mOK[0m
  MUL_MAT(type_a=iq4_nl,type_b=f32,m=4100,n=5,k=256,bs=[1,1],nr=[1,1],per=[0,1,2,3],k_v=0,o=1,src_overlap=0,m_v=0,pad=0): [1;32mOK[0m
  MUL_MAT(type_a=iq4_nl,type_b=f32,m=64,n=5,k=256,bs=[3,2],nr=[2,1],per=[0,1,2,3],k_v=0,o=1,src_overlap=0,m_v=0,pad=0): [1;32mOK[0m
  MUL_MAT(type_a=iq4_nl,type_b=f32,m=100,n=5,k=96,bs=[1,1],nr=[1,1],per=[0,1,2,3],k_v=0,o=1,src_overlap=0,m_v=0,pad=0): [1;32mOK[0m
  MUL_MAT(type_a=iq4_xs,type_b=f32,m=48,n=5,k=2560,bs=[1,1],nr=[1,1],per=[0,1,2,3],k_v=0,o=1,src_overlap=0,m_v=0,pad=0): [1;32mOK[0m
  MUL_MAT(type_a=iq4_xs,type_b=f32,m=1000,n=5,k=1024,bs=[1,1],nr=[1,1],per=[0,1,2,3],k_v=0,o=1,src_overlap=0,m_v=0,pad=0): [1;32mOK[0m
  MUL_MAT(type_a=iq4_xs,type_b=f32,m=3000,n=5,k=512,bs=[1,1],nr=[1,1],per=[0,1,2,3],k_v=0,o=1,src_overlap=0,m_v=0,pad=0): [1;32mOK[0m
  MUL_MAT(type_a=iq4_xs,type_b=f32,m=4100,n=5,k=256,bs=[1,1],nr=[1,1],per=[0,1,2,3],k_v=0,o=1,src_overlap=0,m_v=0,pad=0): [1;32mOK[0m
  MUL_MAT(type_a=iq4_xs,type_b=f32,m=64,n=5,k=256,bs=[3,2],nr=[2,1],per=[0,1,2,3],k_v=0,o=1,src_overlap=0,m_v=0,pad=0): [1;32mOK[0m
  MUL_MAT(type_a=q5_K,type_b=f32,m=8192,n=5,k=512,bs=[1,1],nr=[1,1],per=[0,1,2,3],k_v=0,o=1,src_overlap=0,m_v=0,pad=0): [1;32mOK[0m
  MUL_MAT(type_a=q5_K,type_b=f32,m=1000,n=5,k=1024,bs=[1,1],nr=[1,1],per=[0,1,2,3],k_v=1280,o=1,src_overlap=0,m_v=0,pad=0): [1;32mOK[0m
  MUL_MAT(type_a=q5_K,type_b=f32,m=1000,n=5,k=1024,bs=[1,1],nr=[1,1],per=[0,1,2,3],k_v=0,o=1,src_overlap=0,m_v=0,pad=0,src1=[0,1]): [1;32mOK[0m
  MUL_MAT(type_a=bf16,type_b=f32,m=48,n=8,k=2560,bs=[1,1],nr=[1,1],per=[0,1,2,3],k_v=0,o=1,src_overlap=0,m_v=0,pad=0): [1;32mOK[0m
  MUL_MAT(type_a=bf16,type_b=f32,m=1000,n=8,k=1024,bs=[1,1],nr=[1,1],per=[0,1,2,3],k_v=0,o=1,src_overlap=0,m_v=0,pad=0): [1;32mOK[0m
  MUL_MAT(type_a=bf16,type_b=f32,m=3000,n=8,k=512,bs=[1,1],nr=[1,1],per=[0,1,2,3],k_v=0,o=1,src_overlap=0,m_v=0,pad=0): [1;32mOK[0m
  MUL_MAT(type_a=bf16,type_b=f32,m=4100,n=8,k=256,bs=[1,1],nr=[1,1],per=[0,1,2,3],k_v=0,o=1,src_overlap=0,m_v=0,pad=0): [1;32mOK[0m
  MUL_MAT(type_a=bf16,type_b=f32,m=64,n=8,k=256,bs=[3,2],nr=[2,1],per=[0,1,2,3],k_v=0,o=1,src_overlap=0,m_v=0,pad=0): [1;32mOK[0m
  MUL_MAT(type_a=bf16,type_b=f32,m=100,n=8,k=96,bs=[1,1],nr=[1,1],per=[0,1,2,3],k_v=0,o=1,src_overlap=0,m_v=0,pad=0): [1;32mOK[0m
  MUL_MAT(type_a=q2_0,type_b=f32,m=48,n=8,k=2560,bs=[1,1],nr=[1,1],per=[0,1,2,3],k_v=0,o=1,src_overlap=0,m_v=0,pad=0): [1;32mOK[0m
  MUL_MAT(type_a=q2_0,type_b=f32,m=1000,n=8,k=1024,bs=[1,1],nr=[1,1],per=[0,1,2,3],k_v=0,o=1,src_overlap=0,m_v=0,pad=0): [1;32mOK[0m
  MUL_MAT(type_a=q2_0,type_b=f32,m=3000,n=8,k=512,bs=[1,1],nr=[1,1],per=[0,1,2,3],k_v=0,o=1,src_overlap=0,m_v=0,pad=0): [1;32mOK[0m
  MUL_MAT(type_a=q2_0,type_b=f32,m=4100,n=8,k=256,bs=[1,1],nr=[1,1],per=[0,1,2,3],k_v=0,o=1,src_overlap=0,m_v=0,pad=0): [1;32mOK[0m
  MUL_MAT(type_a=q2_0,type_b=f32,m=64,n=8,k=256,bs=[3,2],nr=[2,1],per=[0,1,2,3],k_v=0,o=1,src_overlap=0,m_v=0,pad=0): [1;32mOK[0m
  MUL_MAT(type_a=q3_K,type_b=f32,m=48,n=8,k=2560,bs=[1,1],nr=[1,1],per=[0,1,2,3],k_v=0,o=1,src_overlap=0,m_v=0,pad=0): [1;32mOK[0m
  MUL_MAT(type_a=q3_K,type_b=f32,m=1000,n=8,k=1024,bs=[1,1],nr=[1,1],per=[0,1,2,3],k_v=0,o=1,src_overlap=0,m_v=0,pad=0): [1;32mOK[0m
  MUL_MAT(type_a=q3_K,type_b=f32,m=3000,n=8,k=512,bs=[1,1],nr=[1,1],per=[0,1,2,3],k_v=0,o=1,src_overlap=0,m_v=0,pad=0): [1;32mOK[0m
  MUL_MAT(type_a=q3_K,type_b=f32,m=4100,n=8,k=256,bs=[1,1],nr=[1,1],per=[0,1,2,3],k_v=0,o=1,src_overlap=0,m_v=0,pad=0): [1;32mOK[0m
  MUL_MAT(type_a=q3_K,type_b=f32,m=64,n=8,k=256,bs=[3,2],nr=[2,1],per=[0,1,2,3],k_v=0,o=1,src_overlap=0,m_v=0,pad=0): [1;32mOK[0m
  MUL_MAT(type_a=q5_K,type_b=f32,m=48,n=8,k=2560,bs=[1,1],nr=[1,1],per=[0,1,2,3],k_v=0,o=1,src_overlap=0,m_v=0,pad=0): [1;32mOK[0m
  MUL_MAT(type_a=q5_K,type_b=f32,m=1000,n=8,k=1024,bs=[1,1],nr=[1,1],per=[0,1,2,3],k_v=0,o=1,src_overlap=0,m_v=0,pad=0): [1;32mOK[0m
  MUL_MAT(type_a=q5_K,type_b=f32,m=3000,n=8,k=512,bs=[1,1],nr=[1,1],per=[0,1,2,3],k_v=0,o=1,src_overlap=0,m_v=0,pad=0): [1;32mOK[0m
  MUL_MAT(type_a=q5_K,type_b=f32,m=4100,n=8,k=256,bs=[1,1],nr=[1,1],per=[0,1,2,3],k_v=0,o=1,src_overlap=0,m_v=0,pad=0): [1;32mOK[0m
  MUL_MAT(type_a=q5_K,type_b=f32,m=64,n=8,k=256,bs=[3,2],nr=[2,1],per=[0,1,2,3],k_v=0,o=1,src_overlap=0,m_v=0,pad=0): [1;32mOK[0m
  MUL_MAT(type_a=iq4_nl,type_b=f32,m=48,n=8,k=2560,bs=[1,1],nr=[1,1],per=[0,1,2,3],k_v=0,o=1,src_overlap=0,m_v=0,pad=0): [1;32mOK[0m
  MUL_MAT(type_a=iq4_nl,type_b=f32,m=1000,n=8,k=1024,bs=[1,1],nr=[1,1],per=[0,1,2,3],k_v=0,o=1,src_overlap=0,m_v=0,pad=0): [1;32mOK[0m
  MUL_MAT(type_a=iq4_nl,type_b=f32,m=3000,n=8,k=512,bs=[1,1],nr=[1,1],per=[0,1,2,3],k_v=0,o=1,src_overlap=0,m_v=0,pad=0): [1;32mOK[0m
  MUL_MAT(type_a=iq4_nl,type_b=f32,m=4100,n=8,k=256,bs=[1,1],nr=[1,1],per=[0,1,2,3],k_v=0,o=1,src_overlap=0,m_v=0,pad=0): [1;32mOK[0m
  MUL_MAT(type_a=iq4_nl,type_b=f32,m=64,n=8,k=256,bs=[3,2],nr=[2,1],per=[0,1,2,3],k_v=0,o=1,src_overlap=0,m_v=0,pad=0): [1;32mOK[0m
  MUL_MAT(type_a=iq4_nl,type_b=f32,m=100,n=8,k=96,bs=[1,1],nr=[1,1],per=[0,1,2,3],k_v=0,o=1,src_overlap=0,m_v=0,pad=0): [1;32mOK[0m
  MUL_MAT(type_a=iq4_xs,type_b=f32,m=48,n=8,k=2560,bs=[1,1],nr=[1,1],per=[0,1,2,3],k_v=0,o=1,src_overlap=0,m_v=0,pad=0): [1;32mOK[0m
  MUL_MAT(type_a=iq4_xs,type_b=f32,m=1000,n=8,k=1024,bs=[1,1],nr=[1,1],per=[0,1,2,3],k_v=0,o=1,src_overlap=0,m_v=0,pad=0): [1;32mOK[0m
  MUL_MAT(type_a=iq4_xs,type_b=f32,m=3000,n=8,k=512,bs=[1,1],nr=[1,1],per=[0,1,2,3],k_v=0,o=1,src_overlap=0,m_v=0,pad=0): [1;32mOK[0m
  MUL_MAT(type_a=iq4_xs,type_b=f32,m=4100,n=8,k=256,bs=[1,1],nr=[1,1],per=[0,1,2,3],k_v=0,o=1,src_overlap=0,m_v=0,pad=0): [1;32mOK[0m
  MUL_MAT(type_a=iq4_xs,type_b=f32,m=64,n=8,k=256,bs=[3,2],nr=[2,1],per=[0,1,2,3],k_v=0,o=1,src_overlap=0,m_v=0,pad=0): [1;32mOK[0m
  MUL_MAT(type_a=q5_K,type_b=f32,m=8192,n=8,k=512,bs=[1,1],nr=[1,1],per=[0,1,2,3],k_v=0,o=1,src_overlap=0,m_v=0,pad=0): [1;32mOK[0m
  MUL_MAT(type_a=q5_K,type_b=f32,m=1000,n=8,k=1024,bs=[1,1],nr=[1,1],per=[0,1,2,3],k_v=1280,o=1,src_overlap=0,m_v=0,pad=0): [1;32mOK[0m
  MUL_MAT(type_a=q5_K,type_b=f32,m=1000,n=8,k=1024,bs=[1,1],nr=[1,1],per=[0,1,2,3],k_v=0,o=1,src_overlap=0,m_v=0,pad=0,src1=[0,1]): [1;32mOK[0m
ggml_metal_library_compile_pipeline: compiling pipeline: base = 'kernel_mul_mv_mma_bf16_f32_nt1_rt2', name = 'kernel_mul_mv_mma_bf16_f32_nt1_rt2_nsg=32_ne12=1_r2=1_r3=1_ne00=0_add=0'
ggml_metal_library_compile_pipeline: loaded kernel_mul_mv_mma_bf16_f32_nt1_rt2_nsg=32_ne12=1_r2=1_r3=1_ne00=0_add=0     0x7b616e5f80 | th_max = 1024 | th_width =   32
  MUL_MAT(type_a=bf16,type_b=f32,m=48,n=9,k=2560,bs=[1,1],nr=[1,1],per=[0,1,2,3],k_v=0,o=1,src_overlap=0,m_v=0,pad=0): [1;32mOK[0m
ggml_metal_library_compile_pipeline: compiling pipeline: base = 'kernel_mul_mv_mma_bf16_f32_nt1_rt2', name = 'kernel_mul_mv_mma_bf16_f32_nt1_rt2_nsg=16_ne12=1_r2=1_r3=1_ne00=0_add=0'
ggml_metal_library_compile_pipeline: loaded kernel_mul_mv_mma_bf16_f32_nt1_rt2_nsg=16_ne12=1_r2=1_r3=1_ne00=0_add=0     0x7b616e6300 | th_max = 1024 | th_width =   32
  MUL_MAT(type_a=bf16,type_b=f32,m=1000,n=9,k=1024,bs=[1,1],nr=[1,1],per=[0,1,2,3],k_v=0,o=1,src_overlap=0,m_v=0,pad=0): [1;32mOK[0m
ggml_metal_library_compile_pipeline: compiling pipeline: base = 'kernel_mul_mv_mma_bf16_f32_nt2_rt2', name = 'kernel_mul_mv_mma_bf16_f32_nt2_rt2_nsg=8_ne12=1_r2=1_r3=1_ne00=0_add=0'
ggml_metal_library_compile_pipeline: loaded kernel_mul_mv_mma_bf16_f32_nt2_rt2_nsg=8_ne12=1_r2=1_r3=1_ne00=0_add=0     0x7b616e6a00 | th_max = 1024 | th_width =   32
  MUL_MAT(type_a=bf16,type_b=f32,m=3000,n=9,k=512,bs=[1,1],nr=[1,1],per=[0,1,2,3],k_v=0,o=1,src_overlap=0,m_v=0,pad=0): [1;32mOK[0m
ggml_metal_library_compile_pipeline: compiling pipeline: base = 'kernel_mul_mv_mma_bf16_f32_nt4_rt2', name = 'kernel_mul_mv_mma_bf16_f32_nt4_rt2_nsg=4_ne12=1_r2=1_r3=1_ne00=0_add=0'
ggml_metal_library_compile_pipeline: loaded kernel_mul_mv_mma_bf16_f32_nt4_rt2_nsg=4_ne12=1_r2=1_r3=1_ne00=0_add=0     0x7b616e6d80 | th_max = 1024 | th_width =   32
  MUL_MAT(type_a=bf16,type_b=f32,m=4100,n=9,k=256,bs=[1,1],nr=[1,1],per=[0,1,2,3],k_v=0,o=1,src_overlap=0,m_v=0,pad=0): [1;32mOK[0m
ggml_metal_library_compile_pipeline: compiling pipeline: base = 'kernel_mul_mv_mma_bf16_f32_nt1_rt2', name = 'kernel_mul_mv_mma_bf16_f32_nt1_rt2_nsg=4_ne12=6_r2=2_r3=1_ne00=0_add=0'
ggml_metal_library_compile_pipeline: loaded kernel_mul_mv_mma_bf16_f32_nt1_rt2_nsg=4_ne12=6_r2=2_r3=1_ne00=0_add=0     0x7b616e7800 | th_max = 1024 | th_width =   32
  MUL_MAT(type_a=bf16,type_b=f32,m=64,n=9,k=256,bs=[3,2],nr=[2,1],per=[0,1,2,3],k_v=0,o=1,src_overlap=0,m_v=0,pad=0): [1;32mOK[0m
ggml_metal_library_compile_pipeline: compiling pipeline: base = 'kernel_mul_mm_bf16_f32', name = 'kernel_mul_mm_bf16_f32_bci=0_bco=1_ne12=1_ne13=1_r2=1_r3=1'
ggml_metal_library_compile_pipeline: loaded kernel_mul_mm_bf16_f32_bci=0_bco=1_ne12=1_ne13=1_r2=1_r3=1     0x7b616e7100 | th_max = 1024 | th_width =   32
  MUL_MAT(type_a=bf16,type_b=f32,m=100,n=9,k=96,bs=[1,1],nr=[1,1],per=[0,1,2,3],k_v=0,o=1,src_overlap=0,m_v=0,pad=0): [1;32mOK[0m
ggml_metal_library_compile_pipeline: compiling pipeline: base = 'kernel_mul_mv_mma_q2_0_f32_nt1_rt2', name = 'kernel_mul_mv_mma_q2_0_f32_nt1_rt2_nsg=32_ne12=1_r2=1_r3=1_ne00=0_add=0'
ggml_metal_library_compile_pipeline: loaded kernel_mul_mv_mma_q2_0_f32_nt1_rt2_nsg=32_ne12=1_r2=1_r3=1_ne00=0_add=0     0x7b616e7b80 | th_max = 1024 | th_width =   32
  MUL_MAT(type_a=q2_0,type_b=f32,m=48,n=9,k=2560,bs=[1,1],nr=[1,1],per=[0,1,2,3],k_v=0,o=1,src_overlap=0,m_v=0,pad=0): [1;32mOK[0m
ggml_metal_library_compile_pipeline: compiling pipeline: base = 'kernel_mul_mv_mma_q2_0_f32_nt1_rt2', name = 'kernel_mul_mv_mma_q2_0_f32_nt1_rt2_nsg=16_ne12=1_r2=1_r3=1_ne00=0_add=0'
ggml_metal_library_compile_pipeline: loaded kernel_mul_mv_mma_q2_0_f32_nt1_rt2_nsg=16_ne12=1_r2=1_r3=1_ne00=0_add=0     0x7b616e7480 | th_max = 1024 | th_width =   32
  MUL_MAT(type_a=q2_0,type_b=f32,m=1000,n=9,k=1024,bs=[1,1],nr=[1,1],per=[0,1,2,3],k_v=0,o=1,src_overlap=0,m_v=0,pad=0): [1;32mOK[0m
ggml_metal_library_compile_pipeline: compiling pipeline: base = 'kernel_mul_mv_mma_q2_0_f32_nt2_rt2', name = 'kernel_mul_mv_mma_q2_0_f32_nt2_rt2_nsg=8_ne12=1_r2=1_r3=1_ne00=0_add=0'
ggml_metal_library_compile_pipeline: loaded kernel_mul_mv_mma_q2_0_f32_nt2_rt2_nsg=8_ne12=1_r2=1_r3=1_ne00=0_add=0     0x7b616f8380 | th_max = 1024 | th_width =   32
  MUL_MAT(type_a=q2_0,type_b=f32,m=3000,n=9,k=512,bs=[1,1],nr=[1,1],per=[0,1,2,3],k_v=0,o=1,src_overlap=0,m_v=0,pad=0): [1;32mOK[0m
ggml_metal_library_compile_pipeline: compiling pipeline: base = 'kernel_mul_mv_mma_q2_0_f32_nt4_rt2', name = 'kernel_mul_mv_mma_q2_0_f32_nt4_rt2_nsg=4_ne12=1_r2=1_r3=1_ne00=0_add=0'
ggml_metal_library_compile_pipeline: loaded kernel_mul_mv_mma_q2_0_f32_nt4_rt2_nsg=4_ne12=1_r2=1_r3=1_ne00=0_add=0     0x7b616f8700 | th_max = 1024 | th_width =   32
  MUL_MAT(type_a=q2_0,type_b=f32,m=4100,n=9,k=256,bs=[1,1],nr=[1,1],per=[0,1,2,3],k_v=0,o=1,src_overlap=0,m_v=0,pad=0): [1;32mOK[0m
ggml_metal_library_compile_pipeline: compiling pipeline: base = 'kernel_mul_mv_mma_q2_0_f32_nt1_rt2', name = 'kernel_mul_mv_mma_q2_0_f32_nt1_rt2_nsg=4_ne12=6_r2=2_r3=1_ne00=0_add=0'
ggml_metal_library_compile_pipeline: loaded kernel_mul_mv_mma_q2_0_f32_nt1_rt2_nsg=4_ne12=6_r2=2_r3=1_ne00=0_add=0     0x7b616f8000 | th_max = 1024 | th_width =   32
  MUL_MAT(type_a=q2_0,type_b=f32,m=64,n=9,k=256,bs=[3,2],nr=[2,1],per=[0,1,2,3],k_v=0,o=1,src_overlap=0,m_v=0,pad=0): [1;32mOK[0m
ggml_metal_library_compile_pipeline: compiling pipeline: base = 'kernel_mul_mv_mma_q3_K_f32_nt1_rt2', name = 'kernel_mul_mv_mma_q3_K_f32_nt1_rt2_nsg=32_ne12=1_r2=1_r3=1_ne00=0_add=0'
ggml_metal_library_compile_pipeline: loaded kernel_mul_mv_mma_q3_K_f32_nt1_rt2_nsg=32_ne12=1_r2=1_r3=1_ne00=0_add=0     0x7b616f8a80 | th_max = 1024 | th_width =   32
  MUL_MAT(type_a=q3_K,type_b=f32,m=48,n=9,k=2560,bs=[1,1],nr=[1,1],per=[0,1,2,3],k_v=0,o=1,src_overlap=0,m_v=0,pad=0): [1;32mOK[0m
ggml_metal_library_compile_pipeline: compiling pipeline: base = 'kernel_mul_mv_mma_q3_K_f32_nt1_rt2', name = 'kernel_mul_mv_mma_q3_K_f32_nt1_rt2_nsg=16_ne12=1_r2=1_r3=1_ne00=0_add=0'
ggml_metal_library_compile_pipeline: loaded kernel_mul_mv_mma_q3_K_f32_nt1_rt2_nsg=16_ne12=1_r2=1_r3=1_ne00=0_add=0     0x7b616f8e00 | th_max = 1024 | th_width =   32
  MUL_MAT(type_a=q3_K,type_b=f32,m=1000,n=9,k=1024,bs=[1,1],nr=[1,1],per=[0,1,2,3],k_v=0,o=1,src_overlap=0,m_v=0,pad=0): [1;32mOK[0m
ggml_metal_library_compile_pipeline: compiling pipeline: base = 'kernel_mul_mv_mma_q3_K_f32_nt2_rt2', name = 'kernel_mul_mv_mma_q3_K_f32_nt2_rt2_nsg=8_ne12=1_r2=1_r3=1_ne00=0_add=0'
ggml_metal_library_compile_pipeline: loaded kernel_mul_mv_mma_q3_K_f32_nt2_rt2_nsg=8_ne12=1_r2=1_r3=1_ne00=0_add=0     0x7b616f9180 | th_max = 1024 | th_width =   32
  MUL_MAT(type_a=q3_K,type_b=f32,m=3000,n=9,k=512,bs=[1,1],nr=[1,1],per=[0,1,2,3],k_v=0,o=1,src_overlap=0,m_v=0,pad=0): [1;32mOK[0m
ggml_metal_library_compile_pipeline: compiling pipeline: base = 'kernel_mul_mv_mma_q3_K_f32_nt4_rt2', name = 'kernel_mul_mv_mma_q3_K_f32_nt4_rt2_nsg=4_ne12=1_r2=1_r3=1_ne00=0_add=0'
ggml_metal_library_compile_pipeline: loaded kernel_mul_mv_mma_q3_K_f32_nt4_rt2_nsg=4_ne12=1_r2=1_r3=1_ne00=0_add=0     0x7b616f9500 | th_max = 1024 | th_width =   32
  MUL_MAT(type_a=q3_K,type_b=f32,m=4100,n=9,k=256,bs=[1,1],nr=[1,1],per=[0,1,2,3],k_v=0,o=1,src_overlap=0,m_v=0,pad=0): [1;32mOK[0m
ggml_metal_library_compile_pipeline: compiling pipeline: base = 'kernel_mul_mv_mma_q3_K_f32_nt1_rt2', name = 'kernel_mul_mv_mma_q3_K_f32_nt1_rt2_nsg=4_ne12=6_r2=2_r3=1_ne00=0_add=0'
ggml_metal_library_compile_pipeline: loaded kernel_mul_mv_mma_q3_K_f32_nt1_rt2_nsg=4_ne12=6_r2=2_r3=1_ne00=0_add=0     0x7b616f9880 | th_max = 1024 | th_width =   32
  MUL_MAT(type_a=q3_K,type_b=f32,m=64,n=9,k=256,bs=[3,2],nr=[2,1],per=[0,1,2,3],k_v=0,o=1,src_overlap=0,m_v=0,pad=0): [1;32mOK[0m
ggml_metal_library_compile_pipeline: compiling pipeline: base = 'kernel_mul_mv_mma_q5_K_f32_nt1_rt2', name = 'kernel_mul_mv_mma_q5_K_f32_nt1_rt2_nsg=32_ne12=1_r2=1_r3=1_ne00=2560_add=0'
ggml_metal_library_compile_pipeline: loaded kernel_mul_mv_mma_q5_K_f32_nt1_rt2_nsg=32_ne12=1_r2=1_r3=1_ne00=2560_add=0     0x7b616f9c00 | th_max = 1024 | th_width =   32
  MUL_MAT(type_a=q5_K,type_b=f32,m=48,n=9,k=2560,bs=[1,1],nr=[1,1],per=[0,1,2,3],k_v=0,o=1,src_overlap=0,m_v=0,pad=0): [1;32mOK[0m
ggml_metal_library_compile_pipeline: compiling pipeline: base = 'kernel_mul_mv_mma_q5_K_f32_nt1_rt2', name = 'kernel_mul_mv_mma_q5_K_f32_nt1_rt2_nsg=16_ne12=1_r2=1_r3=1_ne00=1024_add=0'
ggml_metal_library_compile_pipeline: loaded kernel_mul_mv_mma_q5_K_f32_nt1_rt2_nsg=16_ne12=1_r2=1_r3=1_ne00=1024_add=0     0x7b616f9f80 | th_max = 1024 | th_width =   32
  MUL_MAT(type_a=q5_K,type_b=f32,m=1000,n=9,k=1024,bs=[1,1],nr=[1,1],per=[0,1,2,3],k_v=0,o=1,src_overlap=0,m_v=0,pad=0): [1;32mOK[0m
ggml_metal_library_compile_pipeline: compiling pipeline: base = 'kernel_mul_mv_mma_q5_K_f32_nt2_rt2', name = 'kernel_mul_mv_mma_q5_K_f32_nt2_rt2_nsg=8_ne12=1_r2=1_r3=1_ne00=512_add=0'
ggml_metal_library_compile_pipeline: loaded kernel_mul_mv_mma_q5_K_f32_nt2_rt2_nsg=8_ne12=1_r2=1_r3=1_ne00=512_add=0     0x7b616fa300 | th_max = 1024 | th_width =   32
  MUL_MAT(type_a=q5_K,type_b=f32,m=3000,n=9,k=512,bs=[1,1],nr=[1,1],per=[0,1,2,3],k_v=0,o=1,src_overlap=0,m_v=0,pad=0): [1;32mOK[0m
ggml_metal_library_compile_pipeline: compiling pipeline: base = 'kernel_mul_mv_mma_q5_K_f32_nt4_rt2', name = 'kernel_mul_mv_mma_q5_K_f32_nt4_rt2_nsg=4_ne12=1_r2=1_r3=1_ne00=256_add=0'
ggml_metal_library_compile_pipeline: loaded kernel_mul_mv_mma_q5_K_f32_nt4_rt2_nsg=4_ne12=1_r2=1_r3=1_ne00=256_add=0     0x7b616fa680 | th_max = 1024 | th_width =   32
  MUL_MAT(type_a=q5_K,type_b=f32,m=4100,n=9,k=256,bs=[1,1],nr=[1,1],per=[0,1,2,3],k_v=0,o=1,src_overlap=0,m_v=0,pad=0): [1;32mOK[0m
ggml_metal_library_compile_pipeline: compiling pipeline: base = 'kernel_mul_mv_mma_q5_K_f32_nt1_rt2', name = 'kernel_mul_mv_mma_q5_K_f32_nt1_rt2_nsg=4_ne12=6_r2=2_r3=1_ne00=256_add=0'
ggml_metal_library_compile_pipeline: loaded kernel_mul_mv_mma_q5_K_f32_nt1_rt2_nsg=4_ne12=6_r2=2_r3=1_ne00=256_add=0     0x7b616faa00 | th_max = 1024 | th_width =   32
  MUL_MAT(type_a=q5_K,type_b=f32,m=64,n=9,k=256,bs=[3,2],nr=[2,1],per=[0,1,2,3],k_v=0,o=1,src_overlap=0,m_v=0,pad=0): [1;32mOK[0m
ggml_metal_library_compile_pipeline: compiling pipeline: base = 'kernel_mul_mv_mma_iq4_nl_f32_nt1_rt2', name = 'kernel_mul_mv_mma_iq4_nl_f32_nt1_rt2_nsg=32_ne12=1_r2=1_r3=1_ne00=0_add=0'
ggml_metal_library_compile_pipeline: loaded kernel_mul_mv_mma_iq4_nl_f32_nt1_rt2_nsg=32_ne12=1_r2=1_r3=1_ne00=0_add=0     0x7b616fad80 | th_max = 1024 | th_width =   32
  MUL_MAT(type_a=iq4_nl,type_b=f32,m=48,n=9,k=2560,bs=[1,1],nr=[1,1],per=[0,1,2,3],k_v=0,o=1,src_overlap=0,m_v=0,pad=0): [1;32mOK[0m
ggml_metal_library_compile_pipeline: compiling pipeline: base = 'kernel_mul_mv_mma_iq4_nl_f32_nt1_rt2', name = 'kernel_mul_mv_mma_iq4_nl_f32_nt1_rt2_nsg=16_ne12=1_r2=1_r3=1_ne00=0_add=0'
ggml_metal_library_compile_pipeline: loaded kernel_mul_mv_mma_iq4_nl_f32_nt1_rt2_nsg=16_ne12=1_r2=1_r3=1_ne00=0_add=0     0x7b616fb100 | th_max = 1024 | th_width =   32
  MUL_MAT(type_a=iq4_nl,type_b=f32,m=1000,n=9,k=1024,bs=[1,1],nr=[1,1],per=[0,1,2,3],k_v=0,o=1,src_overlap=0,m_v=0,pad=0): [1;32mOK[0m
ggml_metal_library_compile_pipeline: compiling pipeline: base = 'kernel_mul_mv_mma_iq4_nl_f32_nt2_rt2', name = 'kernel_mul_mv_mma_iq4_nl_f32_nt2_rt2_nsg=8_ne12=1_r2=1_r3=1_ne00=0_add=0'
ggml_metal_library_compile_pipeline: loaded kernel_mul_mv_mma_iq4_nl_f32_nt2_rt2_nsg=8_ne12=1_r2=1_r3=1_ne00=0_add=0     0x7b616fb480 | th_max = 1024 | th_width =   32
  MUL_MAT(type_a=iq4_nl,type_b=f32,m=3000,n=9,k=512,bs=[1,1],nr=[1,1],per=[0,1,2,3],k_v=0,o=1,src_overlap=0,m_v=0,pad=0): [1;32mOK[0m
ggml_metal_library_compile_pipeline: compiling pipeline: base = 'kernel_mul_mv_mma_iq4_nl_f32_nt4_rt2', name = 'kernel_mul_mv_mma_iq4_nl_f32_nt4_rt2_nsg=4_ne12=1_r2=1_r3=1_ne00=0_add=0'
ggml_metal_library_compile_pipeline: loaded kernel_mul_mv_mma_iq4_nl_f32_nt4_rt2_nsg=4_ne12=1_r2=1_r3=1_ne00=0_add=0     0x7b616fb800 | th_max = 1024 | th_width =   32
  MUL_MAT(type_a=iq4_nl,type_b=f32,m=4100,n=9,k=256,bs=[1,1],nr=[1,1],per=[0,1,2,3],k_v=0,o=1,src_overlap=0,m_v=0,pad=0): [1;32mOK[0m
ggml_metal_library_compile_pipeline: compiling pipeline: base = 'kernel_mul_mv_mma_iq4_nl_f32_nt1_rt2', name = 'kernel_mul_mv_mma_iq4_nl_f32_nt1_rt2_nsg=4_ne12=6_r2=2_r3=1_ne00=0_add=0'
ggml_metal_library_compile_pipeline: loaded kernel_mul_mv_mma_iq4_nl_f32_nt1_rt2_nsg=4_ne12=6_r2=2_r3=1_ne00=0_add=0     0x7b616fbb80 | th_max = 1024 | th_width =   32
  MUL_MAT(type_a=iq4_nl,type_b=f32,m=64,n=9,k=256,bs=[3,2],nr=[2,1],per=[0,1,2,3],k_v=0,o=1,src_overlap=0,m_v=0,pad=0): [1;32mOK[0m
ggml_metal_library_compile_pipeline: compiling pipeline: base = 'kernel_mul_mm_iq4_nl_f32', name = 'kernel_mul_mm_iq4_nl_f32_bci=0_bco=1_ne12=1_ne13=1_r2=1_r3=1'
ggml_metal_library_compile_pipeline: loaded kernel_mul_mm_iq4_nl_f32_bci=0_bco=1_ne12=1_ne13=1_r2=1_r3=1     0x7b6170c380 | th_max = 1024 | th_width =   32
  MUL_MAT(type_a=iq4_nl,type_b=f32,m=100,n=9,k=96,bs=[1,1],nr=[1,1],per=[0,1,2,3],k_v=0,o=1,src_overlap=0,m_v=0,pad=0): [1;32mOK[0m
ggml_metal_library_compile_pipeline: compiling pipeline: base = 'kernel_mul_mv_mma_iq4_xs_f32_nt1_rt2', name = 'kernel_mul_mv_mma_iq4_xs_f32_nt1_rt2_nsg=32_ne12=1_r2=1_r3=1_ne00=0_add=0'
ggml_metal_library_compile_pipeline: loaded kernel_mul_mv_mma_iq4_xs_f32_nt1_rt2_nsg=32_ne12=1_r2=1_r3=1_ne00=0_add=0     0x7b6170c700 | th_max = 1024 | th_width =   32
  MUL_MAT(type_a=iq4_xs,type_b=f32,m=48,n=9,k=2560,bs=[1,1],nr=[1,1],per=[0,1,2,3],k_v=0,o=1,src_overlap=0,m_v=0,pad=0): [1;32mOK[0m
ggml_metal_library_compile_pipeline: compiling pipeline: base = 'kernel_mul_mv_mma_iq4_xs_f32_nt1_rt2', name = 'kernel_mul_mv_mma_iq4_xs_f32_nt1_rt2_nsg=16_ne12=1_r2=1_r3=1_ne00=0_add=0'
ggml_metal_library_compile_pipeline: loaded kernel_mul_mv_mma_iq4_xs_f32_nt1_rt2_nsg=16_ne12=1_r2=1_r3=1_ne00=0_add=0     0x7b6170c000 | th_max = 1024 | th_width =   32
  MUL_MAT(type_a=iq4_xs,type_b=f32,m=1000,n=9,k=1024,bs=[1,1],nr=[1,1],per=[0,1,2,3],k_v=0,o=1,src_overlap=0,m_v=0,pad=0): [1;32mOK[0m
ggml_metal_library_compile_pipeline: compiling pipeline: base = 'kernel_mul_mv_mma_iq4_xs_f32_nt2_rt2', name = 'kernel_mul_mv_mma_iq4_xs_f32_nt2_rt2_nsg=8_ne12=1_r2=1_r3=1_ne00=0_add=0'
ggml_metal_library_compile_pipeline: loaded kernel_mul_mv_mma_iq4_xs_f32_nt2_rt2_nsg=8_ne12=1_r2=1_r3=1_ne00=0_add=0     0x7b6170ca80 | th_max = 1024 | th_width =   32
  MUL_MAT(type_a=iq4_xs,type_b=f32,m=3000,n=9,k=512,bs=[1,1],nr=[1,1],per=[0,1,2,3],k_v=0,o=1,src_overlap=0,m_v=0,pad=0): [1;32mOK[0m
ggml_metal_library_compile_pipeline: compiling pipeline: base = 'kernel_mul_mv_mma_iq4_xs_f32_nt4_rt2', name = 'kernel_mul_mv_mma_iq4_xs_f32_nt4_rt2_nsg=4_ne12=1_r2=1_r3=1_ne00=0_add=0'
ggml_metal_library_compile_pipeline: loaded kernel_mul_mv_mma_iq4_xs_f32_nt4_rt2_nsg=4_ne12=1_r2=1_r3=1_ne00=0_add=0     0x7b6170ce00 | th_max = 1024 | th_width =   32
  MUL_MAT(type_a=iq4_xs,type_b=f32,m=4100,n=9,k=256,bs=[1,1],nr=[1,1],per=[0,1,2,3],k_v=0,o=1,src_overlap=0,m_v=0,pad=0): [1;32mOK[0m
ggml_metal_library_compile_pipeline: compiling pipeline: base = 'kernel_mul_mv_mma_iq4_xs_f32_nt1_rt2', name = 'kernel_mul_mv_mma_iq4_xs_f32_nt1_rt2_nsg=4_ne12=6_r2=2_r3=1_ne00=0_add=0'
ggml_metal_library_compile_pipeline: loaded kernel_mul_mv_mma_iq4_xs_f32_nt1_rt2_nsg=4_ne12=6_r2=2_r3=1_ne00=0_add=0     0x7b6170d180 | th_max = 1024 | th_width =   32
  MUL_MAT(type_a=iq4_xs,type_b=f32,m=64,n=9,k=256,bs=[3,2],nr=[2,1],per=[0,1,2,3],k_v=0,o=1,src_overlap=0,m_v=0,pad=0): [1;32mOK[0m
ggml_metal_library_compile_pipeline: compiling pipeline: base = 'kernel_mul_mv_mma_q5_K_f32_nt4_rt2', name = 'kernel_mul_mv_mma_q5_K_f32_nt4_rt2_nsg=8_ne12=1_r2=1_r3=1_ne00=512_add=0'
ggml_metal_library_compile_pipeline: loaded kernel_mul_mv_mma_q5_K_f32_nt4_rt2_nsg=8_ne12=1_r2=1_r3=1_ne00=512_add=0     0x7b6170d500 | th_max = 1024 | th_width =   32
  MUL_MAT(type_a=q5_K,type_b=f32,m=8192,n=9,k=512,bs=[1,1],nr=[1,1],per=[0,1,2,3],k_v=0,o=1,src_overlap=0,m_v=0,pad=0): [1;32mOK[0m
  MUL_MAT(type_a=q5_K,type_b=f32,m=1000,n=9,k=1024,bs=[1,1],nr=[1,1],per=[0,1,2,3],k_v=1280,o=1,src_overlap=0,m_v=0,pad=0): [1;32mOK[0m
  MUL_MAT(type_a=q5_K,type_b=f32,m=1000,n=9,k=1024,bs=[1,1],nr=[1,1],per=[0,1,2,3],k_v=0,o=1,src_overlap=0,m_v=0,pad=0,src1=[0,1]): [1;32mOK[0m
  MUL_MAT(type_a=bf16,type_b=f32,m=48,n=13,k=2560,bs=[1,1],nr=[1,1],per=[0,1,2,3],k_v=0,o=1,src_overlap=0,m_v=0,pad=0): [1;32mOK[0m
  MUL_MAT(type_a=bf16,type_b=f32,m=1000,n=13,k=1024,bs=[1,1],nr=[1,1],per=[0,1,2,3],k_v=0,o=1,src_overlap=0,m_v=0,pad=0): [1;32mOK[0m
  MUL_MAT(type_a=bf16,type_b=f32,m=3000,n=13,k=512,bs=[1,1],nr=[1,1],per=[0,1,2,3],k_v=0,o=1,src_overlap=0,m_v=0,pad=0): [1;32mOK[0m
  MUL_MAT(type_a=bf16,type_b=f32,m=4100,n=13,k=256,bs=[1,1],nr=[1,1],per=[0,1,2,3],k_v=0,o=1,src_overlap=0,m_v=0,pad=0): [1;32mOK[0m
  MUL_MAT(type_a=bf16,type_b=f32,m=64,n=13,k=256,bs=[3,2],nr=[2,1],per=[0,1,2,3],k_v=0,o=1,src_overlap=0,m_v=0,pad=0): [1;32mOK[0m
  MUL_MAT(type_a=bf16,type_b=f32,m=100,n=13,k=96,bs=[1,1],nr=[1,1],per=[0,1,2,3],k_v=0,o=1,src_overlap=0,m_v=0,pad=0): [1;32mOK[0m
  MUL_MAT(type_a=q2_0,type_b=f32,m=48,n=13,k=2560,bs=[1,1],nr=[1,1],per=[0,1,2,3],k_v=0,o=1,src_overlap=0,m_v=0,pad=0): [1;32mOK[0m
  MUL_MAT(type_a=q2_0,type_b=f32,m=1000,n=13,k=1024,bs=[1,1],nr=[1,1],per=[0,1,2,3],k_v=0,o=1,src_overlap=0,m_v=0,pad=0): [1;32mOK[0m
  MUL_MAT(type_a=q2_0,type_b=f32,m=3000,n=13,k=512,bs=[1,1],nr=[1,1],per=[0,1,2,3],k_v=0,o=1,src_overlap=0,m_v=0,pad=0): [1;32mOK[0m
  MUL_MAT(type_a=q2_0,type_b=f32,m=4100,n=13,k=256,bs=[1,1],nr=[1,1],per=[0,1,2,3],k_v=0,o=1,src_overlap=0,m_v=0,pad=0): [1;32mOK[0m
  MUL_MAT(type_a=q2_0,type_b=f32,m=64,n=13,k=256,bs=[3,2],nr=[2,1],per=[0,1,2,3],k_v=0,o=1,src_overlap=0,m_v=0,pad=0): [1;32mOK[0m
  MUL_MAT(type_a=q3_K,type_b=f32,m=48,n=13,k=2560,bs=[1,1],nr=[1,1],per=[0,1,2,3],k_v=0,o=1,src_overlap=0,m_v=0,pad=0): [1;32mOK[0m
  MUL_MAT(type_a=q3_K,type_b=f32,m=1000,n=13,k=1024,bs=[1,1],nr=[1,1],per=[0,1,2,3],k_v=0,o=1,src_overlap=0,m_v=0,pad=0): [1;32mOK[0m
  MUL_MAT(type_a=q3_K,type_b=f32,m=3000,n=13,k=512,bs=[1,1],nr=[1,1],per=[0,1,2,3],k_v=0,o=1,src_overlap=0,m_v=0,pad=0): [1;32mOK[0m
  MUL_MAT(type_a=q3_K,type_b=f32,m=4100,n=13,k=256,bs=[1,1],nr=[1,1],per=[0,1,2,3],k_v=0,o=1,src_overlap=0,m_v=0,pad=0): [1;32mOK[0m
  MUL_MAT(type_a=q3_K,type_b=f32,m=64,n=13,k=256,bs=[3,2],nr=[2,1],per=[0,1,2,3],k_v=0,o=1,src_overlap=0,m_v=0,pad=0): [1;32mOK[0m
  MUL_MAT(type_a=q5_K,type_b=f32,m=48,n=13,k=2560,bs=[1,1],nr=[1,1],per=[0,1,2,3],k_v=0,o=1,src_overlap=0,m_v=0,pad=0): [1;32mOK[0m
  MUL_MAT(type_a=q5_K,type_b=f32,m=1000,n=13,k=1024,bs=[1,1],nr=[1,1],per=[0,1,2,3],k_v=0,o=1,src_overlap=0,m_v=0,pad=0): [1;32mOK[0m
  MUL_MAT(type_a=q5_K,type_b=f32,m=3000,n=13,k=512,bs=[1,1],nr=[1,1],per=[0,1,2,3],k_v=0,o=1,src_overlap=0,m_v=0,pad=0): [1;32mOK[0m
  MUL_MAT(type_a=q5_K,type_b=f32,m=4100,n=13,k=256,bs=[1,1],nr=[1,1],per=[0,1,2,3],k_v=0,o=1,src_overlap=0,m_v=0,pad=0): [1;32mOK[0m
  MUL_MAT(type_a=q5_K,type_b=f32,m=64,n=13,k=256,bs=[3,2],nr=[2,1],per=[0,1,2,3],k_v=0,o=1,src_overlap=0,m_v=0,pad=0): [1;32mOK[0m
  MUL_MAT(type_a=iq4_nl,type_b=f32,m=48,n=13,k=2560,bs=[1,1],nr=[1,1],per=[0,1,2,3],k_v=0,o=1,src_overlap=0,m_v=0,pad=0): [1;32mOK[0m
  MUL_MAT(type_a=iq4_nl,type_b=f32,m=1000,n=13,k=1024,bs=[1,1],nr=[1,1],per=[0,1,2,3],k_v=0,o=1,src_overlap=0,m_v=0,pad=0): [1;32mOK[0m
  MUL_MAT(type_a=iq4_nl,type_b=f32,m=3000,n=13,k=512,bs=[1,1],nr=[1,1],per=[0,1,2,3],k_v=0,o=1,src_overlap=0,m_v=0,pad=0): [1;32mOK[0m
  MUL_MAT(type_a=iq4_nl,type_b=f32,m=4100,n=13,k=256,bs=[1,1],nr=[1,1],per=[0,1,2,3],k_v=0,o=1,src_overlap=0,m_v=0,pad=0): [1;32mOK[0m
  MUL_MAT(type_a=iq4_nl,type_b=f32,m=64,n=13,k=256,bs=[3,2],nr=[2,1],per=[0,1,2,3],k_v=0,o=1,src_overlap=0,m_v=0,pad=0): [1;32mOK[0m
  MUL_MAT(type_a=iq4_nl,type_b=f32,m=100,n=13,k=96,bs=[1,1],nr=[1,1],per=[0,1,2,3],k_v=0,o=1,src_overlap=0,m_v=0,pad=0): [1;32mOK[0m
  MUL_MAT(type_a=iq4_xs,type_b=f32,m=48,n=13,k=2560,bs=[1,1],nr=[1,1],per=[0,1,2,3],k_v=0,o=1,src_overlap=0,m_v=0,pad=0): [1;32mOK[0m
  MUL_MAT(type_a=iq4_xs,type_b=f32,m=1000,n=13,k=1024,bs=[1,1],nr=[1,1],per=[0,1,2,3],k_v=0,o=1,src_overlap=0,m_v=0,pad=0): [1;32mOK[0m
  MUL_MAT(type_a=iq4_xs,type_b=f32,m=3000,n=13,k=512,bs=[1,1],nr=[1,1],per=[0,1,2,3],k_v=0,o=1,src_overlap=0,m_v=0,pad=0): [1;32mOK[0m
  MUL_MAT(type_a=iq4_xs,type_b=f32,m=4100,n=13,k=256,bs=[1,1],nr=[1,1],per=[0,1,2,3],k_v=0,o=1,src_overlap=0,m_v=0,pad=0): [1;32mOK[0m
  MUL_MAT(type_a=iq4_xs,type_b=f32,m=64,n=13,k=256,bs=[3,2],nr=[2,1],per=[0,1,2,3],k_v=0,o=1,src_overlap=0,m_v=0,pad=0): [1;32mOK[0m
  MUL_MAT(type_a=q5_K,type_b=f32,m=8192,n=13,k=512,bs=[1,1],nr=[1,1],per=[0,1,2,3],k_v=0,o=1,src_overlap=0,m_v=0,pad=0): [1;32mOK[0m
  MUL_MAT(type_a=q5_K,type_b=f32,m=1000,n=13,k=1024,bs=[1,1],nr=[1,1],per=[0,1,2,3],k_v=1280,o=1,src_overlap=0,m_v=0,pad=0): [1;32mOK[0m
  MUL_MAT(type_a=q5_K,type_b=f32,m=1000,n=13,k=1024,bs=[1,1],nr=[1,1],per=[0,1,2,3],k_v=0,o=1,src_overlap=0,m_v=0,pad=0,src1=[0,1]): [1;32mOK[0m
  MUL_MAT(type_a=bf16,type_b=f32,m=48,n=16,k=2560,bs=[1,1],nr=[1,1],per=[0,1,2,3],k_v=0,o=1,src_overlap=0,m_v=0,pad=0): [1;32mOK[0m
  MUL_MAT(type_a=bf16,type_b=f32,m=1000,n=16,k=1024,bs=[1,1],nr=[1,1],per=[0,1,2,3],k_v=0,o=1,src_overlap=0,m_v=0,pad=0): [1;32mOK[0m
  MUL_MAT(type_a=bf16,type_b=f32,m=3000,n=16,k=512,bs=[1,1],nr=[1,1],per=[0,1,2,3],k_v=0,o=1,src_overlap=0,m_v=0,pad=0): [1;32mOK[0m
  MUL_MAT(type_a=bf16,type_b=f32,m=4100,n=16,k=256,bs=[1,1],nr=[1,1],per=[0,1,2,3],k_v=0,o=1,src_overlap=0,m_v=0,pad=0): [1;32mOK[0m
  MUL_MAT(type_a=bf16,type_b=f32,m=64,n=16,k=256,bs=[3,2],nr=[2,1],per=[0,1,2,3],k_v=0,o=1,src_overlap=0,m_v=0,pad=0): [1;32mOK[0m
  MUL_MAT(type_a=bf16,type_b=f32,m=100,n=16,k=96,bs=[1,1],nr=[1,1],per=[0,1,2,3],k_v=0,o=1,src_overlap=0,m_v=0,pad=0): [1;32mOK[0m
  MUL_MAT(type_a=q2_0,type_b=f32,m=48,n=16,k=2560,bs=[1,1],nr=[1,1],per=[0,1,2,3],k_v=0,o=1,src_overlap=0,m_v=0,pad=0): [1;32mOK[0m
  MUL_MAT(type_a=q2_0,type_b=f32,m=1000,n=16,k=1024,bs=[1,1],nr=[1,1],per=[0,1,2,3],k_v=0,o=1,src_overlap=0,m_v=0,pad=0): [1;32mOK[0m
  MUL_MAT(type_a=q2_0,type_b=f32,m=3000,n=16,k=512,bs=[1,1],nr=[1,1],per=[0,1,2,3],k_v=0,o=1,src_overlap=0,m_v=0,pad=0): [1;32mOK[0m
  MUL_MAT(type_a=q2_0,type_b=f32,m=4100,n=16,k=256,bs=[1,1],nr=[1,1],per=[0,1,2,3],k_v=0,o=1,src_overlap=0,m_v=0,pad=0): [1;32mOK[0m
  MUL_MAT(type_a=q2_0,type_b=f32,m=64,n=16,k=256,bs=[3,2],nr=[2,1],per=[0,1,2,3],k_v=0,o=1,src_overlap=0,m_v=0,pad=0): [1;32mOK[0m
  MUL_MAT(type_a=q3_K,type_b=f32,m=48,n=16,k=2560,bs=[1,1],nr=[1,1],per=[0,1,2,3],k_v=0,o=1,src_overlap=0,m_v=0,pad=0): [1;32mOK[0m
  MUL_MAT(type_a=q3_K,type_b=f32,m=1000,n=16,k=1024,bs=[1,1],nr=[1,1],per=[0,1,2,3],k_v=0,o=1,src_overlap=0,m_v=0,pad=0): [1;32mOK[0m
  MUL_MAT(type_a=q3_K,type_b=f32,m=3000,n=16,k=512,bs=[1,1],nr=[1,1],per=[0,1,2,3],k_v=0,o=1,src_overlap=0,m_v=0,pad=0): [1;32mOK[0m
  MUL_MAT(type_a=q3_K,type_b=f32,m=4100,n=16,k=256,bs=[1,1],nr=[1,1],per=[0,1,2,3],k_v=0,o=1,src_overlap=0,m_v=0,pad=0): [1;32mOK[0m
  MUL_MAT(type_a=q3_K,type_b=f32,m=64,n=16,k=256,bs=[3,2],nr=[2,1],per=[0,1,2,3],k_v=0,o=1,src_overlap=0,m_v=0,pad=0): [1;32mOK[0m
  MUL_MAT(type_a=q5_K,type_b=f32,m=48,n=16,k=2560,bs=[1,1],nr=[1,1],per=[0,1,2,3],k_v=0,o=1,src_overlap=0,m_v=0,pad=0): [1;32mOK[0m
  MUL_MAT(type_a=q5_K,type_b=f32,m=1000,n=16,k=1024,bs=[1,1],nr=[1,1],per=[0,1,2,3],k_v=0,o=1,src_overlap=0,m_v=0,pad=0): [1;32mOK[0m
  MUL_MAT(type_a=q5_K,type_b=f32,m=3000,n=16,k=512,bs=[1,1],nr=[1,1],per=[0,1,2,3],k_v=0,o=1,src_overlap=0,m_v=0,pad=0): [1;32mOK[0m
  MUL_MAT(type_a=q5_K,type_b=f32,m=4100,n=16,k=256,bs=[1,1],nr=[1,1],per=[0,1,2,3],k_v=0,o=1,src_overlap=0,m_v=0,pad=0): [1;32mOK[0m
  MUL_MAT(type_a=q5_K,type_b=f32,m=64,n=16,k=256,bs=[3,2],nr=[2,1],per=[0,1,2,3],k_v=0,o=1,src_overlap=0,m_v=0,pad=0): [1;32mOK[0m
  MUL_MAT(type_a=iq4_nl,type_b=f32,m=48,n=16,k=2560,bs=[1,1],nr=[1,1],per=[0,1,2,3],k_v=0,o=1,src_overlap=0,m_v=0,pad=0): [1;32mOK[0m
  MUL_MAT(type_a=iq4_nl,type_b=f32,m=1000,n=16,k=1024,bs=[1,1],nr=[1,1],per=[0,1,2,3],k_v=0,o=1,src_overlap=0,m_v=0,pad=0): [1;32mOK[0m
  MUL_MAT(type_a=iq4_nl,type_b=f32,m=3000,n=16,k=512,bs=[1,1],nr=[1,1],per=[0,1,2,3],k_v=0,o=1,src_overlap=0,m_v=0,pad=0): [1;32mOK[0m
  MUL_MAT(type_a=iq4_nl,type_b=f32,m=4100,n=16,k=256,bs=[1,1],nr=[1,1],per=[0,1,2,3],k_v=0,o=1,src_overlap=0,m_v=0,pad=0): [1;32mOK[0m
  MUL_MAT(type_a=iq4_nl,type_b=f32,m=64,n=16,k=256,bs=[3,2],nr=[2,1],per=[0,1,2,3],k_v=0,o=1,src_overlap=0,m_v=0,pad=0): [1;32mOK[0m
  MUL_MAT(type_a=iq4_nl,type_b=f32,m=100,n=16,k=96,bs=[1,1],nr=[1,1],per=[0,1,2,3],k_v=0,o=1,src_overlap=0,m_v=0,pad=0): [1;32mOK[0m
  MUL_MAT(type_a=iq4_xs,type_b=f32,m=48,n=16,k=2560,bs=[1,1],nr=[1,1],per=[0,1,2,3],k_v=0,o=1,src_overlap=0,m_v=0,pad=0): [1;32mOK[0m
  MUL_MAT(type_a=iq4_xs,type_b=f32,m=1000,n=16,k=1024,bs=[1,1],nr=[1,1],per=[0,1,2,3],k_v=0,o=1,src_overlap=0,m_v=0,pad=0): [1;32mOK[0m
  MUL_MAT(type_a=iq4_xs,type_b=f32,m=3000,n=16,k=512,bs=[1,1],nr=[1,1],per=[0,1,2,3],k_v=0,o=1,src_overlap=0,m_v=0,pad=0): [1;32mOK[0m
  MUL_MAT(type_a=iq4_xs,type_b=f32,m=4100,n=16,k=256,bs=[1,1],nr=[1,1],per=[0,1,2,3],k_v=0,o=1,src_overlap=0,m_v=0,pad=0): [1;32mOK[0m
  MUL_MAT(type_a=iq4_xs,type_b=f32,m=64,n=16,k=256,bs=[3,2],nr=[2,1],per=[0,1,2,3],k_v=0,o=1,src_overlap=0,m_v=0,pad=0): [1;32mOK[0m
  MUL_MAT(type_a=q5_K,type_b=f32,m=8192,n=16,k=512,bs=[1,1],nr=[1,1],per=[0,1,2,3],k_v=0,o=1,src_overlap=0,m_v=0,pad=0): [1;32mOK[0m
  MUL_MAT(type_a=q5_K,type_b=f32,m=1000,n=16,k=1024,bs=[1,1],nr=[1,1],per=[0,1,2,3],k_v=1280,o=1,src_overlap=0,m_v=0,pad=0): [1;32mOK[0m
  MUL_MAT(type_a=q5_K,type_b=f32,m=1000,n=16,k=1024,bs=[1,1],nr=[1,1],per=[0,1,2,3],k_v=0,o=1,src_overlap=0,m_v=0,pad=0,src1=[0,1]): [1;32mOK[0m
  MUL_MAT(type_a=q2_0,type_b=f32,m=16,n=1,k=256,bs=[1,1],nr=[1,1],per=[0,1,2,3],k_v=0,o=1,src_overlap=0,m_v=0,pad=0): [1;32mOK[0m
ggml_metal_library_compile_pipeline: compiling pipeline: base = 'kernel_mul_mv_q2_0_f32', name = 'kernel_mul_mv_q2_0_f32_nsg=2_ne12=2_r2=2_r3=1_split=0'
ggml_metal_library_compile_pipeline: loaded kernel_mul_mv_q2_0_f32_nsg=2_ne12=2_r2=2_r3=1_split=0     0x7b6170d880 | th_max = 1024 | th_width =   32
  MUL_MAT(type_a=q2_0,type_b=f32,m=16,n=1,k=256,bs=[1,1],nr=[2,1],per=[0,1,2,3],k_v=0,o=1,src_overlap=0,m_v=0,pad=0): [1;32mOK[0m
ggml_metal_library_compile_pipeline: compiling pipeline: base = 'kernel_mul_mv_q2_0_f32', name = 'kernel_mul_mv_q2_0_f32_nsg=2_ne12=1_r2=1_r3=2_split=0'
ggml_metal_library_compile_pipeline: loaded kernel_mul_mv_q2_0_f32_nsg=2_ne12=1_r2=1_r3=2_split=0     0x7b6170dc00 | th_max = 1024 | th_width =   32
  MUL_MAT(type_a=q2_0,type_b=f32,m=16,n=1,k=256,bs=[1,1],nr=[1,2],per=[0,1,2,3],k_v=0,o=1,src_overlap=0,m_v=0,pad=0): [1;32mOK[0m
ggml_metal_library_compile_pipeline: compiling pipeline: base = 'kernel_mul_mv_q2_0_f32', name = 'kernel_mul_mv_q2_0_f32_nsg=2_ne12=3_r2=1_r3=1_split=0'
ggml_metal_library_compile_pipeline: loaded kernel_mul_mv_q2_0_f32_nsg=2_ne12=3_r2=1_r3=1_split=0     0x7b6170df80 | th_max = 1024 | th_width =   32
  MUL_MAT(type_a=q2_0,type_b=f32,m=16,n=1,k=256,bs=[3,1],nr=[1,1],per=[0,1,2,3],k_v=0,o=1,src_overlap=0,m_v=0,pad=0): [1;32mOK[0m
ggml_metal_library_compile_pipeline: compiling pipeline: base = 'kernel_mul_mv_q2_0_f32', name = 'kernel_mul_mv_q2_0_f32_nsg=2_ne12=6_r2=2_r3=1_split=0'
ggml_metal_library_compile_pipeline: loaded kernel_mul_mv_q2_0_f32_nsg=2_ne12=6_r2=2_r3=1_split=0     0x7b6170e300 | th_max = 1024 | th_width =   32
  MUL_MAT(type_a=q2_0,type_b=f32,m=16,n=1,k=256,bs=[3,1],nr=[2,1],per=[0,1,2,3],k_v=0,o=1,src_overlap=0,m_v=0,pad=0): [1;32mOK[0m
  MUL_MAT(type_a=q2_0,type_b=f32,m=16,n=1,k=256,bs=[3,2],nr=[1,1],per=[0,1,2,3],k_v=0,o=1,src_overlap=0,m_v=0,pad=0): [1;32mOK[0m
  MUL_MAT(type_a=q2_0,type_b=f32,m=16,n=1,k=256,bs=[3,2],nr=[2,1],per=[0,1,2,3],k_v=0,o=1,src_overlap=0,m_v=0,pad=0): [1;32mOK[0m
ggml_metal_library_compile_pipeline: compiling pipeline: base = 'kernel_mul_mv_q2_0_f32', name = 'kernel_mul_mv_q2_0_f32_nsg=2_ne12=3_r2=1_r3=2_split=0'
ggml_metal_library_compile_pipeline: loaded kernel_mul_mv_q2_0_f32_nsg=2_ne12=3_r2=1_r3=2_split=0     0x7b6170ed80 | th_max = 1024 | th_width =   32
  MUL_MAT(type_a=q2_0,type_b=f32,m=16,n=1,k=256,bs=[3,2],nr=[1,2],per=[0,1,2,3],k_v=0,o=1,src_overlap=0,m_v=0,pad=0): [1;32mOK[0m
ggml_metal_library_compile_pipeline: compiling pipeline: base = 'kernel_mul_mv_q2_0_f32', name = 'kernel_mul_mv_q2_0_f32_nsg=2_ne12=6_r2=2_r3=2_split=0'
ggml_metal_library_compile_pipeline: loaded kernel_mul_mv_q2_0_f32_nsg=2_ne12=6_r2=2_r3=2_split=0     0x7b6170e680 | th_max = 1024 | th_width =   32
  MUL_MAT(type_a=q2_0,type_b=f32,m=16,n=1,k=256,bs=[3,2],nr=[2,2],per=[0,1,2,3],k_v=0,o=1,src_overlap=0,m_v=0,pad=0): [1;32mOK[0m
ggml_metal_library_compile_pipeline: compiling pipeline: base = 'kernel_mul_mv_mma_q2_0_f32_nt1_rt1', name = 'kernel_mul_mv_mma_q2_0_f32_nt1_rt1_nsg=4_ne12=6_r2=2_r3=2_ne00=0_add=0'
ggml_metal_library_compile_pipeline: loaded kernel_mul_mv_mma_q2_0_f32_nt1_rt1_nsg=4_ne12=6_r2=2_r3=2_ne00=0_add=0     0x7b6170ea00 | th_max = 1024 | th_width =   32
  MUL_MAT(type_a=q2_0,type_b=f32,m=16,n=4,k=256,bs=[3,2],nr=[2,2],per=[0,1,2,3],k_v=0,o=1,src_overlap=0,m_v=0,pad=0): [1;32mOK[0m
  MUL_MAT(type_a=q2_0,type_b=f32,m=16,n=16,k=256,bs=[1,1],nr=[1,1],per=[0,1,2,3],k_v=0,o=1,src_overlap=0,m_v=0,pad=0): [1;32mOK[0m
ggml_metal_library_compile_pipeline: compiling pipeline: base = 'kernel_mul_mv_mma_q2_0_f32_nt1_rt2', name = 'kernel_mul_mv_mma_q2_0_f32_nt1_rt2_nsg=4_ne12=2_r2=2_r3=1_ne00=0_add=0'
ggml_metal_library_compile_pipeline: loaded kernel_mul_mv_mma_q2_0_f32_nt1_rt2_nsg=4_ne12=2_r2=2_r3=1_ne00=0_add=0     0x7b6170f480 | th_max = 1024 | th_width =   32
  MUL_MAT(type_a=q2_0,type_b=f32,m=16,n=16,k=256,bs=[1,1],nr=[2,1],per=[0,1,2,3],k_v=0,o=1,src_overlap=0,m_v=0,pad=0): [1;32mOK[0m
ggml_metal_library_compile_pipeline: compiling pipeline: base = 'kernel_mul_mv_mma_q2_0_f32_nt1_rt2', name = 'kernel_mul_mv_mma_q2_0_f32_nt1_rt2_nsg=4_ne12=1_r2=1_r3=2_ne00=0_add=0'
ggml_metal_library_compile_pipeline: loaded kernel_mul_mv_mma_q2_0_f32_nt1_rt2_nsg=4_ne12=1_r2=1_r3=2_ne00=0_add=0     0x7b6170f800 | th_max = 1024 | th_width =   32
  MUL_MAT(type_a=q2_0,type_b=f32,m=16,n=16,k=256,bs=[1,1],nr=[1,2],per=[0,1,2,3],k_v=0,o=1,src_overlap=0,m_v=0,pad=0): [1;32mOK[0m
ggml_metal_library_compile_pipeline: compiling pipeline: base = 'kernel_mul_mv_mma_q2_0_f32_nt1_rt2', name = 'kernel_mul_mv_mma_q2_0_f32_nt1_rt2_nsg=4_ne12=3_r2=1_r3=1_ne00=0_add=0'
ggml_metal_library_compile_pipeline: loaded kernel_mul_mv_mma_q2_0_f32_nt1_rt2_nsg=4_ne12=3_r2=1_r3=1_ne00=0_add=0     0x7b6170f100 | th_max = 1024 | th_width =   32
  MUL_MAT(type_a=q2_0,type_b=f32,m=16,n=16,k=256,bs=[3,1],nr=[1,1],per=[0,1,2,3],k_v=0,o=1,src_overlap=0,m_v=0,pad=0): [1;32mOK[0m
  MUL_MAT(type_a=q2_0,type_b=f32,m=16,n=16,k=256,bs=[3,1],nr=[2,1],per=[0,1,2,3],k_v=0,o=1,src_overlap=0,m_v=0,pad=0): [1;32mOK[0m
  MUL_MAT(type_a=q2_0,type_b=f32,m=16,n=16,k=256,bs=[3,2],nr=[1,1],per=[0,1,2,3],k_v=0,o=1,src_overlap=0,m_v=0,pad=0): [1;32mOK[0m
  MUL_MAT(type_a=q2_0,type_b=f32,m=16,n=16,k=256,bs=[3,2],nr=[2,1],per=[0,1,2,3],k_v=0,o=1,src_overlap=0,m_v=0,pad=0): [1;32mOK[0m
ggml_metal_library_compile_pipeline: compiling pipeline: base = 'kernel_mul_mv_mma_q2_0_f32_nt1_rt2', name = 'kernel_mul_mv_mma_q2_0_f32_nt1_rt2_nsg=4_ne12=3_r2=1_r3=2_ne00=0_add=0'
ggml_metal_library_compile_pipeline: loaded kernel_mul_mv_mma_q2_0_f32_nt1_rt2_nsg=4_ne12=3_r2=1_r3=2_ne00=0_add=0     0x7b6170fb80 | th_max = 1024 | th_width =   32
  MUL_MAT(type_a=q2_0,type_b=f32,m=16,n=16,k=256,bs=[3,2],nr=[1,2],per=[0,1,2,3],k_v=0,o=1,src_overlap=0,m_v=0,pad=0): [1;32mOK[0m
ggml_metal_library_compile_pipeline: compiling pipeline: base = 'kernel_mul_mv_mma_q2_0_f32_nt1_rt2', name = 'kernel_mul_mv_mma_q2_0_f32_nt1_rt2_nsg=4_ne12=6_r2=2_r3=2_ne00=0_add=0'
ggml_metal_library_compile_pipeline: loaded kernel_mul_mv_mma_q2_0_f32_nt1_rt2_nsg=4_ne12=6_r2=2_r3=2_ne00=0_add=0     0x7b61714380 | th_max = 1024 | th_width =   32
  MUL_MAT(type_a=q2_0,type_b=f32,m=16,n=16,k=256,bs=[3,2],nr=[2,2],per=[0,1,2,3],k_v=0,o=1,src_overlap=0,m_v=0,pad=0): [1;32mOK[0m
ggml_metal_library_compile_pipeline: compiling pipeline: base = 'kernel_mul_mv_q2_0_f32', name = 'kernel_mul_mv_q2_0_f32_nsg=2_ne12=2_r2=1_r3=1_split=0'
ggml_metal_library_compile_pipeline: loaded kernel_mul_mv_q2_0_f32_nsg=2_ne12=2_r2=1_r3=1_split=0     0x7b61714000 | th_max = 1024 | th_width =   32
  MUL_MAT(type_a=q2_0,type_b=f32,m=16,n=1,k=256,bs=[2,3],nr=[1,1],per=[0,2,1,3],k_v=0,o=1,src_overlap=0,m_v=0,pad=0): [1;32mOK[0m
  MUL_MAT(type_a=q2_0,type_b=f32,m=16,n=1,k=256,bs=[2,3],nr=[1,1],per=[0,1,3,2],k_v=0,o=1,src_overlap=0,m_v=0,pad=0): [1;32mOK[0m
  MUL_MAT(type_a=q2_0,type_b=f32,m=16,n=1,k=256,bs=[2,3],nr=[1,1],per=[0,3,2,1],k_v=0,o=1,src_overlap=0,m_v=0,pad=0): [1;32mOK[0m
ggml_metal_library_compile_pipeline: compiling pipeline: base = 'kernel_mul_mv_mma_q2_0_f32_nt1_rt1', name = 'kernel_mul_mv_mma_q2_0_f32_nt1_rt1_nsg=4_ne12=2_r2=1_r3=1_ne00=0_add=0'
ggml_metal_library_compile_pipeline: loaded kernel_mul_mv_mma_q2_0_f32_nt1_rt1_nsg=4_ne12=2_r2=1_r3=1_ne00=0_add=0     0x7b61714e00 | th_max = 1024 | th_width =   32
  MUL_MAT(type_a=q2_0,type_b=f32,m=16,n=4,k=256,bs=[2,3],nr=[1,1],per=[0,3,2,1],k_v=0,o=1,src_overlap=0,m_v=0,pad=0): [1;32mOK[0m
  MUL_MAT(type_a=q2_0,type_b=f32,m=16,n=8,k=256,bs=[2,3],nr=[1,1],per=[0,2,1,3],k_v=0,o=1,src_overlap=0,m_v=0,pad=0): [1;32mOK[0m
  MUL_MAT(type_a=q2_0,type_b=f32,m=16,n=8,k=256,bs=[2,3],nr=[1,1],per=[0,1,3,2],k_v=0,o=1,src_overlap=0,m_v=0,pad=0): [1;32mOK[0m
  MUL_MAT(type_a=q2_0,type_b=f32,m=16,n=8,k=256,bs=[2,3],nr=[1,1],per=[0,3,2,1],k_v=0,o=1,src_overlap=0,m_v=0,pad=0): [1;32mOK[0m
ggml_metal_library_compile_pipeline: compiling pipeline: base = 'kernel_mul_mv_mma_q2_0_f32_nt1_rt2', name = 'kernel_mul_mv_mma_q2_0_f32_nt1_rt2_nsg=4_ne12=2_r2=1_r3=1_ne00=0_add=0'
ggml_metal_library_compile_pipeline: loaded kernel_mul_mv_mma_q2_0_f32_nt1_rt2_nsg=4_ne12=2_r2=1_r3=1_ne00=0_add=0     0x7b61714700 | th_max = 1024 | th_width =   32
  MUL_MAT(type_a=q2_0,type_b=f32,m=16,n=16,k=256,bs=[2,3],nr=[1,1],per=[0,2,1,3],k_v=0,o=1,src_overlap=0,m_v=0,pad=0): [1;32mOK[0m
  MUL_MAT(type_a=q2_0,type_b=f32,m=16,n=16,k=256,bs=[2,3],nr=[1,1],per=[0,1,3,2],k_v=0,o=1,src_overlap=0,m_v=0,pad=0): [1;32mOK[0m
  MUL_MAT(type_a=q2_0,type_b=f32,m=16,n=16,k=256,bs=[2,3],nr=[1,1],per=[0,3,2,1],k_v=0,o=1,src_overlap=0,m_v=0,pad=0): [1;32mOK[0m
  MUL_MAT(type_a=q2_0,type_b=f32,m=16,n=1,k=1024,bs=[3,2],nr=[1,1],per=[0,1,2,3],k_v=0,o=1,src_overlap=0,m_v=0,pad=0): [1;32mOK[0m
ggml_metal_library_compile_pipeline: compiling pipeline: base = 'kernel_mul_mv_mma_q2_0_f32_nt1_rt1', name = 'kernel_mul_mv_mma_q2_0_f32_nt1_rt1_nsg=16_ne12=3_r2=1_r3=1_ne00=0_add=0'
ggml_metal_library_compile_pipeline: loaded kernel_mul_mv_mma_q2_0_f32_nt1_rt1_nsg=16_ne12=3_r2=1_r3=1_ne00=0_add=0     0x7b61715500 | th_max = 1024 | th_width =   32
  MUL_MAT(type_a=q2_0,type_b=f32,m=16,n=8,k=1024,bs=[3,2],nr=[1,1],per=[0,1,2,3],k_v=0,o=1,src_overlap=0,m_v=0,pad=0): [1;32mOK[0m
ggml_metal_library_compile_pipeline: compiling pipeline: base = 'kernel_mul_mv_mma_q2_0_f32_nt1_rt2', name = 'kernel_mul_mv_mma_q2_0_f32_nt1_rt2_nsg=16_ne12=3_r2=1_r3=1_ne00=0_add=0'
ggml_metal_library_compile_pipeline: loaded kernel_mul_mv_mma_q2_0_f32_nt1_rt2_nsg=16_ne12=3_r2=1_r3=1_ne00=0_add=0     0x7b61715180 | th_max = 1024 | th_width =   32
  MUL_MAT(type_a=q2_0,type_b=f32,m=16,n=16,k=1024,bs=[3,2],nr=[1,1],per=[0,1,2,3],k_v=0,o=1,src_overlap=0,m_v=0,pad=0): [1;32mOK[0m
ggml_metal_library_compile_pipeline: compiling pipeline: base = 'kernel_mul_mv_mma_q2_0_f32_nt1_rt1', name = 'kernel_mul_mv_mma_q2_0_f32_nt1_rt1_nsg=4_ne12=1536_r2=1_r3=1_ne00=0_add=0'
ggml_metal_library_compile_pipeline: loaded kernel_mul_mv_mma_q2_0_f32_nt1_rt1_nsg=4_ne12=1536_r2=1_r3=1_ne00=0_add=0     0x7b61714a80 | th_max = 1024 | th_width =   32
  MUL_MAT(type_a=q2_0,type_b=f32,m=16,n=8,k=256,bs=[1536,1],nr=[1,1],per=[0,1,2,3],k_v=0,o=1,src_overlap=0,m_v=0,pad=0): [1;32mOK[0m
ggml_metal_library_compile_pipeline: compiling pipeline: base = 'kernel_mul_mv_bf16_f32_4', name = 'kernel_mul_mv_bf16_f32_4_nsg=2_ne12=2_r2=1_r3=1_split=0'
ggml_metal_library_compile_pipeline: loaded kernel_mul_mv_bf16_f32_4_nsg=2_ne12=2_r2=1_r3=1_split=0     0x7b61715880 | th_max = 1024 | th_width =   32
  MUL_MAT(type_a=bf16,type_b=f32,m=16,n=1,k=256,bs=[2,3],nr=[1,1],per=[0,2,1,3],k_v=0,o=1,src_overlap=0,m_v=0,pad=0): [1;32mOK[0m
  MUL_MAT(type_a=bf16,type_b=f32,m=16,n=1,k=256,bs=[2,3],nr=[1,1],per=[0,1,3,2],k_v=0,o=1,src_overlap=0,m_v=0,pad=0): [1;32mOK[0m
  MUL_MAT(type_a=bf16,type_b=f32,m=16,n=1,k=256,bs=[2,3],nr=[1,1],per=[0,3,2,1],k_v=0,o=1,src_overlap=0,m_v=0,pad=0): [1;32mOK[0m
ggml_metal_library_compile_pipeline: compiling pipeline: base = 'kernel_mul_mv_mma_bf16_f32_nt1_rt1', name = 'kernel_mul_mv_mma_bf16_f32_nt1_rt1_nsg=4_ne12=2_r2=1_r3=1_ne00=0_add=0'
ggml_metal_library_compile_pipeline: loaded kernel_mul_mv_mma_bf16_f32_nt1_rt1_nsg=4_ne12=2_r2=1_r3=1_ne00=0_add=0     0x7b61716300 | th_max = 1024 | th_width =   32
  MUL_MAT(type_a=bf16,type_b=f32,m=16,n=8,k=256,bs=[2,3],nr=[1,1],per=[0,2,1,3],k_v=0,o=1,src_overlap=0,m_v=0,pad=0): [1;32mOK[0m
  MUL_MAT(type_a=bf16,type_b=f32,m=16,n=8,k=256,bs=[2,3],nr=[1,1],per=[0,1,3,2],k_v=0,o=1,src_overlap=0,m_v=0,pad=0): [1;32mOK[0m
  MUL_MAT(type_a=bf16,type_b=f32,m=16,n=8,k=256,bs=[2,3],nr=[1,1],per=[0,3,2,1],k_v=0,o=1,src_overlap=0,m_v=0,pad=0): [1;32mOK[0m
ggml_metal_library_compile_pipeline: compiling pipeline: base = 'kernel_mul_mv_mma_bf16_f32_nt1_rt2', name = 'kernel_mul_mv_mma_bf16_f32_nt1_rt2_nsg=4_ne12=2_r2=1_r3=1_ne00=0_add=0'
ggml_metal_library_compile_pipeline: loaded kernel_mul_mv_mma_bf16_f32_nt1_rt2_nsg=4_ne12=2_r2=1_r3=1_ne00=0_add=0     0x7b61716680 | th_max = 1024 | th_width =   32
  MUL_MAT(type_a=bf16,type_b=f32,m=16,n=16,k=256,bs=[2,3],nr=[1,1],per=[0,2,1,3],k_v=0,o=1,src_overlap=0,m_v=0,pad=0): [1;32mOK[0m
  MUL_MAT(type_a=bf16,type_b=f32,m=16,n=16,k=256,bs=[2,3],nr=[1,1],per=[0,1,3,2],k_v=0,o=1,src_overlap=0,m_v=0,pad=0): [1;32mOK[0m
  MUL_MAT(type_a=bf16,type_b=f32,m=16,n=16,k=256,bs=[2,3],nr=[1,1],per=[0,3,2,1],k_v=0,o=1,src_overlap=0,m_v=0,pad=0): [1;32mOK[0m
  MUL_MAT(type_a=q2_0,type_b=f32,m=16,n=1,k=64,bs=[1,1],nr=[1,1],per=[0,1,2,3],k_v=0,o=1,src_overlap=0,m_v=0,pad=0): [1;32mOK[0m
  MUL_MAT(type_a=q2_0,type_b=f32,m=16,n=1,k=256,bs=[1,1],nr=[1,1],per=[0,1,2,3],k_v=0,o=1,src_overlap=0,m_v=0,pad=0): [1;32mOK[0m
  MUL_MAT(type_a=q3_K,type_b=f32,m=16,n=1,k=256,bs=[1,1],nr=[1,1],per=[0,1,2,3],k_v=0,o=1,src_overlap=0,m_v=0,pad=0): [1;32mOK[0m
  MUL_MAT(type_a=q5_K,type_b=f32,m=16,n=1,k=256,bs=[1,1],nr=[1,1],per=[0,1,2,3],k_v=0,o=1,src_overlap=0,m_v=0,pad=0): [1;32mOK[0m
  MUL_MAT(type_a=iq4_nl,type_b=f32,m=16,n=1,k=32,bs=[1,1],nr=[1,1],per=[0,1,2,3],k_v=0,o=1,src_overlap=0,m_v=0,pad=0): [1;32mOK[0m
  MUL_MAT(type_a=iq4_nl,type_b=f32,m=16,n=1,k=256,bs=[1,1],nr=[1,1],per=[0,1,2,3],k_v=0,o=1,src_overlap=0,m_v=0,pad=0): [1;32mOK[0m
  MUL_MAT(type_a=iq4_xs,type_b=f32,m=16,n=1,k=256,bs=[1,1],nr=[1,1],per=[0,1,2,3],k_v=0,o=1,src_overlap=0,m_v=0,pad=0): [1;32mOK[0m
ggml_metal_library_compile_pipeline: compiling pipeline: base = 'kernel_mul_mv_bf16_f32_short', name = 'kernel_mul_mv_bf16_f32_short_nsg=1_ne12=1_r2=1_r3=1_split=0'
ggml_metal_library_compile_pipeline: loaded kernel_mul_mv_bf16_f32_short_nsg=1_ne12=1_r2=1_r3=1_split=0     0x7b61715f80 | th_max = 1024 | th_width =   32
  MUL_MAT(type_a=bf16,type_b=f32,m=16,n=1,k=1,bs=[1,1],nr=[1,1],per=[0,1,2,3],k_v=0,o=1,src_overlap=0,m_v=0,pad=0): [1;32mOK[0m
  MUL_MAT(type_a=bf16,type_b=f32,m=16,n=1,k=256,bs=[1,1],nr=[1,1],per=[0,1,2,3],k_v=0,o=1,src_overlap=0,m_v=0,pad=0): [1;32mOK[0m
  MUL_MAT(type_a=bf16,type_b=f32,m=1056,n=1,k=128,bs=[1,1],nr=[1,1],per=[0,2,1,3],k_v=0,o=1,src_overlap=0,m_v=0,pad=0): [1;32mOK[0m
  MUL_MAT(type_a=bf16,type_b=f32,m=128,n=1,k=1056,bs=[1,1],nr=[1,1],per=[0,1,2,3],k_v=2112,o=1,src_overlap=0,m_v=0,pad=0): [1;32mOK[0m
ggml_metal_library_compile_pipeline: compiling pipeline: base = 'kernel_mul_mv_bf16_f32', name = 'kernel_mul_mv_bf16_f32_nsg=2_ne12=1_r2=1_r3=1_split=0'
ggml_metal_library_compile_pipeline: loaded kernel_mul_mv_bf16_f32_nsg=2_ne12=1_r2=1_r3=1_split=0     0x7b61715c00 | th_max = 1024 | th_width =   32
  MUL_MAT(type_a=bf16,type_b=f32,m=1056,n=1,k=129,bs=[1,1],nr=[1,1],per=[0,2,1,3],k_v=0,o=1,src_overlap=0,m_v=0,pad=0): [1;32mOK[0m
ggml_metal_library_compile_pipeline: compiling pipeline: base = 'kernel_mul_mv_bf16_f32', name = 'kernel_mul_mv_bf16_f32_nsg=4_ne12=1_r2=1_r3=1_split=0'
ggml_metal_library_compile_pipeline: loaded kernel_mul_mv_bf16_f32_nsg=4_ne12=1_r2=1_r3=1_split=0     0x7b61717100 | th_max = 1024 | th_width =   32
  MUL_MAT(type_a=bf16,type_b=f32,m=128,n=1,k=1057,bs=[1,1],nr=[1,1],per=[0,1,2,3],k_v=2113,o=1,src_overlap=0,m_v=0,pad=0): [1;32mOK[0m
  MUL_MAT(type_a=bf16,type_b=f32,m=1057,n=1,k=128,bs=[1,1],nr=[1,1],per=[0,2,1,3],k_v=0,o=1,src_overlap=0,m_v=0,pad=0): [1;32mOK[0m
  MUL_MAT(type_a=bf16,type_b=f32,m=129,n=1,k=1056,bs=[1,1],nr=[1,1],per=[0,1,2,3],k_v=2112,o=1,src_overlap=0,m_v=0,pad=0): [1;32mOK[0m
  MUL_MAT(type_a=bf16,type_b=f32,m=1057,n=1,k=129,bs=[1,1],nr=[1,1],per=[0,2,1,3],k_v=0,o=1,src_overlap=0,m_v=0,pad=0): [1;32mOK[0m
  MUL_MAT(type_a=bf16,type_b=f32,m=129,n=1,k=1057,bs=[1,1],nr=[1,1],per=[0,1,2,3],k_v=2113,o=1,src_overlap=0,m_v=0,pad=0): [1;32mOK[0m
ggml_metal_library_compile_pipeline: compiling pipeline: base = 'kernel_mul_mv_bf16_f32_4', name = 'kernel_mul_mv_bf16_f32_4_nsg=1_ne12=4_r2=4_r3=1_split=0'
ggml_metal_library_compile_pipeline: loaded kernel_mul_mv_bf16_f32_4_nsg=1_ne12=4_r2=4_r3=1_split=0     0x7b61717480 | th_max = 1024 | th_width =   32
  MUL_MAT(type_a=bf16,type_b=f32,m=1056,n=1,k=128,bs=[1,1],nr=[4,1],per=[0,2,1,3],k_v=0,o=1,src_overlap=0,m_v=0,pad=0): [1;32mOK[0m
ggml_metal_library_compile_pipeline: compiling pipeline: base = 'kernel_mul_mv_bf16_f32_4', name = 'kernel_mul_mv_bf16_f32_4_nsg=4_ne12=4_r2=4_r3=1_split=0'
ggml_metal_library_compile_pipeline: loaded kernel_mul_mv_bf16_f32_4_nsg=4_ne12=4_r2=4_r3=1_split=0     0x7b61717800 | th_max = 1024 | th_width =   32
  MUL_MAT(type_a=bf16,type_b=f32,m=128,n=1,k=1056,bs=[1,1],nr=[4,1],per=[0,1,2,3],k_v=2112,o=1,src_overlap=0,m_v=0,pad=0): [1;32mOK[0m
ggml_metal_library_compile_pipeline: compiling pipeline: base = 'kernel_mul_mv_bf16_f32', name = 'kernel_mul_mv_bf16_f32_nsg=2_ne12=4_r2=4_r3=1_split=0'
ggml_metal_library_compile_pipeline: loaded kernel_mul_mv_bf16_f32_nsg=2_ne12=4_r2=4_r3=1_split=0     0x7b61717b80 | th_max = 1024 | th_width =   32
  MUL_MAT(type_a=bf16,type_b=f32,m=1056,n=1,k=129,bs=[1,1],nr=[4,1],per=[0,2,1,3],k_v=0,o=1,src_overlap=0,m_v=0,pad=0): [1;32mOK[0m
ggml_metal_library_compile_pipeline: compiling pipeline: base = 'kernel_mul_mv_bf16_f32', name = 'kernel_mul_mv_bf16_f32_nsg=4_ne12=4_r2=4_r3=1_split=0'
ggml_metal_library_compile_pipeline: loaded kernel_mul_mv_bf16_f32_nsg=4_ne12=4_r2=4_r3=1_split=0     0x7b615b3b80 | th_max = 1024 | th_width =   32
  MUL_MAT(type_a=bf16,type_b=f32,m=128,n=1,k=1057,bs=[1,1],nr=[4,1],per=[0,1,2,3],k_v=2113,o=1,src_overlap=0,m_v=0,pad=0): [1;32mOK[0m
  MUL_MAT(type_a=bf16,type_b=f32,m=1057,n=1,k=128,bs=[1,1],nr=[4,1],per=[0,2,1,3],k_v=0,o=1,src_overlap=0,m_v=0,pad=0): [1;32mOK[0m
  MUL_MAT(type_a=bf16,type_b=f32,m=129,n=1,k=1056,bs=[1,1],nr=[4,1],per=[0,1,2,3],k_v=2112,o=1,src_overlap=0,m_v=0,pad=0): [1;32mOK[0m
  MUL_MAT(type_a=bf16,type_b=f32,m=1057,n=1,k=129,bs=[1,1],nr=[4,1],per=[0,2,1,3],k_v=0,o=1,src_overlap=0,m_v=0,pad=0): [1;32mOK[0m
  MUL_MAT(type_a=bf16,type_b=f32,m=129,n=1,k=1057,bs=[1,1],nr=[4,1],per=[0,1,2,3],k_v=2113,o=1,src_overlap=0,m_v=0,pad=0): [1;32mOK[0m
ggml_metal_library_compile_pipeline: compiling pipeline: base = 'kernel_mul_mv_bf16_f32_4', name = 'kernel_mul_mv_bf16_f32_4_nsg=1_ne12=2_r2=1_r3=1_split=0'
ggml_metal_library_compile_pipeline: loaded kernel_mul_mv_bf16_f32_4_nsg=1_ne12=2_r2=1_r3=1_split=0     0x7b61652a00 | th_max = 1024 | th_width =   32
  MUL_MAT(type_a=bf16,type_b=f32,m=1056,n=1,k=128,bs=[2,1],nr=[1,1],per=[0,2,1,3],k_v=0,o=1,src_overlap=0,m_v=0,pad=0): [1;32mOK[0m
ggml_metal_library_compile_pipeline: compiling pipeline: base = 'kernel_mul_mv_bf16_f32_4', name = 'kernel_mul_mv_bf16_f32_4_nsg=4_ne12=2_r2=1_r3=1_split=0'
ggml_metal_library_compile_pipeline: loaded kernel_mul_mv_bf16_f32_4_nsg=4_ne12=2_r2=1_r3=1_split=0     0x7b61720000 | th_max = 1024 | th_width =   32
  MUL_MAT(type_a=bf16,type_b=f32,m=128,n=1,k=1056,bs=[2,1],nr=[1,1],per=[0,1,2,3],k_v=2112,o=1,src_overlap=0,m_v=0,pad=0): [1;32mOK[0m
ggml_metal_library_compile_pipeline: compiling pipeline: base = 'kernel_mul_mv_bf16_f32', name = 'kernel_mul_mv_bf16_f32_nsg=2_ne12=2_r2=1_r3=1_split=0'
ggml_metal_library_compile_pipeline: loaded kernel_mul_mv_bf16_f32_nsg=2_ne12=2_r2=1_r3=1_split=0     0x7b61720a80 | th_max = 1024 | th_width =   32
  MUL_MAT(type_a=bf16,type_b=f32,m=1056,n=1,k=129,bs=[2,1],nr=[1,1],per=[0,2,1,3],k_v=0,o=1,src_overlap=0,m_v=0,pad=0): [1;32mOK[0m
ggml_metal_library_compile_pipeline: compiling pipeline: base = 'kernel_mul_mv_bf16_f32', name = 'kernel_mul_mv_bf16_f32_nsg=4_ne12=2_r2=1_r3=1_split=0'
ggml_metal_library_compile_pipeline: loaded kernel_mul_mv_bf16_f32_nsg=4_ne12=2_r2=1_r3=1_split=0     0x7b61720e00 | th_max = 1024 | th_width =   32
  MUL_MAT(type_a=bf16,type_b=f32,m=128,n=1,k=1057,bs=[2,1],nr=[1,1],per=[0,1,2,3],k_v=2113,o=1,src_overlap=0,m_v=0,pad=0): [1;32mOK[0m
  MUL_MAT(type_a=bf16,type_b=f32,m=1057,n=1,k=128,bs=[2,1],nr=[1,1],per=[0,2,1,3],k_v=0,o=1,src_overlap=0,m_v=0,pad=0): [1;32mOK[0m
  MUL_MAT(type_a=bf16,type_b=f32,m=129,n=1,k=1056,bs=[2,1],nr=[1,1],per=[0,1,2,3],k_v=2112,o=1,src_overlap=0,m_v=0,pad=0): [1;32mOK[0m
  MUL_MAT(type_a=bf16,type_b=f32,m=1057,n=1,k=129,bs=[2,1],nr=[1,1],per=[0,2,1,3],k_v=0,o=1,src_overlap=0,m_v=0,pad=0): [1;32mOK[0m
  MUL_MAT(type_a=bf16,type_b=f32,m=129,n=1,k=1057,bs=[2,1],nr=[1,1],per=[0,1,2,3],k_v=2113,o=1,src_overlap=0,m_v=0,pad=0): [1;32mOK[0m
ggml_metal_library_compile_pipeline: compiling pipeline: base = 'kernel_mul_mv_bf16_f32_4', name = 'kernel_mul_mv_bf16_f32_4_nsg=1_ne12=8_r2=4_r3=1_split=0'
ggml_metal_library_compile_pipeline: loaded kernel_mul_mv_bf16_f32_4_nsg=1_ne12=8_r2=4_r3=1_split=0     0x7b61721180 | th_max = 1024 | th_width =   32
  MUL_MAT(type_a=bf16,type_b=f32,m=1056,n=1,k=128,bs=[2,1],nr=[4,1],per=[0,2,1,3],k_v=0,o=1,src_overlap=0,m_v=0,pad=0): [1;32mOK[0m
ggml_metal_library_compile_pipeline: compiling pipeline: base = 'kernel_mul_mv_bf16_f32_4', name = 'kernel_mul_mv_bf16_f32_4_nsg=4_ne12=8_r2=4_r3=1_split=0'
ggml_metal_library_compile_pipeline: loaded kernel_mul_mv_bf16_f32_4_nsg=4_ne12=8_r2=4_r3=1_split=0     0x7b61721500 | th_max = 1024 | th_width =   32
  MUL_MAT(type_a=bf16,type_b=f32,m=128,n=1,k=1056,bs=[2,1],nr=[4,1],per=[0,1,2,3],k_v=2112,o=1,src_overlap=0,m_v=0,pad=0): [1;32mOK[0m
ggml_metal_library_compile_pipeline: compiling pipeline: base = 'kernel_mul_mv_bf16_f32', name = 'kernel_mul_mv_bf16_f32_nsg=2_ne12=8_r2=4_r3=1_split=0'
ggml_metal_library_compile_pipeline: loaded kernel_mul_mv_bf16_f32_nsg=2_ne12=8_r2=4_r3=1_split=0     0x7b61721880 | th_max = 1024 | th_width =   32
  MUL_MAT(type_a=bf16,type_b=f32,m=1056,n=1,k=129,bs=[2,1],nr=[4,1],per=[0,2,1,3],k_v=0,o=1,src_overlap=0,m_v=0,pad=0): [1;32mOK[0m
ggml_metal_library_compile_pipeline: compiling pipeline: base = 'kernel_mul_mv_bf16_f32', name = 'kernel_mul_mv_bf16_f32_nsg=4_ne12=8_r2=4_r3=1_split=0'
ggml_metal_library_compile_pipeline: loaded kernel_mul_mv_bf16_f32_nsg=4_ne12=8_r2=4_r3=1_split=0     0x7b61721c00 | th_max = 1024 | th_width =   32
  MUL_MAT(type_a=bf16,type_b=f32,m=128,n=1,k=1057,bs=[2,1],nr=[4,1],per=[0,1,2,3],k_v=2113,o=1,src_overlap=0,m_v=0,pad=0): [1;32mOK[0m
  MUL_MAT(type_a=bf16,type_b=f32,m=1057,n=1,k=128,bs=[2,1],nr=[4,1],per=[0,2,1,3],k_v=0,o=1,src_overlap=0,m_v=0,pad=0): [1;32mOK[0m
  MUL_MAT(type_a=bf16,type_b=f32,m=129,n=1,k=1056,bs=[2,1],nr=[4,1],per=[0,1,2,3],k_v=2112,o=1,src_overlap=0,m_v=0,pad=0): [1;32mOK[0m
  MUL_MAT(type_a=bf16,type_b=f32,m=1057,n=1,k=129,bs=[2,1],nr=[4,1],per=[0,2,1,3],k_v=0,o=1,src_overlap=0,m_v=0,pad=0): [1;32mOK[0m
  MUL_MAT(type_a=bf16,type_b=f32,m=129,n=1,k=1057,bs=[2,1],nr=[4,1],per=[0,1,2,3],k_v=2113,o=1,src_overlap=0,m_v=0,pad=0): [1;32mOK[0m
ggml_metal_library_compile_pipeline: compiling pipeline: base = 'kernel_mul_mv_bf16_f32_4', name = 'kernel_mul_mv_bf16_f32_4_nsg=1_ne12=4_r2=1_r3=1_split=0'
ggml_metal_library_compile_pipeline: loaded kernel_mul_mv_bf16_f32_4_nsg=1_ne12=4_r2=1_r3=1_split=0     0x7b61721f80 | th_max = 1024 | th_width =   32
  MUL_MAT(type_a=bf16,type_b=f32,m=1056,n=1,k=128,bs=[4,1],nr=[1,1],per=[0,2,1,3],k_v=0,o=1,src_overlap=0,m_v=0,pad=0): [1;32mOK[0m
ggml_metal_library_compile_pipeline: compiling pipeline: base = 'kernel_mul_mv_bf16_f32_4', name = 'kernel_mul_mv_bf16_f32_4_nsg=4_ne12=4_r2=1_r3=1_split=0'
ggml_metal_library_compile_pipeline: loaded kernel_mul_mv_bf16_f32_4_nsg=4_ne12=4_r2=1_r3=1_split=0     0x7b61722300 | th_max = 1024 | th_width =   32
  MUL_MAT(type_a=bf16,type_b=f32,m=128,n=1,k=1056,bs=[4,1],nr=[1,1],per=[0,1,2,3],k_v=2112,o=1,src_overlap=0,m_v=0,pad=0): [1;32mOK[0m
ggml_metal_library_compile_pipeline: compiling pipeline: base = 'kernel_mul_mv_bf16_f32', name = 'kernel_mul_mv_bf16_f32_nsg=2_ne12=4_r2=1_r3=1_split=0'
ggml_metal_library_compile_pipeline: loaded kernel_mul_mv_bf16_f32_nsg=2_ne12=4_r2=1_r3=1_split=0     0x7b61722680 | th_max = 1024 | th_width =   32
  MUL_MAT(type_a=bf16,type_b=f32,m=1056,n=1,k=129,bs=[4,1],nr=[1,1],per=[0,2,1,3],k_v=0,o=1,src_overlap=0,m_v=0,pad=0): [1;32mOK[0m
ggml_metal_library_compile_pipeline: compiling pipeline: base = 'kernel_mul_mv_bf16_f32', name = 'kernel_mul_mv_bf16_f32_nsg=4_ne12=4_r2=1_r3=1_split=0'
ggml_metal_library_compile_pipeline: loaded kernel_mul_mv_bf16_f32_nsg=4_ne12=4_r2=1_r3=1_split=0     0x7b61722a00 | th_max = 1024 | th_width =   32
  MUL_MAT(type_a=bf16,type_b=f32,m=128,n=1,k=1057,bs=[4,1],nr=[1,1],per=[0,1,2,3],k_v=2113,o=1,src_overlap=0,m_v=0,pad=0): [1;32mOK[0m
  MUL_MAT(type_a=bf16,type_b=f32,m=1057,n=1,k=128,bs=[4,1],nr=[1,1],per=[0,2,1,3],k_v=0,o=1,src_overlap=0,m_v=0,pad=0): [1;32mOK[0m
  MUL_MAT(type_a=bf16,type_b=f32,m=129,n=1,k=1056,bs=[4,1],nr=[1,1],per=[0,1,2,3],k_v=2112,o=1,src_overlap=0,m_v=0,pad=0): [1;32mOK[0m
  MUL_MAT(type_a=bf16,type_b=f32,m=1057,n=1,k=129,bs=[4,1],nr=[1,1],per=[0,2,1,3],k_v=0,o=1,src_overlap=0,m_v=0,pad=0): [1;32mOK[0m
  MUL_MAT(type_a=bf16,type_b=f32,m=129,n=1,k=1057,bs=[4,1],nr=[1,1],per=[0,1,2,3],k_v=2113,o=1,src_overlap=0,m_v=0,pad=0): [1;32mOK[0m
ggml_metal_library_compile_pipeline: compiling pipeline: base = 'kernel_mul_mv_bf16_f32_4', name = 'kernel_mul_mv_bf16_f32_4_nsg=1_ne12=16_r2=4_r3=1_split=0'
ggml_metal_library_compile_pipeline: loaded kernel_mul_mv_bf16_f32_4_nsg=1_ne12=16_r2=4_r3=1_split=0     0x7b61722d80 | th_max = 1024 | th_width =   32
  MUL_MAT(type_a=bf16,type_b=f32,m=1056,n=1,k=128,bs=[4,1],nr=[4,1],per=[0,2,1,3],k_v=0,o=1,src_overlap=0,m_v=0,pad=0): [1;32mOK[0m
ggml_metal_library_compile_pipeline: compiling pipeline: base = 'kernel_mul_mv_bf16_f32_4', name = 'kernel_mul_mv_bf16_f32_4_nsg=4_ne12=16_r2=4_r3=1_split=0'
ggml_metal_library_compile_pipeline: loaded kernel_mul_mv_bf16_f32_4_nsg=4_ne12=16_r2=4_r3=1_split=0     0x7b61723100 | th_max = 1024 | th_width =   32
  MUL_MAT(type_a=bf16,type_b=f32,m=128,n=1,k=1056,bs=[4,1],nr=[4,1],per=[0,1,2,3],k_v=2112,o=1,src_overlap=0,m_v=0,pad=0): [1;32mOK[0m
ggml_metal_library_compile_pipeline: compiling pipeline: base = 'kernel_mul_mv_bf16_f32', name = 'kernel_mul_mv_bf16_f32_nsg=2_ne12=16_r2=4_r3=1_split=0'
ggml_metal_library_compile_pipeline: loaded kernel_mul_mv_bf16_f32_nsg=2_ne12=16_r2=4_r3=1_split=0     0x7b61723480 | th_max = 1024 | th_width =   32
  MUL_MAT(type_a=bf16,type_b=f32,m=1056,n=1,k=129,bs=[4,1],nr=[4,1],per=[0,2,1,3],k_v=0,o=1,src_overlap=0,m_v=0,pad=0): [1;32mOK[0m
ggml_metal_library_compile_pipeline: compiling pipeline: base = 'kernel_mul_mv_bf16_f32', name = 'kernel_mul_mv_bf16_f32_nsg=4_ne12=16_r2=4_r3=1_split=0'
ggml_metal_library_compile_pipeline: loaded kernel_mul_mv_bf16_f32_nsg=4_ne12=16_r2=4_r3=1_split=0     0x7b61723800 | th_max = 1024 | th_width =   32
  MUL_MAT(type_a=bf16,type_b=f32,m=128,n=1,k=1057,bs=[4,1],nr=[4,1],per=[0,1,2,3],k_v=2113,o=1,src_overlap=0,m_v=0,pad=0): [1;32mOK[0m
  MUL_MAT(type_a=bf16,type_b=f32,m=1057,n=1,k=128,bs=[4,1],nr=[4,1],per=[0,2,1,3],k_v=0,o=1,src_overlap=0,m_v=0,pad=0): [1;32mOK[0m
  MUL_MAT(type_a=bf16,type_b=f32,m=129,n=1,k=1056,bs=[4,1],nr=[4,1],per=[0,1,2,3],k_v=2112,o=1,src_overlap=0,m_v=0,pad=0): [1;32mOK[0m
  MUL_MAT(type_a=bf16,type_b=f32,m=1057,n=1,k=129,bs=[4,1],nr=[4,1],per=[0,2,1,3],k_v=0,o=1,src_overlap=0,m_v=0,pad=0): [1;32mOK[0m
  MUL_MAT(type_a=bf16,type_b=f32,m=129,n=1,k=1057,bs=[4,1],nr=[4,1],per=[0,1,2,3],k_v=2113,o=1,src_overlap=0,m_v=0,pad=0): [1;32mOK[0m
ggml_metal_library_compile_pipeline: compiling pipeline: base = 'kernel_mul_mv_bf16_f32_4', name = 'kernel_mul_mv_bf16_f32_4_nsg=1_ne12=8_r2=1_r3=1_split=0'
ggml_metal_library_compile_pipeline: loaded kernel_mul_mv_bf16_f32_4_nsg=1_ne12=8_r2=1_r3=1_split=0     0x7b61723b80 | th_max = 1024 | th_width =   32
  MUL_MAT(type_a=bf16,type_b=f32,m=1056,n=1,k=128,bs=[8,1],nr=[1,1],per=[0,2,1,3],k_v=0,o=1,src_overlap=0,m_v=0,pad=0): [1;32mOK[0m
ggml_metal_library_compile_pipeline: compiling pipeline: base = 'kernel_mul_mv_bf16_f32_4', name = 'kernel_mul_mv_bf16_f32_4_nsg=4_ne12=8_r2=1_r3=1_split=0'
ggml_metal_library_compile_pipeline: loaded kernel_mul_mv_bf16_f32_4_nsg=4_ne12=8_r2=1_r3=1_split=0     0x7b61720700 | th_max = 1024 | th_width =   32
  MUL_MAT(type_a=bf16,type_b=f32,m=128,n=1,k=1056,bs=[8,1],nr=[1,1],per=[0,1,2,3],k_v=2112,o=1,src_overlap=0,m_v=0,pad=0): [1;32mOK[0m
ggml_metal_library_compile_pipeline: compiling pipeline: base = 'kernel_mul_mv_bf16_f32', name = 'kernel_mul_mv_bf16_f32_nsg=2_ne12=8_r2=1_r3=1_split=0'
ggml_metal_library_compile_pipeline: loaded kernel_mul_mv_bf16_f32_nsg=2_ne12=8_r2=1_r3=1_split=0     0x7b61720380 | th_max = 1024 | th_width =   32
  MUL_MAT(type_a=bf16,type_b=f32,m=1056,n=1,k=129,bs=[8,1],nr=[1,1],per=[0,2,1,3],k_v=0,o=1,src_overlap=0,m_v=0,pad=0): [1;32mOK[0m
ggml_metal_library_compile_pipeline: compiling pipeline: base = 'kernel_mul_mv_bf16_f32', name = 'kernel_mul_mv_bf16_f32_nsg=4_ne12=8_r2=1_r3=1_split=0'
ggml_metal_library_compile_pipeline: loaded kernel_mul_mv_bf16_f32_nsg=4_ne12=8_r2=1_r3=1_split=0     0x7b61728000 | th_max = 1024 | th_width =   32
  MUL_MAT(type_a=bf16,type_b=f32,m=128,n=1,k=1057,bs=[8,1],nr=[1,1],per=[0,1,2,3],k_v=2113,o=1,src_overlap=0,m_v=0,pad=0): [1;32mOK[0m
  MUL_MAT(type_a=bf16,type_b=f32,m=1057,n=1,k=128,bs=[8,1],nr=[1,1],per=[0,2,1,3],k_v=0,o=1,src_overlap=0,m_v=0,pad=0): [1;32mOK[0m
  MUL_MAT(type_a=bf16,type_b=f32,m=129,n=1,k=1056,bs=[8,1],nr=[1,1],per=[0,1,2,3],k_v=2112,o=1,src_overlap=0,m_v=0,pad=0): [1;32mOK[0m
  MUL_MAT(type_a=bf16,type_b=f32,m=1057,n=1,k=129,bs=[8,1],nr=[1,1],per=[0,2,1,3],k_v=0,o=1,src_overlap=0,m_v=0,pad=0): [1;32mOK[0m
  MUL_MAT(type_a=bf16,type_b=f32,m=129,n=1,k=1057,bs=[8,1],nr=[1,1],per=[0,1,2,3],k_v=2113,o=1,src_overlap=0,m_v=0,pad=0): [1;32mOK[0m
ggml_metal_library_compile_pipeline: compiling pipeline: base = 'kernel_mul_mv_bf16_f32_4', name = 'kernel_mul_mv_bf16_f32_4_nsg=1_ne12=32_r2=4_r3=1_split=0'
ggml_metal_library_compile_pipeline: loaded kernel_mul_mv_bf16_f32_4_nsg=1_ne12=32_r2=4_r3=1_split=0     0x7b61728a80 | th_max = 1024 | th_width =   32
  MUL_MAT(type_a=bf16,type_b=f32,m=1056,n=1,k=128,bs=[8,1],nr=[4,1],per=[0,2,1,3],k_v=0,o=1,src_overlap=0,m_v=0,pad=0): [1;32mOK[0m
ggml_metal_library_compile_pipeline: compiling pipeline: base = 'kernel_mul_mv_bf16_f32_4', name = 'kernel_mul_mv_bf16_f32_4_nsg=4_ne12=32_r2=4_r3=1_split=0'
ggml_metal_library_compile_pipeline: loaded kernel_mul_mv_bf16_f32_4_nsg=4_ne12=32_r2=4_r3=1_split=0     0x7b61728e00 | th_max = 1024 | th_width =   32
  MUL_MAT(type_a=bf16,type_b=f32,m=128,n=1,k=1056,bs=[8,1],nr=[4,1],per=[0,1,2,3],k_v=2112,o=1,src_overlap=0,m_v=0,pad=0): [1;32mOK[0m
ggml_metal_library_compile_pipeline: compiling pipeline: base = 'kernel_mul_mv_bf16_f32', name = 'kernel_mul_mv_bf16_f32_nsg=2_ne12=32_r2=4_r3=1_split=0'
ggml_metal_library_compile_pipeline: loaded kernel_mul_mv_bf16_f32_nsg=2_ne12=32_r2=4_r3=1_split=0     0x7b61729180 | th_max = 1024 | th_width =   32
  MUL_MAT(type_a=bf16,type_b=f32,m=1056,n=1,k=129,bs=[8,1],nr=[4,1],per=[0,2,1,3],k_v=0,o=1,src_overlap=0,m_v=0,pad=0): [1;32mOK[0m
ggml_metal_library_compile_pipeline: compiling pipeline: base = 'kernel_mul_mv_bf16_f32', name = 'kernel_mul_mv_bf16_f32_nsg=4_ne12=32_r2=4_r3=1_split=0'
ggml_metal_library_compile_pipeline: loaded kernel_mul_mv_bf16_f32_nsg=4_ne12=32_r2=4_r3=1_split=0     0x7b61729500 | th_max = 1024 | th_width =   32
  MUL_MAT(type_a=bf16,type_b=f32,m=128,n=1,k=1057,bs=[8,1],nr=[4,1],per=[0,1,2,3],k_v=2113,o=1,src_overlap=0,m_v=0,pad=0): [1;32mOK[0m
  MUL_MAT(type_a=bf16,type_b=f32,m=1057,n=1,k=128,bs=[8,1],nr=[4,1],per=[0,2,1,3],k_v=0,o=1,src_overlap=0,m_v=0,pad=0): [1;32mOK[0m
  MUL_MAT(type_a=bf16,type_b=f32,m=129,n=1,k=1056,bs=[8,1],nr=[4,1],per=[0,1,2,3],k_v=2112,o=1,src_overlap=0,m_v=0,pad=0): [1;32mOK[0m
  MUL_MAT(type_a=bf16,type_b=f32,m=1057,n=1,k=129,bs=[8,1],nr=[4,1],per=[0,2,1,3],k_v=0,o=1,src_overlap=0,m_v=0,pad=0): [1;32mOK[0m
  MUL_MAT(type_a=bf16,type_b=f32,m=129,n=1,k=1057,bs=[8,1],nr=[4,1],per=[0,1,2,3],k_v=2113,o=1,src_overlap=0,m_v=0,pad=0): [1;32mOK[0m
  MUL_MAT(type_a=bf16,type_b=f32,m=1056,n=1,k=128,bs=[1,3],nr=[1,1],per=[0,2,1,3],k_v=0,o=1,src_overlap=0,m_v=0,pad=0): [1;32mOK[0m
  MUL_MAT(type_a=bf16,type_b=f32,m=128,n=1,k=1056,bs=[1,3],nr=[1,1],per=[0,1,2,3],k_v=2112,o=1,src_overlap=0,m_v=0,pad=0): [1;32mOK[0m
  MUL_MAT(type_a=bf16,type_b=f32,m=1056,n=1,k=129,bs=[1,3],nr=[1,1],per=[0,2,1,3],k_v=0,o=1,src_overlap=0,m_v=0,pad=0): [1;32mOK[0m
  MUL_MAT(type_a=bf16,type_b=f32,m=128,n=1,k=1057,bs=[1,3],nr=[1,1],per=[0,1,2,3],k_v=2113,o=1,src_overlap=0,m_v=0,pad=0): [1;32mOK[0m
  MUL_MAT(type_a=bf16,type_b=f32,m=1057,n=1,k=128,bs=[1,3],nr=[1,1],per=[0,2,1,3],k_v=0,o=1,src_overlap=0,m_v=0,pad=0): [1;32mOK[0m
  MUL_MAT(type_a=bf16,type_b=f32,m=129,n=1,k=1056,bs=[1,3],nr=[1,1],per=[0,1,2,3],k_v=2112,o=1,src_overlap=0,m_v=0,pad=0): [1;32mOK[0m
  MUL_MAT(type_a=bf16,type_b=f32,m=1057,n=1,k=129,bs=[1,3],nr=[1,1],per=[0,2,1,3],k_v=0,o=1,src_overlap=0,m_v=0,pad=0): [1;32mOK[0m
  MUL_MAT(type_a=bf16,type_b=f32,m=129,n=1,k=1057,bs=[1,3],nr=[1,1],per=[0,1,2,3],k_v=2113,o=1,src_overlap=0,m_v=0,pad=0): [1;32mOK[0m
  MUL_MAT(type_a=bf16,type_b=f32,m=1056,n=1,k=128,bs=[1,3],nr=[4,1],per=[0,2,1,3],k_v=0,o=1,src_overlap=0,m_v=0,pad=0): [1;32mOK[0m
  MUL_MAT(type_a=bf16,type_b=f32,m=128,n=1,k=1056,bs=[1,3],nr=[4,1],per=[0,1,2,3],k_v=2112,o=1,src_overlap=0,m_v=0,pad=0): [1;32mOK[0m
  MUL_MAT(type_a=bf16,type_b=f32,m=1056,n=1,k=129,bs=[1,3],nr=[4,1],per=[0,2,1,3],k_v=0,o=1,src_overlap=0,m_v=0,pad=0): [1;32mOK[0m
  MUL_MAT(type_a=bf16,type_b=f32,m=128,n=1,k=1057,bs=[1,3],nr=[4,1],per=[0,1,2,3],k_v=2113,o=1,src_overlap=0,m_v=0,pad=0): [1;32mOK[0m
  MUL_MAT(type_a=bf16,type_b=f32,m=1057,n=1,k=128,bs=[1,3],nr=[4,1],per=[0,2,1,3],k_v=0,o=1,src_overlap=0,m_v=0,pad=0): [1;32mOK[0m
  MUL_MAT(type_a=bf16,type_b=f32,m=129,n=1,k=1056,bs=[1,3],nr=[4,1],per=[0,1,2,3],k_v=2112,o=1,src_overlap=0,m_v=0,pad=0): [1;32mOK[0m
  MUL_MAT(type_a=bf16,type_b=f32,m=1057,n=1,k=129,bs=[1,3],nr=[4,1],per=[0,2,1,3],k_v=0,o=1,src_overlap=0,m_v=0,pad=0): [1;32mOK[0m
  MUL_MAT(type_a=bf16,type_b=f32,m=129,n=1,k=1057,bs=[1,3],nr=[4,1],per=[0,1,2,3],k_v=2113,o=1,src_overlap=0,m_v=0,pad=0): [1;32mOK[0m
  MUL_MAT(type_a=bf16,type_b=f32,m=1056,n=1,k=128,bs=[2,3],nr=[1,1],per=[0,2,1,3],k_v=0,o=1,src_overlap=0,m_v=0,pad=0): [1;32mOK[0m
  MUL_MAT(type_a=bf16,type_b=f32,m=128,n=1,k=1056,bs=[2,3],nr=[1,1],per=[0,1,2,3],k_v=2112,o=1,src_overlap=0,m_v=0,pad=0): [1;32mOK[0m
  MUL_MAT(type_a=bf16,type_b=f32,m=1056,n=1,k=129,bs=[2,3],nr=[1,1],per=[0,2,1,3],k_v=0,o=1,src_overlap=0,m_v=0,pad=0): [1;32mOK[0m
  MUL_MAT(type_a=bf16,type_b=f32,m=128,n=1,k=1057,bs=[2,3],nr=[1,1],per=[0,1,2,3],k_v=2113,o=1,src_overlap=0,m_v=0,pad=0): [1;32mOK[0m
  MUL_MAT(type_a=bf16,type_b=f32,m=1057,n=1,k=128,bs=[2,3],nr=[1,1],per=[0,2,1,3],k_v=0,o=1,src_overlap=0,m_v=0,pad=0): [1;32mOK[0m
  MUL_MAT(type_a=bf16,type_b=f32,m=129,n=1,k=1056,bs=[2,3],nr=[1,1],per=[0,1,2,3],k_v=2112,o=1,src_overlap=0,m_v=0,pad=0): [1;32mOK[0m
  MUL_MAT(type_a=bf16,type_b=f32,m=1057,n=1,k=129,bs=[2,3],nr=[1,1],per=[0,2,1,3],k_v=0,o=1,src_overlap=0,m_v=0,pad=0): [1;32mOK[0m
  MUL_MAT(type_a=bf16,type_b=f32,m=129,n=1,k=1057,bs=[2,3],nr=[1,1],per=[0,1,2,3],k_v=2113,o=1,src_overlap=0,m_v=0,pad=0): [1;32mOK[0m
  MUL_MAT(type_a=bf16,type_b=f32,m=1056,n=1,k=128,bs=[2,3],nr=[4,1],per=[0,2,1,3],k_v=0,o=1,src_overlap=0,m_v=0,pad=0): [1;32mOK[0m
  MUL_MAT(type_a=bf16,type_b=f32,m=128,n=1,k=1056,bs=[2,3],nr=[4,1],per=[0,1,2,3],k_v=2112,o=1,src_overlap=0,m_v=0,pad=0): [1;32mOK[0m
  MUL_MAT(type_a=bf16,type_b=f32,m=1056,n=1,k=129,bs=[2,3],nr=[4,1],per=[0,2,1,3],k_v=0,o=1,src_overlap=0,m_v=0,pad=0): [1;32mOK[0m
  MUL_MAT(type_a=bf16,type_b=f32,m=128,n=1,k=1057,bs=[2,3],nr=[4,1],per=[0,1,2,3],k_v=2113,o=1,src_overlap=0,m_v=0,pad=0): [1;32mOK[0m
  MUL_MAT(type_a=bf16,type_b=f32,m=1057,n=1,k=128,bs=[2,3],nr=[4,1],per=[0,2,1,3],k_v=0,o=1,src_overlap=0,m_v=0,pad=0): [1;32mOK[0m
  MUL_MAT(type_a=bf16,type_b=f32,m=129,n=1,k=1056,bs=[2,3],nr=[4,1],per=[0,1,2,3],k_v=2112,o=1,src_overlap=0,m_v=0,pad=0): [1;32mOK[0m
  MUL_MAT(type_a=bf16,type_b=f32,m=1057,n=1,k=129,bs=[2,3],nr=[4,1],per=[0,2,1,3],k_v=0,o=1,src_overlap=0,m_v=0,pad=0): [1;32mOK[0m
  MUL_MAT(type_a=bf16,type_b=f32,m=129,n=1,k=1057,bs=[2,3],nr=[4,1],per=[0,1,2,3],k_v=2113,o=1,src_overlap=0,m_v=0,pad=0): [1;32mOK[0m
  MUL_MAT(type_a=bf16,type_b=f32,m=1056,n=1,k=128,bs=[4,3],nr=[1,1],per=[0,2,1,3],k_v=0,o=1,src_overlap=0,m_v=0,pad=0): [1;32mOK[0m
  MUL_MAT(type_a=bf16,type_b=f32,m=128,n=1,k=1056,bs=[4,3],nr=[1,1],per=[0,1,2,3],k_v=2112,o=1,src_overlap=0,m_v=0,pad=0): [1;32mOK[0m
  MUL_MAT(type_a=bf16,type_b=f32,m=1056,n=1,k=129,bs=[4,3],nr=[1,1],per=[0,2,1,3],k_v=0,o=1,src_overlap=0,m_v=0,pad=0): [1;32mOK[0m
  MUL_MAT(type_a=bf16,type_b=f32,m=128,n=1,k=1057,bs=[4,3],nr=[1,1],per=[0,1,2,3],k_v=2113,o=1,src_overlap=0,m_v=0,pad=0): [1;32mOK[0m
  MUL_MAT(type_a=bf16,type_b=f32,m=1057,n=1,k=128,bs=[4,3],nr=[1,1],per=[0,2,1,3],k_v=0,o=1,src_overlap=0,m_v=0,pad=0): [1;32mOK[0m
  MUL_MAT(type_a=bf16,type_b=f32,m=129,n=1,k=1056,bs=[4,3],nr=[1,1],per=[0,1,2,3],k_v=2112,o=1,src_overlap=0,m_v=0,pad=0): [1;32mOK[0m
  MUL_MAT(type_a=bf16,type_b=f32,m=1057,n=1,k=129,bs=[4,3],nr=[1,1],per=[0,2,1,3],k_v=0,o=1,src_overlap=0,m_v=0,pad=0): [1;32mOK[0m
  MUL_MAT(type_a=bf16,type_b=f32,m=129,n=1,k=1057,bs=[4,3],nr=[1,1],per=[0,1,2,3],k_v=2113,o=1,src_overlap=0,m_v=0,pad=0): [1;32mOK[0m
  MUL_MAT(type_a=bf16,type_b=f32,m=1056,n=1,k=128,bs=[4,3],nr=[4,1],per=[0,2,1,3],k_v=0,o=1,src_overlap=0,m_v=0,pad=0): [1;32mOK[0m
  MUL_MAT(type_a=bf16,type_b=f32,m=128,n=1,k=1056,bs=[4,3],nr=[4,1],per=[0,1,2,3],k_v=2112,o=1,src_overlap=0,m_v=0,pad=0): [1;32mOK[0m
  MUL_MAT(type_a=bf16,type_b=f32,m=1056,n=1,k=129,bs=[4,3],nr=[4,1],per=[0,2,1,3],k_v=0,o=1,src_overlap=0,m_v=0,pad=0): [1;32mOK[0m
  MUL_MAT(type_a=bf16,type_b=f32,m=128,n=1,k=1057,bs=[4,3],nr=[4,1],per=[0,1,2,3],k_v=2113,o=1,src_overlap=0,m_v=0,pad=0): [1;32mOK[0m
  MUL_MAT(type_a=bf16,type_b=f32,m=1057,n=1,k=128,bs=[4,3],nr=[4,1],per=[0,2,1,3],k_v=0,o=1,src_overlap=0,m_v=0,pad=0): [1;32mOK[0m
  MUL_MAT(type_a=bf16,type_b=f32,m=129,n=1,k=1056,bs=[4,3],nr=[4,1],per=[0,1,2,3],k_v=2112,o=1,src_overlap=0,m_v=0,pad=0): [1;32mOK[0m
  MUL_MAT(type_a=bf16,type_b=f32,m=1057,n=1,k=129,bs=[4,3],nr=[4,1],per=[0,2,1,3],k_v=0,o=1,src_overlap=0,m_v=0,pad=0): [1;32mOK[0m
  MUL_MAT(type_a=bf16,type_b=f32,m=129,n=1,k=1057,bs=[4,3],nr=[4,1],per=[0,1,2,3],k_v=2113,o=1,src_overlap=0,m_v=0,pad=0): [1;32mOK[0m
  MUL_MAT(type_a=bf16,type_b=f32,m=1056,n=1,k=128,bs=[8,3],nr=[1,1],per=[0,2,1,3],k_v=0,o=1,src_overlap=0,m_v=0,pad=0): [1;32mOK[0m
  MUL_MAT(type_a=bf16,type_b=f32,m=128,n=1,k=1056,bs=[8,3],nr=[1,1],per=[0,1,2,3],k_v=2112,o=1,src_overlap=0,m_v=0,pad=0): [1;32mOK[0m
  MUL_MAT(type_a=bf16,type_b=f32,m=1056,n=1,k=129,bs=[8,3],nr=[1,1],per=[0,2,1,3],k_v=0,o=1,src_overlap=0,m_v=0,pad=0): [1;32mOK[0m
  MUL_MAT(type_a=bf16,type_b=f32,m=128,n=1,k=1057,bs=[8,3],nr=[1,1],per=[0,1,2,3],k_v=2113,o=1,src_overlap=0,m_v=0,pad=0): [1;32mOK[0m
  MUL_MAT(type_a=bf16,type_b=f32,m=1057,n=1,k=128,bs=[8,3],nr=[1,1],per=[0,2,1,3],k_v=0,o=1,src_overlap=0,m_v=0,pad=0): [1;32mOK[0m
  MUL_MAT(type_a=bf16,type_b=f32,m=129,n=1,k=1056,bs=[8,3],nr=[1,1],per=[0,1,2,3],k_v=2112,o=1,src_overlap=0,m_v=0,pad=0): [1;32mOK[0m
  MUL_MAT(type_a=bf16,type_b=f32,m=1057,n=1,k=129,bs=[8,3],nr=[1,1],per=[0,2,1,3],k_v=0,o=1,src_overlap=0,m_v=0,pad=0): [1;32mOK[0m
  MUL_MAT(type_a=bf16,type_b=f32,m=129,n=1,k=1057,bs=[8,3],nr=[1,1],per=[0,1,2,3],k_v=2113,o=1,src_overlap=0,m_v=0,pad=0): [1;32mOK[0m
  MUL_MAT(type_a=bf16,type_b=f32,m=1056,n=1,k=128,bs=[8,3],nr=[4,1],per=[0,2,1,3],k_v=0,o=1,src_overlap=0,m_v=0,pad=0): [1;32mOK[0m
  MUL_MAT(type_a=bf16,type_b=f32,m=128,n=1,k=1056,bs=[8,3],nr=[4,1],per=[0,1,2,3],k_v=2112,o=1,src_overlap=0,m_v=0,pad=0): [1;32mOK[0m
  MUL_MAT(type_a=bf16,type_b=f32,m=1056,n=1,k=129,bs=[8,3],nr=[4,1],per=[0,2,1,3],k_v=0,o=1,src_overlap=0,m_v=0,pad=0): [1;32mOK[0m
  MUL_MAT(type_a=bf16,type_b=f32,m=128,n=1,k=1057,bs=[8,3],nr=[4,1],per=[0,1,2,3],k_v=2113,o=1,src_overlap=0,m_v=0,pad=0): [1;32mOK[0m
  MUL_MAT(type_a=bf16,type_b=f32,m=1057,n=1,k=128,bs=[8,3],nr=[4,1],per=[0,2,1,3],k_v=0,o=1,src_overlap=0,m_v=0,pad=0): [1;32mOK[0m
  MUL_MAT(type_a=bf16,type_b=f32,m=129,n=1,k=1056,bs=[8,3],nr=[4,1],per=[0,1,2,3],k_v=2112,o=1,src_overlap=0,m_v=0,pad=0): [1;32mOK[0m
  MUL_MAT(type_a=bf16,type_b=f32,m=1057,n=1,k=129,bs=[8,3],nr=[4,1],per=[0,2,1,3],k_v=0,o=1,src_overlap=0,m_v=0,pad=0): [1;32mOK[0m
  MUL_MAT(type_a=bf16,type_b=f32,m=129,n=1,k=1057,bs=[8,3],nr=[4,1],per=[0,1,2,3],k_v=2113,o=1,src_overlap=0,m_v=0,pad=0): [1;32mOK[0m
ggml_metal_library_compile_pipeline: compiling pipeline: base = 'kernel_mul_mv_id_bf16_f32', name = 'kernel_mul_mv_id_bf16_f32_nsg=1_split=0'
ggml_metal_library_compile_pipeline: loaded kernel_mul_mv_id_bf16_f32_nsg=1_split=0      0x7b61728380 | th_max = 1024 | th_width =   32
  MUL_MAT_ID(type_a=bf16,type_b=f32,n_mats=4,n_used=2,b=0,m=64,n=16,k=3,amax=1.000000,m_v=0): [1;32mOK[0m
ggml_metal_library_compile_pipeline: compiling pipeline: base = 'kernel_mul_mv_id_q2_0_f32', name = 'kernel_mul_mv_id_q2_0_f32_nsg=2_split=0'
ggml_metal_library_compile_pipeline: loaded kernel_mul_mv_id_q2_0_f32_nsg=2_split=0      0x7b61729880 | th_max = 1024 | th_width =   32
  MUL_MAT_ID(type_a=q2_0,type_b=f32,n_mats=4,n_used=2,b=0,m=64,n=16,k=192,amax=1.000000,m_v=0): [1;32mOK[0m
ggml_metal_library_compile_pipeline: compiling pipeline: base = 'kernel_mul_mv_id_q3_K_f32', name = 'kernel_mul_mv_id_q3_K_f32_nsg=2_split=0'
ggml_metal_library_compile_pipeline: loaded kernel_mul_mv_id_q3_K_f32_nsg=2_split=0      0x7b61728700 | th_max = 1024 | th_width =   32
  MUL_MAT_ID(type_a=q3_K,type_b=f32,n_mats=4,n_used=2,b=0,m=64,n=16,k=768,amax=1.000000,m_v=0): [1;32mOK[0m
ggml_metal_library_compile_pipeline: compiling pipeline: base = 'kernel_mul_mv_id_q5_K_f32', name = 'kernel_mul_mv_id_q5_K_f32_nsg=2_split=0'
ggml_metal_library_compile_pipeline: loaded kernel_mul_mv_id_q5_K_f32_nsg=2_split=0      0x7b61729c00 | th_max = 1024 | th_width =   32
  MUL_MAT_ID(type_a=q5_K,type_b=f32,n_mats=4,n_used=2,b=0,m=64,n=16,k=768,amax=1.000000,m_v=0): [1;32mOK[0m
ggml_metal_library_compile_pipeline: compiling pipeline: base = 'kernel_mul_mv_id_iq4_nl_f32', name = 'kernel_mul_mv_id_iq4_nl_f32_nsg=2_split=0'
ggml_metal_library_compile_pipeline: loaded kernel_mul_mv_id_iq4_nl_f32_nsg=2_split=0     0x7b61729f80 | th_max = 1024 | th_width =   32
  MUL_MAT_ID(type_a=iq4_nl,type_b=f32,n_mats=4,n_used=2,b=0,m=64,n=16,k=96,amax=1.000000,m_v=0): [1;32mOK[0m
ggml_metal_library_compile_pipeline: compiling pipeline: base = 'kernel_mul_mv_id_iq4_xs_f32', name = 'kernel_mul_mv_id_iq4_xs_f32_nsg=2_split=0'
ggml_metal_library_compile_pipeline: loaded kernel_mul_mv_id_iq4_xs_f32_nsg=2_split=0     0x7b6172a300 | th_max = 1024 | th_width =   32
  MUL_MAT_ID(type_a=iq4_xs,type_b=f32,n_mats=4,n_used=2,b=0,m=64,n=16,k=768,amax=1.000000,m_v=0): [1;32mOK[0m
  MUL_MAT_ID(type_a=q2_0,type_b=f32,n_mats=4,n_used=1,b=0,m=512,n=1,k=256,amax=1.000000,m_v=0): [1;32mOK[0m
  MUL_MAT_ID(type_a=q2_0,type_b=f32,n_mats=4,n_used=1,b=0,m=512,n=4,k=256,amax=1.000000,m_v=0): [1;32mOK[0m
  MUL_MAT_ID(type_a=q2_0,type_b=f32,n_mats=4,n_used=1,b=0,m=512,n=5,k=256,amax=1.000000,m_v=0): [1;32mOK[0m
ggml_metal_library_compile_pipeline: compiling pipeline: base = 'kernel_mul_mm_id_map0_ne20_1', name = 'kernel_mul_mm_id_map0_ne20_1_ne02=4'
ggml_metal_library_compile_pipeline: loaded kernel_mul_mm_id_map0_ne20_1_ne02=4          0x7b6172a680 | th_max = 1024 | th_width =   32
ggml_metal_library_compile_pipeline: compiling pipeline: base = 'kernel_mul_mm_id_q2_0_f32', name = 'kernel_mul_mm_id_q2_0_f32_bci=0_amax=0'
ggml_metal_library_compile_pipeline: loaded kernel_mul_mm_id_q2_0_f32_bci=0_amax=0       0x7b6172b100 | th_max = 1024 | th_width =   32
  MUL_MAT_ID(type_a=q2_0,type_b=f32,n_mats=4,n_used=1,b=0,m=512,n=32,k=256,amax=1.000000,m_v=0): [1;32mOK[0m
  MUL_MAT_ID(type_a=q2_0,type_b=f32,n_mats=4,n_used=1,b=1,m=512,n=1,k=256,amax=1.000000,m_v=0): [1;32mOK[0m
  MUL_MAT_ID(type_a=q2_0,type_b=f32,n_mats=4,n_used=1,b=1,m=512,n=4,k=256,amax=1.000000,m_v=0): [1;32mOK[0m
  MUL_MAT_ID(type_a=q2_0,type_b=f32,n_mats=4,n_used=1,b=1,m=512,n=5,k=256,amax=1.000000,m_v=0): [1;32mOK[0m
  MUL_MAT_ID(type_a=q2_0,type_b=f32,n_mats=4,n_used=1,b=1,m=512,n=32,k=256,amax=1.000000,m_v=0): [1;32mOK[0m
  MUL_MAT_ID(type_a=q2_0,type_b=f32,n_mats=4,n_used=2,b=0,m=512,n=1,k=256,amax=1.000000,m_v=0): [1;32mOK[0m
  MUL_MAT_ID(type_a=q2_0,type_b=f32,n_mats=4,n_used=2,b=0,m=512,n=4,k=256,amax=1.000000,m_v=0): [1;32mOK[0m
  MUL_MAT_ID(type_a=q2_0,type_b=f32,n_mats=4,n_used=2,b=0,m=512,n=5,k=256,amax=1.000000,m_v=0): [1;32mOK[0m
ggml_metal_library_compile_pipeline: compiling pipeline: base = 'kernel_mul_mm_id_map0_ne20_2', name = 'kernel_mul_mm_id_map0_ne20_2_ne02=4'
ggml_metal_library_compile_pipeline: loaded kernel_mul_mm_id_map0_ne20_2_ne02=4          0x7b6172ad80 | th_max = 1024 | th_width =   32
  MUL_MAT_ID(type_a=q2_0,type_b=f32,n_mats=4,n_used=2,b=0,m=512,n=32,k=256,amax=1.000000,m_v=0): [1;32mOK[0m
  MUL_MAT_ID(type_a=q2_0,type_b=f32,n_mats=4,n_used=2,b=1,m=512,n=1,k=256,amax=1.000000,m_v=0): [1;32mOK[0m
  MUL_MAT_ID(type_a=q2_0,type_b=f32,n_mats=4,n_used=2,b=1,m=512,n=4,k=256,amax=1.000000,m_v=0): [1;32mOK[0m
  MUL_MAT_ID(type_a=q2_0,type_b=f32,n_mats=4,n_used=2,b=1,m=512,n=5,k=256,amax=1.000000,m_v=0): [1;32mOK[0m
  MUL_MAT_ID(type_a=q2_0,type_b=f32,n_mats=4,n_used=2,b=1,m=512,n=32,k=256,amax=1.000000,m_v=0): [1;32mOK[0m
  MUL_MAT_ID(type_a=q2_0,type_b=f32,n_mats=4,n_used=4,b=0,m=512,n=1,k=256,amax=1.000000,m_v=0): [1;32mOK[0m
  MUL_MAT_ID(type_a=q2_0,type_b=f32,n_mats=4,n_used=4,b=0,m=512,n=4,k=256,amax=1.000000,m_v=0): [1;32mOK[0m
  MUL_MAT_ID(type_a=q2_0,type_b=f32,n_mats=4,n_used=4,b=0,m=512,n=5,k=256,amax=1.000000,m_v=0): [1;32mOK[0m
ggml_metal_library_compile_pipeline: compiling pipeline: base = 'kernel_mul_mm_id_map0_ne20_4', name = 'kernel_mul_mm_id_map0_ne20_4_ne02=4'
ggml_metal_library_compile_pipeline: loaded kernel_mul_mm_id_map0_ne20_4_ne02=4          0x7b6172b480 | th_max = 1024 | th_width =   32
  MUL_MAT_ID(type_a=q2_0,type_b=f32,n_mats=4,n_used=4,b=0,m=512,n=32,k=256,amax=1.000000,m_v=0): [1;32mOK[0m
  MUL_MAT_ID(type_a=q2_0,type_b=f32,n_mats=4,n_used=4,b=1,m=512,n=1,k=256,amax=1.000000,m_v=0): [1;32mOK[0m
  MUL_MAT_ID(type_a=q2_0,type_b=f32,n_mats=4,n_used=4,b=1,m=512,n=4,k=256,amax=1.000000,m_v=0): [1;32mOK[0m
  MUL_MAT_ID(type_a=q2_0,type_b=f32,n_mats=4,n_used=4,b=1,m=512,n=5,k=256,amax=1.000000,m_v=0): [1;32mOK[0m
  MUL_MAT_ID(type_a=q2_0,type_b=f32,n_mats=4,n_used=4,b=1,m=512,n=32,k=256,amax=1.000000,m_v=0): [1;32mOK[0m
  MUL_MAT_ID(type_a=q2_0,type_b=f32,n_mats=8,n_used=1,b=0,m=512,n=1,k=256,amax=1.000000,m_v=0): [1;32mOK[0m
  MUL_MAT_ID(type_a=q2_0,type_b=f32,n_mats=8,n_used=1,b=0,m=512,n=4,k=256,amax=1.000000,m_v=0): [1;32mOK[0m
  MUL_MAT_ID(type_a=q2_0,type_b=f32,n_mats=8,n_used=1,b=0,m=512,n=5,k=256,amax=1.000000,m_v=0): [1;32mOK[0m
ggml_metal_library_compile_pipeline: compiling pipeline: base = 'kernel_mul_mm_id_map0_ne20_1', name = 'kernel_mul_mm_id_map0_ne20_1_ne02=8'
ggml_metal_library_compile_pipeline: loaded kernel_mul_mm_id_map0_ne20_1_ne02=8          0x7b6172aa00 | th_max = 1024 | th_width =   32
  MUL_MAT_ID(type_a=q2_0,type_b=f32,n_mats=8,n_used=1,b=0,m=512,n=32,k=256,amax=1.000000,m_v=0): [1;32mOK[0m
  MUL_MAT_ID(type_a=q2_0,type_b=f32,n_mats=8,n_used=1,b=1,m=512,n=1,k=256,amax=1.000000,m_v=0): [1;32mOK[0m
  MUL_MAT_ID(type_a=q2_0,type_b=f32,n_mats=8,n_used=1,b=1,m=512,n=4,k=256,amax=1.000000,m_v=0): [1;32mOK[0m
  MUL_MAT_ID(type_a=q2_0,type_b=f32,n_mats=8,n_used=1,b=1,m=512,n=5,k=256,amax=1.000000,m_v=0): [1;32mOK[0m
  MUL_MAT_ID(type_a=q2_0,type_b=f32,n_mats=8,n_used=1,b=1,m=512,n=32,k=256,amax=1.000000,m_v=0): [1;32mOK[0m
  MUL_MAT_ID(type_a=q2_0,type_b=f32,n_mats=8,n_used=2,b=0,m=512,n=1,k=256,amax=1.000000,m_v=0): [1;32mOK[0m
  MUL_MAT_ID(type_a=q2_0,type_b=f32,n_mats=8,n_used=2,b=0,m=512,n=4,k=256,amax=1.000000,m_v=0): [1;32mOK[0m
  MUL_MAT_ID(type_a=q2_0,type_b=f32,n_mats=8,n_used=2,b=0,m=512,n=5,k=256,amax=1.000000,m_v=0): [1;32mOK[0m
ggml_metal_library_compile_pipeline: compiling pipeline: base = 'kernel_mul_mm_id_map0_ne20_2', name = 'kernel_mul_mm_id_map0_ne20_2_ne02=8'
ggml_metal_library_compile_pipeline: loaded kernel_mul_mm_id_map0_ne20_2_ne02=8          0x7b61716d80 | th_max = 1024 | th_width =   32
  MUL_MAT_ID(type_a=q2_0,type_b=f32,n_mats=8,n_used=2,b=0,m=512,n=32,k=256,amax=1.000000,m_v=0): [1;32mOK[0m
  MUL_MAT_ID(type_a=q2_0,type_b=f32,n_mats=8,n_used=2,b=1,m=512,n=1,k=256,amax=1.000000,m_v=0): [1;32mOK[0m
  MUL_MAT_ID(type_a=q2_0,type_b=f32,n_mats=8,n_used=2,b=1,m=512,n=4,k=256,amax=1.000000,m_v=0): [1;32mOK[0m
  MUL_MAT_ID(type_a=q2_0,type_b=f32,n_mats=8,n_used=2,b=1,m=512,n=5,k=256,amax=1.000000,m_v=0): [1;32mOK[0m
  MUL_MAT_ID(type_a=q2_0,type_b=f32,n_mats=8,n_used=2,b=1,m=512,n=32,k=256,amax=1.000000,m_v=0): [1;32mOK[0m
  MUL_MAT_ID(type_a=q2_0,type_b=f32,n_mats=8,n_used=4,b=0,m=512,n=1,k=256,amax=1.000000,m_v=0): [1;32mOK[0m
  MUL_MAT_ID(type_a=q2_0,type_b=f32,n_mats=8,n_used=4,b=0,m=512,n=4,k=256,amax=1.000000,m_v=0): [1;32mOK[0m
  MUL_MAT_ID(type_a=q2_0,type_b=f32,n_mats=8,n_used=4,b=0,m=512,n=5,k=256,amax=1.000000,m_v=0): [1;32mOK[0m
ggml_metal_library_compile_pipeline: compiling pipeline: base = 'kernel_mul_mm_id_map0_ne20_4', name = 'kernel_mul_mm_id_map0_ne20_4_ne02=8'
ggml_metal_library_compile_pipeline: loaded kernel_mul_mm_id_map0_ne20_4_ne02=8          0x7b6172bb80 | th_max = 1024 | th_width =   32
  MUL_MAT_ID(type_a=q2_0,type_b=f32,n_mats=8,n_used=4,b=0,m=512,n=32,k=256,amax=1.000000,m_v=0): [1;32mOK[0m
  MUL_MAT_ID(type_a=q2_0,type_b=f32,n_mats=8,n_used=4,b=1,m=512,n=1,k=256,amax=1.000000,m_v=0): [1;32mOK[0m
  MUL_MAT_ID(type_a=q2_0,type_b=f32,n_mats=8,n_used=4,b=1,m=512,n=4,k=256,amax=1.000000,m_v=0): [1;32mOK[0m
  MUL_MAT_ID(type_a=q2_0,type_b=f32,n_mats=8,n_used=4,b=1,m=512,n=5,k=256,amax=1.000000,m_v=0): [1;32mOK[0m
  MUL_MAT_ID(type_a=q2_0,type_b=f32,n_mats=8,n_used=4,b=1,m=512,n=32,k=256,amax=1.000000,m_v=0): [1;32mOK[0m
  MUL_MAT_ID(type_a=q2_0,type_b=f32,n_mats=4,n_used=2,b=0,m=512,n=1,k=256,amax=1.000000,m_v=0): [1;32mOK[0m
  MUL_MAT_ID(type_a=q2_0,type_b=f32,n_mats=4,n_used=2,b=0,m=512,n=32,k=256,amax=1.000000,m_v=0): [1;32mOK[0m
  MUL_MAT_ID(type_a=q3_K,type_b=f32,n_mats=4,n_used=2,b=0,m=512,n=1,k=256,amax=1.000000,m_v=0): [1;32mOK[0m
ggml_metal_library_compile_pipeline: compiling pipeline: base = 'kernel_mul_mm_id_q3_K_f32', name = 'kernel_mul_mm_id_q3_K_f32_bci=0_amax=0'
ggml_metal_library_compile_pipeline: loaded kernel_mul_mm_id_q3_K_f32_bci=0_amax=0       0x7b61730380 | th_max = 1024 | th_width =   32
  MUL_MAT_ID(type_a=q3_K,type_b=f32,n_mats=4,n_used=2,b=0,m=512,n=32,k=256,amax=1.000000,m_v=0): [1;32mOK[0m
  MUL_MAT_ID(type_a=q5_K,type_b=f32,n_mats=4,n_used=2,b=0,m=512,n=1,k=256,amax=1.000000,m_v=0): [1;32mOK[0m
ggml_metal_library_compile_pipeline: compiling pipeline: base = 'kernel_mul_mm_id_q5_K_f32', name = 'kernel_mul_mm_id_q5_K_f32_bci=0_amax=0'
ggml_metal_library_compile_pipeline: loaded kernel_mul_mm_id_q5_K_f32_bci=0_amax=0       0x7b61730700 | th_max = 1024 | th_width =   32
  MUL_MAT_ID(type_a=q5_K,type_b=f32,n_mats=4,n_used=2,b=0,m=512,n=32,k=256,amax=1.000000,m_v=0): [1;32mOK[0m
  MUL_MAT_ID(type_a=iq4_nl,type_b=f32,n_mats=4,n_used=2,b=0,m=512,n=1,k=256,amax=1.000000,m_v=0): [1;32mOK[0m
ggml_metal_library_compile_pipeline: compiling pipeline: base = 'kernel_mul_mm_id_iq4_nl_f32', name = 'kernel_mul_mm_id_iq4_nl_f32_bci=0_amax=0'
ggml_metal_library_compile_pipeline: loaded kernel_mul_mm_id_iq4_nl_f32_bci=0_amax=0     0x7b61730000 | th_max = 1024 | th_width =   32
  MUL_MAT_ID(type_a=iq4_nl,type_b=f32,n_mats=4,n_used=2,b=0,m=512,n=32,k=256,amax=1.000000,m_v=0): [1;32mOK[0m
  MUL_MAT_ID(type_a=iq4_xs,type_b=f32,n_mats=4,n_used=2,b=0,m=512,n=1,k=256,amax=1.000000,m_v=0): [1;32mOK[0m
ggml_metal_library_compile_pipeline: compiling pipeline: base = 'kernel_mul_mm_id_iq4_xs_f32', name = 'kernel_mul_mm_id_iq4_xs_f32_bci=0_amax=0'
ggml_metal_library_compile_pipeline: loaded kernel_mul_mm_id_iq4_xs_f32_bci=0_amax=0     0x7b61730a80 | th_max = 1024 | th_width =   32
  MUL_MAT_ID(type_a=iq4_xs,type_b=f32,n_mats=4,n_used=2,b=0,m=512,n=32,k=256,amax=1.000000,m_v=0): [1;32mOK[0m
ggml_metal_library_compile_pipeline: compiling pipeline: base = 'kernel_mul_mv_id_bf16_f32_4', name = 'kernel_mul_mv_id_bf16_f32_4_nsg=2_split=0'
ggml_metal_library_compile_pipeline: loaded kernel_mul_mv_id_bf16_f32_4_nsg=2_split=0     0x7b61731180 | th_max = 1024 | th_width =   32
  MUL_MAT_ID(type_a=bf16,type_b=f32,n_mats=4,n_used=2,b=0,m=512,n=1,k=256,amax=1.000000,m_v=0): [1;32mOK[0m
ggml_metal_library_compile_pipeline: compiling pipeline: base = 'kernel_mul_mm_id_bf16_f32', name = 'kernel_mul_mm_id_bf16_f32_bci=0_amax=0'
ggml_metal_library_compile_pipeline: loaded kernel_mul_mm_id_bf16_f32_bci=0_amax=0       0x7b61730e00 | th_max = 1024 | th_width =   32
  MUL_MAT_ID(type_a=bf16,type_b=f32,n_mats=4,n_used=2,b=0,m=512,n=32,k=256,amax=1.000000,m_v=0): [1;32mOK[0m
ggml_metal_free: deallocating
  572/572 tests passed
  Backend MTL0: [1;32mOK[0m
Backend 2/3: BLAS
  Skipping
Backend 3/3: CPU
  Skipping
3/3 backends passed
[1;32mOK[0m
