ggml_metal_device_init: testing tensor API for f16 support
ggml_metal_library_compile_pipeline: compiling pipeline: base = 'dummy_kernel', name = 'dummy_kernel'
ggml_metal_library_compile_pipeline: loaded dummy_kernel                                  0x1026dceb0 | th_max = 1024 | th_width =   32
ggml_metal_device_init: testing tensor API for bfloat support
ggml_metal_library_compile_pipeline: compiling pipeline: base = 'dummy_kernel', name = 'dummy_kernel'
ggml_metal_library_compile_pipeline: loaded dummy_kernel                                  0x1026dce70 | th_max = 1024 | th_width =   32
ggml_metal_library_init: using embedded metal library
ggml_metal_library_compile_all: compiled 'fa_aux' library in 0.002 sec
ggml_metal_library_compile_all: compiled 'fa_f16' library in 0.005 sec
ggml_metal_library_compile_all: compiled 'fa_f32' library in 0.010 sec
ggml_metal_library_compile_all: compiled 'fa_q4_0' library in 0.011 sec
ggml_metal_library_compile_all: compiled 'fa_q4_1' library in 0.005 sec
ggml_metal_library_compile_all: compiled 'fa_q5_0' library in 0.031 sec
ggml_metal_library_compile_all: compiled 'fa_q5_1' library in 0.041 sec
ggml_metal_library_compile_all: compiled 'fa_q8_0' library in 0.006 sec
ggml_metal_library_compile_all: compiled 'fa_vec_f16' library in 0.040 sec
ggml_metal_library_compile_all: compiled 'fa_vec_f32' library in 0.011 sec
ggml_metal_library_compile_all: compiled 'fa_vec_q4_0' library in 0.036 sec
ggml_metal_library_compile_all: compiled 'fa_vec_q4_1' library in 0.025 sec
ggml_metal_library_compile_all: compiled 'fa_vec_q5_0' library in 0.009 sec
ggml_metal_library_compile_all: compiled 'fa_vec_q5_1' library in 0.034 sec
ggml_metal_library_compile_all: compiled 'fa_vec_q8_0' library in 0.019 sec
ggml_metal_library_compile_all: compiled 'mul_mv' library in 0.023 sec
ggml_metal_library_compile_all: compiled 'mul_mv_mma' library in 0.030 sec
ggml_metal_library_compile_all: compiled 'mul_mm' library in 0.016 sec
ggml_metal_library_compile_all: compiled 'quantize' library in 0.011 sec
ggml_metal_library_compile_all: compiled 'softmax' library in 0.033 sec
ggml_metal_library_compile_all: compiled 'norm' library in 0.036 sec
ggml_metal_library_compile_all: compiled 'unary' library in 0.016 sec
ggml_metal_library_compile_all: compiled 'binbcast' library in 0.033 sec
ggml_metal_library_compile_all: compiled 'reduce' library in 0.013 sec
ggml_metal_library_compile_all: compiled 'tri' library in 0.026 sec
ggml_metal_library_compile_all: compiled 'ssm' library in 0.015 sec
ggml_metal_library_compile_all: compiled 'wkv' library in 0.005 sec
ggml_metal_library_compile_all: compiled 'gated_delta_net' library in 0.029 sec
ggml_metal_library_compile_all: compiled 'solve_tri' library in 0.026 sec
ggml_metal_library_compile_all: compiled 'rope' library in 0.023 sec
ggml_metal_library_compile_all: compiled 'conv' library in 0.012 sec
ggml_metal_library_compile_all: compiled 'upscale' library in 0.023 sec
ggml_metal_library_compile_all: compiled 'argsort' library in 0.009 sec
ggml_metal_library_compile_all: compiled 'pool' library in 0.009 sec
ggml_metal_library_compile_all: compiled 'misc' library in 0.009 sec
ggml_metal_library_compile_all: loaded 35 libraries from embedded data in 0.041 sec (max single = 0.041 sec)
ggml_metal_rsets_init: creating a residency set collection (keep_alive = 180 s)
ggml_metal_device_init: GPU name:   MTL0 (Apple M5 Pro)
ggml_metal_device_init: GPU family: MTLGPUFamilyApple10  (1010)
ggml_metal_device_init: GPU family: MTLGPUFamilyMetal4  (5002)
ggml_metal_device_init: simdgroup reduction   = true
ggml_metal_device_init: simdgroup matrix mul. = true
ggml_metal_device_init: has unified memory    = true
ggml_metal_device_init: has bfloat            = true
ggml_metal_device_init: has tensor            = true
ggml_metal_device_init: use residency sets    = true
ggml_metal_device_init: use shared buffers    = true
ggml_metal_device_init: recommendedMaxWorkingSetSize  = 40200.90 MB
ggml_metal_init: allocating
ggml_metal_init: found device: Apple M5 Pro
ggml_metal_init: picking default device: Apple M5 Pro
ggml_metal_init: use fusion         = true
ggml_metal_init: use concurrency    = true
ggml_metal_init: use graph optimize = true
ggml_metal_library_compile_pipeline: compiling pipeline: base = 'kernel_mul_mv_bf16_f32_4', name = 'kernel_mul_mv_bf16_f32_4_nsg=2_ne12=1_r2=1_r3=1_split=0'
ggml_metal_library_compile_pipeline: loaded kernel_mul_mv_bf16_f32_4_nsg=2_ne12=1_r2=1_r3=1_split=0     0x7b459b8000 | th_max = 1024 | th_width =   32
Testing 3 devices

Backend 1/3: MTL0
  Device description: Apple M5 Pro
  Device memory: 38338 MB (38338 MB free)

  MUL_MAT(type_a=bf16,type_b=f32,m=16,n=1,k=256,bs=[1,1],nr=[1,1],per=[0,1,2,3],k_v=0,o=1,src_overlap=0,m_v=0,pad=0): [1;32mOK[0m
ggml_metal_library_compile_pipeline: compiling pipeline: base = 'kernel_mul_mv_ext_bf16_f32_r1_2', name = 'kernel_mul_mv_ext_bf16_f32_r1_2_nsg=2_nxpsg=16_ne12=1_r2=1_r3=1'
ggml_metal_library_compile_pipeline: loaded kernel_mul_mv_ext_bf16_f32_r1_2_nsg=2_nxpsg=16_ne12=1_r2=1_r3=1     0x7b459b8a80 | th_max = 1024 | th_width =   32
  MUL_MAT(type_a=bf16,type_b=f32,m=16,n=2,k=256,bs=[1,1],nr=[1,1],per=[0,1,2,3],k_v=0,o=1,src_overlap=0,m_v=0,pad=0): [1;32mOK[0m
ggml_metal_library_compile_pipeline: compiling pipeline: base = 'kernel_mul_mv_ext_bf16_f32_r1_3', name = 'kernel_mul_mv_ext_bf16_f32_r1_3_nsg=2_nxpsg=8_ne12=1_r2=1_r3=1'
ggml_metal_library_compile_pipeline: loaded kernel_mul_mv_ext_bf16_f32_r1_3_nsg=2_nxpsg=8_ne12=1_r2=1_r3=1     0x7b459b8700 | th_max = 1024 | th_width =   32
  MUL_MAT(type_a=bf16,type_b=f32,m=16,n=3,k=256,bs=[1,1],nr=[1,1],per=[0,1,2,3],k_v=0,o=1,src_overlap=0,m_v=0,pad=0): [1;32mOK[0m
ggml_metal_library_compile_pipeline: compiling pipeline: base = 'kernel_mul_mv_mma_bf16_f32_nt1_rt1', name = 'kernel_mul_mv_mma_bf16_f32_nt1_rt1_nsg=4_ne12=1_r2=1_r3=1_ne00=0_add=0'
ggml_metal_library_compile_pipeline: loaded kernel_mul_mv_mma_bf16_f32_nt1_rt1_nsg=4_ne12=1_r2=1_r3=1_ne00=0_add=0     0x7b459b8380 | th_max = 1024 | th_width =   32
  MUL_MAT(type_a=bf16,type_b=f32,m=16,n=4,k=256,bs=[1,1],nr=[1,1],per=[0,1,2,3],k_v=0,o=1,src_overlap=0,m_v=0,pad=0): [1;32mOK[0m
  MUL_MAT(type_a=bf16,type_b=f32,m=16,n=5,k=256,bs=[1,1],nr=[1,1],per=[0,1,2,3],k_v=0,o=1,src_overlap=0,m_v=0,pad=0): [1;32mOK[0m
  MUL_MAT(type_a=bf16,type_b=f32,m=16,n=6,k=256,bs=[1,1],nr=[1,1],per=[0,1,2,3],k_v=0,o=1,src_overlap=0,m_v=0,pad=0): [1;32mOK[0m
  MUL_MAT(type_a=bf16,type_b=f32,m=16,n=7,k=256,bs=[1,1],nr=[1,1],per=[0,1,2,3],k_v=0,o=1,src_overlap=0,m_v=0,pad=0): [1;32mOK[0m
  MUL_MAT(type_a=bf16,type_b=f32,m=16,n=8,k=256,bs=[1,1],nr=[1,1],per=[0,1,2,3],k_v=0,o=1,src_overlap=0,m_v=0,pad=0): [1;32mOK[0m
ggml_metal_library_compile_pipeline: compiling pipeline: base = 'kernel_mul_mv_mma_bf16_f32_nt1_rt2', name = 'kernel_mul_mv_mma_bf16_f32_nt1_rt2_nsg=4_ne12=1_r2=1_r3=1_ne00=0_add=0'
ggml_metal_library_compile_pipeline: loaded kernel_mul_mv_mma_bf16_f32_nt1_rt2_nsg=4_ne12=1_r2=1_r3=1_ne00=0_add=0     0x7b459b9180 | th_max = 1024 | th_width =   32
  MUL_MAT(type_a=bf16,type_b=f32,m=16,n=9,k=256,bs=[1,1],nr=[1,1],per=[0,1,2,3],k_v=0,o=1,src_overlap=0,m_v=0,pad=0): [1;32mOK[0m
ggml_metal_library_compile_pipeline: compiling pipeline: base = 'kernel_mul_mv_bf16_f32_4', name = 'kernel_mul_mv_bf16_f32_4_nsg=4_ne12=1_r2=1_r3=1_split=0'
ggml_metal_library_compile_pipeline: loaded kernel_mul_mv_bf16_f32_4_nsg=4_ne12=1_r2=1_r3=1_split=0     0x7b459b9500 | th_max = 1024 | th_width =   32
  MUL_MAT(type_a=bf16,type_b=f32,m=16,n=1,k=4096,bs=[1,1],nr=[1,1],per=[0,1,2,3],k_v=0,o=1,src_overlap=0,m_v=0,pad=0): [1;32mOK[0m
ggml_metal_library_compile_pipeline: compiling pipeline: base = 'kernel_mul_mv_mma_bf16_f32_nt1_rt1', name = 'kernel_mul_mv_mma_bf16_f32_nt1_rt1_nsg=32_ne12=1_r2=1_r3=1_ne00=0_add=0'
ggml_metal_library_compile_pipeline: loaded kernel_mul_mv_mma_bf16_f32_nt1_rt1_nsg=32_ne12=1_r2=1_r3=1_ne00=0_add=0     0x7b459b8e00 | th_max = 1024 | th_width =   32
  MUL_MAT(type_a=bf16,type_b=f32,m=16,n=8,k=4096,bs=[1,1],nr=[1,1],per=[0,1,2,3],k_v=0,o=1,src_overlap=0,m_v=0,pad=0): [1;32mOK[0m
ggml_metal_library_compile_pipeline: compiling pipeline: base = 'kernel_mul_mv_q2_0_f32', name = 'kernel_mul_mv_q2_0_f32_nsg=2_ne12=1_r2=1_r3=1_split=0'
ggml_metal_library_compile_pipeline: loaded kernel_mul_mv_q2_0_f32_nsg=2_ne12=1_r2=1_r3=1_split=0     0x7b459b9c00 | th_max = 1024 | th_width =   32
  MUL_MAT(type_a=q2_0,type_b=f32,m=16,n=1,k=256,bs=[1,1],nr=[1,1],per=[0,1,2,3],k_v=0,o=1,src_overlap=0,m_v=0,pad=0): [1;32mOK[0m
ggml_metal_library_compile_pipeline: compiling pipeline: base = 'kernel_mul_mv_ext_q2_0_f32_r1_2', name = 'kernel_mul_mv_ext_q2_0_f32_r1_2_nsg=2_nxpsg=16_ne12=1_r2=1_r3=1'
ggml_metal_library_compile_pipeline: loaded kernel_mul_mv_ext_q2_0_f32_r1_2_nsg=2_nxpsg=16_ne12=1_r2=1_r3=1     0x7b459b9880 | th_max = 1024 | th_width =   32
  MUL_MAT(type_a=q2_0,type_b=f32,m=16,n=2,k=256,bs=[1,1],nr=[1,1],per=[0,1,2,3],k_v=0,o=1,src_overlap=0,m_v=0,pad=0): [1;32mOK[0m
ggml_metal_library_compile_pipeline: compiling pipeline: base = 'kernel_mul_mv_mma_q2_0_f32_nt1_rt1', name = 'kernel_mul_mv_mma_q2_0_f32_nt1_rt1_nsg=4_ne12=1_r2=1_r3=1_ne00=0_add=0'
ggml_metal_library_compile_pipeline: loaded kernel_mul_mv_mma_q2_0_f32_nt1_rt1_nsg=4_ne12=1_r2=1_r3=1_ne00=0_add=0     0x7b459b9f80 | th_max = 1024 | th_width =   32
  MUL_MAT(type_a=q2_0,type_b=f32,m=16,n=3,k=256,bs=[1,1],nr=[1,1],per=[0,1,2,3],k_v=0,o=1,src_overlap=0,m_v=0,pad=0): [1;32mOK[0m
  MUL_MAT(type_a=q2_0,type_b=f32,m=16,n=4,k=256,bs=[1,1],nr=[1,1],per=[0,1,2,3],k_v=0,o=1,src_overlap=0,m_v=0,pad=0): [1;32mOK[0m
  MUL_MAT(type_a=q2_0,type_b=f32,m=16,n=5,k=256,bs=[1,1],nr=[1,1],per=[0,1,2,3],k_v=0,o=1,src_overlap=0,m_v=0,pad=0): [1;32mOK[0m
  MUL_MAT(type_a=q2_0,type_b=f32,m=16,n=6,k=256,bs=[1,1],nr=[1,1],per=[0,1,2,3],k_v=0,o=1,src_overlap=0,m_v=0,pad=0): [1;32mOK[0m
  MUL_MAT(type_a=q2_0,type_b=f32,m=16,n=7,k=256,bs=[1,1],nr=[1,1],per=[0,1,2,3],k_v=0,o=1,src_overlap=0,m_v=0,pad=0): [1;32mOK[0m
  MUL_MAT(type_a=q2_0,type_b=f32,m=16,n=8,k=256,bs=[1,1],nr=[1,1],per=[0,1,2,3],k_v=0,o=1,src_overlap=0,m_v=0,pad=0): [1;32mOK[0m
ggml_metal_library_compile_pipeline: compiling pipeline: base = 'kernel_mul_mv_mma_q2_0_f32_nt1_rt2', name = 'kernel_mul_mv_mma_q2_0_f32_nt1_rt2_nsg=4_ne12=1_r2=1_r3=1_ne00=0_add=0'
ggml_metal_library_compile_pipeline: loaded kernel_mul_mv_mma_q2_0_f32_nt1_rt2_nsg=4_ne12=1_r2=1_r3=1_ne00=0_add=0     0x7b459baa00 | th_max = 1024 | th_width =   32
  MUL_MAT(type_a=q2_0,type_b=f32,m=16,n=9,k=256,bs=[1,1],nr=[1,1],per=[0,1,2,3],k_v=0,o=1,src_overlap=0,m_v=0,pad=0): [1;32mOK[0m
  MUL_MAT(type_a=q2_0,type_b=f32,m=16,n=1,k=4096,bs=[1,1],nr=[1,1],per=[0,1,2,3],k_v=0,o=1,src_overlap=0,m_v=0,pad=0): [1;32mOK[0m
ggml_metal_library_compile_pipeline: compiling pipeline: base = 'kernel_mul_mv_mma_q2_0_f32_nt1_rt1', name = 'kernel_mul_mv_mma_q2_0_f32_nt1_rt1_nsg=32_ne12=1_r2=1_r3=1_ne00=0_add=0'
ggml_metal_library_compile_pipeline: loaded kernel_mul_mv_mma_q2_0_f32_nt1_rt1_nsg=32_ne12=1_r2=1_r3=1_ne00=0_add=0     0x7b459ba680 | th_max = 1024 | th_width =   32
  MUL_MAT(type_a=q2_0,type_b=f32,m=16,n=8,k=4096,bs=[1,1],nr=[1,1],per=[0,1,2,3],k_v=0,o=1,src_overlap=0,m_v=0,pad=0): [1;32mOK[0m
ggml_metal_library_compile_pipeline: compiling pipeline: base = 'kernel_mul_mv_q3_K_f32', name = 'kernel_mul_mv_q3_K_f32_nsg=2_ne12=1_r2=1_r3=1_split=0'
ggml_metal_library_compile_pipeline: loaded kernel_mul_mv_q3_K_f32_nsg=2_ne12=1_r2=1_r3=1_split=0     0x7b459bad80 | th_max = 1024 | th_width =   32
  MUL_MAT(type_a=q3_K,type_b=f32,m=16,n=1,k=256,bs=[1,1],nr=[1,1],per=[0,1,2,3],k_v=0,o=1,src_overlap=0,m_v=0,pad=0): [1;32mOK[0m
ggml_metal_library_compile_pipeline: compiling pipeline: base = 'kernel_mul_mv_mma_q3_K_f32_nt1_rt1', name = 'kernel_mul_mv_mma_q3_K_f32_nt1_rt1_nsg=4_ne12=1_r2=1_r3=1_ne00=0_add=0'
ggml_metal_library_compile_pipeline: loaded kernel_mul_mv_mma_q3_K_f32_nt1_rt1_nsg=4_ne12=1_r2=1_r3=1_ne00=0_add=0     0x7b459ba300 | th_max = 1024 | th_width =   32
  MUL_MAT(type_a=q3_K,type_b=f32,m=16,n=2,k=256,bs=[1,1],nr=[1,1],per=[0,1,2,3],k_v=0,o=1,src_overlap=0,m_v=0,pad=0): [1;32mOK[0m
  MUL_MAT(type_a=q3_K,type_b=f32,m=16,n=3,k=256,bs=[1,1],nr=[1,1],per=[0,1,2,3],k_v=0,o=1,src_overlap=0,m_v=0,pad=0): [1;32mOK[0m
  MUL_MAT(type_a=q3_K,type_b=f32,m=16,n=4,k=256,bs=[1,1],nr=[1,1],per=[0,1,2,3],k_v=0,o=1,src_overlap=0,m_v=0,pad=0): [1;32mOK[0m
  MUL_MAT(type_a=q3_K,type_b=f32,m=16,n=5,k=256,bs=[1,1],nr=[1,1],per=[0,1,2,3],k_v=0,o=1,src_overlap=0,m_v=0,pad=0): [1;32mOK[0m
  MUL_MAT(type_a=q3_K,type_b=f32,m=16,n=6,k=256,bs=[1,1],nr=[1,1],per=[0,1,2,3],k_v=0,o=1,src_overlap=0,m_v=0,pad=0): [1;32mOK[0m
  MUL_MAT(type_a=q3_K,type_b=f32,m=16,n=7,k=256,bs=[1,1],nr=[1,1],per=[0,1,2,3],k_v=0,o=1,src_overlap=0,m_v=0,pad=0): [1;32mOK[0m
  MUL_MAT(type_a=q3_K,type_b=f32,m=16,n=8,k=256,bs=[1,1],nr=[1,1],per=[0,1,2,3],k_v=0,o=1,src_overlap=0,m_v=0,pad=0): [1;32mOK[0m
ggml_metal_library_compile_pipeline: compiling pipeline: base = 'kernel_mul_mv_mma_q3_K_f32_nt1_rt2', name = 'kernel_mul_mv_mma_q3_K_f32_nt1_rt2_nsg=4_ne12=1_r2=1_r3=1_ne00=0_add=0'
ggml_metal_library_compile_pipeline: loaded kernel_mul_mv_mma_q3_K_f32_nt1_rt2_nsg=4_ne12=1_r2=1_r3=1_ne00=0_add=0     0x7b459bb100 | th_max = 1024 | th_width =   32
  MUL_MAT(type_a=q3_K,type_b=f32,m=16,n=9,k=256,bs=[1,1],nr=[1,1],per=[0,1,2,3],k_v=0,o=1,src_overlap=0,m_v=0,pad=0): [1;32mOK[0m
  MUL_MAT(type_a=q3_K,type_b=f32,m=16,n=1,k=4096,bs=[1,1],nr=[1,1],per=[0,1,2,3],k_v=0,o=1,src_overlap=0,m_v=0,pad=0): [1;32mOK[0m
ggml_metal_library_compile_pipeline: compiling pipeline: base = 'kernel_mul_mv_mma_q3_K_f32_nt1_rt1', name = 'kernel_mul_mv_mma_q3_K_f32_nt1_rt1_nsg=32_ne12=1_r2=1_r3=1_ne00=0_add=0'
ggml_metal_library_compile_pipeline: loaded kernel_mul_mv_mma_q3_K_f32_nt1_rt1_nsg=32_ne12=1_r2=1_r3=1_ne00=0_add=0     0x7b459bb800 | th_max = 1024 | th_width =   32
  MUL_MAT(type_a=q3_K,type_b=f32,m=16,n=8,k=4096,bs=[1,1],nr=[1,1],per=[0,1,2,3],k_v=0,o=1,src_overlap=0,m_v=0,pad=0): [1;32mOK[0m
ggml_metal_library_compile_pipeline: compiling pipeline: base = 'kernel_mul_mv_q5_K_f32', name = 'kernel_mul_mv_q5_K_f32_nsg=2_ne12=1_r2=1_r3=1_split=0'
ggml_metal_library_compile_pipeline: loaded kernel_mul_mv_q5_K_f32_nsg=2_ne12=1_r2=1_r3=1_split=0     0x7b45a78380 | th_max = 1024 | th_width =   32
  MUL_MAT(type_a=q5_K,type_b=f32,m=16,n=1,k=256,bs=[1,1],nr=[1,1],per=[0,1,2,3],k_v=0,o=1,src_overlap=0,m_v=0,pad=0): [1;32mOK[0m
ggml_metal_library_compile_pipeline: compiling pipeline: base = 'kernel_mul_mv_mma_q5_K_f32_nt1_rt1', name = 'kernel_mul_mv_mma_q5_K_f32_nt1_rt1_nsg=4_ne12=1_r2=1_r3=1_ne00=256_add=0'
ggml_metal_library_compile_pipeline: loaded kernel_mul_mv_mma_q5_K_f32_nt1_rt1_nsg=4_ne12=1_r2=1_r3=1_ne00=256_add=0     0x7b45a78700 | th_max = 1024 | th_width =   32
  MUL_MAT(type_a=q5_K,type_b=f32,m=16,n=2,k=256,bs=[1,1],nr=[1,1],per=[0,1,2,3],k_v=0,o=1,src_overlap=0,m_v=0,pad=0): [1;32mOK[0m
  MUL_MAT(type_a=q5_K,type_b=f32,m=16,n=3,k=256,bs=[1,1],nr=[1,1],per=[0,1,2,3],k_v=0,o=1,src_overlap=0,m_v=0,pad=0): [1;32mOK[0m
  MUL_MAT(type_a=q5_K,type_b=f32,m=16,n=4,k=256,bs=[1,1],nr=[1,1],per=[0,1,2,3],k_v=0,o=1,src_overlap=0,m_v=0,pad=0): [1;32mOK[0m
  MUL_MAT(type_a=q5_K,type_b=f32,m=16,n=5,k=256,bs=[1,1],nr=[1,1],per=[0,1,2,3],k_v=0,o=1,src_overlap=0,m_v=0,pad=0): [1;32mOK[0m
  MUL_MAT(type_a=q5_K,type_b=f32,m=16,n=6,k=256,bs=[1,1],nr=[1,1],per=[0,1,2,3],k_v=0,o=1,src_overlap=0,m_v=0,pad=0): [1;32mOK[0m
  MUL_MAT(type_a=q5_K,type_b=f32,m=16,n=7,k=256,bs=[1,1],nr=[1,1],per=[0,1,2,3],k_v=0,o=1,src_overlap=0,m_v=0,pad=0): [1;32mOK[0m
  MUL_MAT(type_a=q5_K,type_b=f32,m=16,n=8,k=256,bs=[1,1],nr=[1,1],per=[0,1,2,3],k_v=0,o=1,src_overlap=0,m_v=0,pad=0): [1;32mOK[0m
ggml_metal_library_compile_pipeline: compiling pipeline: base = 'kernel_mul_mv_mma_q5_K_f32_nt1_rt2', name = 'kernel_mul_mv_mma_q5_K_f32_nt1_rt2_nsg=4_ne12=1_r2=1_r3=1_ne00=256_add=0'
ggml_metal_library_compile_pipeline: loaded kernel_mul_mv_mma_q5_K_f32_nt1_rt2_nsg=4_ne12=1_r2=1_r3=1_ne00=256_add=0     0x7b45a78000 | th_max = 1024 | th_width =   32
  MUL_MAT(type_a=q5_K,type_b=f32,m=16,n=9,k=256,bs=[1,1],nr=[1,1],per=[0,1,2,3],k_v=0,o=1,src_overlap=0,m_v=0,pad=0): [1;32mOK[0m
  MUL_MAT(type_a=q5_K,type_b=f32,m=16,n=1,k=4096,bs=[1,1],nr=[1,1],per=[0,1,2,3],k_v=0,o=1,src_overlap=0,m_v=0,pad=0): [1;32mOK[0m
ggml_metal_library_compile_pipeline: compiling pipeline: base = 'kernel_mul_mv_mma_q5_K_f32_nt1_rt1', name = 'kernel_mul_mv_mma_q5_K_f32_nt1_rt1_nsg=32_ne12=1_r2=1_r3=1_ne00=4096_add=0'
ggml_metal_library_compile_pipeline: loaded kernel_mul_mv_mma_q5_K_f32_nt1_rt1_nsg=32_ne12=1_r2=1_r3=1_ne00=4096_add=0     0x7b45a78e00 | th_max = 1024 | th_width =   32
  MUL_MAT(type_a=q5_K,type_b=f32,m=16,n=8,k=4096,bs=[1,1],nr=[1,1],per=[0,1,2,3],k_v=0,o=1,src_overlap=0,m_v=0,pad=0): [1;32mOK[0m
ggml_metal_library_compile_pipeline: compiling pipeline: base = 'kernel_mul_mv_iq4_nl_f32', name = 'kernel_mul_mv_iq4_nl_f32_nsg=2_ne12=1_r2=1_r3=1_split=0'
ggml_metal_library_compile_pipeline: loaded kernel_mul_mv_iq4_nl_f32_nsg=2_ne12=1_r2=1_r3=1_split=0     0x7b45a79180 | th_max = 1024 | th_width =   32
  MUL_MAT(type_a=iq4_nl,type_b=f32,m=16,n=1,k=256,bs=[1,1],nr=[1,1],per=[0,1,2,3],k_v=0,o=1,src_overlap=0,m_v=0,pad=0): [1;32mOK[0m
ggml_metal_library_compile_pipeline: compiling pipeline: base = 'kernel_mul_mv_ext_iq4_nl_f32_r1_2', name = 'kernel_mul_mv_ext_iq4_nl_f32_r1_2_nsg=2_nxpsg=16_ne12=1_r2=1_r3=1'
ggml_metal_library_compile_pipeline: loaded kernel_mul_mv_ext_iq4_nl_f32_r1_2_nsg=2_nxpsg=16_ne12=1_r2=1_r3=1     0x7b45a78a80 | th_max = 1024 | th_width =   32
  MUL_MAT(type_a=iq4_nl,type_b=f32,m=16,n=2,k=256,bs=[1,1],nr=[1,1],per=[0,1,2,3],k_v=0,o=1,src_overlap=0,m_v=0,pad=0): [1;32mOK[0m
ggml_metal_library_compile_pipeline: compiling pipeline: base = 'kernel_mul_mv_mma_iq4_nl_f32_nt1_rt1', name = 'kernel_mul_mv_mma_iq4_nl_f32_nt1_rt1_nsg=4_ne12=1_r2=1_r3=1_ne00=0_add=0'
ggml_metal_library_compile_pipeline: loaded kernel_mul_mv_mma_iq4_nl_f32_nt1_rt1_nsg=4_ne12=1_r2=1_r3=1_ne00=0_add=0     0x7b45a79500 | th_max = 1024 | th_width =   32
  MUL_MAT(type_a=iq4_nl,type_b=f32,m=16,n=3,k=256,bs=[1,1],nr=[1,1],per=[0,1,2,3],k_v=0,o=1,src_overlap=0,m_v=0,pad=0): [1;32mOK[0m
  MUL_MAT(type_a=iq4_nl,type_b=f32,m=16,n=4,k=256,bs=[1,1],nr=[1,1],per=[0,1,2,3],k_v=0,o=1,src_overlap=0,m_v=0,pad=0): [1;32mOK[0m
  MUL_MAT(type_a=iq4_nl,type_b=f32,m=16,n=5,k=256,bs=[1,1],nr=[1,1],per=[0,1,2,3],k_v=0,o=1,src_overlap=0,m_v=0,pad=0): [1;32mOK[0m
  MUL_MAT(type_a=iq4_nl,type_b=f32,m=16,n=6,k=256,bs=[1,1],nr=[1,1],per=[0,1,2,3],k_v=0,o=1,src_overlap=0,m_v=0,pad=0): [1;32mOK[0m
  MUL_MAT(type_a=iq4_nl,type_b=f32,m=16,n=7,k=256,bs=[1,1],nr=[1,1],per=[0,1,2,3],k_v=0,o=1,src_overlap=0,m_v=0,pad=0): [1;32mOK[0m
  MUL_MAT(type_a=iq4_nl,type_b=f32,m=16,n=8,k=256,bs=[1,1],nr=[1,1],per=[0,1,2,3],k_v=0,o=1,src_overlap=0,m_v=0,pad=0): [1;32mOK[0m
ggml_metal_library_compile_pipeline: compiling pipeline: base = 'kernel_mul_mv_mma_iq4_nl_f32_nt1_rt2', name = 'kernel_mul_mv_mma_iq4_nl_f32_nt1_rt2_nsg=4_ne12=1_r2=1_r3=1_ne00=0_add=0'
ggml_metal_library_compile_pipeline: loaded kernel_mul_mv_mma_iq4_nl_f32_nt1_rt2_nsg=4_ne12=1_r2=1_r3=1_ne00=0_add=0     0x7b45a79f80 | th_max = 1024 | th_width =   32
  MUL_MAT(type_a=iq4_nl,type_b=f32,m=16,n=9,k=256,bs=[1,1],nr=[1,1],per=[0,1,2,3],k_v=0,o=1,src_overlap=0,m_v=0,pad=0): [1;32mOK[0m
  MUL_MAT(type_a=iq4_nl,type_b=f32,m=16,n=1,k=4096,bs=[1,1],nr=[1,1],per=[0,1,2,3],k_v=0,o=1,src_overlap=0,m_v=0,pad=0): [1;32mOK[0m
ggml_metal_library_compile_pipeline: compiling pipeline: base = 'kernel_mul_mv_mma_iq4_nl_f32_nt1_rt1', name = 'kernel_mul_mv_mma_iq4_nl_f32_nt1_rt1_nsg=32_ne12=1_r2=1_r3=1_ne00=0_add=0'
ggml_metal_library_compile_pipeline: loaded kernel_mul_mv_mma_iq4_nl_f32_nt1_rt1_nsg=32_ne12=1_r2=1_r3=1_ne00=0_add=0     0x7b45a79c00 | th_max = 1024 | th_width =   32
  MUL_MAT(type_a=iq4_nl,type_b=f32,m=16,n=8,k=4096,bs=[1,1],nr=[1,1],per=[0,1,2,3],k_v=0,o=1,src_overlap=0,m_v=0,pad=0): [1;32mOK[0m
ggml_metal_library_compile_pipeline: compiling pipeline: base = 'kernel_mul_mv_iq4_xs_f32', name = 'kernel_mul_mv_iq4_xs_f32_nsg=2_ne12=1_r2=1_r3=1_split=0'
ggml_metal_library_compile_pipeline: loaded kernel_mul_mv_iq4_xs_f32_nsg=2_ne12=1_r2=1_r3=1_split=0     0x7b45a7a300 | th_max = 1024 | th_width =   32
  MUL_MAT(type_a=iq4_xs,type_b=f32,m=16,n=1,k=256,bs=[1,1],nr=[1,1],per=[0,1,2,3],k_v=0,o=1,src_overlap=0,m_v=0,pad=0): [1;32mOK[0m
ggml_metal_library_compile_pipeline: compiling pipeline: base = 'kernel_mul_mv_mma_iq4_xs_f32_nt1_rt1', name = 'kernel_mul_mv_mma_iq4_xs_f32_nt1_rt1_nsg=4_ne12=1_r2=1_r3=1_ne00=0_add=0'
ggml_metal_library_compile_pipeline: loaded kernel_mul_mv_mma_iq4_xs_f32_nt1_rt1_nsg=4_ne12=1_r2=1_r3=1_ne00=0_add=0     0x7b45a79880 | th_max = 1024 | th_width =   32
  MUL_MAT(type_a=iq4_xs,type_b=f32,m=16,n=2,k=256,bs=[1,1],nr=[1,1],per=[0,1,2,3],k_v=0,o=1,src_overlap=0,m_v=0,pad=0): [1;32mOK[0m
  MUL_MAT(type_a=iq4_xs,type_b=f32,m=16,n=3,k=256,bs=[1,1],nr=[1,1],per=[0,1,2,3],k_v=0,o=1,src_overlap=0,m_v=0,pad=0): [1;32mOK[0m
  MUL_MAT(type_a=iq4_xs,type_b=f32,m=16,n=4,k=256,bs=[1,1],nr=[1,1],per=[0,1,2,3],k_v=0,o=1,src_overlap=0,m_v=0,pad=0): [1;32mOK[0m
  MUL_MAT(type_a=iq4_xs,type_b=f32,m=16,n=5,k=256,bs=[1,1],nr=[1,1],per=[0,1,2,3],k_v=0,o=1,src_overlap=0,m_v=0,pad=0): [1;32mOK[0m
  MUL_MAT(type_a=iq4_xs,type_b=f32,m=16,n=6,k=256,bs=[1,1],nr=[1,1],per=[0,1,2,3],k_v=0,o=1,src_overlap=0,m_v=0,pad=0): [1;32mOK[0m
  MUL_MAT(type_a=iq4_xs,type_b=f32,m=16,n=7,k=256,bs=[1,1],nr=[1,1],per=[0,1,2,3],k_v=0,o=1,src_overlap=0,m_v=0,pad=0): [1;32mOK[0m
  MUL_MAT(type_a=iq4_xs,type_b=f32,m=16,n=8,k=256,bs=[1,1],nr=[1,1],per=[0,1,2,3],k_v=0,o=1,src_overlap=0,m_v=0,pad=0): [1;32mOK[0m
ggml_metal_library_compile_pipeline: compiling pipeline: base = 'kernel_mul_mv_mma_iq4_xs_f32_nt1_rt2', name = 'kernel_mul_mv_mma_iq4_xs_f32_nt1_rt2_nsg=4_ne12=1_r2=1_r3=1_ne00=0_add=0'
ggml_metal_library_compile_pipeline: loaded kernel_mul_mv_mma_iq4_xs_f32_nt1_rt2_nsg=4_ne12=1_r2=1_r3=1_ne00=0_add=0     0x7b45a7a680 | th_max = 1024 | th_width =   32
  MUL_MAT(type_a=iq4_xs,type_b=f32,m=16,n=9,k=256,bs=[1,1],nr=[1,1],per=[0,1,2,3],k_v=0,o=1,src_overlap=0,m_v=0,pad=0): [1;32mOK[0m
  MUL_MAT(type_a=iq4_xs,type_b=f32,m=16,n=1,k=4096,bs=[1,1],nr=[1,1],per=[0,1,2,3],k_v=0,o=1,src_overlap=0,m_v=0,pad=0): [1;32mOK[0m
ggml_metal_library_compile_pipeline: compiling pipeline: base = 'kernel_mul_mv_mma_iq4_xs_f32_nt1_rt1', name = 'kernel_mul_mv_mma_iq4_xs_f32_nt1_rt1_nsg=32_ne12=1_r2=1_r3=1_ne00=0_add=0'
ggml_metal_library_compile_pipeline: loaded kernel_mul_mv_mma_iq4_xs_f32_nt1_rt1_nsg=32_ne12=1_r2=1_r3=1_ne00=0_add=0     0x7b45a7ad80 | th_max = 1024 | th_width =   32
  MUL_MAT(type_a=iq4_xs,type_b=f32,m=16,n=8,k=4096,bs=[1,1],nr=[1,1],per=[0,1,2,3],k_v=0,o=1,src_overlap=0,m_v=0,pad=0): [1;32mOK[0m
  MUL_MAT(type_a=q5_K,type_b=f32,m=4096,n=1,k=1024,bs=[1,1],nr=[1,1],per=[0,1,2,3],k_v=0,o=1,src_overlap=0,m_v=0,pad=0): [1;32mOK[0m
  MUL_MAT(type_a=q5_K,type_b=f32,m=1023,n=1,k=4096,bs=[1,1],nr=[1,1],per=[0,1,2,3],k_v=0,o=1,src_overlap=0,m_v=0,pad=0): [1;32mOK[0m
ggml_metal_library_compile_pipeline: compiling pipeline: base = 'kernel_mul_mv_mma_q5_K_f32_nt4_rt1', name = 'kernel_mul_mv_mma_q5_K_f32_nt4_rt1_nsg=16_ne12=1_r2=1_r3=1_ne00=1024_add=0'
ggml_metal_library_compile_pipeline: loaded kernel_mul_mv_mma_q5_K_f32_nt4_rt1_nsg=16_ne12=1_r2=1_r3=1_ne00=1024_add=0     0x7b45a7b480 | th_max = 1024 | th_width =   32
  MUL_MAT(type_a=q5_K,type_b=f32,m=4096,n=2,k=1024,bs=[1,1],nr=[1,1],per=[0,1,2,3],k_v=0,o=1,src_overlap=0,m_v=0,pad=0): [1;32mOK[0m
ggml_metal_library_compile_pipeline: compiling pipeline: base = 'kernel_mul_mv_mma_q5_K_f32_nt1_rt1', name = 'kernel_mul_mv_mma_q5_K_f32_nt1_rt1_nsg=16_ne12=1_r2=1_r3=1_ne00=4096_add=0'
ggml_metal_library_compile_pipeline: loaded kernel_mul_mv_mma_q5_K_f32_nt1_rt1_nsg=16_ne12=1_r2=1_r3=1_ne00=4096_add=0     0x7b45a7b100 | th_max = 1024 | th_width =   32
  MUL_MAT(type_a=q5_K,type_b=f32,m=1023,n=2,k=4096,bs=[1,1],nr=[1,1],per=[0,1,2,3],k_v=0,o=1,src_overlap=0,m_v=0,pad=0): [1;32mOK[0m
  MUL_MAT(type_a=q5_K,type_b=f32,m=4096,n=3,k=1024,bs=[1,1],nr=[1,1],per=[0,1,2,3],k_v=0,o=1,src_overlap=0,m_v=0,pad=0): [1;32mOK[0m
  MUL_MAT(type_a=q5_K,type_b=f32,m=1023,n=3,k=4096,bs=[1,1],nr=[1,1],per=[0,1,2,3],k_v=0,o=1,src_overlap=0,m_v=0,pad=0): [1;32mOK[0m
  MUL_MAT(type_a=q5_K,type_b=f32,m=4096,n=4,k=1024,bs=[1,1],nr=[1,1],per=[0,1,2,3],k_v=0,o=1,src_overlap=0,m_v=0,pad=0): [1;32mOK[0m
  MUL_MAT(type_a=q5_K,type_b=f32,m=1023,n=4,k=4096,bs=[1,1],nr=[1,1],per=[0,1,2,3],k_v=0,o=1,src_overlap=0,m_v=0,pad=0): [1;32mOK[0m
  MUL_MAT(type_a=q5_K,type_b=f32,m=4096,n=5,k=1024,bs=[1,1],nr=[1,1],per=[0,1,2,3],k_v=0,o=1,src_overlap=0,m_v=0,pad=0): [1;32mOK[0m
  MUL_MAT(type_a=q5_K,type_b=f32,m=1023,n=5,k=4096,bs=[1,1],nr=[1,1],per=[0,1,2,3],k_v=0,o=1,src_overlap=0,m_v=0,pad=0): [1;32mOK[0m
  MUL_MAT(type_a=q5_K,type_b=f32,m=4096,n=6,k=1024,bs=[1,1],nr=[1,1],per=[0,1,2,3],k_v=0,o=1,src_overlap=0,m_v=0,pad=0): [1;32mOK[0m
  MUL_MAT(type_a=q5_K,type_b=f32,m=1023,n=6,k=4096,bs=[1,1],nr=[1,1],per=[0,1,2,3],k_v=0,o=1,src_overlap=0,m_v=0,pad=0): [1;32mOK[0m
  MUL_MAT(type_a=q5_K,type_b=f32,m=4096,n=7,k=1024,bs=[1,1],nr=[1,1],per=[0,1,2,3],k_v=0,o=1,src_overlap=0,m_v=0,pad=0): [1;32mOK[0m
  MUL_MAT(type_a=q5_K,type_b=f32,m=1023,n=7,k=4096,bs=[1,1],nr=[1,1],per=[0,1,2,3],k_v=0,o=1,src_overlap=0,m_v=0,pad=0): [1;32mOK[0m
  MUL_MAT(type_a=q5_K,type_b=f32,m=4096,n=8,k=1024,bs=[1,1],nr=[1,1],per=[0,1,2,3],k_v=0,o=1,src_overlap=0,m_v=0,pad=0): [1;32mOK[0m
  MUL_MAT(type_a=q5_K,type_b=f32,m=1023,n=8,k=4096,bs=[1,1],nr=[1,1],per=[0,1,2,3],k_v=0,o=1,src_overlap=0,m_v=0,pad=0): [1;32mOK[0m
  MUL_MAT(type_a=bf16,type_b=f32,m=48,n=2,k=2560,bs=[1,1],nr=[1,1],per=[0,1,2,3],k_v=0,o=1,src_overlap=0,m_v=0,pad=0): [1;32mOK[0m
  MUL_MAT(type_a=bf16,type_b=f32,m=1000,n=2,k=1024,bs=[1,1],nr=[1,1],per=[0,1,2,3],k_v=0,o=1,src_overlap=0,m_v=0,pad=0): [1;32mOK[0m
  MUL_MAT(type_a=bf16,type_b=f32,m=3000,n=2,k=512,bs=[1,1],nr=[1,1],per=[0,1,2,3],k_v=0,o=1,src_overlap=0,m_v=0,pad=0): [1;32mOK[0m
  MUL_MAT(type_a=bf16,type_b=f32,m=4100,n=2,k=256,bs=[1,1],nr=[1,1],per=[0,1,2,3],k_v=0,o=1,src_overlap=0,m_v=0,pad=0): [1;32mOK[0m
ggml_metal_library_compile_pipeline: compiling pipeline: base = 'kernel_mul_mv_ext_bf16_f32_r1_2', name = 'kernel_mul_mv_ext_bf16_f32_r1_2_nsg=2_nxpsg=16_ne12=6_r2=2_r3=1'
ggml_metal_library_compile_pipeline: loaded kernel_mul_mv_ext_bf16_f32_r1_2_nsg=2_nxpsg=16_ne12=6_r2=2_r3=1     0x7b45a7b800 | th_max = 1024 | th_width =   32
  MUL_MAT(type_a=bf16,type_b=f32,m=64,n=2,k=256,bs=[3,2],nr=[2,1],per=[0,1,2,3],k_v=0,o=1,src_overlap=0,m_v=0,pad=0): [1;32mOK[0m
ggml_metal_library_compile_pipeline: compiling pipeline: base = 'kernel_mul_mv_bf16_f32_4', name = 'kernel_mul_mv_bf16_f32_4_nsg=1_ne12=1_r2=1_r3=1_split=0'
ggml_metal_library_compile_pipeline: loaded kernel_mul_mv_bf16_f32_4_nsg=1_ne12=1_r2=1_r3=1_split=0     0x7b45a7bb80 | th_max = 1024 | th_width =   32
  MUL_MAT(type_a=bf16,type_b=f32,m=100,n=2,k=96,bs=[1,1],nr=[1,1],per=[0,1,2,3],k_v=0,o=1,src_overlap=0,m_v=0,pad=0): [1;32mOK[0m
  MUL_MAT(type_a=q2_0,type_b=f32,m=48,n=2,k=2560,bs=[1,1],nr=[1,1],per=[0,1,2,3],k_v=0,o=1,src_overlap=0,m_v=0,pad=0): [1;32mOK[0m
  MUL_MAT(type_a=q2_0,type_b=f32,m=1000,n=2,k=1024,bs=[1,1],nr=[1,1],per=[0,1,2,3],k_v=0,o=1,src_overlap=0,m_v=0,pad=0): [1;32mOK[0m
  MUL_MAT(type_a=q2_0,type_b=f32,m=3000,n=2,k=512,bs=[1,1],nr=[1,1],per=[0,1,2,3],k_v=0,o=1,src_overlap=0,m_v=0,pad=0): [1;32mOK[0m
  MUL_MAT(type_a=q2_0,type_b=f32,m=4100,n=2,k=256,bs=[1,1],nr=[1,1],per=[0,1,2,3],k_v=0,o=1,src_overlap=0,m_v=0,pad=0): [1;32mOK[0m
ggml_metal_library_compile_pipeline: compiling pipeline: base = 'kernel_mul_mv_ext_q2_0_f32_r1_2', name = 'kernel_mul_mv_ext_q2_0_f32_r1_2_nsg=2_nxpsg=16_ne12=6_r2=2_r3=1'
ggml_metal_library_compile_pipeline: loaded kernel_mul_mv_ext_q2_0_f32_r1_2_nsg=2_nxpsg=16_ne12=6_r2=2_r3=1     0x7b459bb480 | th_max = 1024 | th_width =   32
  MUL_MAT(type_a=q2_0,type_b=f32,m=64,n=2,k=256,bs=[3,2],nr=[2,1],per=[0,1,2,3],k_v=0,o=1,src_overlap=0,m_v=0,pad=0): [1;32mOK[0m
  MUL_MAT(type_a=q3_K,type_b=f32,m=48,n=2,k=2560,bs=[1,1],nr=[1,1],per=[0,1,2,3],k_v=0,o=1,src_overlap=0,m_v=0,pad=0): [1;32mOK[0m
ggml_metal_library_compile_pipeline: compiling pipeline: base = 'kernel_mul_mv_mma_q3_K_f32_nt1_rt1', name = 'kernel_mul_mv_mma_q3_K_f32_nt1_rt1_nsg=16_ne12=1_r2=1_r3=1_ne00=0_add=0'
ggml_metal_library_compile_pipeline: loaded kernel_mul_mv_mma_q3_K_f32_nt1_rt1_nsg=16_ne12=1_r2=1_r3=1_ne00=0_add=0     0x7b45b14700 | th_max = 1024 | th_width =   32
  MUL_MAT(type_a=q3_K,type_b=f32,m=1000,n=2,k=1024,bs=[1,1],nr=[1,1],per=[0,1,2,3],k_v=0,o=1,src_overlap=0,m_v=0,pad=0): [1;32mOK[0m
ggml_metal_library_compile_pipeline: compiling pipeline: base = 'kernel_mul_mv_mma_q3_K_f32_nt2_rt1', name = 'kernel_mul_mv_mma_q3_K_f32_nt2_rt1_nsg=8_ne12=1_r2=1_r3=1_ne00=0_add=0'
ggml_metal_library_compile_pipeline: loaded kernel_mul_mv_mma_q3_K_f32_nt2_rt1_nsg=8_ne12=1_r2=1_r3=1_ne00=0_add=0     0x7b45b14000 | th_max = 1024 | th_width =   32
  MUL_MAT(type_a=q3_K,type_b=f32,m=3000,n=2,k=512,bs=[1,1],nr=[1,1],per=[0,1,2,3],k_v=0,o=1,src_overlap=0,m_v=0,pad=0): [1;32mOK[0m
ggml_metal_library_compile_pipeline: compiling pipeline: base = 'kernel_mul_mv_mma_q3_K_f32_nt4_rt1', name = 'kernel_mul_mv_mma_q3_K_f32_nt4_rt1_nsg=4_ne12=1_r2=1_r3=1_ne00=0_add=0'
ggml_metal_library_compile_pipeline: loaded kernel_mul_mv_mma_q3_K_f32_nt4_rt1_nsg=4_ne12=1_r2=1_r3=1_ne00=0_add=0     0x7b45b14380 | th_max = 1024 | th_width =   32
  MUL_MAT(type_a=q3_K,type_b=f32,m=4100,n=2,k=256,bs=[1,1],nr=[1,1],per=[0,1,2,3],k_v=0,o=1,src_overlap=0,m_v=0,pad=0): [1;32mOK[0m
ggml_metal_library_compile_pipeline: compiling pipeline: base = 'kernel_mul_mv_mma_q3_K_f32_nt1_rt1', name = 'kernel_mul_mv_mma_q3_K_f32_nt1_rt1_nsg=4_ne12=6_r2=2_r3=1_ne00=0_add=0'
ggml_metal_library_compile_pipeline: loaded kernel_mul_mv_mma_q3_K_f32_nt1_rt1_nsg=4_ne12=6_r2=2_r3=1_ne00=0_add=0     0x7b45b14a80 | th_max = 1024 | th_width =   32
  MUL_MAT(type_a=q3_K,type_b=f32,m=64,n=2,k=256,bs=[3,2],nr=[2,1],per=[0,1,2,3],k_v=0,o=1,src_overlap=0,m_v=0,pad=0): [1;32mOK[0m
ggml_metal_library_compile_pipeline: compiling pipeline: base = 'kernel_mul_mv_mma_q5_K_f32_nt1_rt1', name = 'kernel_mul_mv_mma_q5_K_f32_nt1_rt1_nsg=32_ne12=1_r2=1_r3=1_ne00=2560_add=0'
ggml_metal_library_compile_pipeline: loaded kernel_mul_mv_mma_q5_K_f32_nt1_rt1_nsg=32_ne12=1_r2=1_r3=1_ne00=2560_add=0     0x7b45b14e00 | th_max = 1024 | th_width =   32
  MUL_MAT(type_a=q5_K,type_b=f32,m=48,n=2,k=2560,bs=[1,1],nr=[1,1],per=[0,1,2,3],k_v=0,o=1,src_overlap=0,m_v=0,pad=0): [1;32mOK[0m
ggml_metal_library_compile_pipeline: compiling pipeline: base = 'kernel_mul_mv_mma_q5_K_f32_nt1_rt1', name = 'kernel_mul_mv_mma_q5_K_f32_nt1_rt1_nsg=16_ne12=1_r2=1_r3=1_ne00=1024_add=0'
ggml_metal_library_compile_pipeline: loaded kernel_mul_mv_mma_q5_K_f32_nt1_rt1_nsg=16_ne12=1_r2=1_r3=1_ne00=1024_add=0     0x7b45b15180 | th_max = 1024 | th_width =   32
  MUL_MAT(type_a=q5_K,type_b=f32,m=1000,n=2,k=1024,bs=[1,1],nr=[1,1],per=[0,1,2,3],k_v=0,o=1,src_overlap=0,m_v=0,pad=0): [1;32mOK[0m
ggml_metal_library_compile_pipeline: compiling pipeline: base = 'kernel_mul_mv_mma_q5_K_f32_nt2_rt1', name = 'kernel_mul_mv_mma_q5_K_f32_nt2_rt1_nsg=8_ne12=1_r2=1_r3=1_ne00=512_add=0'
ggml_metal_library_compile_pipeline: loaded kernel_mul_mv_mma_q5_K_f32_nt2_rt1_nsg=8_ne12=1_r2=1_r3=1_ne00=512_add=0     0x7b45b15500 | th_max = 1024 | th_width =   32
  MUL_MAT(type_a=q5_K,type_b=f32,m=3000,n=2,k=512,bs=[1,1],nr=[1,1],per=[0,1,2,3],k_v=0,o=1,src_overlap=0,m_v=0,pad=0): [1;32mOK[0m
ggml_metal_library_compile_pipeline: compiling pipeline: base = 'kernel_mul_mv_mma_q5_K_f32_nt4_rt1', name = 'kernel_mul_mv_mma_q5_K_f32_nt4_rt1_nsg=4_ne12=1_r2=1_r3=1_ne00=256_add=0'
ggml_metal_library_compile_pipeline: loaded kernel_mul_mv_mma_q5_K_f32_nt4_rt1_nsg=4_ne12=1_r2=1_r3=1_ne00=256_add=0     0x7b45b15880 | th_max = 1024 | th_width =   32
  MUL_MAT(type_a=q5_K,type_b=f32,m=4100,n=2,k=256,bs=[1,1],nr=[1,1],per=[0,1,2,3],k_v=0,o=1,src_overlap=0,m_v=0,pad=0): [1;32mOK[0m
ggml_metal_library_compile_pipeline: compiling pipeline: base = 'kernel_mul_mv_mma_q5_K_f32_nt1_rt1', name = 'kernel_mul_mv_mma_q5_K_f32_nt1_rt1_nsg=4_ne12=6_r2=2_r3=1_ne00=256_add=0'
ggml_metal_library_compile_pipeline: loaded kernel_mul_mv_mma_q5_K_f32_nt1_rt1_nsg=4_ne12=6_r2=2_r3=1_ne00=256_add=0     0x7b45b15c00 | th_max = 1024 | th_width =   32
  MUL_MAT(type_a=q5_K,type_b=f32,m=64,n=2,k=256,bs=[3,2],nr=[2,1],per=[0,1,2,3],k_v=0,o=1,src_overlap=0,m_v=0,pad=0): [1;32mOK[0m
  MUL_MAT(type_a=iq4_nl,type_b=f32,m=48,n=2,k=2560,bs=[1,1],nr=[1,1],per=[0,1,2,3],k_v=0,o=1,src_overlap=0,m_v=0,pad=0): [1;32mOK[0m
  MUL_MAT(type_a=iq4_nl,type_b=f32,m=1000,n=2,k=1024,bs=[1,1],nr=[1,1],per=[0,1,2,3],k_v=0,o=1,src_overlap=0,m_v=0,pad=0): [1;32mOK[0m
  MUL_MAT(type_a=iq4_nl,type_b=f32,m=3000,n=2,k=512,bs=[1,1],nr=[1,1],per=[0,1,2,3],k_v=0,o=1,src_overlap=0,m_v=0,pad=0): [1;32mOK[0m
  MUL_MAT(type_a=iq4_nl,type_b=f32,m=4100,n=2,k=256,bs=[1,1],nr=[1,1],per=[0,1,2,3],k_v=0,o=1,src_overlap=0,m_v=0,pad=0): [1;32mOK[0m
ggml_metal_library_compile_pipeline: compiling pipeline: base = 'kernel_mul_mv_ext_iq4_nl_f32_r1_2', name = 'kernel_mul_mv_ext_iq4_nl_f32_r1_2_nsg=2_nxpsg=16_ne12=6_r2=2_r3=1'
ggml_metal_library_compile_pipeline: loaded kernel_mul_mv_ext_iq4_nl_f32_r1_2_nsg=2_nxpsg=16_ne12=6_r2=2_r3=1     0x7b45b16300 | th_max = 1024 | th_width =   32
  MUL_MAT(type_a=iq4_nl,type_b=f32,m=64,n=2,k=256,bs=[3,2],nr=[2,1],per=[0,1,2,3],k_v=0,o=1,src_overlap=0,m_v=0,pad=0): [1;32mOK[0m
  MUL_MAT(type_a=iq4_nl,type_b=f32,m=100,n=2,k=96,bs=[1,1],nr=[1,1],per=[0,1,2,3],k_v=0,o=1,src_overlap=0,m_v=0,pad=0): [1;32mOK[0m
  MUL_MAT(type_a=iq4_xs,type_b=f32,m=48,n=2,k=2560,bs=[1,1],nr=[1,1],per=[0,1,2,3],k_v=0,o=1,src_overlap=0,m_v=0,pad=0): [1;32mOK[0m
ggml_metal_library_compile_pipeline: compiling pipeline: base = 'kernel_mul_mv_mma_iq4_xs_f32_nt1_rt1', name = 'kernel_mul_mv_mma_iq4_xs_f32_nt1_rt1_nsg=16_ne12=1_r2=1_r3=1_ne00=0_add=0'
ggml_metal_library_compile_pipeline: loaded kernel_mul_mv_mma_iq4_xs_f32_nt1_rt1_nsg=16_ne12=1_r2=1_r3=1_ne00=0_add=0     0x7b45b16a00 | th_max = 1024 | th_width =   32
  MUL_MAT(type_a=iq4_xs,type_b=f32,m=1000,n=2,k=1024,bs=[1,1],nr=[1,1],per=[0,1,2,3],k_v=0,o=1,src_overlap=0,m_v=0,pad=0): [1;32mOK[0m
ggml_metal_library_compile_pipeline: compiling pipeline: base = 'kernel_mul_mv_mma_iq4_xs_f32_nt2_rt1', name = 'kernel_mul_mv_mma_iq4_xs_f32_nt2_rt1_nsg=8_ne12=1_r2=1_r3=1_ne00=0_add=0'
ggml_metal_library_compile_pipeline: loaded kernel_mul_mv_mma_iq4_xs_f32_nt2_rt1_nsg=8_ne12=1_r2=1_r3=1_ne00=0_add=0     0x7b45b16680 | th_max = 1024 | th_width =   32
  MUL_MAT(type_a=iq4_xs,type_b=f32,m=3000,n=2,k=512,bs=[1,1],nr=[1,1],per=[0,1,2,3],k_v=0,o=1,src_overlap=0,m_v=0,pad=0): [1;32mOK[0m
ggml_metal_library_compile_pipeline: compiling pipeline: base = 'kernel_mul_mv_mma_iq4_xs_f32_nt4_rt1', name = 'kernel_mul_mv_mma_iq4_xs_f32_nt4_rt1_nsg=4_ne12=1_r2=1_r3=1_ne00=0_add=0'
ggml_metal_library_compile_pipeline: loaded kernel_mul_mv_mma_iq4_xs_f32_nt4_rt1_nsg=4_ne12=1_r2=1_r3=1_ne00=0_add=0     0x7b45b15f80 | th_max = 1024 | th_width =   32
  MUL_MAT(type_a=iq4_xs,type_b=f32,m=4100,n=2,k=256,bs=[1,1],nr=[1,1],per=[0,1,2,3],k_v=0,o=1,src_overlap=0,m_v=0,pad=0): [1;32mOK[0m
ggml_metal_library_compile_pipeline: compiling pipeline: base = 'kernel_mul_mv_mma_iq4_xs_f32_nt1_rt1', name = 'kernel_mul_mv_mma_iq4_xs_f32_nt1_rt1_nsg=4_ne12=6_r2=2_r3=1_ne00=0_add=0'
ggml_metal_library_compile_pipeline: loaded kernel_mul_mv_mma_iq4_xs_f32_nt1_rt1_nsg=4_ne12=6_r2=2_r3=1_ne00=0_add=0     0x7b45b16d80 | th_max = 1024 | th_width =   32
  MUL_MAT(type_a=iq4_xs,type_b=f32,m=64,n=2,k=256,bs=[3,2],nr=[2,1],per=[0,1,2,3],k_v=0,o=1,src_overlap=0,m_v=0,pad=0): [1;32mOK[0m
ggml_metal_library_compile_pipeline: compiling pipeline: base = 'kernel_mul_mv_mma_q5_K_f32_nt4_rt1', name = 'kernel_mul_mv_mma_q5_K_f32_nt4_rt1_nsg=8_ne12=1_r2=1_r3=1_ne00=512_add=0'
ggml_metal_library_compile_pipeline: loaded kernel_mul_mv_mma_q5_K_f32_nt4_rt1_nsg=8_ne12=1_r2=1_r3=1_ne00=512_add=0     0x7b45b17100 | th_max = 1024 | th_width =   32
  MUL_MAT(type_a=q5_K,type_b=f32,m=8192,n=2,k=512,bs=[1,1],nr=[1,1],per=[0,1,2,3],k_v=0,o=1,src_overlap=0,m_v=0,pad=0): [1;32mOK[0m
  MUL_MAT(type_a=q5_K,type_b=f32,m=1000,n=2,k=1024,bs=[1,1],nr=[1,1],per=[0,1,2,3],k_v=1280,o=1,src_overlap=0,m_v=0,pad=0): [1;32mOK[0m
  MUL_MAT(type_a=q5_K,type_b=f32,m=1000,n=2,k=1024,bs=[1,1],nr=[1,1],per=[0,1,2,3],k_v=0,o=1,src_overlap=0,m_v=0,pad=0,src1=[0,1]): [1;32mOK[0m
  MUL_MAT(type_a=bf16,type_b=f32,m=48,n=3,k=2560,bs=[1,1],nr=[1,1],per=[0,1,2,3],k_v=0,o=1,src_overlap=0,m_v=0,pad=0): [1;32mOK[0m
  MUL_MAT(type_a=bf16,type_b=f32,m=1000,n=3,k=1024,bs=[1,1],nr=[1,1],per=[0,1,2,3],k_v=0,o=1,src_overlap=0,m_v=0,pad=0): [1;32mOK[0m
  MUL_MAT(type_a=bf16,type_b=f32,m=3000,n=3,k=512,bs=[1,1],nr=[1,1],per=[0,1,2,3],k_v=0,o=1,src_overlap=0,m_v=0,pad=0): [1;32mOK[0m
  MUL_MAT(type_a=bf16,type_b=f32,m=4100,n=3,k=256,bs=[1,1],nr=[1,1],per=[0,1,2,3],k_v=0,o=1,src_overlap=0,m_v=0,pad=0): [1;32mOK[0m
ggml_metal_library_compile_pipeline: compiling pipeline: base = 'kernel_mul_mv_ext_bf16_f32_r1_3', name = 'kernel_mul_mv_ext_bf16_f32_r1_3_nsg=2_nxpsg=8_ne12=6_r2=2_r3=1'
ggml_metal_library_compile_pipeline: loaded kernel_mul_mv_ext_bf16_f32_r1_3_nsg=2_nxpsg=8_ne12=6_r2=2_r3=1     0x7b45b17800 | th_max = 1024 | th_width =   32
  MUL_MAT(type_a=bf16,type_b=f32,m=64,n=3,k=256,bs=[3,2],nr=[2,1],per=[0,1,2,3],k_v=0,o=1,src_overlap=0,m_v=0,pad=0): [1;32mOK[0m
  MUL_MAT(type_a=bf16,type_b=f32,m=100,n=3,k=96,bs=[1,1],nr=[1,1],per=[0,1,2,3],k_v=0,o=1,src_overlap=0,m_v=0,pad=0): [1;32mOK[0m
  MUL_MAT(type_a=q2_0,type_b=f32,m=48,n=3,k=2560,bs=[1,1],nr=[1,1],per=[0,1,2,3],k_v=0,o=1,src_overlap=0,m_v=0,pad=0): [1;32mOK[0m
ggml_metal_library_compile_pipeline: compiling pipeline: base = 'kernel_mul_mv_mma_q2_0_f32_nt1_rt1', name = 'kernel_mul_mv_mma_q2_0_f32_nt1_rt1_nsg=16_ne12=1_r2=1_r3=1_ne00=0_add=0'
ggml_metal_library_compile_pipeline: loaded kernel_mul_mv_mma_q2_0_f32_nt1_rt1_nsg=16_ne12=1_r2=1_r3=1_ne00=0_add=0     0x7b45b17b80 | th_max = 1024 | th_width =   32
  MUL_MAT(type_a=q2_0,type_b=f32,m=1000,n=3,k=1024,bs=[1,1],nr=[1,1],per=[0,1,2,3],k_v=0,o=1,src_overlap=0,m_v=0,pad=0): [1;32mOK[0m
ggml_metal_library_compile_pipeline: compiling pipeline: base = 'kernel_mul_mv_mma_q2_0_f32_nt2_rt1', name = 'kernel_mul_mv_mma_q2_0_f32_nt2_rt1_nsg=8_ne12=1_r2=1_r3=1_ne00=0_add=0'
ggml_metal_library_compile_pipeline: loaded kernel_mul_mv_mma_q2_0_f32_nt2_rt1_nsg=8_ne12=1_r2=1_r3=1_ne00=0_add=0     0x7b45b17480 | th_max = 1024 | th_width =   32
  MUL_MAT(type_a=q2_0,type_b=f32,m=3000,n=3,k=512,bs=[1,1],nr=[1,1],per=[0,1,2,3],k_v=0,o=1,src_overlap=0,m_v=0,pad=0): [1;32mOK[0m
ggml_metal_library_compile_pipeline: compiling pipeline: base = 'kernel_mul_mv_mma_q2_0_f32_nt4_rt1', name = 'kernel_mul_mv_mma_q2_0_f32_nt4_rt1_nsg=4_ne12=1_r2=1_r3=1_ne00=0_add=0'
ggml_metal_library_compile_pipeline: loaded kernel_mul_mv_mma_q2_0_f32_nt4_rt1_nsg=4_ne12=1_r2=1_r3=1_ne00=0_add=0     0x7b45b20380 | th_max = 1024 | th_width =   32
  MUL_MAT(type_a=q2_0,type_b=f32,m=4100,n=3,k=256,bs=[1,1],nr=[1,1],per=[0,1,2,3],k_v=0,o=1,src_overlap=0,m_v=0,pad=0): [1;32mOK[0m
ggml_metal_library_compile_pipeline: compiling pipeline: base = 'kernel_mul_mv_mma_q2_0_f32_nt1_rt1', name = 'kernel_mul_mv_mma_q2_0_f32_nt1_rt1_nsg=4_ne12=6_r2=2_r3=1_ne00=0_add=0'
ggml_metal_library_compile_pipeline: loaded kernel_mul_mv_mma_q2_0_f32_nt1_rt1_nsg=4_ne12=6_r2=2_r3=1_ne00=0_add=0     0x7b45b20700 | th_max = 1024 | th_width =   32
  MUL_MAT(type_a=q2_0,type_b=f32,m=64,n=3,k=256,bs=[3,2],nr=[2,1],per=[0,1,2,3],k_v=0,o=1,src_overlap=0,m_v=0,pad=0): [1;32mOK[0m
  MUL_MAT(type_a=q3_K,type_b=f32,m=48,n=3,k=2560,bs=[1,1],nr=[1,1],per=[0,1,2,3],k_v=0,o=1,src_overlap=0,m_v=0,pad=0): [1;32mOK[0m
  MUL_MAT(type_a=q3_K,type_b=f32,m=1000,n=3,k=1024,bs=[1,1],nr=[1,1],per=[0,1,2,3],k_v=0,o=1,src_overlap=0,m_v=0,pad=0): [1;32mOK[0m
  MUL_MAT(type_a=q3_K,type_b=f32,m=3000,n=3,k=512,bs=[1,1],nr=[1,1],per=[0,1,2,3],k_v=0,o=1,src_overlap=0,m_v=0,pad=0): [1;32mOK[0m
  MUL_MAT(type_a=q3_K,type_b=f32,m=4100,n=3,k=256,bs=[1,1],nr=[1,1],per=[0,1,2,3],k_v=0,o=1,src_overlap=0,m_v=0,pad=0): [1;32mOK[0m
  MUL_MAT(type_a=q3_K,type_b=f32,m=64,n=3,k=256,bs=[3,2],nr=[2,1],per=[0,1,2,3],k_v=0,o=1,src_overlap=0,m_v=0,pad=0): [1;32mOK[0m
  MUL_MAT(type_a=q5_K,type_b=f32,m=48,n=3,k=2560,bs=[1,1],nr=[1,1],per=[0,1,2,3],k_v=0,o=1,src_overlap=0,m_v=0,pad=0): [1;32mOK[0m
  MUL_MAT(type_a=q5_K,type_b=f32,m=1000,n=3,k=1024,bs=[1,1],nr=[1,1],per=[0,1,2,3],k_v=0,o=1,src_overlap=0,m_v=0,pad=0): [1;32mOK[0m
  MUL_MAT(type_a=q5_K,type_b=f32,m=3000,n=3,k=512,bs=[1,1],nr=[1,1],per=[0,1,2,3],k_v=0,o=1,src_overlap=0,m_v=0,pad=0): [1;32mOK[0m
  MUL_MAT(type_a=q5_K,type_b=f32,m=4100,n=3,k=256,bs=[1,1],nr=[1,1],per=[0,1,2,3],k_v=0,o=1,src_overlap=0,m_v=0,pad=0): [1;32mOK[0m
  MUL_MAT(type_a=q5_K,type_b=f32,m=64,n=3,k=256,bs=[3,2],nr=[2,1],per=[0,1,2,3],k_v=0,o=1,src_overlap=0,m_v=0,pad=0): [1;32mOK[0m
  MUL_MAT(type_a=iq4_nl,type_b=f32,m=48,n=3,k=2560,bs=[1,1],nr=[1,1],per=[0,1,2,3],k_v=0,o=1,src_overlap=0,m_v=0,pad=0): [1;32mOK[0m
ggml_metal_library_compile_pipeline: compiling pipeline: base = 'kernel_mul_mv_mma_iq4_nl_f32_nt1_rt1', name = 'kernel_mul_mv_mma_iq4_nl_f32_nt1_rt1_nsg=16_ne12=1_r2=1_r3=1_ne00=0_add=0'
ggml_metal_library_compile_pipeline: loaded kernel_mul_mv_mma_iq4_nl_f32_nt1_rt1_nsg=16_ne12=1_r2=1_r3=1_ne00=0_add=0     0x7b45b20e00 | th_max = 1024 | th_width =   32
  MUL_MAT(type_a=iq4_nl,type_b=f32,m=1000,n=3,k=1024,bs=[1,1],nr=[1,1],per=[0,1,2,3],k_v=0,o=1,src_overlap=0,m_v=0,pad=0): [1;32mOK[0m
ggml_metal_library_compile_pipeline: compiling pipeline: base = 'kernel_mul_mv_mma_iq4_nl_f32_nt2_rt1', name = 'kernel_mul_mv_mma_iq4_nl_f32_nt2_rt1_nsg=8_ne12=1_r2=1_r3=1_ne00=0_add=0'
ggml_metal_library_compile_pipeline: loaded kernel_mul_mv_mma_iq4_nl_f32_nt2_rt1_nsg=8_ne12=1_r2=1_r3=1_ne00=0_add=0     0x7b45b20000 | th_max = 1024 | th_width =   32
  MUL_MAT(type_a=iq4_nl,type_b=f32,m=3000,n=3,k=512,bs=[1,1],nr=[1,1],per=[0,1,2,3],k_v=0,o=1,src_overlap=0,m_v=0,pad=0): [1;32mOK[0m
ggml_metal_library_compile_pipeline: compiling pipeline: base = 'kernel_mul_mv_mma_iq4_nl_f32_nt4_rt1', name = 'kernel_mul_mv_mma_iq4_nl_f32_nt4_rt1_nsg=4_ne12=1_r2=1_r3=1_ne00=0_add=0'
ggml_metal_library_compile_pipeline: loaded kernel_mul_mv_mma_iq4_nl_f32_nt4_rt1_nsg=4_ne12=1_r2=1_r3=1_ne00=0_add=0     0x7b45b20a80 | th_max = 1024 | th_width =   32
  MUL_MAT(type_a=iq4_nl,type_b=f32,m=4100,n=3,k=256,bs=[1,1],nr=[1,1],per=[0,1,2,3],k_v=0,o=1,src_overlap=0,m_v=0,pad=0): [1;32mOK[0m
ggml_metal_library_compile_pipeline: compiling pipeline: base = 'kernel_mul_mv_mma_iq4_nl_f32_nt1_rt1', name = 'kernel_mul_mv_mma_iq4_nl_f32_nt1_rt1_nsg=4_ne12=6_r2=2_r3=1_ne00=0_add=0'
ggml_metal_library_compile_pipeline: loaded kernel_mul_mv_mma_iq4_nl_f32_nt1_rt1_nsg=4_ne12=6_r2=2_r3=1_ne00=0_add=0     0x7b45b21180 | th_max = 1024 | th_width =   32
  MUL_MAT(type_a=iq4_nl,type_b=f32,m=64,n=3,k=256,bs=[3,2],nr=[2,1],per=[0,1,2,3],k_v=0,o=1,src_overlap=0,m_v=0,pad=0): [1;32mOK[0m
  MUL_MAT(type_a=iq4_nl,type_b=f32,m=100,n=3,k=96,bs=[1,1],nr=[1,1],per=[0,1,2,3],k_v=0,o=1,src_overlap=0,m_v=0,pad=0): [1;32mOK[0m
  MUL_MAT(type_a=iq4_xs,type_b=f32,m=48,n=3,k=2560,bs=[1,1],nr=[1,1],per=[0,1,2,3],k_v=0,o=1,src_overlap=0,m_v=0,pad=0): [1;32mOK[0m
  MUL_MAT(type_a=iq4_xs,type_b=f32,m=1000,n=3,k=1024,bs=[1,1],nr=[1,1],per=[0,1,2,3],k_v=0,o=1,src_overlap=0,m_v=0,pad=0): [1;32mOK[0m
  MUL_MAT(type_a=iq4_xs,type_b=f32,m=3000,n=3,k=512,bs=[1,1],nr=[1,1],per=[0,1,2,3],k_v=0,o=1,src_overlap=0,m_v=0,pad=0): [1;32mOK[0m
  MUL_MAT(type_a=iq4_xs,type_b=f32,m=4100,n=3,k=256,bs=[1,1],nr=[1,1],per=[0,1,2,3],k_v=0,o=1,src_overlap=0,m_v=0,pad=0): [1;32mOK[0m
  MUL_MAT(type_a=iq4_xs,type_b=f32,m=64,n=3,k=256,bs=[3,2],nr=[2,1],per=[0,1,2,3],k_v=0,o=1,src_overlap=0,m_v=0,pad=0): [1;32mOK[0m
  MUL_MAT(type_a=q5_K,type_b=f32,m=8192,n=3,k=512,bs=[1,1],nr=[1,1],per=[0,1,2,3],k_v=0,o=1,src_overlap=0,m_v=0,pad=0): [1;32mOK[0m
  MUL_MAT(type_a=q5_K,type_b=f32,m=1000,n=3,k=1024,bs=[1,1],nr=[1,1],per=[0,1,2,3],k_v=1280,o=1,src_overlap=0,m_v=0,pad=0): [1;32mOK[0m
  MUL_MAT(type_a=q5_K,type_b=f32,m=1000,n=3,k=1024,bs=[1,1],nr=[1,1],per=[0,1,2,3],k_v=0,o=1,src_overlap=0,m_v=0,pad=0,src1=[0,1]): [1;32mOK[0m
  MUL_MAT(type_a=bf16,type_b=f32,m=48,n=5,k=2560,bs=[1,1],nr=[1,1],per=[0,1,2,3],k_v=0,o=1,src_overlap=0,m_v=0,pad=0): [1;32mOK[0m
ggml_metal_library_compile_pipeline: compiling pipeline: base = 'kernel_mul_mv_mma_bf16_f32_nt1_rt1', name = 'kernel_mul_mv_mma_bf16_f32_nt1_rt1_nsg=16_ne12=1_r2=1_r3=1_ne00=0_add=0'
ggml_metal_library_compile_pipeline: loaded kernel_mul_mv_mma_bf16_f32_nt1_rt1_nsg=16_ne12=1_r2=1_r3=1_ne00=0_add=0     0x7b45b21880 | th_max = 1024 | th_width =   32
  MUL_MAT(type_a=bf16,type_b=f32,m=1000,n=5,k=1024,bs=[1,1],nr=[1,1],per=[0,1,2,3],k_v=0,o=1,src_overlap=0,m_v=0,pad=0): [1;32mOK[0m
ggml_metal_library_compile_pipeline: compiling pipeline: base = 'kernel_mul_mv_mma_bf16_f32_nt2_rt1', name = 'kernel_mul_mv_mma_bf16_f32_nt2_rt1_nsg=8_ne12=1_r2=1_r3=1_ne00=0_add=0'
ggml_metal_library_compile_pipeline: loaded kernel_mul_mv_mma_bf16_f32_nt2_rt1_nsg=8_ne12=1_r2=1_r3=1_ne00=0_add=0     0x7b45b21500 | th_max = 1024 | th_width =   32
  MUL_MAT(type_a=bf16,type_b=f32,m=3000,n=5,k=512,bs=[1,1],nr=[1,1],per=[0,1,2,3],k_v=0,o=1,src_overlap=0,m_v=0,pad=0): [1;32mOK[0m
ggml_metal_library_compile_pipeline: compiling pipeline: base = 'kernel_mul_mv_mma_bf16_f32_nt4_rt1', name = 'kernel_mul_mv_mma_bf16_f32_nt4_rt1_nsg=4_ne12=1_r2=1_r3=1_ne00=0_add=0'
ggml_metal_library_compile_pipeline: loaded kernel_mul_mv_mma_bf16_f32_nt4_rt1_nsg=4_ne12=1_r2=1_r3=1_ne00=0_add=0     0x7b45b21c00 | th_max = 1024 | th_width =   32
  MUL_MAT(type_a=bf16,type_b=f32,m=4100,n=5,k=256,bs=[1,1],nr=[1,1],per=[0,1,2,3],k_v=0,o=1,src_overlap=0,m_v=0,pad=0): [1;32mOK[0m
ggml_metal_library_compile_pipeline: compiling pipeline: base = 'kernel_mul_mv_mma_bf16_f32_nt1_rt1', name = 'kernel_mul_mv_mma_bf16_f32_nt1_rt1_nsg=4_ne12=6_r2=2_r3=1_ne00=0_add=0'
ggml_metal_library_compile_pipeline: loaded kernel_mul_mv_mma_bf16_f32_nt1_rt1_nsg=4_ne12=6_r2=2_r3=1_ne00=0_add=0     0x7b45b22680 | th_max = 1024 | th_width =   32
  MUL_MAT(type_a=bf16,type_b=f32,m=64,n=5,k=256,bs=[3,2],nr=[2,1],per=[0,1,2,3],k_v=0,o=1,src_overlap=0,m_v=0,pad=0): [1;32mOK[0m
  MUL_MAT(type_a=bf16,type_b=f32,m=100,n=5,k=96,bs=[1,1],nr=[1,1],per=[0,1,2,3],k_v=0,o=1,src_overlap=0,m_v=0,pad=0): [1;32mOK[0m
  MUL_MAT(type_a=q2_0,type_b=f32,m=48,n=5,k=2560,bs=[1,1],nr=[1,1],per=[0,1,2,3],k_v=0,o=1,src_overlap=0,m_v=0,pad=0): [1;32mOK[0m
  MUL_MAT(type_a=q2_0,type_b=f32,m=1000,n=5,k=1024,bs=[1,1],nr=[1,1],per=[0,1,2,3],k_v=0,o=1,src_overlap=0,m_v=0,pad=0): [1;32mOK[0m
  MUL_MAT(type_a=q2_0,type_b=f32,m=3000,n=5,k=512,bs=[1,1],nr=[1,1],per=[0,1,2,3],k_v=0,o=1,src_overlap=0,m_v=0,pad=0): [1;32mOK[0m
  MUL_MAT(type_a=q2_0,type_b=f32,m=4100,n=5,k=256,bs=[1,1],nr=[1,1],per=[0,1,2,3],k_v=0,o=1,src_overlap=0,m_v=0,pad=0): [1;32mOK[0m
  MUL_MAT(type_a=q2_0,type_b=f32,m=64,n=5,k=256,bs=[3,2],nr=[2,1],per=[0,1,2,3],k_v=0,o=1,src_overlap=0,m_v=0,pad=0): [1;32mOK[0m
  MUL_MAT(type_a=q3_K,type_b=f32,m=48,n=5,k=2560,bs=[1,1],nr=[1,1],per=[0,1,2,3],k_v=0,o=1,src_overlap=0,m_v=0,pad=0): [1;32mOK[0m
  MUL_MAT(type_a=q3_K,type_b=f32,m=1000,n=5,k=1024,bs=[1,1],nr=[1,1],per=[0,1,2,3],k_v=0,o=1,src_overlap=0,m_v=0,pad=0): [1;32mOK[0m
  MUL_MAT(type_a=q3_K,type_b=f32,m=3000,n=5,k=512,bs=[1,1],nr=[1,1],per=[0,1,2,3],k_v=0,o=1,src_overlap=0,m_v=0,pad=0): [1;32mOK[0m
  MUL_MAT(type_a=q3_K,type_b=f32,m=4100,n=5,k=256,bs=[1,1],nr=[1,1],per=[0,1,2,3],k_v=0,o=1,src_overlap=0,m_v=0,pad=0): [1;32mOK[0m
  MUL_MAT(type_a=q3_K,type_b=f32,m=64,n=5,k=256,bs=[3,2],nr=[2,1],per=[0,1,2,3],k_v=0,o=1,src_overlap=0,m_v=0,pad=0): [1;32mOK[0m
  MUL_MAT(type_a=q5_K,type_b=f32,m=48,n=5,k=2560,bs=[1,1],nr=[1,1],per=[0,1,2,3],k_v=0,o=1,src_overlap=0,m_v=0,pad=0): [1;32mOK[0m
  MUL_MAT(type_a=q5_K,type_b=f32,m=1000,n=5,k=1024,bs=[1,1],nr=[1,1],per=[0,1,2,3],k_v=0,o=1,src_overlap=0,m_v=0,pad=0): [1;32mOK[0m
  MUL_MAT(type_a=q5_K,type_b=f32,m=3000,n=5,k=512,bs=[1,1],nr=[1,1],per=[0,1,2,3],k_v=0,o=1,src_overlap=0,m_v=0,pad=0): [1;32mOK[0m
  MUL_MAT(type_a=q5_K,type_b=f32,m=4100,n=5,k=256,bs=[1,1],nr=[1,1],per=[0,1,2,3],k_v=0,o=1,src_overlap=0,m_v=0,pad=0): [1;32mOK[0m
  MUL_MAT(type_a=q5_K,type_b=f32,m=64,n=5,k=256,bs=[3,2],nr=[2,1],per=[0,1,2,3],k_v=0,o=1,src_overlap=0,m_v=0,pad=0): [1;32mOK[0m
  MUL_MAT(type_a=iq4_nl,type_b=f32,m=48,n=5,k=2560,bs=[1,1],nr=[1,1],per=[0,1,2,3],k_v=0,o=1,src_overlap=0,m_v=0,pad=0): [1;32mOK[0m
  MUL_MAT(type_a=iq4_nl,type_b=f32,m=1000,n=5,k=1024,bs=[1,1],nr=[1,1],per=[0,1,2,3],k_v=0,o=1,src_overlap=0,m_v=0,pad=0): [1;32mOK[0m
  MUL_MAT(type_a=iq4_nl,type_b=f32,m=3000,n=5,k=512,bs=[1,1],nr=[1,1],per=[0,1,2,3],k_v=0,o=1,src_overlap=0,m_v=0,pad=0): [1;32mOK[0m
  MUL_MAT(type_a=iq4_nl,type_b=f32,m=4100,n=5,k=256,bs=[1,1],nr=[1,1],per=[0,1,2,3],k_v=0,o=1,src_overlap=0,m_v=0,pad=0): [1;32mOK[0m
  MUL_MAT(type_a=iq4_nl,type_b=f32,m=64,n=5,k=256,bs=[3,2],nr=[2,1],per=[0,1,2,3],k_v=0,o=1,src_overlap=0,m_v=0,pad=0): [1;32mOK[0m
  MUL_MAT(type_a=iq4_nl,type_b=f32,m=100,n=5,k=96,bs=[1,1],nr=[1,1],per=[0,1,2,3],k_v=0,o=1,src_overlap=0,m_v=0,pad=0): [1;32mOK[0m
  MUL_MAT(type_a=iq4_xs,type_b=f32,m=48,n=5,k=2560,bs=[1,1],nr=[1,1],per=[0,1,2,3],k_v=0,o=1,src_overlap=0,m_v=0,pad=0): [1;32mOK[0m
  MUL_MAT(type_a=iq4_xs,type_b=f32,m=1000,n=5,k=1024,bs=[1,1],nr=[1,1],per=[0,1,2,3],k_v=0,o=1,src_overlap=0,m_v=0,pad=0): [1;32mOK[0m
  MUL_MAT(type_a=iq4_xs,type_b=f32,m=3000,n=5,k=512,bs=[1,1],nr=[1,1],per=[0,1,2,3],k_v=0,o=1,src_overlap=0,m_v=0,pad=0): [1;32mOK[0m
  MUL_MAT(type_a=iq4_xs,type_b=f32,m=4100,n=5,k=256,bs=[1,1],nr=[1,1],per=[0,1,2,3],k_v=0,o=1,src_overlap=0,m_v=0,pad=0): [1;32mOK[0m
  MUL_MAT(type_a=iq4_xs,type_b=f32,m=64,n=5,k=256,bs=[3,2],nr=[2,1],per=[0,1,2,3],k_v=0,o=1,src_overlap=0,m_v=0,pad=0): [1;32mOK[0m
  MUL_MAT(type_a=q5_K,type_b=f32,m=8192,n=5,k=512,bs=[1,1],nr=[1,1],per=[0,1,2,3],k_v=0,o=1,src_overlap=0,m_v=0,pad=0): [1;32mOK[0m
  MUL_MAT(type_a=q5_K,type_b=f32,m=1000,n=5,k=1024,bs=[1,1],nr=[1,1],per=[0,1,2,3],k_v=1280,o=1,src_overlap=0,m_v=0,pad=0): [1;32mOK[0m
  MUL_MAT(type_a=q5_K,type_b=f32,m=1000,n=5,k=1024,bs=[1,1],nr=[1,1],per=[0,1,2,3],k_v=0,o=1,src_overlap=0,m_v=0,pad=0,src1=[0,1]): [1;32mOK[0m
  MUL_MAT(type_a=bf16,type_b=f32,m=48,n=8,k=2560,bs=[1,1],nr=[1,1],per=[0,1,2,3],k_v=0,o=1,src_overlap=0,m_v=0,pad=0): [1;32mOK[0m
  MUL_MAT(type_a=bf16,type_b=f32,m=1000,n=8,k=1024,bs=[1,1],nr=[1,1],per=[0,1,2,3],k_v=0,o=1,src_overlap=0,m_v=0,pad=0): [1;32mOK[0m
  MUL_MAT(type_a=bf16,type_b=f32,m=3000,n=8,k=512,bs=[1,1],nr=[1,1],per=[0,1,2,3],k_v=0,o=1,src_overlap=0,m_v=0,pad=0): [1;32mOK[0m
  MUL_MAT(type_a=bf16,type_b=f32,m=4100,n=8,k=256,bs=[1,1],nr=[1,1],per=[0,1,2,3],k_v=0,o=1,src_overlap=0,m_v=0,pad=0): [1;32mOK[0m
  MUL_MAT(type_a=bf16,type_b=f32,m=64,n=8,k=256,bs=[3,2],nr=[2,1],per=[0,1,2,3],k_v=0,o=1,src_overlap=0,m_v=0,pad=0): [1;32mOK[0m
  MUL_MAT(type_a=bf16,type_b=f32,m=100,n=8,k=96,bs=[1,1],nr=[1,1],per=[0,1,2,3],k_v=0,o=1,src_overlap=0,m_v=0,pad=0): [1;32mOK[0m
  MUL_MAT(type_a=q2_0,type_b=f32,m=48,n=8,k=2560,bs=[1,1],nr=[1,1],per=[0,1,2,3],k_v=0,o=1,src_overlap=0,m_v=0,pad=0): [1;32mOK[0m
  MUL_MAT(type_a=q2_0,type_b=f32,m=1000,n=8,k=1024,bs=[1,1],nr=[1,1],per=[0,1,2,3],k_v=0,o=1,src_overlap=0,m_v=0,pad=0): [1;32mOK[0m
  MUL_MAT(type_a=q2_0,type_b=f32,m=3000,n=8,k=512,bs=[1,1],nr=[1,1],per=[0,1,2,3],k_v=0,o=1,src_overlap=0,m_v=0,pad=0): [1;32mOK[0m
  MUL_MAT(type_a=q2_0,type_b=f32,m=4100,n=8,k=256,bs=[1,1],nr=[1,1],per=[0,1,2,3],k_v=0,o=1,src_overlap=0,m_v=0,pad=0): [1;32mOK[0m
  MUL_MAT(type_a=q2_0,type_b=f32,m=64,n=8,k=256,bs=[3,2],nr=[2,1],per=[0,1,2,3],k_v=0,o=1,src_overlap=0,m_v=0,pad=0): [1;32mOK[0m
  MUL_MAT(type_a=q3_K,type_b=f32,m=48,n=8,k=2560,bs=[1,1],nr=[1,1],per=[0,1,2,3],k_v=0,o=1,src_overlap=0,m_v=0,pad=0): [1;32mOK[0m
  MUL_MAT(type_a=q3_K,type_b=f32,m=1000,n=8,k=1024,bs=[1,1],nr=[1,1],per=[0,1,2,3],k_v=0,o=1,src_overlap=0,m_v=0,pad=0): [1;32mOK[0m
  MUL_MAT(type_a=q3_K,type_b=f32,m=3000,n=8,k=512,bs=[1,1],nr=[1,1],per=[0,1,2,3],k_v=0,o=1,src_overlap=0,m_v=0,pad=0): [1;32mOK[0m
  MUL_MAT(type_a=q3_K,type_b=f32,m=4100,n=8,k=256,bs=[1,1],nr=[1,1],per=[0,1,2,3],k_v=0,o=1,src_overlap=0,m_v=0,pad=0): [1;32mOK[0m
  MUL_MAT(type_a=q3_K,type_b=f32,m=64,n=8,k=256,bs=[3,2],nr=[2,1],per=[0,1,2,3],k_v=0,o=1,src_overlap=0,m_v=0,pad=0): [1;32mOK[0m
  MUL_MAT(type_a=q5_K,type_b=f32,m=48,n=8,k=2560,bs=[1,1],nr=[1,1],per=[0,1,2,3],k_v=0,o=1,src_overlap=0,m_v=0,pad=0): [1;32mOK[0m
  MUL_MAT(type_a=q5_K,type_b=f32,m=1000,n=8,k=1024,bs=[1,1],nr=[1,1],per=[0,1,2,3],k_v=0,o=1,src_overlap=0,m_v=0,pad=0): [1;32mOK[0m
  MUL_MAT(type_a=q5_K,type_b=f32,m=3000,n=8,k=512,bs=[1,1],nr=[1,1],per=[0,1,2,3],k_v=0,o=1,src_overlap=0,m_v=0,pad=0): [1;32mOK[0m
  MUL_MAT(type_a=q5_K,type_b=f32,m=4100,n=8,k=256,bs=[1,1],nr=[1,1],per=[0,1,2,3],k_v=0,o=1,src_overlap=0,m_v=0,pad=0): [1;32mOK[0m
  MUL_MAT(type_a=q5_K,type_b=f32,m=64,n=8,k=256,bs=[3,2],nr=[2,1],per=[0,1,2,3],k_v=0,o=1,src_overlap=0,m_v=0,pad=0): [1;32mOK[0m
  MUL_MAT(type_a=iq4_nl,type_b=f32,m=48,n=8,k=2560,bs=[1,1],nr=[1,1],per=[0,1,2,3],k_v=0,o=1,src_overlap=0,m_v=0,pad=0): [1;32mOK[0m
  MUL_MAT(type_a=iq4_nl,type_b=f32,m=1000,n=8,k=1024,bs=[1,1],nr=[1,1],per=[0,1,2,3],k_v=0,o=1,src_overlap=0,m_v=0,pad=0): [1;32mOK[0m
  MUL_MAT(type_a=iq4_nl,type_b=f32,m=3000,n=8,k=512,bs=[1,1],nr=[1,1],per=[0,1,2,3],k_v=0,o=1,src_overlap=0,m_v=0,pad=0): [1;32mOK[0m
  MUL_MAT(type_a=iq4_nl,type_b=f32,m=4100,n=8,k=256,bs=[1,1],nr=[1,1],per=[0,1,2,3],k_v=0,o=1,src_overlap=0,m_v=0,pad=0): [1;32mOK[0m
  MUL_MAT(type_a=iq4_nl,type_b=f32,m=64,n=8,k=256,bs=[3,2],nr=[2,1],per=[0,1,2,3],k_v=0,o=1,src_overlap=0,m_v=0,pad=0): [1;32mOK[0m
  MUL_MAT(type_a=iq4_nl,type_b=f32,m=100,n=8,k=96,bs=[1,1],nr=[1,1],per=[0,1,2,3],k_v=0,o=1,src_overlap=0,m_v=0,pad=0): [1;32mOK[0m
  MUL_MAT(type_a=iq4_xs,type_b=f32,m=48,n=8,k=2560,bs=[1,1],nr=[1,1],per=[0,1,2,3],k_v=0,o=1,src_overlap=0,m_v=0,pad=0): [1;32mOK[0m
  MUL_MAT(type_a=iq4_xs,type_b=f32,m=1000,n=8,k=1024,bs=[1,1],nr=[1,1],per=[0,1,2,3],k_v=0,o=1,src_overlap=0,m_v=0,pad=0): [1;32mOK[0m
  MUL_MAT(type_a=iq4_xs,type_b=f32,m=3000,n=8,k=512,bs=[1,1],nr=[1,1],per=[0,1,2,3],k_v=0,o=1,src_overlap=0,m_v=0,pad=0): [1;32mOK[0m
  MUL_MAT(type_a=iq4_xs,type_b=f32,m=4100,n=8,k=256,bs=[1,1],nr=[1,1],per=[0,1,2,3],k_v=0,o=1,src_overlap=0,m_v=0,pad=0): [1;32mOK[0m
  MUL_MAT(type_a=iq4_xs,type_b=f32,m=64,n=8,k=256,bs=[3,2],nr=[2,1],per=[0,1,2,3],k_v=0,o=1,src_overlap=0,m_v=0,pad=0): [1;32mOK[0m
  MUL_MAT(type_a=q5_K,type_b=f32,m=8192,n=8,k=512,bs=[1,1],nr=[1,1],per=[0,1,2,3],k_v=0,o=1,src_overlap=0,m_v=0,pad=0): [1;32mOK[0m
  MUL_MAT(type_a=q5_K,type_b=f32,m=1000,n=8,k=1024,bs=[1,1],nr=[1,1],per=[0,1,2,3],k_v=1280,o=1,src_overlap=0,m_v=0,pad=0): [1;32mOK[0m
  MUL_MAT(type_a=q5_K,type_b=f32,m=1000,n=8,k=1024,bs=[1,1],nr=[1,1],per=[0,1,2,3],k_v=0,o=1,src_overlap=0,m_v=0,pad=0,src1=[0,1]): [1;32mOK[0m
ggml_metal_library_compile_pipeline: compiling pipeline: base = 'kernel_mul_mv_mma_bf16_f32_nt1_rt2', name = 'kernel_mul_mv_mma_bf16_f32_nt1_rt2_nsg=32_ne12=1_r2=1_r3=1_ne00=0_add=0'
ggml_metal_library_compile_pipeline: loaded kernel_mul_mv_mma_bf16_f32_nt1_rt2_nsg=32_ne12=1_r2=1_r3=1_ne00=0_add=0     0x7b45b21f80 | th_max = 1024 | th_width =   32
  MUL_MAT(type_a=bf16,type_b=f32,m=48,n=9,k=2560,bs=[1,1],nr=[1,1],per=[0,1,2,3],k_v=0,o=1,src_overlap=0,m_v=0,pad=0): [1;32mOK[0m
ggml_metal_library_compile_pipeline: compiling pipeline: base = 'kernel_mul_mv_mma_bf16_f32_nt1_rt2', name = 'kernel_mul_mv_mma_bf16_f32_nt1_rt2_nsg=16_ne12=1_r2=1_r3=1_ne00=0_add=0'
ggml_metal_library_compile_pipeline: loaded kernel_mul_mv_mma_bf16_f32_nt1_rt2_nsg=16_ne12=1_r2=1_r3=1_ne00=0_add=0     0x7b45b22300 | th_max = 1024 | th_width =   32
  MUL_MAT(type_a=bf16,type_b=f32,m=1000,n=9,k=1024,bs=[1,1],nr=[1,1],per=[0,1,2,3],k_v=0,o=1,src_overlap=0,m_v=0,pad=0): [1;32mOK[0m
ggml_metal_library_compile_pipeline: compiling pipeline: base = 'kernel_mul_mv_mma_bf16_f32_nt2_rt2', name = 'kernel_mul_mv_mma_bf16_f32_nt2_rt2_nsg=8_ne12=1_r2=1_r3=1_ne00=0_add=0'
ggml_metal_library_compile_pipeline: loaded kernel_mul_mv_mma_bf16_f32_nt2_rt2_nsg=8_ne12=1_r2=1_r3=1_ne00=0_add=0     0x7b45b22a00 | th_max = 1024 | th_width =   32
  MUL_MAT(type_a=bf16,type_b=f32,m=3000,n=9,k=512,bs=[1,1],nr=[1,1],per=[0,1,2,3],k_v=0,o=1,src_overlap=0,m_v=0,pad=0): [1;32mOK[0m
ggml_metal_library_compile_pipeline: compiling pipeline: base = 'kernel_mul_mv_mma_bf16_f32_nt4_rt2', name = 'kernel_mul_mv_mma_bf16_f32_nt4_rt2_nsg=4_ne12=1_r2=1_r3=1_ne00=0_add=0'
ggml_metal_library_compile_pipeline: loaded kernel_mul_mv_mma_bf16_f32_nt4_rt2_nsg=4_ne12=1_r2=1_r3=1_ne00=0_add=0     0x7b45b22d80 | th_max = 1024 | th_width =   32
  MUL_MAT(type_a=bf16,type_b=f32,m=4100,n=9,k=256,bs=[1,1],nr=[1,1],per=[0,1,2,3],k_v=0,o=1,src_overlap=0,m_v=0,pad=0): [1;32mOK[0m
ggml_metal_library_compile_pipeline: compiling pipeline: base = 'kernel_mul_mv_mma_bf16_f32_nt1_rt2', name = 'kernel_mul_mv_mma_bf16_f32_nt1_rt2_nsg=4_ne12=6_r2=2_r3=1_ne00=0_add=0'
ggml_metal_library_compile_pipeline: loaded kernel_mul_mv_mma_bf16_f32_nt1_rt2_nsg=4_ne12=6_r2=2_r3=1_ne00=0_add=0     0x7b45b23800 | th_max = 1024 | th_width =   32
  MUL_MAT(type_a=bf16,type_b=f32,m=64,n=9,k=256,bs=[3,2],nr=[2,1],per=[0,1,2,3],k_v=0,o=1,src_overlap=0,m_v=0,pad=0): [1;32mOK[0m
ggml_metal_library_compile_pipeline: compiling pipeline: base = 'kernel_mul_mm_bf16_f32', name = 'kernel_mul_mm_bf16_f32_bci=0_bco=1_ne12=1_ne13=1_r2=1_r3=1'
ggml_metal_library_compile_pipeline: loaded kernel_mul_mm_bf16_f32_bci=0_bco=1_ne12=1_ne13=1_r2=1_r3=1     0x7b45b23100 | th_max = 1024 | th_width =   32
  MUL_MAT(type_a=bf16,type_b=f32,m=100,n=9,k=96,bs=[1,1],nr=[1,1],per=[0,1,2,3],k_v=0,o=1,src_overlap=0,m_v=0,pad=0): [1;32mOK[0m
ggml_metal_library_compile_pipeline: compiling pipeline: base = 'kernel_mul_mv_mma_q2_0_f32_nt1_rt2', name = 'kernel_mul_mv_mma_q2_0_f32_nt1_rt2_nsg=32_ne12=1_r2=1_r3=1_ne00=0_add=0'
ggml_metal_library_compile_pipeline: loaded kernel_mul_mv_mma_q2_0_f32_nt1_rt2_nsg=32_ne12=1_r2=1_r3=1_ne00=0_add=0     0x7b45b23b80 | th_max = 1024 | th_width =   32
  MUL_MAT(type_a=q2_0,type_b=f32,m=48,n=9,k=2560,bs=[1,1],nr=[1,1],per=[0,1,2,3],k_v=0,o=1,src_overlap=0,m_v=0,pad=0): [1;32mOK[0m
ggml_metal_library_compile_pipeline: compiling pipeline: base = 'kernel_mul_mv_mma_q2_0_f32_nt1_rt2', name = 'kernel_mul_mv_mma_q2_0_f32_nt1_rt2_nsg=16_ne12=1_r2=1_r3=1_ne00=0_add=0'
ggml_metal_library_compile_pipeline: loaded kernel_mul_mv_mma_q2_0_f32_nt1_rt2_nsg=16_ne12=1_r2=1_r3=1_ne00=0_add=0     0x7b45b23480 | th_max = 1024 | th_width =   32
  MUL_MAT(type_a=q2_0,type_b=f32,m=1000,n=9,k=1024,bs=[1,1],nr=[1,1],per=[0,1,2,3],k_v=0,o=1,src_overlap=0,m_v=0,pad=0): [1;32mOK[0m
ggml_metal_library_compile_pipeline: compiling pipeline: base = 'kernel_mul_mv_mma_q2_0_f32_nt2_rt2', name = 'kernel_mul_mv_mma_q2_0_f32_nt2_rt2_nsg=8_ne12=1_r2=1_r3=1_ne00=0_add=0'
ggml_metal_library_compile_pipeline: loaded kernel_mul_mv_mma_q2_0_f32_nt2_rt2_nsg=8_ne12=1_r2=1_r3=1_ne00=0_add=0     0x7b45b38380 | th_max = 1024 | th_width =   32
  MUL_MAT(type_a=q2_0,type_b=f32,m=3000,n=9,k=512,bs=[1,1],nr=[1,1],per=[0,1,2,3],k_v=0,o=1,src_overlap=0,m_v=0,pad=0): [1;32mOK[0m
ggml_metal_library_compile_pipeline: compiling pipeline: base = 'kernel_mul_mv_mma_q2_0_f32_nt4_rt2', name = 'kernel_mul_mv_mma_q2_0_f32_nt4_rt2_nsg=4_ne12=1_r2=1_r3=1_ne00=0_add=0'
ggml_metal_library_compile_pipeline: loaded kernel_mul_mv_mma_q2_0_f32_nt4_rt2_nsg=4_ne12=1_r2=1_r3=1_ne00=0_add=0     0x7b45b38700 | th_max = 1024 | th_width =   32
  MUL_MAT(type_a=q2_0,type_b=f32,m=4100,n=9,k=256,bs=[1,1],nr=[1,1],per=[0,1,2,3],k_v=0,o=1,src_overlap=0,m_v=0,pad=0): [1;32mOK[0m
ggml_metal_library_compile_pipeline: compiling pipeline: base = 'kernel_mul_mv_mma_q2_0_f32_nt1_rt2', name = 'kernel_mul_mv_mma_q2_0_f32_nt1_rt2_nsg=4_ne12=6_r2=2_r3=1_ne00=0_add=0'
ggml_metal_library_compile_pipeline: loaded kernel_mul_mv_mma_q2_0_f32_nt1_rt2_nsg=4_ne12=6_r2=2_r3=1_ne00=0_add=0     0x7b45b38000 | th_max = 1024 | th_width =   32
  MUL_MAT(type_a=q2_0,type_b=f32,m=64,n=9,k=256,bs=[3,2],nr=[2,1],per=[0,1,2,3],k_v=0,o=1,src_overlap=0,m_v=0,pad=0): [1;32mOK[0m
ggml_metal_library_compile_pipeline: compiling pipeline: base = 'kernel_mul_mv_mma_q3_K_f32_nt1_rt2', name = 'kernel_mul_mv_mma_q3_K_f32_nt1_rt2_nsg=32_ne12=1_r2=1_r3=1_ne00=0_add=0'
ggml_metal_library_compile_pipeline: loaded kernel_mul_mv_mma_q3_K_f32_nt1_rt2_nsg=32_ne12=1_r2=1_r3=1_ne00=0_add=0     0x7b45b38a80 | th_max = 1024 | th_width =   32
  MUL_MAT(type_a=q3_K,type_b=f32,m=48,n=9,k=2560,bs=[1,1],nr=[1,1],per=[0,1,2,3],k_v=0,o=1,src_overlap=0,m_v=0,pad=0): [1;32mOK[0m
ggml_metal_library_compile_pipeline: compiling pipeline: base = 'kernel_mul_mv_mma_q3_K_f32_nt1_rt2', name = 'kernel_mul_mv_mma_q3_K_f32_nt1_rt2_nsg=16_ne12=1_r2=1_r3=1_ne00=0_add=0'
ggml_metal_library_compile_pipeline: loaded kernel_mul_mv_mma_q3_K_f32_nt1_rt2_nsg=16_ne12=1_r2=1_r3=1_ne00=0_add=0     0x7b45b38e00 | th_max = 1024 | th_width =   32
  MUL_MAT(type_a=q3_K,type_b=f32,m=1000,n=9,k=1024,bs=[1,1],nr=[1,1],per=[0,1,2,3],k_v=0,o=1,src_overlap=0,m_v=0,pad=0): [1;32mOK[0m
ggml_metal_library_compile_pipeline: compiling pipeline: base = 'kernel_mul_mv_mma_q3_K_f32_nt2_rt2', name = 'kernel_mul_mv_mma_q3_K_f32_nt2_rt2_nsg=8_ne12=1_r2=1_r3=1_ne00=0_add=0'
ggml_metal_library_compile_pipeline: loaded kernel_mul_mv_mma_q3_K_f32_nt2_rt2_nsg=8_ne12=1_r2=1_r3=1_ne00=0_add=0     0x7b45b39180 | th_max = 1024 | th_width =   32
  MUL_MAT(type_a=q3_K,type_b=f32,m=3000,n=9,k=512,bs=[1,1],nr=[1,1],per=[0,1,2,3],k_v=0,o=1,src_overlap=0,m_v=0,pad=0): [1;32mOK[0m
ggml_metal_library_compile_pipeline: compiling pipeline: base = 'kernel_mul_mv_mma_q3_K_f32_nt4_rt2', name = 'kernel_mul_mv_mma_q3_K_f32_nt4_rt2_nsg=4_ne12=1_r2=1_r3=1_ne00=0_add=0'
ggml_metal_library_compile_pipeline: loaded kernel_mul_mv_mma_q3_K_f32_nt4_rt2_nsg=4_ne12=1_r2=1_r3=1_ne00=0_add=0     0x7b45b39500 | th_max = 1024 | th_width =   32
  MUL_MAT(type_a=q3_K,type_b=f32,m=4100,n=9,k=256,bs=[1,1],nr=[1,1],per=[0,1,2,3],k_v=0,o=1,src_overlap=0,m_v=0,pad=0): [1;32mOK[0m
ggml_metal_library_compile_pipeline: compiling pipeline: base = 'kernel_mul_mv_mma_q3_K_f32_nt1_rt2', name = 'kernel_mul_mv_mma_q3_K_f32_nt1_rt2_nsg=4_ne12=6_r2=2_r3=1_ne00=0_add=0'
ggml_metal_library_compile_pipeline: loaded kernel_mul_mv_mma_q3_K_f32_nt1_rt2_nsg=4_ne12=6_r2=2_r3=1_ne00=0_add=0     0x7b45b39880 | th_max = 1024 | th_width =   32
  MUL_MAT(type_a=q3_K,type_b=f32,m=64,n=9,k=256,bs=[3,2],nr=[2,1],per=[0,1,2,3],k_v=0,o=1,src_overlap=0,m_v=0,pad=0): [1;32mOK[0m
ggml_metal_library_compile_pipeline: compiling pipeline: base = 'kernel_mul_mv_mma_q5_K_f32_nt1_rt2', name = 'kernel_mul_mv_mma_q5_K_f32_nt1_rt2_nsg=32_ne12=1_r2=1_r3=1_ne00=2560_add=0'
ggml_metal_library_compile_pipeline: loaded kernel_mul_mv_mma_q5_K_f32_nt1_rt2_nsg=32_ne12=1_r2=1_r3=1_ne00=2560_add=0     0x7b45b39c00 | th_max = 1024 | th_width =   32
  MUL_MAT(type_a=q5_K,type_b=f32,m=48,n=9,k=2560,bs=[1,1],nr=[1,1],per=[0,1,2,3],k_v=0,o=1,src_overlap=0,m_v=0,pad=0): [1;32mOK[0m
ggml_metal_library_compile_pipeline: compiling pipeline: base = 'kernel_mul_mv_mma_q5_K_f32_nt1_rt2', name = 'kernel_mul_mv_mma_q5_K_f32_nt1_rt2_nsg=16_ne12=1_r2=1_r3=1_ne00=1024_add=0'
ggml_metal_library_compile_pipeline: loaded kernel_mul_mv_mma_q5_K_f32_nt1_rt2_nsg=16_ne12=1_r2=1_r3=1_ne00=1024_add=0     0x7b45b39f80 | th_max = 1024 | th_width =   32
  MUL_MAT(type_a=q5_K,type_b=f32,m=1000,n=9,k=1024,bs=[1,1],nr=[1,1],per=[0,1,2,3],k_v=0,o=1,src_overlap=0,m_v=0,pad=0): [1;32mOK[0m
ggml_metal_library_compile_pipeline: compiling pipeline: base = 'kernel_mul_mv_mma_q5_K_f32_nt2_rt2', name = 'kernel_mul_mv_mma_q5_K_f32_nt2_rt2_nsg=8_ne12=1_r2=1_r3=1_ne00=512_add=0'
ggml_metal_library_compile_pipeline: loaded kernel_mul_mv_mma_q5_K_f32_nt2_rt2_nsg=8_ne12=1_r2=1_r3=1_ne00=512_add=0     0x7b45b3a300 | th_max = 1024 | th_width =   32
  MUL_MAT(type_a=q5_K,type_b=f32,m=3000,n=9,k=512,bs=[1,1],nr=[1,1],per=[0,1,2,3],k_v=0,o=1,src_overlap=0,m_v=0,pad=0): [1;32mOK[0m
ggml_metal_library_compile_pipeline: compiling pipeline: base = 'kernel_mul_mv_mma_q5_K_f32_nt4_rt2', name = 'kernel_mul_mv_mma_q5_K_f32_nt4_rt2_nsg=4_ne12=1_r2=1_r3=1_ne00=256_add=0'
ggml_metal_library_compile_pipeline: loaded kernel_mul_mv_mma_q5_K_f32_nt4_rt2_nsg=4_ne12=1_r2=1_r3=1_ne00=256_add=0     0x7b45b3a680 | th_max = 1024 | th_width =   32
  MUL_MAT(type_a=q5_K,type_b=f32,m=4100,n=9,k=256,bs=[1,1],nr=[1,1],per=[0,1,2,3],k_v=0,o=1,src_overlap=0,m_v=0,pad=0): [1;32mOK[0m
ggml_metal_library_compile_pipeline: compiling pipeline: base = 'kernel_mul_mv_mma_q5_K_f32_nt1_rt2', name = 'kernel_mul_mv_mma_q5_K_f32_nt1_rt2_nsg=4_ne12=6_r2=2_r3=1_ne00=256_add=0'
ggml_metal_library_compile_pipeline: loaded kernel_mul_mv_mma_q5_K_f32_nt1_rt2_nsg=4_ne12=6_r2=2_r3=1_ne00=256_add=0     0x7b45b3aa00 | th_max = 1024 | th_width =   32
  MUL_MAT(type_a=q5_K,type_b=f32,m=64,n=9,k=256,bs=[3,2],nr=[2,1],per=[0,1,2,3],k_v=0,o=1,src_overlap=0,m_v=0,pad=0): [1;32mOK[0m
ggml_metal_library_compile_pipeline: compiling pipeline: base = 'kernel_mul_mv_mma_iq4_nl_f32_nt1_rt2', name = 'kernel_mul_mv_mma_iq4_nl_f32_nt1_rt2_nsg=32_ne12=1_r2=1_r3=1_ne00=0_add=0'
ggml_metal_library_compile_pipeline: loaded kernel_mul_mv_mma_iq4_nl_f32_nt1_rt2_nsg=32_ne12=1_r2=1_r3=1_ne00=0_add=0     0x7b45b3ad80 | th_max = 1024 | th_width =   32
  MUL_MAT(type_a=iq4_nl,type_b=f32,m=48,n=9,k=2560,bs=[1,1],nr=[1,1],per=[0,1,2,3],k_v=0,o=1,src_overlap=0,m_v=0,pad=0): [1;32mOK[0m
ggml_metal_library_compile_pipeline: compiling pipeline: base = 'kernel_mul_mv_mma_iq4_nl_f32_nt1_rt2', name = 'kernel_mul_mv_mma_iq4_nl_f32_nt1_rt2_nsg=16_ne12=1_r2=1_r3=1_ne00=0_add=0'
ggml_metal_library_compile_pipeline: loaded kernel_mul_mv_mma_iq4_nl_f32_nt1_rt2_nsg=16_ne12=1_r2=1_r3=1_ne00=0_add=0     0x7b45b3b100 | th_max = 1024 | th_width =   32
  MUL_MAT(type_a=iq4_nl,type_b=f32,m=1000,n=9,k=1024,bs=[1,1],nr=[1,1],per=[0,1,2,3],k_v=0,o=1,src_overlap=0,m_v=0,pad=0): [1;32mOK[0m
ggml_metal_library_compile_pipeline: compiling pipeline: base = 'kernel_mul_mv_mma_iq4_nl_f32_nt2_rt2', name = 'kernel_mul_mv_mma_iq4_nl_f32_nt2_rt2_nsg=8_ne12=1_r2=1_r3=1_ne00=0_add=0'
ggml_metal_library_compile_pipeline: loaded kernel_mul_mv_mma_iq4_nl_f32_nt2_rt2_nsg=8_ne12=1_r2=1_r3=1_ne00=0_add=0     0x7b45b3b480 | th_max = 1024 | th_width =   32
  MUL_MAT(type_a=iq4_nl,type_b=f32,m=3000,n=9,k=512,bs=[1,1],nr=[1,1],per=[0,1,2,3],k_v=0,o=1,src_overlap=0,m_v=0,pad=0): [1;32mOK[0m
ggml_metal_library_compile_pipeline: compiling pipeline: base = 'kernel_mul_mv_mma_iq4_nl_f32_nt4_rt2', name = 'kernel_mul_mv_mma_iq4_nl_f32_nt4_rt2_nsg=4_ne12=1_r2=1_r3=1_ne00=0_add=0'
ggml_metal_library_compile_pipeline: loaded kernel_mul_mv_mma_iq4_nl_f32_nt4_rt2_nsg=4_ne12=1_r2=1_r3=1_ne00=0_add=0     0x7b45b3b800 | th_max = 1024 | th_width =   32
  MUL_MAT(type_a=iq4_nl,type_b=f32,m=4100,n=9,k=256,bs=[1,1],nr=[1,1],per=[0,1,2,3],k_v=0,o=1,src_overlap=0,m_v=0,pad=0): [1;32mOK[0m
ggml_metal_library_compile_pipeline: compiling pipeline: base = 'kernel_mul_mv_mma_iq4_nl_f32_nt1_rt2', name = 'kernel_mul_mv_mma_iq4_nl_f32_nt1_rt2_nsg=4_ne12=6_r2=2_r3=1_ne00=0_add=0'
ggml_metal_library_compile_pipeline: loaded kernel_mul_mv_mma_iq4_nl_f32_nt1_rt2_nsg=4_ne12=6_r2=2_r3=1_ne00=0_add=0     0x7b45b3bb80 | th_max = 1024 | th_width =   32
  MUL_MAT(type_a=iq4_nl,type_b=f32,m=64,n=9,k=256,bs=[3,2],nr=[2,1],per=[0,1,2,3],k_v=0,o=1,src_overlap=0,m_v=0,pad=0): [1;32mOK[0m
ggml_metal_library_compile_pipeline: compiling pipeline: base = 'kernel_mul_mm_iq4_nl_f32', name = 'kernel_mul_mm_iq4_nl_f32_bci=0_bco=1_ne12=1_ne13=1_r2=1_r3=1'
ggml_metal_library_compile_pipeline: loaded kernel_mul_mm_iq4_nl_f32_bci=0_bco=1_ne12=1_ne13=1_r2=1_r3=1     0x7b45b54380 | th_max = 1024 | th_width =   32
  MUL_MAT(type_a=iq4_nl,type_b=f32,m=100,n=9,k=96,bs=[1,1],nr=[1,1],per=[0,1,2,3],k_v=0,o=1,src_overlap=0,m_v=0,pad=0): [1;32mOK[0m
ggml_metal_library_compile_pipeline: compiling pipeline: base = 'kernel_mul_mv_mma_iq4_xs_f32_nt1_rt2', name = 'kernel_mul_mv_mma_iq4_xs_f32_nt1_rt2_nsg=32_ne12=1_r2=1_r3=1_ne00=0_add=0'
ggml_metal_library_compile_pipeline: loaded kernel_mul_mv_mma_iq4_xs_f32_nt1_rt2_nsg=32_ne12=1_r2=1_r3=1_ne00=0_add=0     0x7b45b54700 | th_max = 1024 | th_width =   32
  MUL_MAT(type_a=iq4_xs,type_b=f32,m=48,n=9,k=2560,bs=[1,1],nr=[1,1],per=[0,1,2,3],k_v=0,o=1,src_overlap=0,m_v=0,pad=0): [1;32mOK[0m
ggml_metal_library_compile_pipeline: compiling pipeline: base = 'kernel_mul_mv_mma_iq4_xs_f32_nt1_rt2', name = 'kernel_mul_mv_mma_iq4_xs_f32_nt1_rt2_nsg=16_ne12=1_r2=1_r3=1_ne00=0_add=0'
ggml_metal_library_compile_pipeline: loaded kernel_mul_mv_mma_iq4_xs_f32_nt1_rt2_nsg=16_ne12=1_r2=1_r3=1_ne00=0_add=0     0x7b45b54000 | th_max = 1024 | th_width =   32
  MUL_MAT(type_a=iq4_xs,type_b=f32,m=1000,n=9,k=1024,bs=[1,1],nr=[1,1],per=[0,1,2,3],k_v=0,o=1,src_overlap=0,m_v=0,pad=0): [1;32mOK[0m
ggml_metal_library_compile_pipeline: compiling pipeline: base = 'kernel_mul_mv_mma_iq4_xs_f32_nt2_rt2', name = 'kernel_mul_mv_mma_iq4_xs_f32_nt2_rt2_nsg=8_ne12=1_r2=1_r3=1_ne00=0_add=0'
ggml_metal_library_compile_pipeline: loaded kernel_mul_mv_mma_iq4_xs_f32_nt2_rt2_nsg=8_ne12=1_r2=1_r3=1_ne00=0_add=0     0x7b45b54a80 | th_max = 1024 | th_width =   32
  MUL_MAT(type_a=iq4_xs,type_b=f32,m=3000,n=9,k=512,bs=[1,1],nr=[1,1],per=[0,1,2,3],k_v=0,o=1,src_overlap=0,m_v=0,pad=0): [1;32mOK[0m
ggml_metal_library_compile_pipeline: compiling pipeline: base = 'kernel_mul_mv_mma_iq4_xs_f32_nt4_rt2', name = 'kernel_mul_mv_mma_iq4_xs_f32_nt4_rt2_nsg=4_ne12=1_r2=1_r3=1_ne00=0_add=0'
ggml_metal_library_compile_pipeline: loaded kernel_mul_mv_mma_iq4_xs_f32_nt4_rt2_nsg=4_ne12=1_r2=1_r3=1_ne00=0_add=0     0x7b45b54e00 | th_max = 1024 | th_width =   32
  MUL_MAT(type_a=iq4_xs,type_b=f32,m=4100,n=9,k=256,bs=[1,1],nr=[1,1],per=[0,1,2,3],k_v=0,o=1,src_overlap=0,m_v=0,pad=0): [1;32mOK[0m
ggml_metal_library_compile_pipeline: compiling pipeline: base = 'kernel_mul_mv_mma_iq4_xs_f32_nt1_rt2', name = 'kernel_mul_mv_mma_iq4_xs_f32_nt1_rt2_nsg=4_ne12=6_r2=2_r3=1_ne00=0_add=0'
ggml_metal_library_compile_pipeline: loaded kernel_mul_mv_mma_iq4_xs_f32_nt1_rt2_nsg=4_ne12=6_r2=2_r3=1_ne00=0_add=0     0x7b45b55180 | th_max = 1024 | th_width =   32
  MUL_MAT(type_a=iq4_xs,type_b=f32,m=64,n=9,k=256,bs=[3,2],nr=[2,1],per=[0,1,2,3],k_v=0,o=1,src_overlap=0,m_v=0,pad=0): [1;32mOK[0m
ggml_metal_library_compile_pipeline: compiling pipeline: base = 'kernel_mul_mv_mma_q5_K_f32_nt4_rt2', name = 'kernel_mul_mv_mma_q5_K_f32_nt4_rt2_nsg=8_ne12=1_r2=1_r3=1_ne00=512_add=0'
ggml_metal_library_compile_pipeline: loaded kernel_mul_mv_mma_q5_K_f32_nt4_rt2_nsg=8_ne12=1_r2=1_r3=1_ne00=512_add=0     0x7b45b55500 | th_max = 1024 | th_width =   32
  MUL_MAT(type_a=q5_K,type_b=f32,m=8192,n=9,k=512,bs=[1,1],nr=[1,1],per=[0,1,2,3],k_v=0,o=1,src_overlap=0,m_v=0,pad=0): [1;32mOK[0m
  MUL_MAT(type_a=q5_K,type_b=f32,m=1000,n=9,k=1024,bs=[1,1],nr=[1,1],per=[0,1,2,3],k_v=1280,o=1,src_overlap=0,m_v=0,pad=0): [1;32mOK[0m
  MUL_MAT(type_a=q5_K,type_b=f32,m=1000,n=9,k=1024,bs=[1,1],nr=[1,1],per=[0,1,2,3],k_v=0,o=1,src_overlap=0,m_v=0,pad=0,src1=[0,1]): [1;32mOK[0m
  MUL_MAT(type_a=bf16,type_b=f32,m=48,n=13,k=2560,bs=[1,1],nr=[1,1],per=[0,1,2,3],k_v=0,o=1,src_overlap=0,m_v=0,pad=0): [1;32mOK[0m
  MUL_MAT(type_a=bf16,type_b=f32,m=1000,n=13,k=1024,bs=[1,1],nr=[1,1],per=[0,1,2,3],k_v=0,o=1,src_overlap=0,m_v=0,pad=0): [1;32mOK[0m
  MUL_MAT(type_a=bf16,type_b=f32,m=3000,n=13,k=512,bs=[1,1],nr=[1,1],per=[0,1,2,3],k_v=0,o=1,src_overlap=0,m_v=0,pad=0): [1;32mOK[0m
  MUL_MAT(type_a=bf16,type_b=f32,m=4100,n=13,k=256,bs=[1,1],nr=[1,1],per=[0,1,2,3],k_v=0,o=1,src_overlap=0,m_v=0,pad=0): [1;32mOK[0m
  MUL_MAT(type_a=bf16,type_b=f32,m=64,n=13,k=256,bs=[3,2],nr=[2,1],per=[0,1,2,3],k_v=0,o=1,src_overlap=0,m_v=0,pad=0): [1;32mOK[0m
  MUL_MAT(type_a=bf16,type_b=f32,m=100,n=13,k=96,bs=[1,1],nr=[1,1],per=[0,1,2,3],k_v=0,o=1,src_overlap=0,m_v=0,pad=0): [1;32mOK[0m
  MUL_MAT(type_a=q2_0,type_b=f32,m=48,n=13,k=2560,bs=[1,1],nr=[1,1],per=[0,1,2,3],k_v=0,o=1,src_overlap=0,m_v=0,pad=0): [1;32mOK[0m
  MUL_MAT(type_a=q2_0,type_b=f32,m=1000,n=13,k=1024,bs=[1,1],nr=[1,1],per=[0,1,2,3],k_v=0,o=1,src_overlap=0,m_v=0,pad=0): [1;32mOK[0m
  MUL_MAT(type_a=q2_0,type_b=f32,m=3000,n=13,k=512,bs=[1,1],nr=[1,1],per=[0,1,2,3],k_v=0,o=1,src_overlap=0,m_v=0,pad=0): [1;32mOK[0m
  MUL_MAT(type_a=q2_0,type_b=f32,m=4100,n=13,k=256,bs=[1,1],nr=[1,1],per=[0,1,2,3],k_v=0,o=1,src_overlap=0,m_v=0,pad=0): [1;32mOK[0m
  MUL_MAT(type_a=q2_0,type_b=f32,m=64,n=13,k=256,bs=[3,2],nr=[2,1],per=[0,1,2,3],k_v=0,o=1,src_overlap=0,m_v=0,pad=0): [1;32mOK[0m
  MUL_MAT(type_a=q3_K,type_b=f32,m=48,n=13,k=2560,bs=[1,1],nr=[1,1],per=[0,1,2,3],k_v=0,o=1,src_overlap=0,m_v=0,pad=0): [1;32mOK[0m
  MUL_MAT(type_a=q3_K,type_b=f32,m=1000,n=13,k=1024,bs=[1,1],nr=[1,1],per=[0,1,2,3],k_v=0,o=1,src_overlap=0,m_v=0,pad=0): [1;32mOK[0m
  MUL_MAT(type_a=q3_K,type_b=f32,m=3000,n=13,k=512,bs=[1,1],nr=[1,1],per=[0,1,2,3],k_v=0,o=1,src_overlap=0,m_v=0,pad=0): [1;32mOK[0m
  MUL_MAT(type_a=q3_K,type_b=f32,m=4100,n=13,k=256,bs=[1,1],nr=[1,1],per=[0,1,2,3],k_v=0,o=1,src_overlap=0,m_v=0,pad=0): [1;32mOK[0m
  MUL_MAT(type_a=q3_K,type_b=f32,m=64,n=13,k=256,bs=[3,2],nr=[2,1],per=[0,1,2,3],k_v=0,o=1,src_overlap=0,m_v=0,pad=0): [1;32mOK[0m
  MUL_MAT(type_a=q5_K,type_b=f32,m=48,n=13,k=2560,bs=[1,1],nr=[1,1],per=[0,1,2,3],k_v=0,o=1,src_overlap=0,m_v=0,pad=0): [1;32mOK[0m
  MUL_MAT(type_a=q5_K,type_b=f32,m=1000,n=13,k=1024,bs=[1,1],nr=[1,1],per=[0,1,2,3],k_v=0,o=1,src_overlap=0,m_v=0,pad=0): [1;32mOK[0m
  MUL_MAT(type_a=q5_K,type_b=f32,m=3000,n=13,k=512,bs=[1,1],nr=[1,1],per=[0,1,2,3],k_v=0,o=1,src_overlap=0,m_v=0,pad=0): [1;32mOK[0m
  MUL_MAT(type_a=q5_K,type_b=f32,m=4100,n=13,k=256,bs=[1,1],nr=[1,1],per=[0,1,2,3],k_v=0,o=1,src_overlap=0,m_v=0,pad=0): [1;32mOK[0m
  MUL_MAT(type_a=q5_K,type_b=f32,m=64,n=13,k=256,bs=[3,2],nr=[2,1],per=[0,1,2,3],k_v=0,o=1,src_overlap=0,m_v=0,pad=0): [1;32mOK[0m
  MUL_MAT(type_a=iq4_nl,type_b=f32,m=48,n=13,k=2560,bs=[1,1],nr=[1,1],per=[0,1,2,3],k_v=0,o=1,src_overlap=0,m_v=0,pad=0): [1;32mOK[0m
  MUL_MAT(type_a=iq4_nl,type_b=f32,m=1000,n=13,k=1024,bs=[1,1],nr=[1,1],per=[0,1,2,3],k_v=0,o=1,src_overlap=0,m_v=0,pad=0): [1;32mOK[0m
  MUL_MAT(type_a=iq4_nl,type_b=f32,m=3000,n=13,k=512,bs=[1,1],nr=[1,1],per=[0,1,2,3],k_v=0,o=1,src_overlap=0,m_v=0,pad=0): [1;32mOK[0m
  MUL_MAT(type_a=iq4_nl,type_b=f32,m=4100,n=13,k=256,bs=[1,1],nr=[1,1],per=[0,1,2,3],k_v=0,o=1,src_overlap=0,m_v=0,pad=0): [1;32mOK[0m
  MUL_MAT(type_a=iq4_nl,type_b=f32,m=64,n=13,k=256,bs=[3,2],nr=[2,1],per=[0,1,2,3],k_v=0,o=1,src_overlap=0,m_v=0,pad=0): [1;32mOK[0m
  MUL_MAT(type_a=iq4_nl,type_b=f32,m=100,n=13,k=96,bs=[1,1],nr=[1,1],per=[0,1,2,3],k_v=0,o=1,src_overlap=0,m_v=0,pad=0): [1;32mOK[0m
  MUL_MAT(type_a=iq4_xs,type_b=f32,m=48,n=13,k=2560,bs=[1,1],nr=[1,1],per=[0,1,2,3],k_v=0,o=1,src_overlap=0,m_v=0,pad=0): [1;32mOK[0m
  MUL_MAT(type_a=iq4_xs,type_b=f32,m=1000,n=13,k=1024,bs=[1,1],nr=[1,1],per=[0,1,2,3],k_v=0,o=1,src_overlap=0,m_v=0,pad=0): [1;32mOK[0m
  MUL_MAT(type_a=iq4_xs,type_b=f32,m=3000,n=13,k=512,bs=[1,1],nr=[1,1],per=[0,1,2,3],k_v=0,o=1,src_overlap=0,m_v=0,pad=0): [1;32mOK[0m
  MUL_MAT(type_a=iq4_xs,type_b=f32,m=4100,n=13,k=256,bs=[1,1],nr=[1,1],per=[0,1,2,3],k_v=0,o=1,src_overlap=0,m_v=0,pad=0): [1;32mOK[0m
  MUL_MAT(type_a=iq4_xs,type_b=f32,m=64,n=13,k=256,bs=[3,2],nr=[2,1],per=[0,1,2,3],k_v=0,o=1,src_overlap=0,m_v=0,pad=0): [1;32mOK[0m
  MUL_MAT(type_a=q5_K,type_b=f32,m=8192,n=13,k=512,bs=[1,1],nr=[1,1],per=[0,1,2,3],k_v=0,o=1,src_overlap=0,m_v=0,pad=0): [1;32mOK[0m
  MUL_MAT(type_a=q5_K,type_b=f32,m=1000,n=13,k=1024,bs=[1,1],nr=[1,1],per=[0,1,2,3],k_v=1280,o=1,src_overlap=0,m_v=0,pad=0): [1;32mOK[0m
  MUL_MAT(type_a=q5_K,type_b=f32,m=1000,n=13,k=1024,bs=[1,1],nr=[1,1],per=[0,1,2,3],k_v=0,o=1,src_overlap=0,m_v=0,pad=0,src1=[0,1]): [1;32mOK[0m
  MUL_MAT(type_a=bf16,type_b=f32,m=48,n=16,k=2560,bs=[1,1],nr=[1,1],per=[0,1,2,3],k_v=0,o=1,src_overlap=0,m_v=0,pad=0): [1;32mOK[0m
  MUL_MAT(type_a=bf16,type_b=f32,m=1000,n=16,k=1024,bs=[1,1],nr=[1,1],per=[0,1,2,3],k_v=0,o=1,src_overlap=0,m_v=0,pad=0): [1;32mOK[0m
  MUL_MAT(type_a=bf16,type_b=f32,m=3000,n=16,k=512,bs=[1,1],nr=[1,1],per=[0,1,2,3],k_v=0,o=1,src_overlap=0,m_v=0,pad=0): [1;32mOK[0m
  MUL_MAT(type_a=bf16,type_b=f32,m=4100,n=16,k=256,bs=[1,1],nr=[1,1],per=[0,1,2,3],k_v=0,o=1,src_overlap=0,m_v=0,pad=0): [1;32mOK[0m
  MUL_MAT(type_a=bf16,type_b=f32,m=64,n=16,k=256,bs=[3,2],nr=[2,1],per=[0,1,2,3],k_v=0,o=1,src_overlap=0,m_v=0,pad=0): [1;32mOK[0m
  MUL_MAT(type_a=bf16,type_b=f32,m=100,n=16,k=96,bs=[1,1],nr=[1,1],per=[0,1,2,3],k_v=0,o=1,src_overlap=0,m_v=0,pad=0): [1;32mOK[0m
  MUL_MAT(type_a=q2_0,type_b=f32,m=48,n=16,k=2560,bs=[1,1],nr=[1,1],per=[0,1,2,3],k_v=0,o=1,src_overlap=0,m_v=0,pad=0): [1;32mOK[0m
  MUL_MAT(type_a=q2_0,type_b=f32,m=1000,n=16,k=1024,bs=[1,1],nr=[1,1],per=[0,1,2,3],k_v=0,o=1,src_overlap=0,m_v=0,pad=0): [1;32mOK[0m
  MUL_MAT(type_a=q2_0,type_b=f32,m=3000,n=16,k=512,bs=[1,1],nr=[1,1],per=[0,1,2,3],k_v=0,o=1,src_overlap=0,m_v=0,pad=0): [1;32mOK[0m
  MUL_MAT(type_a=q2_0,type_b=f32,m=4100,n=16,k=256,bs=[1,1],nr=[1,1],per=[0,1,2,3],k_v=0,o=1,src_overlap=0,m_v=0,pad=0): [1;32mOK[0m
  MUL_MAT(type_a=q2_0,type_b=f32,m=64,n=16,k=256,bs=[3,2],nr=[2,1],per=[0,1,2,3],k_v=0,o=1,src_overlap=0,m_v=0,pad=0): [1;32mOK[0m
  MUL_MAT(type_a=q3_K,type_b=f32,m=48,n=16,k=2560,bs=[1,1],nr=[1,1],per=[0,1,2,3],k_v=0,o=1,src_overlap=0,m_v=0,pad=0): [1;32mOK[0m
  MUL_MAT(type_a=q3_K,type_b=f32,m=1000,n=16,k=1024,bs=[1,1],nr=[1,1],per=[0,1,2,3],k_v=0,o=1,src_overlap=0,m_v=0,pad=0): [1;32mOK[0m
  MUL_MAT(type_a=q3_K,type_b=f32,m=3000,n=16,k=512,bs=[1,1],nr=[1,1],per=[0,1,2,3],k_v=0,o=1,src_overlap=0,m_v=0,pad=0): [1;32mOK[0m
  MUL_MAT(type_a=q3_K,type_b=f32,m=4100,n=16,k=256,bs=[1,1],nr=[1,1],per=[0,1,2,3],k_v=0,o=1,src_overlap=0,m_v=0,pad=0): [1;32mOK[0m
  MUL_MAT(type_a=q3_K,type_b=f32,m=64,n=16,k=256,bs=[3,2],nr=[2,1],per=[0,1,2,3],k_v=0,o=1,src_overlap=0,m_v=0,pad=0): [1;32mOK[0m
  MUL_MAT(type_a=q5_K,type_b=f32,m=48,n=16,k=2560,bs=[1,1],nr=[1,1],per=[0,1,2,3],k_v=0,o=1,src_overlap=0,m_v=0,pad=0): [1;32mOK[0m
  MUL_MAT(type_a=q5_K,type_b=f32,m=1000,n=16,k=1024,bs=[1,1],nr=[1,1],per=[0,1,2,3],k_v=0,o=1,src_overlap=0,m_v=0,pad=0): [1;32mOK[0m
  MUL_MAT(type_a=q5_K,type_b=f32,m=3000,n=16,k=512,bs=[1,1],nr=[1,1],per=[0,1,2,3],k_v=0,o=1,src_overlap=0,m_v=0,pad=0): [1;32mOK[0m
  MUL_MAT(type_a=q5_K,type_b=f32,m=4100,n=16,k=256,bs=[1,1],nr=[1,1],per=[0,1,2,3],k_v=0,o=1,src_overlap=0,m_v=0,pad=0): [1;32mOK[0m
  MUL_MAT(type_a=q5_K,type_b=f32,m=64,n=16,k=256,bs=[3,2],nr=[2,1],per=[0,1,2,3],k_v=0,o=1,src_overlap=0,m_v=0,pad=0): [1;32mOK[0m
  MUL_MAT(type_a=iq4_nl,type_b=f32,m=48,n=16,k=2560,bs=[1,1],nr=[1,1],per=[0,1,2,3],k_v=0,o=1,src_overlap=0,m_v=0,pad=0): [1;32mOK[0m
  MUL_MAT(type_a=iq4_nl,type_b=f32,m=1000,n=16,k=1024,bs=[1,1],nr=[1,1],per=[0,1,2,3],k_v=0,o=1,src_overlap=0,m_v=0,pad=0): [1;32mOK[0m
  MUL_MAT(type_a=iq4_nl,type_b=f32,m=3000,n=16,k=512,bs=[1,1],nr=[1,1],per=[0,1,2,3],k_v=0,o=1,src_overlap=0,m_v=0,pad=0): [1;32mOK[0m
  MUL_MAT(type_a=iq4_nl,type_b=f32,m=4100,n=16,k=256,bs=[1,1],nr=[1,1],per=[0,1,2,3],k_v=0,o=1,src_overlap=0,m_v=0,pad=0): [1;32mOK[0m
  MUL_MAT(type_a=iq4_nl,type_b=f32,m=64,n=16,k=256,bs=[3,2],nr=[2,1],per=[0,1,2,3],k_v=0,o=1,src_overlap=0,m_v=0,pad=0): [1;32mOK[0m
  MUL_MAT(type_a=iq4_nl,type_b=f32,m=100,n=16,k=96,bs=[1,1],nr=[1,1],per=[0,1,2,3],k_v=0,o=1,src_overlap=0,m_v=0,pad=0): [1;32mOK[0m
  MUL_MAT(type_a=iq4_xs,type_b=f32,m=48,n=16,k=2560,bs=[1,1],nr=[1,1],per=[0,1,2,3],k_v=0,o=1,src_overlap=0,m_v=0,pad=0): [1;32mOK[0m
  MUL_MAT(type_a=iq4_xs,type_b=f32,m=1000,n=16,k=1024,bs=[1,1],nr=[1,1],per=[0,1,2,3],k_v=0,o=1,src_overlap=0,m_v=0,pad=0): [1;32mOK[0m
  MUL_MAT(type_a=iq4_xs,type_b=f32,m=3000,n=16,k=512,bs=[1,1],nr=[1,1],per=[0,1,2,3],k_v=0,o=1,src_overlap=0,m_v=0,pad=0): [1;32mOK[0m
  MUL_MAT(type_a=iq4_xs,type_b=f32,m=4100,n=16,k=256,bs=[1,1],nr=[1,1],per=[0,1,2,3],k_v=0,o=1,src_overlap=0,m_v=0,pad=0): [1;32mOK[0m
  MUL_MAT(type_a=iq4_xs,type_b=f32,m=64,n=16,k=256,bs=[3,2],nr=[2,1],per=[0,1,2,3],k_v=0,o=1,src_overlap=0,m_v=0,pad=0): [1;32mOK[0m
  MUL_MAT(type_a=q5_K,type_b=f32,m=8192,n=16,k=512,bs=[1,1],nr=[1,1],per=[0,1,2,3],k_v=0,o=1,src_overlap=0,m_v=0,pad=0): [1;32mOK[0m
  MUL_MAT(type_a=q5_K,type_b=f32,m=1000,n=16,k=1024,bs=[1,1],nr=[1,1],per=[0,1,2,3],k_v=1280,o=1,src_overlap=0,m_v=0,pad=0): [1;32mOK[0m
  MUL_MAT(type_a=q5_K,type_b=f32,m=1000,n=16,k=1024,bs=[1,1],nr=[1,1],per=[0,1,2,3],k_v=0,o=1,src_overlap=0,m_v=0,pad=0,src1=[0,1]): [1;32mOK[0m
  MUL_MAT(type_a=q2_0,type_b=f32,m=16,n=1,k=256,bs=[1,1],nr=[1,1],per=[0,1,2,3],k_v=0,o=1,src_overlap=0,m_v=0,pad=0): [1;32mOK[0m
ggml_metal_library_compile_pipeline: compiling pipeline: base = 'kernel_mul_mv_q2_0_f32', name = 'kernel_mul_mv_q2_0_f32_nsg=2_ne12=2_r2=2_r3=1_split=0'
ggml_metal_library_compile_pipeline: loaded kernel_mul_mv_q2_0_f32_nsg=2_ne12=2_r2=2_r3=1_split=0     0x7b45b55880 | th_max = 1024 | th_width =   32
  MUL_MAT(type_a=q2_0,type_b=f32,m=16,n=1,k=256,bs=[1,1],nr=[2,1],per=[0,1,2,3],k_v=0,o=1,src_overlap=0,m_v=0,pad=0): [1;32mOK[0m
ggml_metal_library_compile_pipeline: compiling pipeline: base = 'kernel_mul_mv_q2_0_f32', name = 'kernel_mul_mv_q2_0_f32_nsg=2_ne12=1_r2=1_r3=2_split=0'
ggml_metal_library_compile_pipeline: loaded kernel_mul_mv_q2_0_f32_nsg=2_ne12=1_r2=1_r3=2_split=0     0x7b45b55c00 | th_max = 1024 | th_width =   32
  MUL_MAT(type_a=q2_0,type_b=f32,m=16,n=1,k=256,bs=[1,1],nr=[1,2],per=[0,1,2,3],k_v=0,o=1,src_overlap=0,m_v=0,pad=0): [1;32mOK[0m
ggml_metal_library_compile_pipeline: compiling pipeline: base = 'kernel_mul_mv_q2_0_f32', name = 'kernel_mul_mv_q2_0_f32_nsg=2_ne12=3_r2=1_r3=1_split=0'
ggml_metal_library_compile_pipeline: loaded kernel_mul_mv_q2_0_f32_nsg=2_ne12=3_r2=1_r3=1_split=0     0x7b45b55f80 | th_max = 1024 | th_width =   32
  MUL_MAT(type_a=q2_0,type_b=f32,m=16,n=1,k=256,bs=[3,1],nr=[1,1],per=[0,1,2,3],k_v=0,o=1,src_overlap=0,m_v=0,pad=0): [1;32mOK[0m
ggml_metal_library_compile_pipeline: compiling pipeline: base = 'kernel_mul_mv_q2_0_f32', name = 'kernel_mul_mv_q2_0_f32_nsg=2_ne12=6_r2=2_r3=1_split=0'
ggml_metal_library_compile_pipeline: loaded kernel_mul_mv_q2_0_f32_nsg=2_ne12=6_r2=2_r3=1_split=0     0x7b45b56300 | th_max = 1024 | th_width =   32
  MUL_MAT(type_a=q2_0,type_b=f32,m=16,n=1,k=256,bs=[3,1],nr=[2,1],per=[0,1,2,3],k_v=0,o=1,src_overlap=0,m_v=0,pad=0): [1;32mOK[0m
  MUL_MAT(type_a=q2_0,type_b=f32,m=16,n=1,k=256,bs=[3,2],nr=[1,1],per=[0,1,2,3],k_v=0,o=1,src_overlap=0,m_v=0,pad=0): [1;32mOK[0m
  MUL_MAT(type_a=q2_0,type_b=f32,m=16,n=1,k=256,bs=[3,2],nr=[2,1],per=[0,1,2,3],k_v=0,o=1,src_overlap=0,m_v=0,pad=0): [1;32mOK[0m
ggml_metal_library_compile_pipeline: compiling pipeline: base = 'kernel_mul_mv_q2_0_f32', name = 'kernel_mul_mv_q2_0_f32_nsg=2_ne12=3_r2=1_r3=2_split=0'
ggml_metal_library_compile_pipeline: loaded kernel_mul_mv_q2_0_f32_nsg=2_ne12=3_r2=1_r3=2_split=0     0x7b45b56d80 | th_max = 1024 | th_width =   32
  MUL_MAT(type_a=q2_0,type_b=f32,m=16,n=1,k=256,bs=[3,2],nr=[1,2],per=[0,1,2,3],k_v=0,o=1,src_overlap=0,m_v=0,pad=0): [1;32mOK[0m
ggml_metal_library_compile_pipeline: compiling pipeline: base = 'kernel_mul_mv_q2_0_f32', name = 'kernel_mul_mv_q2_0_f32_nsg=2_ne12=6_r2=2_r3=2_split=0'
ggml_metal_library_compile_pipeline: loaded kernel_mul_mv_q2_0_f32_nsg=2_ne12=6_r2=2_r3=2_split=0     0x7b45b56680 | th_max = 1024 | th_width =   32
  MUL_MAT(type_a=q2_0,type_b=f32,m=16,n=1,k=256,bs=[3,2],nr=[2,2],per=[0,1,2,3],k_v=0,o=1,src_overlap=0,m_v=0,pad=0): [1;32mOK[0m
ggml_metal_library_compile_pipeline: compiling pipeline: base = 'kernel_mul_mv_mma_q2_0_f32_nt1_rt1', name = 'kernel_mul_mv_mma_q2_0_f32_nt1_rt1_nsg=4_ne12=6_r2=2_r3=2_ne00=0_add=0'
ggml_metal_library_compile_pipeline: loaded kernel_mul_mv_mma_q2_0_f32_nt1_rt1_nsg=4_ne12=6_r2=2_r3=2_ne00=0_add=0     0x7b45b56a00 | th_max = 1024 | th_width =   32
  MUL_MAT(type_a=q2_0,type_b=f32,m=16,n=4,k=256,bs=[3,2],nr=[2,2],per=[0,1,2,3],k_v=0,o=1,src_overlap=0,m_v=0,pad=0): [1;32mOK[0m
  MUL_MAT(type_a=q2_0,type_b=f32,m=16,n=16,k=256,bs=[1,1],nr=[1,1],per=[0,1,2,3],k_v=0,o=1,src_overlap=0,m_v=0,pad=0): [1;32mOK[0m
ggml_metal_library_compile_pipeline: compiling pipeline: base = 'kernel_mul_mv_mma_q2_0_f32_nt1_rt2', name = 'kernel_mul_mv_mma_q2_0_f32_nt1_rt2_nsg=4_ne12=2_r2=2_r3=1_ne00=0_add=0'
ggml_metal_library_compile_pipeline: loaded kernel_mul_mv_mma_q2_0_f32_nt1_rt2_nsg=4_ne12=2_r2=2_r3=1_ne00=0_add=0     0x7b45b57480 | th_max = 1024 | th_width =   32
  MUL_MAT(type_a=q2_0,type_b=f32,m=16,n=16,k=256,bs=[1,1],nr=[2,1],per=[0,1,2,3],k_v=0,o=1,src_overlap=0,m_v=0,pad=0): [1;32mOK[0m
ggml_metal_library_compile_pipeline: compiling pipeline: base = 'kernel_mul_mv_mma_q2_0_f32_nt1_rt2', name = 'kernel_mul_mv_mma_q2_0_f32_nt1_rt2_nsg=4_ne12=1_r2=1_r3=2_ne00=0_add=0'
ggml_metal_library_compile_pipeline: loaded kernel_mul_mv_mma_q2_0_f32_nt1_rt2_nsg=4_ne12=1_r2=1_r3=2_ne00=0_add=0     0x7b45b57800 | th_max = 1024 | th_width =   32
  MUL_MAT(type_a=q2_0,type_b=f32,m=16,n=16,k=256,bs=[1,1],nr=[1,2],per=[0,1,2,3],k_v=0,o=1,src_overlap=0,m_v=0,pad=0): [1;32mOK[0m
ggml_metal_library_compile_pipeline: compiling pipeline: base = 'kernel_mul_mv_mma_q2_0_f32_nt1_rt2', name = 'kernel_mul_mv_mma_q2_0_f32_nt1_rt2_nsg=4_ne12=3_r2=1_r3=1_ne00=0_add=0'
ggml_metal_library_compile_pipeline: loaded kernel_mul_mv_mma_q2_0_f32_nt1_rt2_nsg=4_ne12=3_r2=1_r3=1_ne00=0_add=0     0x7b45b57100 | th_max = 1024 | th_width =   32
  MUL_MAT(type_a=q2_0,type_b=f32,m=16,n=16,k=256,bs=[3,1],nr=[1,1],per=[0,1,2,3],k_v=0,o=1,src_overlap=0,m_v=0,pad=0): [1;32mOK[0m
  MUL_MAT(type_a=q2_0,type_b=f32,m=16,n=16,k=256,bs=[3,1],nr=[2,1],per=[0,1,2,3],k_v=0,o=1,src_overlap=0,m_v=0,pad=0): [1;32mOK[0m
  MUL_MAT(type_a=q2_0,type_b=f32,m=16,n=16,k=256,bs=[3,2],nr=[1,1],per=[0,1,2,3],k_v=0,o=1,src_overlap=0,m_v=0,pad=0): [1;32mOK[0m
  MUL_MAT(type_a=q2_0,type_b=f32,m=16,n=16,k=256,bs=[3,2],nr=[2,1],per=[0,1,2,3],k_v=0,o=1,src_overlap=0,m_v=0,pad=0): [1;32mOK[0m
ggml_metal_library_compile_pipeline: compiling pipeline: base = 'kernel_mul_mv_mma_q2_0_f32_nt1_rt2', name = 'kernel_mul_mv_mma_q2_0_f32_nt1_rt2_nsg=4_ne12=3_r2=1_r3=2_ne00=0_add=0'
ggml_metal_library_compile_pipeline: loaded kernel_mul_mv_mma_q2_0_f32_nt1_rt2_nsg=4_ne12=3_r2=1_r3=2_ne00=0_add=0     0x7b45b57b80 | th_max = 1024 | th_width =   32
  MUL_MAT(type_a=q2_0,type_b=f32,m=16,n=16,k=256,bs=[3,2],nr=[1,2],per=[0,1,2,3],k_v=0,o=1,src_overlap=0,m_v=0,pad=0): [1;32mOK[0m
ggml_metal_library_compile_pipeline: compiling pipeline: base = 'kernel_mul_mv_mma_q2_0_f32_nt1_rt2', name = 'kernel_mul_mv_mma_q2_0_f32_nt1_rt2_nsg=4_ne12=6_r2=2_r3=2_ne00=0_add=0'
ggml_metal_library_compile_pipeline: loaded kernel_mul_mv_mma_q2_0_f32_nt1_rt2_nsg=4_ne12=6_r2=2_r3=2_ne00=0_add=0     0x7b45b60380 | th_max = 1024 | th_width =   32
  MUL_MAT(type_a=q2_0,type_b=f32,m=16,n=16,k=256,bs=[3,2],nr=[2,2],per=[0,1,2,3],k_v=0,o=1,src_overlap=0,m_v=0,pad=0): [1;32mOK[0m
ggml_metal_library_compile_pipeline: compiling pipeline: base = 'kernel_mul_mv_q2_0_f32', name = 'kernel_mul_mv_q2_0_f32_nsg=2_ne12=2_r2=1_r3=1_split=0'
ggml_metal_library_compile_pipeline: loaded kernel_mul_mv_q2_0_f32_nsg=2_ne12=2_r2=1_r3=1_split=0     0x7b45b60000 | th_max = 1024 | th_width =   32
  MUL_MAT(type_a=q2_0,type_b=f32,m=16,n=1,k=256,bs=[2,3],nr=[1,1],per=[0,2,1,3],k_v=0,o=1,src_overlap=0,m_v=0,pad=0): [1;32mOK[0m
  MUL_MAT(type_a=q2_0,type_b=f32,m=16,n=1,k=256,bs=[2,3],nr=[1,1],per=[0,1,3,2],k_v=0,o=1,src_overlap=0,m_v=0,pad=0): [1;32mOK[0m
  MUL_MAT(type_a=q2_0,type_b=f32,m=16,n=1,k=256,bs=[2,3],nr=[1,1],per=[0,3,2,1],k_v=0,o=1,src_overlap=0,m_v=0,pad=0): [1;32mOK[0m
ggml_metal_library_compile_pipeline: compiling pipeline: base = 'kernel_mul_mv_mma_q2_0_f32_nt1_rt1', name = 'kernel_mul_mv_mma_q2_0_f32_nt1_rt1_nsg=4_ne12=2_r2=1_r3=1_ne00=0_add=0'
ggml_metal_library_compile_pipeline: loaded kernel_mul_mv_mma_q2_0_f32_nt1_rt1_nsg=4_ne12=2_r2=1_r3=1_ne00=0_add=0     0x7b45b60e00 | th_max = 1024 | th_width =   32
  MUL_MAT(type_a=q2_0,type_b=f32,m=16,n=4,k=256,bs=[2,3],nr=[1,1],per=[0,3,2,1],k_v=0,o=1,src_overlap=0,m_v=0,pad=0): [1;32mOK[0m
  MUL_MAT(type_a=q2_0,type_b=f32,m=16,n=8,k=256,bs=[2,3],nr=[1,1],per=[0,2,1,3],k_v=0,o=1,src_overlap=0,m_v=0,pad=0): [1;32mOK[0m
  MUL_MAT(type_a=q2_0,type_b=f32,m=16,n=8,k=256,bs=[2,3],nr=[1,1],per=[0,1,3,2],k_v=0,o=1,src_overlap=0,m_v=0,pad=0): [1;32mOK[0m
  MUL_MAT(type_a=q2_0,type_b=f32,m=16,n=8,k=256,bs=[2,3],nr=[1,1],per=[0,3,2,1],k_v=0,o=1,src_overlap=0,m_v=0,pad=0): [1;32mOK[0m
ggml_metal_library_compile_pipeline: compiling pipeline: base = 'kernel_mul_mv_mma_q2_0_f32_nt1_rt2', name = 'kernel_mul_mv_mma_q2_0_f32_nt1_rt2_nsg=4_ne12=2_r2=1_r3=1_ne00=0_add=0'
ggml_metal_library_compile_pipeline: loaded kernel_mul_mv_mma_q2_0_f32_nt1_rt2_nsg=4_ne12=2_r2=1_r3=1_ne00=0_add=0     0x7b45b60700 | th_max = 1024 | th_width =   32
  MUL_MAT(type_a=q2_0,type_b=f32,m=16,n=16,k=256,bs=[2,3],nr=[1,1],per=[0,2,1,3],k_v=0,o=1,src_overlap=0,m_v=0,pad=0): [1;32mOK[0m
  MUL_MAT(type_a=q2_0,type_b=f32,m=16,n=16,k=256,bs=[2,3],nr=[1,1],per=[0,1,3,2],k_v=0,o=1,src_overlap=0,m_v=0,pad=0): [1;32mOK[0m
  MUL_MAT(type_a=q2_0,type_b=f32,m=16,n=16,k=256,bs=[2,3],nr=[1,1],per=[0,3,2,1],k_v=0,o=1,src_overlap=0,m_v=0,pad=0): [1;32mOK[0m
  MUL_MAT(type_a=q2_0,type_b=f32,m=16,n=1,k=1024,bs=[3,2],nr=[1,1],per=[0,1,2,3],k_v=0,o=1,src_overlap=0,m_v=0,pad=0): [1;32mOK[0m
ggml_metal_library_compile_pipeline: compiling pipeline: base = 'kernel_mul_mv_mma_q2_0_f32_nt1_rt1', name = 'kernel_mul_mv_mma_q2_0_f32_nt1_rt1_nsg=16_ne12=3_r2=1_r3=1_ne00=0_add=0'
ggml_metal_library_compile_pipeline: loaded kernel_mul_mv_mma_q2_0_f32_nt1_rt1_nsg=16_ne12=3_r2=1_r3=1_ne00=0_add=0     0x7b45b61500 | th_max = 1024 | th_width =   32
  MUL_MAT(type_a=q2_0,type_b=f32,m=16,n=8,k=1024,bs=[3,2],nr=[1,1],per=[0,1,2,3],k_v=0,o=1,src_overlap=0,m_v=0,pad=0): [1;32mOK[0m
ggml_metal_library_compile_pipeline: compiling pipeline: base = 'kernel_mul_mv_mma_q2_0_f32_nt1_rt2', name = 'kernel_mul_mv_mma_q2_0_f32_nt1_rt2_nsg=16_ne12=3_r2=1_r3=1_ne00=0_add=0'
ggml_metal_library_compile_pipeline: loaded kernel_mul_mv_mma_q2_0_f32_nt1_rt2_nsg=16_ne12=3_r2=1_r3=1_ne00=0_add=0     0x7b45b61180 | th_max = 1024 | th_width =   32
  MUL_MAT(type_a=q2_0,type_b=f32,m=16,n=16,k=1024,bs=[3,2],nr=[1,1],per=[0,1,2,3],k_v=0,o=1,src_overlap=0,m_v=0,pad=0): [1;32mOK[0m
ggml_metal_library_compile_pipeline: compiling pipeline: base = 'kernel_mul_mv_mma_q2_0_f32_nt1_rt1', name = 'kernel_mul_mv_mma_q2_0_f32_nt1_rt1_nsg=4_ne12=1536_r2=1_r3=1_ne00=0_add=0'
ggml_metal_library_compile_pipeline: loaded kernel_mul_mv_mma_q2_0_f32_nt1_rt1_nsg=4_ne12=1536_r2=1_r3=1_ne00=0_add=0     0x7b45b60a80 | th_max = 1024 | th_width =   32
  MUL_MAT(type_a=q2_0,type_b=f32,m=16,n=8,k=256,bs=[1536,1],nr=[1,1],per=[0,1,2,3],k_v=0,o=1,src_overlap=0,m_v=0,pad=0): [1;32mOK[0m
ggml_metal_library_compile_pipeline: compiling pipeline: base = 'kernel_mul_mv_bf16_f32_4', name = 'kernel_mul_mv_bf16_f32_4_nsg=2_ne12=2_r2=1_r3=1_split=0'
ggml_metal_library_compile_pipeline: loaded kernel_mul_mv_bf16_f32_4_nsg=2_ne12=2_r2=1_r3=1_split=0     0x7b45b61880 | th_max = 1024 | th_width =   32
  MUL_MAT(type_a=bf16,type_b=f32,m=16,n=1,k=256,bs=[2,3],nr=[1,1],per=[0,2,1,3],k_v=0,o=1,src_overlap=0,m_v=0,pad=0): [1;32mOK[0m
  MUL_MAT(type_a=bf16,type_b=f32,m=16,n=1,k=256,bs=[2,3],nr=[1,1],per=[0,1,3,2],k_v=0,o=1,src_overlap=0,m_v=0,pad=0): [1;32mOK[0m
  MUL_MAT(type_a=bf16,type_b=f32,m=16,n=1,k=256,bs=[2,3],nr=[1,1],per=[0,3,2,1],k_v=0,o=1,src_overlap=0,m_v=0,pad=0): [1;32mOK[0m
ggml_metal_library_compile_pipeline: compiling pipeline: base = 'kernel_mul_mv_mma_bf16_f32_nt1_rt1', name = 'kernel_mul_mv_mma_bf16_f32_nt1_rt1_nsg=4_ne12=2_r2=1_r3=1_ne00=0_add=0'
ggml_metal_library_compile_pipeline: loaded kernel_mul_mv_mma_bf16_f32_nt1_rt1_nsg=4_ne12=2_r2=1_r3=1_ne00=0_add=0     0x7b45b62300 | th_max = 1024 | th_width =   32
  MUL_MAT(type_a=bf16,type_b=f32,m=16,n=8,k=256,bs=[2,3],nr=[1,1],per=[0,2,1,3],k_v=0,o=1,src_overlap=0,m_v=0,pad=0): [1;32mOK[0m
  MUL_MAT(type_a=bf16,type_b=f32,m=16,n=8,k=256,bs=[2,3],nr=[1,1],per=[0,1,3,2],k_v=0,o=1,src_overlap=0,m_v=0,pad=0): [1;32mOK[0m
  MUL_MAT(type_a=bf16,type_b=f32,m=16,n=8,k=256,bs=[2,3],nr=[1,1],per=[0,3,2,1],k_v=0,o=1,src_overlap=0,m_v=0,pad=0): [1;32mOK[0m
ggml_metal_library_compile_pipeline: compiling pipeline: base = 'kernel_mul_mv_mma_bf16_f32_nt1_rt2', name = 'kernel_mul_mv_mma_bf16_f32_nt1_rt2_nsg=4_ne12=2_r2=1_r3=1_ne00=0_add=0'
ggml_metal_library_compile_pipeline: loaded kernel_mul_mv_mma_bf16_f32_nt1_rt2_nsg=4_ne12=2_r2=1_r3=1_ne00=0_add=0     0x7b45b62680 | th_max = 1024 | th_width =   32
  MUL_MAT(type_a=bf16,type_b=f32,m=16,n=16,k=256,bs=[2,3],nr=[1,1],per=[0,2,1,3],k_v=0,o=1,src_overlap=0,m_v=0,pad=0): [1;32mOK[0m
  MUL_MAT(type_a=bf16,type_b=f32,m=16,n=16,k=256,bs=[2,3],nr=[1,1],per=[0,1,3,2],k_v=0,o=1,src_overlap=0,m_v=0,pad=0): [1;32mOK[0m
  MUL_MAT(type_a=bf16,type_b=f32,m=16,n=16,k=256,bs=[2,3],nr=[1,1],per=[0,3,2,1],k_v=0,o=1,src_overlap=0,m_v=0,pad=0): [1;32mOK[0m
  MUL_MAT(type_a=q2_0,type_b=f32,m=16,n=1,k=64,bs=[1,1],nr=[1,1],per=[0,1,2,3],k_v=0,o=1,src_overlap=0,m_v=0,pad=0): [1;32mOK[0m
  MUL_MAT(type_a=q2_0,type_b=f32,m=16,n=1,k=256,bs=[1,1],nr=[1,1],per=[0,1,2,3],k_v=0,o=1,src_overlap=0,m_v=0,pad=0): [1;32mOK[0m
  MUL_MAT(type_a=q3_K,type_b=f32,m=16,n=1,k=256,bs=[1,1],nr=[1,1],per=[0,1,2,3],k_v=0,o=1,src_overlap=0,m_v=0,pad=0): [1;32mOK[0m
  MUL_MAT(type_a=q5_K,type_b=f32,m=16,n=1,k=256,bs=[1,1],nr=[1,1],per=[0,1,2,3],k_v=0,o=1,src_overlap=0,m_v=0,pad=0): [1;32mOK[0m
  MUL_MAT(type_a=iq4_nl,type_b=f32,m=16,n=1,k=32,bs=[1,1],nr=[1,1],per=[0,1,2,3],k_v=0,o=1,src_overlap=0,m_v=0,pad=0): [1;32mOK[0m
  MUL_MAT(type_a=iq4_nl,type_b=f32,m=16,n=1,k=256,bs=[1,1],nr=[1,1],per=[0,1,2,3],k_v=0,o=1,src_overlap=0,m_v=0,pad=0): [1;32mOK[0m
  MUL_MAT(type_a=iq4_xs,type_b=f32,m=16,n=1,k=256,bs=[1,1],nr=[1,1],per=[0,1,2,3],k_v=0,o=1,src_overlap=0,m_v=0,pad=0): [1;32mOK[0m
ggml_metal_library_compile_pipeline: compiling pipeline: base = 'kernel_mul_mv_bf16_f32_short', name = 'kernel_mul_mv_bf16_f32_short_nsg=1_ne12=1_r2=1_r3=1_split=0'
ggml_metal_library_compile_pipeline: loaded kernel_mul_mv_bf16_f32_short_nsg=1_ne12=1_r2=1_r3=1_split=0     0x7b45b61f80 | th_max = 1024 | th_width =   32
  MUL_MAT(type_a=bf16,type_b=f32,m=16,n=1,k=1,bs=[1,1],nr=[1,1],per=[0,1,2,3],k_v=0,o=1,src_overlap=0,m_v=0,pad=0): [1;32mOK[0m
  MUL_MAT(type_a=bf16,type_b=f32,m=16,n=1,k=256,bs=[1,1],nr=[1,1],per=[0,1,2,3],k_v=0,o=1,src_overlap=0,m_v=0,pad=0): [1;32mOK[0m
  MUL_MAT(type_a=bf16,type_b=f32,m=1056,n=1,k=128,bs=[1,1],nr=[1,1],per=[0,2,1,3],k_v=0,o=1,src_overlap=0,m_v=0,pad=0): [1;32mOK[0m
  MUL_MAT(type_a=bf16,type_b=f32,m=128,n=1,k=1056,bs=[1,1],nr=[1,1],per=[0,1,2,3],k_v=2112,o=1,src_overlap=0,m_v=0,pad=0): [1;32mOK[0m
ggml_metal_library_compile_pipeline: compiling pipeline: base = 'kernel_mul_mv_bf16_f32', name = 'kernel_mul_mv_bf16_f32_nsg=2_ne12=1_r2=1_r3=1_split=0'
ggml_metal_library_compile_pipeline: loaded kernel_mul_mv_bf16_f32_nsg=2_ne12=1_r2=1_r3=1_split=0     0x7b45b61c00 | th_max = 1024 | th_width =   32
  MUL_MAT(type_a=bf16,type_b=f32,m=1056,n=1,k=129,bs=[1,1],nr=[1,1],per=[0,2,1,3],k_v=0,o=1,src_overlap=0,m_v=0,pad=0): [1;32mOK[0m
ggml_metal_library_compile_pipeline: compiling pipeline: base = 'kernel_mul_mv_bf16_f32', name = 'kernel_mul_mv_bf16_f32_nsg=4_ne12=1_r2=1_r3=1_split=0'
ggml_metal_library_compile_pipeline: loaded kernel_mul_mv_bf16_f32_nsg=4_ne12=1_r2=1_r3=1_split=0     0x7b45b63100 | th_max = 1024 | th_width =   32
  MUL_MAT(type_a=bf16,type_b=f32,m=128,n=1,k=1057,bs=[1,1],nr=[1,1],per=[0,1,2,3],k_v=2113,o=1,src_overlap=0,m_v=0,pad=0): [1;32mOK[0m
  MUL_MAT(type_a=bf16,type_b=f32,m=1057,n=1,k=128,bs=[1,1],nr=[1,1],per=[0,2,1,3],k_v=0,o=1,src_overlap=0,m_v=0,pad=0): [1;32mOK[0m
  MUL_MAT(type_a=bf16,type_b=f32,m=129,n=1,k=1056,bs=[1,1],nr=[1,1],per=[0,1,2,3],k_v=2112,o=1,src_overlap=0,m_v=0,pad=0): [1;32mOK[0m
  MUL_MAT(type_a=bf16,type_b=f32,m=1057,n=1,k=129,bs=[1,1],nr=[1,1],per=[0,2,1,3],k_v=0,o=1,src_overlap=0,m_v=0,pad=0): [1;32mOK[0m
  MUL_MAT(type_a=bf16,type_b=f32,m=129,n=1,k=1057,bs=[1,1],nr=[1,1],per=[0,1,2,3],k_v=2113,o=1,src_overlap=0,m_v=0,pad=0): [1;32mOK[0m
ggml_metal_library_compile_pipeline: compiling pipeline: base = 'kernel_mul_mv_bf16_f32_4', name = 'kernel_mul_mv_bf16_f32_4_nsg=1_ne12=4_r2=4_r3=1_split=0'
ggml_metal_library_compile_pipeline: loaded kernel_mul_mv_bf16_f32_4_nsg=1_ne12=4_r2=4_r3=1_split=0     0x7b45b63480 | th_max = 1024 | th_width =   32
  MUL_MAT(type_a=bf16,type_b=f32,m=1056,n=1,k=128,bs=[1,1],nr=[4,1],per=[0,2,1,3],k_v=0,o=1,src_overlap=0,m_v=0,pad=0): [1;32mOK[0m
ggml_metal_library_compile_pipeline: compiling pipeline: base = 'kernel_mul_mv_bf16_f32_4', name = 'kernel_mul_mv_bf16_f32_4_nsg=4_ne12=4_r2=4_r3=1_split=0'
ggml_metal_library_compile_pipeline: loaded kernel_mul_mv_bf16_f32_4_nsg=4_ne12=4_r2=4_r3=1_split=0     0x7b45b63800 | th_max = 1024 | th_width =   32
  MUL_MAT(type_a=bf16,type_b=f32,m=128,n=1,k=1056,bs=[1,1],nr=[4,1],per=[0,1,2,3],k_v=2112,o=1,src_overlap=0,m_v=0,pad=0): [1;32mOK[0m
ggml_metal_library_compile_pipeline: compiling pipeline: base = 'kernel_mul_mv_bf16_f32', name = 'kernel_mul_mv_bf16_f32_nsg=2_ne12=4_r2=4_r3=1_split=0'
ggml_metal_library_compile_pipeline: loaded kernel_mul_mv_bf16_f32_nsg=2_ne12=4_r2=4_r3=1_split=0     0x7b45b63b80 | th_max = 1024 | th_width =   32
  MUL_MAT(type_a=bf16,type_b=f32,m=1056,n=1,k=129,bs=[1,1],nr=[4,1],per=[0,2,1,3],k_v=0,o=1,src_overlap=0,m_v=0,pad=0): [1;32mOK[0m
ggml_metal_library_compile_pipeline: compiling pipeline: base = 'kernel_mul_mv_bf16_f32', name = 'kernel_mul_mv_bf16_f32_nsg=4_ne12=4_r2=4_r3=1_split=0'
ggml_metal_library_compile_pipeline: loaded kernel_mul_mv_bf16_f32_nsg=4_ne12=4_r2=4_r3=1_split=0     0x7b459bbb80 | th_max = 1024 | th_width =   32
  MUL_MAT(type_a=bf16,type_b=f32,m=128,n=1,k=1057,bs=[1,1],nr=[4,1],per=[0,1,2,3],k_v=2113,o=1,src_overlap=0,m_v=0,pad=0): [1;32mOK[0m
  MUL_MAT(type_a=bf16,type_b=f32,m=1057,n=1,k=128,bs=[1,1],nr=[4,1],per=[0,2,1,3],k_v=0,o=1,src_overlap=0,m_v=0,pad=0): [1;32mOK[0m
  MUL_MAT(type_a=bf16,type_b=f32,m=129,n=1,k=1056,bs=[1,1],nr=[4,1],per=[0,1,2,3],k_v=2112,o=1,src_overlap=0,m_v=0,pad=0): [1;32mOK[0m
  MUL_MAT(type_a=bf16,type_b=f32,m=1057,n=1,k=129,bs=[1,1],nr=[4,1],per=[0,2,1,3],k_v=0,o=1,src_overlap=0,m_v=0,pad=0): [1;32mOK[0m
  MUL_MAT(type_a=bf16,type_b=f32,m=129,n=1,k=1057,bs=[1,1],nr=[4,1],per=[0,1,2,3],k_v=2113,o=1,src_overlap=0,m_v=0,pad=0): [1;32mOK[0m
ggml_metal_library_compile_pipeline: compiling pipeline: base = 'kernel_mul_mv_bf16_f32_4', name = 'kernel_mul_mv_bf16_f32_4_nsg=1_ne12=2_r2=1_r3=1_split=0'
ggml_metal_library_compile_pipeline: loaded kernel_mul_mv_bf16_f32_4_nsg=1_ne12=2_r2=1_r3=1_split=0     0x7b45a7aa00 | th_max = 1024 | th_width =   32
  MUL_MAT(type_a=bf16,type_b=f32,m=1056,n=1,k=128,bs=[2,1],nr=[1,1],per=[0,2,1,3],k_v=0,o=1,src_overlap=0,m_v=0,pad=0): [1;32mOK[0m
ggml_metal_library_compile_pipeline: compiling pipeline: base = 'kernel_mul_mv_bf16_f32_4', name = 'kernel_mul_mv_bf16_f32_4_nsg=4_ne12=2_r2=1_r3=1_split=0'
ggml_metal_library_compile_pipeline: loaded kernel_mul_mv_bf16_f32_4_nsg=4_ne12=2_r2=1_r3=1_split=0     0x7b45b70000 | th_max = 1024 | th_width =   32
  MUL_MAT(type_a=bf16,type_b=f32,m=128,n=1,k=1056,bs=[2,1],nr=[1,1],per=[0,1,2,3],k_v=2112,o=1,src_overlap=0,m_v=0,pad=0): [1;32mOK[0m
ggml_metal_library_compile_pipeline: compiling pipeline: base = 'kernel_mul_mv_bf16_f32', name = 'kernel_mul_mv_bf16_f32_nsg=2_ne12=2_r2=1_r3=1_split=0'
ggml_metal_library_compile_pipeline: loaded kernel_mul_mv_bf16_f32_nsg=2_ne12=2_r2=1_r3=1_split=0     0x7b45b70a80 | th_max = 1024 | th_width =   32
  MUL_MAT(type_a=bf16,type_b=f32,m=1056,n=1,k=129,bs=[2,1],nr=[1,1],per=[0,2,1,3],k_v=0,o=1,src_overlap=0,m_v=0,pad=0): [1;32mOK[0m
ggml_metal_library_compile_pipeline: compiling pipeline: base = 'kernel_mul_mv_bf16_f32', name = 'kernel_mul_mv_bf16_f32_nsg=4_ne12=2_r2=1_r3=1_split=0'
ggml_metal_library_compile_pipeline: loaded kernel_mul_mv_bf16_f32_nsg=4_ne12=2_r2=1_r3=1_split=0     0x7b45b70e00 | th_max = 1024 | th_width =   32
  MUL_MAT(type_a=bf16,type_b=f32,m=128,n=1,k=1057,bs=[2,1],nr=[1,1],per=[0,1,2,3],k_v=2113,o=1,src_overlap=0,m_v=0,pad=0): [1;32mOK[0m
  MUL_MAT(type_a=bf16,type_b=f32,m=1057,n=1,k=128,bs=[2,1],nr=[1,1],per=[0,2,1,3],k_v=0,o=1,src_overlap=0,m_v=0,pad=0): [1;32mOK[0m
  MUL_MAT(type_a=bf16,type_b=f32,m=129,n=1,k=1056,bs=[2,1],nr=[1,1],per=[0,1,2,3],k_v=2112,o=1,src_overlap=0,m_v=0,pad=0): [1;32mOK[0m
  MUL_MAT(type_a=bf16,type_b=f32,m=1057,n=1,k=129,bs=[2,1],nr=[1,1],per=[0,2,1,3],k_v=0,o=1,src_overlap=0,m_v=0,pad=0): [1;32mOK[0m
  MUL_MAT(type_a=bf16,type_b=f32,m=129,n=1,k=1057,bs=[2,1],nr=[1,1],per=[0,1,2,3],k_v=2113,o=1,src_overlap=0,m_v=0,pad=0): [1;32mOK[0m
ggml_metal_library_compile_pipeline: compiling pipeline: base = 'kernel_mul_mv_bf16_f32_4', name = 'kernel_mul_mv_bf16_f32_4_nsg=1_ne12=8_r2=4_r3=1_split=0'
ggml_metal_library_compile_pipeline: loaded kernel_mul_mv_bf16_f32_4_nsg=1_ne12=8_r2=4_r3=1_split=0     0x7b45b71180 | th_max = 1024 | th_width =   32
  MUL_MAT(type_a=bf16,type_b=f32,m=1056,n=1,k=128,bs=[2,1],nr=[4,1],per=[0,2,1,3],k_v=0,o=1,src_overlap=0,m_v=0,pad=0): [1;32mOK[0m
ggml_metal_library_compile_pipeline: compiling pipeline: base = 'kernel_mul_mv_bf16_f32_4', name = 'kernel_mul_mv_bf16_f32_4_nsg=4_ne12=8_r2=4_r3=1_split=0'
ggml_metal_library_compile_pipeline: loaded kernel_mul_mv_bf16_f32_4_nsg=4_ne12=8_r2=4_r3=1_split=0     0x7b45b71500 | th_max = 1024 | th_width =   32
  MUL_MAT(type_a=bf16,type_b=f32,m=128,n=1,k=1056,bs=[2,1],nr=[4,1],per=[0,1,2,3],k_v=2112,o=1,src_overlap=0,m_v=0,pad=0): [1;32mOK[0m
ggml_metal_library_compile_pipeline: compiling pipeline: base = 'kernel_mul_mv_bf16_f32', name = 'kernel_mul_mv_bf16_f32_nsg=2_ne12=8_r2=4_r3=1_split=0'
ggml_metal_library_compile_pipeline: loaded kernel_mul_mv_bf16_f32_nsg=2_ne12=8_r2=4_r3=1_split=0     0x7b45b71880 | th_max = 1024 | th_width =   32
  MUL_MAT(type_a=bf16,type_b=f32,m=1056,n=1,k=129,bs=[2,1],nr=[4,1],per=[0,2,1,3],k_v=0,o=1,src_overlap=0,m_v=0,pad=0): [1;32mOK[0m
ggml_metal_library_compile_pipeline: compiling pipeline: base = 'kernel_mul_mv_bf16_f32', name = 'kernel_mul_mv_bf16_f32_nsg=4_ne12=8_r2=4_r3=1_split=0'
ggml_metal_library_compile_pipeline: loaded kernel_mul_mv_bf16_f32_nsg=4_ne12=8_r2=4_r3=1_split=0     0x7b45b71c00 | th_max = 1024 | th_width =   32
  MUL_MAT(type_a=bf16,type_b=f32,m=128,n=1,k=1057,bs=[2,1],nr=[4,1],per=[0,1,2,3],k_v=2113,o=1,src_overlap=0,m_v=0,pad=0): [1;32mOK[0m
  MUL_MAT(type_a=bf16,type_b=f32,m=1057,n=1,k=128,bs=[2,1],nr=[4,1],per=[0,2,1,3],k_v=0,o=1,src_overlap=0,m_v=0,pad=0): [1;32mOK[0m
  MUL_MAT(type_a=bf16,type_b=f32,m=129,n=1,k=1056,bs=[2,1],nr=[4,1],per=[0,1,2,3],k_v=2112,o=1,src_overlap=0,m_v=0,pad=0): [1;32mOK[0m
  MUL_MAT(type_a=bf16,type_b=f32,m=1057,n=1,k=129,bs=[2,1],nr=[4,1],per=[0,2,1,3],k_v=0,o=1,src_overlap=0,m_v=0,pad=0): [1;32mOK[0m
  MUL_MAT(type_a=bf16,type_b=f32,m=129,n=1,k=1057,bs=[2,1],nr=[4,1],per=[0,1,2,3],k_v=2113,o=1,src_overlap=0,m_v=0,pad=0): [1;32mOK[0m
ggml_metal_library_compile_pipeline: compiling pipeline: base = 'kernel_mul_mv_bf16_f32_4', name = 'kernel_mul_mv_bf16_f32_4_nsg=1_ne12=4_r2=1_r3=1_split=0'
ggml_metal_library_compile_pipeline: loaded kernel_mul_mv_bf16_f32_4_nsg=1_ne12=4_r2=1_r3=1_split=0     0x7b45b71f80 | th_max = 1024 | th_width =   32
  MUL_MAT(type_a=bf16,type_b=f32,m=1056,n=1,k=128,bs=[4,1],nr=[1,1],per=[0,2,1,3],k_v=0,o=1,src_overlap=0,m_v=0,pad=0): [1;32mOK[0m
ggml_metal_library_compile_pipeline: compiling pipeline: base = 'kernel_mul_mv_bf16_f32_4', name = 'kernel_mul_mv_bf16_f32_4_nsg=4_ne12=4_r2=1_r3=1_split=0'
ggml_metal_library_compile_pipeline: loaded kernel_mul_mv_bf16_f32_4_nsg=4_ne12=4_r2=1_r3=1_split=0     0x7b45b72300 | th_max = 1024 | th_width =   32
  MUL_MAT(type_a=bf16,type_b=f32,m=128,n=1,k=1056,bs=[4,1],nr=[1,1],per=[0,1,2,3],k_v=2112,o=1,src_overlap=0,m_v=0,pad=0): [1;32mOK[0m
ggml_metal_library_compile_pipeline: compiling pipeline: base = 'kernel_mul_mv_bf16_f32', name = 'kernel_mul_mv_bf16_f32_nsg=2_ne12=4_r2=1_r3=1_split=0'
ggml_metal_library_compile_pipeline: loaded kernel_mul_mv_bf16_f32_nsg=2_ne12=4_r2=1_r3=1_split=0     0x7b45b72680 | th_max = 1024 | th_width =   32
  MUL_MAT(type_a=bf16,type_b=f32,m=1056,n=1,k=129,bs=[4,1],nr=[1,1],per=[0,2,1,3],k_v=0,o=1,src_overlap=0,m_v=0,pad=0): [1;32mOK[0m
ggml_metal_library_compile_pipeline: compiling pipeline: base = 'kernel_mul_mv_bf16_f32', name = 'kernel_mul_mv_bf16_f32_nsg=4_ne12=4_r2=1_r3=1_split=0'
ggml_metal_library_compile_pipeline: loaded kernel_mul_mv_bf16_f32_nsg=4_ne12=4_r2=1_r3=1_split=0     0x7b45b72a00 | th_max = 1024 | th_width =   32
  MUL_MAT(type_a=bf16,type_b=f32,m=128,n=1,k=1057,bs=[4,1],nr=[1,1],per=[0,1,2,3],k_v=2113,o=1,src_overlap=0,m_v=0,pad=0): [1;32mOK[0m
  MUL_MAT(type_a=bf16,type_b=f32,m=1057,n=1,k=128,bs=[4,1],nr=[1,1],per=[0,2,1,3],k_v=0,o=1,src_overlap=0,m_v=0,pad=0): [1;32mOK[0m
  MUL_MAT(type_a=bf16,type_b=f32,m=129,n=1,k=1056,bs=[4,1],nr=[1,1],per=[0,1,2,3],k_v=2112,o=1,src_overlap=0,m_v=0,pad=0): [1;32mOK[0m
  MUL_MAT(type_a=bf16,type_b=f32,m=1057,n=1,k=129,bs=[4,1],nr=[1,1],per=[0,2,1,3],k_v=0,o=1,src_overlap=0,m_v=0,pad=0): [1;32mOK[0m
  MUL_MAT(type_a=bf16,type_b=f32,m=129,n=1,k=1057,bs=[4,1],nr=[1,1],per=[0,1,2,3],k_v=2113,o=1,src_overlap=0,m_v=0,pad=0): [1;32mOK[0m
ggml_metal_library_compile_pipeline: compiling pipeline: base = 'kernel_mul_mv_bf16_f32_4', name = 'kernel_mul_mv_bf16_f32_4_nsg=1_ne12=16_r2=4_r3=1_split=0'
ggml_metal_library_compile_pipeline: loaded kernel_mul_mv_bf16_f32_4_nsg=1_ne12=16_r2=4_r3=1_split=0     0x7b45b72d80 | th_max = 1024 | th_width =   32
  MUL_MAT(type_a=bf16,type_b=f32,m=1056,n=1,k=128,bs=[4,1],nr=[4,1],per=[0,2,1,3],k_v=0,o=1,src_overlap=0,m_v=0,pad=0): [1;32mOK[0m
ggml_metal_library_compile_pipeline: compiling pipeline: base = 'kernel_mul_mv_bf16_f32_4', name = 'kernel_mul_mv_bf16_f32_4_nsg=4_ne12=16_r2=4_r3=1_split=0'
ggml_metal_library_compile_pipeline: loaded kernel_mul_mv_bf16_f32_4_nsg=4_ne12=16_r2=4_r3=1_split=0     0x7b45b73100 | th_max = 1024 | th_width =   32
  MUL_MAT(type_a=bf16,type_b=f32,m=128,n=1,k=1056,bs=[4,1],nr=[4,1],per=[0,1,2,3],k_v=2112,o=1,src_overlap=0,m_v=0,pad=0): [1;32mOK[0m
ggml_metal_library_compile_pipeline: compiling pipeline: base = 'kernel_mul_mv_bf16_f32', name = 'kernel_mul_mv_bf16_f32_nsg=2_ne12=16_r2=4_r3=1_split=0'
ggml_metal_library_compile_pipeline: loaded kernel_mul_mv_bf16_f32_nsg=2_ne12=16_r2=4_r3=1_split=0     0x7b45b73480 | th_max = 1024 | th_width =   32
  MUL_MAT(type_a=bf16,type_b=f32,m=1056,n=1,k=129,bs=[4,1],nr=[4,1],per=[0,2,1,3],k_v=0,o=1,src_overlap=0,m_v=0,pad=0): [1;32mOK[0m
ggml_metal_library_compile_pipeline: compiling pipeline: base = 'kernel_mul_mv_bf16_f32', name = 'kernel_mul_mv_bf16_f32_nsg=4_ne12=16_r2=4_r3=1_split=0'
ggml_metal_library_compile_pipeline: loaded kernel_mul_mv_bf16_f32_nsg=4_ne12=16_r2=4_r3=1_split=0     0x7b45b73800 | th_max = 1024 | th_width =   32
  MUL_MAT(type_a=bf16,type_b=f32,m=128,n=1,k=1057,bs=[4,1],nr=[4,1],per=[0,1,2,3],k_v=2113,o=1,src_overlap=0,m_v=0,pad=0): [1;32mOK[0m
  MUL_MAT(type_a=bf16,type_b=f32,m=1057,n=1,k=128,bs=[4,1],nr=[4,1],per=[0,2,1,3],k_v=0,o=1,src_overlap=0,m_v=0,pad=0): [1;32mOK[0m
  MUL_MAT(type_a=bf16,type_b=f32,m=129,n=1,k=1056,bs=[4,1],nr=[4,1],per=[0,1,2,3],k_v=2112,o=1,src_overlap=0,m_v=0,pad=0): [1;32mOK[0m
  MUL_MAT(type_a=bf16,type_b=f32,m=1057,n=1,k=129,bs=[4,1],nr=[4,1],per=[0,2,1,3],k_v=0,o=1,src_overlap=0,m_v=0,pad=0): [1;32mOK[0m
  MUL_MAT(type_a=bf16,type_b=f32,m=129,n=1,k=1057,bs=[4,1],nr=[4,1],per=[0,1,2,3],k_v=2113,o=1,src_overlap=0,m_v=0,pad=0): [1;32mOK[0m
ggml_metal_library_compile_pipeline: compiling pipeline: base = 'kernel_mul_mv_bf16_f32_4', name = 'kernel_mul_mv_bf16_f32_4_nsg=1_ne12=8_r2=1_r3=1_split=0'
ggml_metal_library_compile_pipeline: loaded kernel_mul_mv_bf16_f32_4_nsg=1_ne12=8_r2=1_r3=1_split=0     0x7b45b73b80 | th_max = 1024 | th_width =   32
  MUL_MAT(type_a=bf16,type_b=f32,m=1056,n=1,k=128,bs=[8,1],nr=[1,1],per=[0,2,1,3],k_v=0,o=1,src_overlap=0,m_v=0,pad=0): [1;32mOK[0m
ggml_metal_library_compile_pipeline: compiling pipeline: base = 'kernel_mul_mv_bf16_f32_4', name = 'kernel_mul_mv_bf16_f32_4_nsg=4_ne12=8_r2=1_r3=1_split=0'
ggml_metal_library_compile_pipeline: loaded kernel_mul_mv_bf16_f32_4_nsg=4_ne12=8_r2=1_r3=1_split=0     0x7b45b70700 | th_max = 1024 | th_width =   32
  MUL_MAT(type_a=bf16,type_b=f32,m=128,n=1,k=1056,bs=[8,1],nr=[1,1],per=[0,1,2,3],k_v=2112,o=1,src_overlap=0,m_v=0,pad=0): [1;32mOK[0m
ggml_metal_library_compile_pipeline: compiling pipeline: base = 'kernel_mul_mv_bf16_f32', name = 'kernel_mul_mv_bf16_f32_nsg=2_ne12=8_r2=1_r3=1_split=0'
ggml_metal_library_compile_pipeline: loaded kernel_mul_mv_bf16_f32_nsg=2_ne12=8_r2=1_r3=1_split=0     0x7b45b70380 | th_max = 1024 | th_width =   32
  MUL_MAT(type_a=bf16,type_b=f32,m=1056,n=1,k=129,bs=[8,1],nr=[1,1],per=[0,2,1,3],k_v=0,o=1,src_overlap=0,m_v=0,pad=0): [1;32mOK[0m
ggml_metal_library_compile_pipeline: compiling pipeline: base = 'kernel_mul_mv_bf16_f32', name = 'kernel_mul_mv_bf16_f32_nsg=4_ne12=8_r2=1_r3=1_split=0'
ggml_metal_library_compile_pipeline: loaded kernel_mul_mv_bf16_f32_nsg=4_ne12=8_r2=1_r3=1_split=0     0x7b45b78000 | th_max = 1024 | th_width =   32
  MUL_MAT(type_a=bf16,type_b=f32,m=128,n=1,k=1057,bs=[8,1],nr=[1,1],per=[0,1,2,3],k_v=2113,o=1,src_overlap=0,m_v=0,pad=0): [1;32mOK[0m
  MUL_MAT(type_a=bf16,type_b=f32,m=1057,n=1,k=128,bs=[8,1],nr=[1,1],per=[0,2,1,3],k_v=0,o=1,src_overlap=0,m_v=0,pad=0): [1;32mOK[0m
  MUL_MAT(type_a=bf16,type_b=f32,m=129,n=1,k=1056,bs=[8,1],nr=[1,1],per=[0,1,2,3],k_v=2112,o=1,src_overlap=0,m_v=0,pad=0): [1;32mOK[0m
  MUL_MAT(type_a=bf16,type_b=f32,m=1057,n=1,k=129,bs=[8,1],nr=[1,1],per=[0,2,1,3],k_v=0,o=1,src_overlap=0,m_v=0,pad=0): [1;32mOK[0m
  MUL_MAT(type_a=bf16,type_b=f32,m=129,n=1,k=1057,bs=[8,1],nr=[1,1],per=[0,1,2,3],k_v=2113,o=1,src_overlap=0,m_v=0,pad=0): [1;32mOK[0m
ggml_metal_library_compile_pipeline: compiling pipeline: base = 'kernel_mul_mv_bf16_f32_4', name = 'kernel_mul_mv_bf16_f32_4_nsg=1_ne12=32_r2=4_r3=1_split=0'
ggml_metal_library_compile_pipeline: loaded kernel_mul_mv_bf16_f32_4_nsg=1_ne12=32_r2=4_r3=1_split=0     0x7b45b78a80 | th_max = 1024 | th_width =   32
  MUL_MAT(type_a=bf16,type_b=f32,m=1056,n=1,k=128,bs=[8,1],nr=[4,1],per=[0,2,1,3],k_v=0,o=1,src_overlap=0,m_v=0,pad=0): [1;32mOK[0m
ggml_metal_library_compile_pipeline: compiling pipeline: base = 'kernel_mul_mv_bf16_f32_4', name = 'kernel_mul_mv_bf16_f32_4_nsg=4_ne12=32_r2=4_r3=1_split=0'
ggml_metal_library_compile_pipeline: loaded kernel_mul_mv_bf16_f32_4_nsg=4_ne12=32_r2=4_r3=1_split=0     0x7b45b78e00 | th_max = 1024 | th_width =   32
  MUL_MAT(type_a=bf16,type_b=f32,m=128,n=1,k=1056,bs=[8,1],nr=[4,1],per=[0,1,2,3],k_v=2112,o=1,src_overlap=0,m_v=0,pad=0): [1;32mOK[0m
ggml_metal_library_compile_pipeline: compiling pipeline: base = 'kernel_mul_mv_bf16_f32', name = 'kernel_mul_mv_bf16_f32_nsg=2_ne12=32_r2=4_r3=1_split=0'
ggml_metal_library_compile_pipeline: loaded kernel_mul_mv_bf16_f32_nsg=2_ne12=32_r2=4_r3=1_split=0     0x7b45b79180 | th_max = 1024 | th_width =   32
  MUL_MAT(type_a=bf16,type_b=f32,m=1056,n=1,k=129,bs=[8,1],nr=[4,1],per=[0,2,1,3],k_v=0,o=1,src_overlap=0,m_v=0,pad=0): [1;32mOK[0m
ggml_metal_library_compile_pipeline: compiling pipeline: base = 'kernel_mul_mv_bf16_f32', name = 'kernel_mul_mv_bf16_f32_nsg=4_ne12=32_r2=4_r3=1_split=0'
ggml_metal_library_compile_pipeline: loaded kernel_mul_mv_bf16_f32_nsg=4_ne12=32_r2=4_r3=1_split=0     0x7b45b79500 | th_max = 1024 | th_width =   32
  MUL_MAT(type_a=bf16,type_b=f32,m=128,n=1,k=1057,bs=[8,1],nr=[4,1],per=[0,1,2,3],k_v=2113,o=1,src_overlap=0,m_v=0,pad=0): [1;32mOK[0m
  MUL_MAT(type_a=bf16,type_b=f32,m=1057,n=1,k=128,bs=[8,1],nr=[4,1],per=[0,2,1,3],k_v=0,o=1,src_overlap=0,m_v=0,pad=0): [1;32mOK[0m
  MUL_MAT(type_a=bf16,type_b=f32,m=129,n=1,k=1056,bs=[8,1],nr=[4,1],per=[0,1,2,3],k_v=2112,o=1,src_overlap=0,m_v=0,pad=0): [1;32mOK[0m
  MUL_MAT(type_a=bf16,type_b=f32,m=1057,n=1,k=129,bs=[8,1],nr=[4,1],per=[0,2,1,3],k_v=0,o=1,src_overlap=0,m_v=0,pad=0): [1;32mOK[0m
  MUL_MAT(type_a=bf16,type_b=f32,m=129,n=1,k=1057,bs=[8,1],nr=[4,1],per=[0,1,2,3],k_v=2113,o=1,src_overlap=0,m_v=0,pad=0): [1;32mOK[0m
  MUL_MAT(type_a=bf16,type_b=f32,m=1056,n=1,k=128,bs=[1,3],nr=[1,1],per=[0,2,1,3],k_v=0,o=1,src_overlap=0,m_v=0,pad=0): [1;32mOK[0m
  MUL_MAT(type_a=bf16,type_b=f32,m=128,n=1,k=1056,bs=[1,3],nr=[1,1],per=[0,1,2,3],k_v=2112,o=1,src_overlap=0,m_v=0,pad=0): [1;32mOK[0m
  MUL_MAT(type_a=bf16,type_b=f32,m=1056,n=1,k=129,bs=[1,3],nr=[1,1],per=[0,2,1,3],k_v=0,o=1,src_overlap=0,m_v=0,pad=0): [1;32mOK[0m
  MUL_MAT(type_a=bf16,type_b=f32,m=128,n=1,k=1057,bs=[1,3],nr=[1,1],per=[0,1,2,3],k_v=2113,o=1,src_overlap=0,m_v=0,pad=0): [1;32mOK[0m
  MUL_MAT(type_a=bf16,type_b=f32,m=1057,n=1,k=128,bs=[1,3],nr=[1,1],per=[0,2,1,3],k_v=0,o=1,src_overlap=0,m_v=0,pad=0): [1;32mOK[0m
  MUL_MAT(type_a=bf16,type_b=f32,m=129,n=1,k=1056,bs=[1,3],nr=[1,1],per=[0,1,2,3],k_v=2112,o=1,src_overlap=0,m_v=0,pad=0): [1;32mOK[0m
  MUL_MAT(type_a=bf16,type_b=f32,m=1057,n=1,k=129,bs=[1,3],nr=[1,1],per=[0,2,1,3],k_v=0,o=1,src_overlap=0,m_v=0,pad=0): [1;32mOK[0m
  MUL_MAT(type_a=bf16,type_b=f32,m=129,n=1,k=1057,bs=[1,3],nr=[1,1],per=[0,1,2,3],k_v=2113,o=1,src_overlap=0,m_v=0,pad=0): [1;32mOK[0m
  MUL_MAT(type_a=bf16,type_b=f32,m=1056,n=1,k=128,bs=[1,3],nr=[4,1],per=[0,2,1,3],k_v=0,o=1,src_overlap=0,m_v=0,pad=0): [1;32mOK[0m
  MUL_MAT(type_a=bf16,type_b=f32,m=128,n=1,k=1056,bs=[1,3],nr=[4,1],per=[0,1,2,3],k_v=2112,o=1,src_overlap=0,m_v=0,pad=0): [1;32mOK[0m
  MUL_MAT(type_a=bf16,type_b=f32,m=1056,n=1,k=129,bs=[1,3],nr=[4,1],per=[0,2,1,3],k_v=0,o=1,src_overlap=0,m_v=0,pad=0): [1;32mOK[0m
  MUL_MAT(type_a=bf16,type_b=f32,m=128,n=1,k=1057,bs=[1,3],nr=[4,1],per=[0,1,2,3],k_v=2113,o=1,src_overlap=0,m_v=0,pad=0): [1;32mOK[0m
  MUL_MAT(type_a=bf16,type_b=f32,m=1057,n=1,k=128,bs=[1,3],nr=[4,1],per=[0,2,1,3],k_v=0,o=1,src_overlap=0,m_v=0,pad=0): [1;32mOK[0m
  MUL_MAT(type_a=bf16,type_b=f32,m=129,n=1,k=1056,bs=[1,3],nr=[4,1],per=[0,1,2,3],k_v=2112,o=1,src_overlap=0,m_v=0,pad=0): [1;32mOK[0m
  MUL_MAT(type_a=bf16,type_b=f32,m=1057,n=1,k=129,bs=[1,3],nr=[4,1],per=[0,2,1,3],k_v=0,o=1,src_overlap=0,m_v=0,pad=0): [1;32mOK[0m
  MUL_MAT(type_a=bf16,type_b=f32,m=129,n=1,k=1057,bs=[1,3],nr=[4,1],per=[0,1,2,3],k_v=2113,o=1,src_overlap=0,m_v=0,pad=0): [1;32mOK[0m
  MUL_MAT(type_a=bf16,type_b=f32,m=1056,n=1,k=128,bs=[2,3],nr=[1,1],per=[0,2,1,3],k_v=0,o=1,src_overlap=0,m_v=0,pad=0): [1;32mOK[0m
  MUL_MAT(type_a=bf16,type_b=f32,m=128,n=1,k=1056,bs=[2,3],nr=[1,1],per=[0,1,2,3],k_v=2112,o=1,src_overlap=0,m_v=0,pad=0): [1;32mOK[0m
  MUL_MAT(type_a=bf16,type_b=f32,m=1056,n=1,k=129,bs=[2,3],nr=[1,1],per=[0,2,1,3],k_v=0,o=1,src_overlap=0,m_v=0,pad=0): [1;32mOK[0m
  MUL_MAT(type_a=bf16,type_b=f32,m=128,n=1,k=1057,bs=[2,3],nr=[1,1],per=[0,1,2,3],k_v=2113,o=1,src_overlap=0,m_v=0,pad=0): [1;32mOK[0m
  MUL_MAT(type_a=bf16,type_b=f32,m=1057,n=1,k=128,bs=[2,3],nr=[1,1],per=[0,2,1,3],k_v=0,o=1,src_overlap=0,m_v=0,pad=0): [1;32mOK[0m
  MUL_MAT(type_a=bf16,type_b=f32,m=129,n=1,k=1056,bs=[2,3],nr=[1,1],per=[0,1,2,3],k_v=2112,o=1,src_overlap=0,m_v=0,pad=0): [1;32mOK[0m
  MUL_MAT(type_a=bf16,type_b=f32,m=1057,n=1,k=129,bs=[2,3],nr=[1,1],per=[0,2,1,3],k_v=0,o=1,src_overlap=0,m_v=0,pad=0): [1;32mOK[0m
  MUL_MAT(type_a=bf16,type_b=f32,m=129,n=1,k=1057,bs=[2,3],nr=[1,1],per=[0,1,2,3],k_v=2113,o=1,src_overlap=0,m_v=0,pad=0): [1;32mOK[0m
  MUL_MAT(type_a=bf16,type_b=f32,m=1056,n=1,k=128,bs=[2,3],nr=[4,1],per=[0,2,1,3],k_v=0,o=1,src_overlap=0,m_v=0,pad=0): [1;32mOK[0m
  MUL_MAT(type_a=bf16,type_b=f32,m=128,n=1,k=1056,bs=[2,3],nr=[4,1],per=[0,1,2,3],k_v=2112,o=1,src_overlap=0,m_v=0,pad=0): [1;32mOK[0m
  MUL_MAT(type_a=bf16,type_b=f32,m=1056,n=1,k=129,bs=[2,3],nr=[4,1],per=[0,2,1,3],k_v=0,o=1,src_overlap=0,m_v=0,pad=0): [1;32mOK[0m
  MUL_MAT(type_a=bf16,type_b=f32,m=128,n=1,k=1057,bs=[2,3],nr=[4,1],per=[0,1,2,3],k_v=2113,o=1,src_overlap=0,m_v=0,pad=0): [1;32mOK[0m
  MUL_MAT(type_a=bf16,type_b=f32,m=1057,n=1,k=128,bs=[2,3],nr=[4,1],per=[0,2,1,3],k_v=0,o=1,src_overlap=0,m_v=0,pad=0): [1;32mOK[0m
  MUL_MAT(type_a=bf16,type_b=f32,m=129,n=1,k=1056,bs=[2,3],nr=[4,1],per=[0,1,2,3],k_v=2112,o=1,src_overlap=0,m_v=0,pad=0): [1;32mOK[0m
  MUL_MAT(type_a=bf16,type_b=f32,m=1057,n=1,k=129,bs=[2,3],nr=[4,1],per=[0,2,1,3],k_v=0,o=1,src_overlap=0,m_v=0,pad=0): [1;32mOK[0m
  MUL_MAT(type_a=bf16,type_b=f32,m=129,n=1,k=1057,bs=[2,3],nr=[4,1],per=[0,1,2,3],k_v=2113,o=1,src_overlap=0,m_v=0,pad=0): [1;32mOK[0m
  MUL_MAT(type_a=bf16,type_b=f32,m=1056,n=1,k=128,bs=[4,3],nr=[1,1],per=[0,2,1,3],k_v=0,o=1,src_overlap=0,m_v=0,pad=0): [1;32mOK[0m
  MUL_MAT(type_a=bf16,type_b=f32,m=128,n=1,k=1056,bs=[4,3],nr=[1,1],per=[0,1,2,3],k_v=2112,o=1,src_overlap=0,m_v=0,pad=0): [1;32mOK[0m
  MUL_MAT(type_a=bf16,type_b=f32,m=1056,n=1,k=129,bs=[4,3],nr=[1,1],per=[0,2,1,3],k_v=0,o=1,src_overlap=0,m_v=0,pad=0): [1;32mOK[0m
  MUL_MAT(type_a=bf16,type_b=f32,m=128,n=1,k=1057,bs=[4,3],nr=[1,1],per=[0,1,2,3],k_v=2113,o=1,src_overlap=0,m_v=0,pad=0): [1;32mOK[0m
  MUL_MAT(type_a=bf16,type_b=f32,m=1057,n=1,k=128,bs=[4,3],nr=[1,1],per=[0,2,1,3],k_v=0,o=1,src_overlap=0,m_v=0,pad=0): [1;32mOK[0m
  MUL_MAT(type_a=bf16,type_b=f32,m=129,n=1,k=1056,bs=[4,3],nr=[1,1],per=[0,1,2,3],k_v=2112,o=1,src_overlap=0,m_v=0,pad=0): [1;32mOK[0m
  MUL_MAT(type_a=bf16,type_b=f32,m=1057,n=1,k=129,bs=[4,3],nr=[1,1],per=[0,2,1,3],k_v=0,o=1,src_overlap=0,m_v=0,pad=0): [1;32mOK[0m
  MUL_MAT(type_a=bf16,type_b=f32,m=129,n=1,k=1057,bs=[4,3],nr=[1,1],per=[0,1,2,3],k_v=2113,o=1,src_overlap=0,m_v=0,pad=0): [1;32mOK[0m
  MUL_MAT(type_a=bf16,type_b=f32,m=1056,n=1,k=128,bs=[4,3],nr=[4,1],per=[0,2,1,3],k_v=0,o=1,src_overlap=0,m_v=0,pad=0): [1;32mOK[0m
  MUL_MAT(type_a=bf16,type_b=f32,m=128,n=1,k=1056,bs=[4,3],nr=[4,1],per=[0,1,2,3],k_v=2112,o=1,src_overlap=0,m_v=0,pad=0): [1;32mOK[0m
  MUL_MAT(type_a=bf16,type_b=f32,m=1056,n=1,k=129,bs=[4,3],nr=[4,1],per=[0,2,1,3],k_v=0,o=1,src_overlap=0,m_v=0,pad=0): [1;32mOK[0m
  MUL_MAT(type_a=bf16,type_b=f32,m=128,n=1,k=1057,bs=[4,3],nr=[4,1],per=[0,1,2,3],k_v=2113,o=1,src_overlap=0,m_v=0,pad=0): [1;32mOK[0m
  MUL_MAT(type_a=bf16,type_b=f32,m=1057,n=1,k=128,bs=[4,3],nr=[4,1],per=[0,2,1,3],k_v=0,o=1,src_overlap=0,m_v=0,pad=0): [1;32mOK[0m
  MUL_MAT(type_a=bf16,type_b=f32,m=129,n=1,k=1056,bs=[4,3],nr=[4,1],per=[0,1,2,3],k_v=2112,o=1,src_overlap=0,m_v=0,pad=0): [1;32mOK[0m
  MUL_MAT(type_a=bf16,type_b=f32,m=1057,n=1,k=129,bs=[4,3],nr=[4,1],per=[0,2,1,3],k_v=0,o=1,src_overlap=0,m_v=0,pad=0): [1;32mOK[0m
  MUL_MAT(type_a=bf16,type_b=f32,m=129,n=1,k=1057,bs=[4,3],nr=[4,1],per=[0,1,2,3],k_v=2113,o=1,src_overlap=0,m_v=0,pad=0): [1;32mOK[0m
  MUL_MAT(type_a=bf16,type_b=f32,m=1056,n=1,k=128,bs=[8,3],nr=[1,1],per=[0,2,1,3],k_v=0,o=1,src_overlap=0,m_v=0,pad=0): [1;32mOK[0m
  MUL_MAT(type_a=bf16,type_b=f32,m=128,n=1,k=1056,bs=[8,3],nr=[1,1],per=[0,1,2,3],k_v=2112,o=1,src_overlap=0,m_v=0,pad=0): [1;32mOK[0m
  MUL_MAT(type_a=bf16,type_b=f32,m=1056,n=1,k=129,bs=[8,3],nr=[1,1],per=[0,2,1,3],k_v=0,o=1,src_overlap=0,m_v=0,pad=0): [1;32mOK[0m
  MUL_MAT(type_a=bf16,type_b=f32,m=128,n=1,k=1057,bs=[8,3],nr=[1,1],per=[0,1,2,3],k_v=2113,o=1,src_overlap=0,m_v=0,pad=0): [1;32mOK[0m
  MUL_MAT(type_a=bf16,type_b=f32,m=1057,n=1,k=128,bs=[8,3],nr=[1,1],per=[0,2,1,3],k_v=0,o=1,src_overlap=0,m_v=0,pad=0): [1;32mOK[0m
  MUL_MAT(type_a=bf16,type_b=f32,m=129,n=1,k=1056,bs=[8,3],nr=[1,1],per=[0,1,2,3],k_v=2112,o=1,src_overlap=0,m_v=0,pad=0): [1;32mOK[0m
  MUL_MAT(type_a=bf16,type_b=f32,m=1057,n=1,k=129,bs=[8,3],nr=[1,1],per=[0,2,1,3],k_v=0,o=1,src_overlap=0,m_v=0,pad=0): [1;32mOK[0m
  MUL_MAT(type_a=bf16,type_b=f32,m=129,n=1,k=1057,bs=[8,3],nr=[1,1],per=[0,1,2,3],k_v=2113,o=1,src_overlap=0,m_v=0,pad=0): [1;32mOK[0m
  MUL_MAT(type_a=bf16,type_b=f32,m=1056,n=1,k=128,bs=[8,3],nr=[4,1],per=[0,2,1,3],k_v=0,o=1,src_overlap=0,m_v=0,pad=0): [1;32mOK[0m
  MUL_MAT(type_a=bf16,type_b=f32,m=128,n=1,k=1056,bs=[8,3],nr=[4,1],per=[0,1,2,3],k_v=2112,o=1,src_overlap=0,m_v=0,pad=0): [1;32mOK[0m
  MUL_MAT(type_a=bf16,type_b=f32,m=1056,n=1,k=129,bs=[8,3],nr=[4,1],per=[0,2,1,3],k_v=0,o=1,src_overlap=0,m_v=0,pad=0): [1;32mOK[0m
  MUL_MAT(type_a=bf16,type_b=f32,m=128,n=1,k=1057,bs=[8,3],nr=[4,1],per=[0,1,2,3],k_v=2113,o=1,src_overlap=0,m_v=0,pad=0): [1;32mOK[0m
  MUL_MAT(type_a=bf16,type_b=f32,m=1057,n=1,k=128,bs=[8,3],nr=[4,1],per=[0,2,1,3],k_v=0,o=1,src_overlap=0,m_v=0,pad=0): [1;32mOK[0m
  MUL_MAT(type_a=bf16,type_b=f32,m=129,n=1,k=1056,bs=[8,3],nr=[4,1],per=[0,1,2,3],k_v=2112,o=1,src_overlap=0,m_v=0,pad=0): [1;32mOK[0m
  MUL_MAT(type_a=bf16,type_b=f32,m=1057,n=1,k=129,bs=[8,3],nr=[4,1],per=[0,2,1,3],k_v=0,o=1,src_overlap=0,m_v=0,pad=0): [1;32mOK[0m
  MUL_MAT(type_a=bf16,type_b=f32,m=129,n=1,k=1057,bs=[8,3],nr=[4,1],per=[0,1,2,3],k_v=2113,o=1,src_overlap=0,m_v=0,pad=0): [1;32mOK[0m
ggml_metal_library_compile_pipeline: compiling pipeline: base = 'kernel_mul_mv_id_bf16_f32', name = 'kernel_mul_mv_id_bf16_f32_nsg=1_split=0'
ggml_metal_library_compile_pipeline: loaded kernel_mul_mv_id_bf16_f32_nsg=1_split=0      0x7b45b78380 | th_max = 1024 | th_width =   32
  MUL_MAT_ID(type_a=bf16,type_b=f32,n_mats=4,n_used=2,b=0,m=64,n=16,k=3,amax=1.000000,m_v=0): [1;32mOK[0m
ggml_metal_library_compile_pipeline: compiling pipeline: base = 'kernel_mul_mv_id_q2_0_f32', name = 'kernel_mul_mv_id_q2_0_f32_nsg=2_split=0'
ggml_metal_library_compile_pipeline: loaded kernel_mul_mv_id_q2_0_f32_nsg=2_split=0      0x7b45b79880 | th_max = 1024 | th_width =   32
  MUL_MAT_ID(type_a=q2_0,type_b=f32,n_mats=4,n_used=2,b=0,m=64,n=16,k=192,amax=1.000000,m_v=0): [1;32mOK[0m
ggml_metal_library_compile_pipeline: compiling pipeline: base = 'kernel_mul_mv_id_q3_K_f32', name = 'kernel_mul_mv_id_q3_K_f32_nsg=2_split=0'
ggml_metal_library_compile_pipeline: loaded kernel_mul_mv_id_q3_K_f32_nsg=2_split=0      0x7b45b78700 | th_max = 1024 | th_width =   32
  MUL_MAT_ID(type_a=q3_K,type_b=f32,n_mats=4,n_used=2,b=0,m=64,n=16,k=768,amax=1.000000,m_v=0): [1;32mOK[0m
ggml_metal_library_compile_pipeline: compiling pipeline: base = 'kernel_mul_mv_id_q5_K_f32', name = 'kernel_mul_mv_id_q5_K_f32_nsg=2_split=0'
ggml_metal_library_compile_pipeline: loaded kernel_mul_mv_id_q5_K_f32_nsg=2_split=0      0x7b45b79c00 | th_max = 1024 | th_width =   32
  MUL_MAT_ID(type_a=q5_K,type_b=f32,n_mats=4,n_used=2,b=0,m=64,n=16,k=768,amax=1.000000,m_v=0): [1;32mOK[0m
ggml_metal_library_compile_pipeline: compiling pipeline: base = 'kernel_mul_mv_id_iq4_nl_f32', name = 'kernel_mul_mv_id_iq4_nl_f32_nsg=2_split=0'
ggml_metal_library_compile_pipeline: loaded kernel_mul_mv_id_iq4_nl_f32_nsg=2_split=0     0x7b45b79f80 | th_max = 1024 | th_width =   32
  MUL_MAT_ID(type_a=iq4_nl,type_b=f32,n_mats=4,n_used=2,b=0,m=64,n=16,k=96,amax=1.000000,m_v=0): [1;32mOK[0m
ggml_metal_library_compile_pipeline: compiling pipeline: base = 'kernel_mul_mv_id_iq4_xs_f32', name = 'kernel_mul_mv_id_iq4_xs_f32_nsg=2_split=0'
ggml_metal_library_compile_pipeline: loaded kernel_mul_mv_id_iq4_xs_f32_nsg=2_split=0     0x7b45b7a300 | th_max = 1024 | th_width =   32
  MUL_MAT_ID(type_a=iq4_xs,type_b=f32,n_mats=4,n_used=2,b=0,m=64,n=16,k=768,amax=1.000000,m_v=0): [1;32mOK[0m
  MUL_MAT_ID(type_a=q2_0,type_b=f32,n_mats=4,n_used=1,b=0,m=512,n=1,k=256,amax=1.000000,m_v=0): [1;32mOK[0m
  MUL_MAT_ID(type_a=q2_0,type_b=f32,n_mats=4,n_used=1,b=0,m=512,n=4,k=256,amax=1.000000,m_v=0): [1;32mOK[0m
  MUL_MAT_ID(type_a=q2_0,type_b=f32,n_mats=4,n_used=1,b=0,m=512,n=5,k=256,amax=1.000000,m_v=0): [1;32mOK[0m
ggml_metal_library_compile_pipeline: compiling pipeline: base = 'kernel_mul_mm_id_map0_ne20_1', name = 'kernel_mul_mm_id_map0_ne20_1_ne02=4'
ggml_metal_library_compile_pipeline: loaded kernel_mul_mm_id_map0_ne20_1_ne02=4          0x7b45b7a680 | th_max = 1024 | th_width =   32
ggml_metal_library_compile_pipeline: compiling pipeline: base = 'kernel_mul_mm_id_q2_0_f32', name = 'kernel_mul_mm_id_q2_0_f32_bci=0_amax=0'
ggml_metal_library_compile_pipeline: loaded kernel_mul_mm_id_q2_0_f32_bci=0_amax=0       0x7b45b7b100 | th_max = 1024 | th_width =   32
  MUL_MAT_ID(type_a=q2_0,type_b=f32,n_mats=4,n_used=1,b=0,m=512,n=32,k=256,amax=1.000000,m_v=0): [1;32mOK[0m
  MUL_MAT_ID(type_a=q2_0,type_b=f32,n_mats=4,n_used=1,b=1,m=512,n=1,k=256,amax=1.000000,m_v=0): [1;32mOK[0m
  MUL_MAT_ID(type_a=q2_0,type_b=f32,n_mats=4,n_used=1,b=1,m=512,n=4,k=256,amax=1.000000,m_v=0): [1;32mOK[0m
  MUL_MAT_ID(type_a=q2_0,type_b=f32,n_mats=4,n_used=1,b=1,m=512,n=5,k=256,amax=1.000000,m_v=0): [1;32mOK[0m
  MUL_MAT_ID(type_a=q2_0,type_b=f32,n_mats=4,n_used=1,b=1,m=512,n=32,k=256,amax=1.000000,m_v=0): [1;32mOK[0m
  MUL_MAT_ID(type_a=q2_0,type_b=f32,n_mats=4,n_used=2,b=0,m=512,n=1,k=256,amax=1.000000,m_v=0): [1;32mOK[0m
  MUL_MAT_ID(type_a=q2_0,type_b=f32,n_mats=4,n_used=2,b=0,m=512,n=4,k=256,amax=1.000000,m_v=0): [1;32mOK[0m
  MUL_MAT_ID(type_a=q2_0,type_b=f32,n_mats=4,n_used=2,b=0,m=512,n=5,k=256,amax=1.000000,m_v=0): [1;32mOK[0m
ggml_metal_library_compile_pipeline: compiling pipeline: base = 'kernel_mul_mm_id_map0_ne20_2', name = 'kernel_mul_mm_id_map0_ne20_2_ne02=4'
ggml_metal_library_compile_pipeline: loaded kernel_mul_mm_id_map0_ne20_2_ne02=4          0x7b45b7ad80 | th_max = 1024 | th_width =   32
  MUL_MAT_ID(type_a=q2_0,type_b=f32,n_mats=4,n_used=2,b=0,m=512,n=32,k=256,amax=1.000000,m_v=0): [1;32mOK[0m
  MUL_MAT_ID(type_a=q2_0,type_b=f32,n_mats=4,n_used=2,b=1,m=512,n=1,k=256,amax=1.000000,m_v=0): [1;32mOK[0m
  MUL_MAT_ID(type_a=q2_0,type_b=f32,n_mats=4,n_used=2,b=1,m=512,n=4,k=256,amax=1.000000,m_v=0): [1;32mOK[0m
  MUL_MAT_ID(type_a=q2_0,type_b=f32,n_mats=4,n_used=2,b=1,m=512,n=5,k=256,amax=1.000000,m_v=0): [1;32mOK[0m
  MUL_MAT_ID(type_a=q2_0,type_b=f32,n_mats=4,n_used=2,b=1,m=512,n=32,k=256,amax=1.000000,m_v=0): [1;32mOK[0m
  MUL_MAT_ID(type_a=q2_0,type_b=f32,n_mats=4,n_used=4,b=0,m=512,n=1,k=256,amax=1.000000,m_v=0): [1;32mOK[0m
  MUL_MAT_ID(type_a=q2_0,type_b=f32,n_mats=4,n_used=4,b=0,m=512,n=4,k=256,amax=1.000000,m_v=0): [1;32mOK[0m
  MUL_MAT_ID(type_a=q2_0,type_b=f32,n_mats=4,n_used=4,b=0,m=512,n=5,k=256,amax=1.000000,m_v=0): [1;32mOK[0m
ggml_metal_library_compile_pipeline: compiling pipeline: base = 'kernel_mul_mm_id_map0_ne20_4', name = 'kernel_mul_mm_id_map0_ne20_4_ne02=4'
ggml_metal_library_compile_pipeline: loaded kernel_mul_mm_id_map0_ne20_4_ne02=4          0x7b45b7b480 | th_max = 1024 | th_width =   32
  MUL_MAT_ID(type_a=q2_0,type_b=f32,n_mats=4,n_used=4,b=0,m=512,n=32,k=256,amax=1.000000,m_v=0): [1;32mOK[0m
  MUL_MAT_ID(type_a=q2_0,type_b=f32,n_mats=4,n_used=4,b=1,m=512,n=1,k=256,amax=1.000000,m_v=0): [1;32mOK[0m
  MUL_MAT_ID(type_a=q2_0,type_b=f32,n_mats=4,n_used=4,b=1,m=512,n=4,k=256,amax=1.000000,m_v=0): [1;32mOK[0m
  MUL_MAT_ID(type_a=q2_0,type_b=f32,n_mats=4,n_used=4,b=1,m=512,n=5,k=256,amax=1.000000,m_v=0): [1;32mOK[0m
  MUL_MAT_ID(type_a=q2_0,type_b=f32,n_mats=4,n_used=4,b=1,m=512,n=32,k=256,amax=1.000000,m_v=0): [1;32mOK[0m
  MUL_MAT_ID(type_a=q2_0,type_b=f32,n_mats=8,n_used=1,b=0,m=512,n=1,k=256,amax=1.000000,m_v=0): [1;32mOK[0m
  MUL_MAT_ID(type_a=q2_0,type_b=f32,n_mats=8,n_used=1,b=0,m=512,n=4,k=256,amax=1.000000,m_v=0): [1;32mOK[0m
  MUL_MAT_ID(type_a=q2_0,type_b=f32,n_mats=8,n_used=1,b=0,m=512,n=5,k=256,amax=1.000000,m_v=0): [1;32mOK[0m
ggml_metal_library_compile_pipeline: compiling pipeline: base = 'kernel_mul_mm_id_map0_ne20_1', name = 'kernel_mul_mm_id_map0_ne20_1_ne02=8'
ggml_metal_library_compile_pipeline: loaded kernel_mul_mm_id_map0_ne20_1_ne02=8          0x7b45b7aa00 | th_max = 1024 | th_width =   32
  MUL_MAT_ID(type_a=q2_0,type_b=f32,n_mats=8,n_used=1,b=0,m=512,n=32,k=256,amax=1.000000,m_v=0): [1;32mOK[0m
  MUL_MAT_ID(type_a=q2_0,type_b=f32,n_mats=8,n_used=1,b=1,m=512,n=1,k=256,amax=1.000000,m_v=0): [1;32mOK[0m
  MUL_MAT_ID(type_a=q2_0,type_b=f32,n_mats=8,n_used=1,b=1,m=512,n=4,k=256,amax=1.000000,m_v=0): [1;32mOK[0m
  MUL_MAT_ID(type_a=q2_0,type_b=f32,n_mats=8,n_used=1,b=1,m=512,n=5,k=256,amax=1.000000,m_v=0): [1;32mOK[0m
  MUL_MAT_ID(type_a=q2_0,type_b=f32,n_mats=8,n_used=1,b=1,m=512,n=32,k=256,amax=1.000000,m_v=0): [1;32mOK[0m
  MUL_MAT_ID(type_a=q2_0,type_b=f32,n_mats=8,n_used=2,b=0,m=512,n=1,k=256,amax=1.000000,m_v=0): [1;32mOK[0m
  MUL_MAT_ID(type_a=q2_0,type_b=f32,n_mats=8,n_used=2,b=0,m=512,n=4,k=256,amax=1.000000,m_v=0): [1;32mOK[0m
  MUL_MAT_ID(type_a=q2_0,type_b=f32,n_mats=8,n_used=2,b=0,m=512,n=5,k=256,amax=1.000000,m_v=0): [1;32mOK[0m
ggml_metal_library_compile_pipeline: compiling pipeline: base = 'kernel_mul_mm_id_map0_ne20_2', name = 'kernel_mul_mm_id_map0_ne20_2_ne02=8'
ggml_metal_library_compile_pipeline: loaded kernel_mul_mm_id_map0_ne20_2_ne02=8          0x7b45b62d80 | th_max = 1024 | th_width =   32
  MUL_MAT_ID(type_a=q2_0,type_b=f32,n_mats=8,n_used=2,b=0,m=512,n=32,k=256,amax=1.000000,m_v=0): [1;32mOK[0m
  MUL_MAT_ID(type_a=q2_0,type_b=f32,n_mats=8,n_used=2,b=1,m=512,n=1,k=256,amax=1.000000,m_v=0): [1;32mOK[0m
  MUL_MAT_ID(type_a=q2_0,type_b=f32,n_mats=8,n_used=2,b=1,m=512,n=4,k=256,amax=1.000000,m_v=0): [1;32mOK[0m
  MUL_MAT_ID(type_a=q2_0,type_b=f32,n_mats=8,n_used=2,b=1,m=512,n=5,k=256,amax=1.000000,m_v=0): [1;32mOK[0m
  MUL_MAT_ID(type_a=q2_0,type_b=f32,n_mats=8,n_used=2,b=1,m=512,n=32,k=256,amax=1.000000,m_v=0): [1;32mOK[0m
  MUL_MAT_ID(type_a=q2_0,type_b=f32,n_mats=8,n_used=4,b=0,m=512,n=1,k=256,amax=1.000000,m_v=0): [1;32mOK[0m
  MUL_MAT_ID(type_a=q2_0,type_b=f32,n_mats=8,n_used=4,b=0,m=512,n=4,k=256,amax=1.000000,m_v=0): [1;32mOK[0m
  MUL_MAT_ID(type_a=q2_0,type_b=f32,n_mats=8,n_used=4,b=0,m=512,n=5,k=256,amax=1.000000,m_v=0): [1;32mOK[0m
ggml_metal_library_compile_pipeline: compiling pipeline: base = 'kernel_mul_mm_id_map0_ne20_4', name = 'kernel_mul_mm_id_map0_ne20_4_ne02=8'
ggml_metal_library_compile_pipeline: loaded kernel_mul_mm_id_map0_ne20_4_ne02=8          0x7b45b7bb80 | th_max = 1024 | th_width =   32
  MUL_MAT_ID(type_a=q2_0,type_b=f32,n_mats=8,n_used=4,b=0,m=512,n=32,k=256,amax=1.000000,m_v=0): [1;32mOK[0m
  MUL_MAT_ID(type_a=q2_0,type_b=f32,n_mats=8,n_used=4,b=1,m=512,n=1,k=256,amax=1.000000,m_v=0): [1;32mOK[0m
  MUL_MAT_ID(type_a=q2_0,type_b=f32,n_mats=8,n_used=4,b=1,m=512,n=4,k=256,amax=1.000000,m_v=0): [1;32mOK[0m
  MUL_MAT_ID(type_a=q2_0,type_b=f32,n_mats=8,n_used=4,b=1,m=512,n=5,k=256,amax=1.000000,m_v=0): [1;32mOK[0m
  MUL_MAT_ID(type_a=q2_0,type_b=f32,n_mats=8,n_used=4,b=1,m=512,n=32,k=256,amax=1.000000,m_v=0): [1;32mOK[0m
  MUL_MAT_ID(type_a=q2_0,type_b=f32,n_mats=4,n_used=2,b=0,m=512,n=1,k=256,amax=1.000000,m_v=0): [1;32mOK[0m
  MUL_MAT_ID(type_a=q2_0,type_b=f32,n_mats=4,n_used=2,b=0,m=512,n=32,k=256,amax=1.000000,m_v=0): [1;32mOK[0m
  MUL_MAT_ID(type_a=q3_K,type_b=f32,n_mats=4,n_used=2,b=0,m=512,n=1,k=256,amax=1.000000,m_v=0): [1;32mOK[0m
ggml_metal_library_compile_pipeline: compiling pipeline: base = 'kernel_mul_mm_id_q3_K_f32', name = 'kernel_mul_mm_id_q3_K_f32_bci=0_amax=0'
ggml_metal_library_compile_pipeline: loaded kernel_mul_mm_id_q3_K_f32_bci=0_amax=0       0x7b45b88380 | th_max = 1024 | th_width =   32
  MUL_MAT_ID(type_a=q3_K,type_b=f32,n_mats=4,n_used=2,b=0,m=512,n=32,k=256,amax=1.000000,m_v=0): [1;32mOK[0m
  MUL_MAT_ID(type_a=q5_K,type_b=f32,n_mats=4,n_used=2,b=0,m=512,n=1,k=256,amax=1.000000,m_v=0): [1;32mOK[0m
ggml_metal_library_compile_pipeline: compiling pipeline: base = 'kernel_mul_mm_id_q5_K_f32', name = 'kernel_mul_mm_id_q5_K_f32_bci=0_amax=0'
ggml_metal_library_compile_pipeline: loaded kernel_mul_mm_id_q5_K_f32_bci=0_amax=0       0x7b45b88700 | th_max = 1024 | th_width =   32
  MUL_MAT_ID(type_a=q5_K,type_b=f32,n_mats=4,n_used=2,b=0,m=512,n=32,k=256,amax=1.000000,m_v=0): [1;32mOK[0m
  MUL_MAT_ID(type_a=iq4_nl,type_b=f32,n_mats=4,n_used=2,b=0,m=512,n=1,k=256,amax=1.000000,m_v=0): [1;32mOK[0m
ggml_metal_library_compile_pipeline: compiling pipeline: base = 'kernel_mul_mm_id_iq4_nl_f32', name = 'kernel_mul_mm_id_iq4_nl_f32_bci=0_amax=0'
ggml_metal_library_compile_pipeline: loaded kernel_mul_mm_id_iq4_nl_f32_bci=0_amax=0     0x7b45b88000 | th_max = 1024 | th_width =   32
  MUL_MAT_ID(type_a=iq4_nl,type_b=f32,n_mats=4,n_used=2,b=0,m=512,n=32,k=256,amax=1.000000,m_v=0): [1;32mOK[0m
  MUL_MAT_ID(type_a=iq4_xs,type_b=f32,n_mats=4,n_used=2,b=0,m=512,n=1,k=256,amax=1.000000,m_v=0): [1;32mOK[0m
ggml_metal_library_compile_pipeline: compiling pipeline: base = 'kernel_mul_mm_id_iq4_xs_f32', name = 'kernel_mul_mm_id_iq4_xs_f32_bci=0_amax=0'
ggml_metal_library_compile_pipeline: loaded kernel_mul_mm_id_iq4_xs_f32_bci=0_amax=0     0x7b45b88a80 | th_max = 1024 | th_width =   32
  MUL_MAT_ID(type_a=iq4_xs,type_b=f32,n_mats=4,n_used=2,b=0,m=512,n=32,k=256,amax=1.000000,m_v=0): [1;32mOK[0m
ggml_metal_library_compile_pipeline: compiling pipeline: base = 'kernel_mul_mv_id_bf16_f32_4', name = 'kernel_mul_mv_id_bf16_f32_4_nsg=2_split=0'
ggml_metal_library_compile_pipeline: loaded kernel_mul_mv_id_bf16_f32_4_nsg=2_split=0     0x7b45b89180 | th_max = 1024 | th_width =   32
  MUL_MAT_ID(type_a=bf16,type_b=f32,n_mats=4,n_used=2,b=0,m=512,n=1,k=256,amax=1.000000,m_v=0): [1;32mOK[0m
ggml_metal_library_compile_pipeline: compiling pipeline: base = 'kernel_mul_mm_id_bf16_f32', name = 'kernel_mul_mm_id_bf16_f32_bci=0_amax=0'
ggml_metal_library_compile_pipeline: loaded kernel_mul_mm_id_bf16_f32_bci=0_amax=0       0x7b45b88e00 | th_max = 1024 | th_width =   32
  MUL_MAT_ID(type_a=bf16,type_b=f32,n_mats=4,n_used=2,b=0,m=512,n=32,k=256,amax=1.000000,m_v=0): [1;32mOK[0m
ggml_metal_free: deallocating
  572/572 tests passed
  Backend MTL0: [1;32mOK[0m
Backend 2/3: BLAS
  Skipping
Backend 3/3: CPU
  Skipping
3/3 backends passed
[1;32mOK[0m
