ggml_metal_device_init: testing tensor API for f16 support
ggml_metal_library_compile_pipeline: compiling pipeline: base = 'dummy_kernel', name = 'dummy_kernel'
ggml_metal_library_compile_pipeline: loaded dummy_kernel                                  0x101f914d0 | th_max = 1024 | th_width =   32
ggml_metal_device_init: testing tensor API for bfloat support
ggml_metal_library_compile_pipeline: compiling pipeline: base = 'dummy_kernel', name = 'dummy_kernel'
ggml_metal_library_compile_pipeline: loaded dummy_kernel                                  0x101f919d0 | th_max = 1024 | th_width =   32
ggml_metal_library_init: using embedded metal library
ggml_metal_library_compile_all: compiled 'fa_aux' library in 0.000 sec
ggml_metal_library_compile_all: compiled 'fa_f16' library in 0.001 sec
ggml_metal_library_compile_all: compiled 'fa_f32' library in 0.006 sec
ggml_metal_library_compile_all: compiled 'fa_q4_0' library in 0.001 sec
ggml_metal_library_compile_all: compiled 'fa_q4_1' library in 0.007 sec
ggml_metal_library_compile_all: compiled 'fa_q5_0' library in 0.009 sec
ggml_metal_library_compile_all: compiled 'fa_q5_1' library in 0.002 sec
ggml_metal_library_compile_all: compiled 'fa_q8_0' library in 0.007 sec
ggml_metal_library_compile_all: compiled 'fa_vec_f16' library in 0.011 sec
ggml_metal_library_compile_all: compiled 'fa_vec_f32' library in 0.001 sec
ggml_metal_library_compile_all: compiled 'fa_vec_q4_0' library in 0.002 sec
ggml_metal_library_compile_all: compiled 'fa_vec_q4_1' library in 0.006 sec
ggml_metal_library_compile_all: compiled 'fa_vec_q5_0' library in 0.007 sec
ggml_metal_library_compile_all: compiled 'fa_vec_q5_1' library in 0.003 sec
ggml_metal_library_compile_all: compiled 'fa_vec_q8_0' library in 0.009 sec
ggml_metal_library_compile_all: compiled 'mul_mv' library in 0.005 sec
ggml_metal_library_compile_all: compiled 'mul_mv_mma' library in 0.008 sec
ggml_metal_library_compile_all: compiled 'mul_mm' library in 0.004 sec
ggml_metal_library_compile_all: compiled 'quantize' library in 0.011 sec
ggml_metal_library_compile_all: compiled 'softmax' library in 0.004 sec
ggml_metal_library_compile_all: compiled 'norm' library in 0.009 sec
ggml_metal_library_compile_all: compiled 'unary' library in 0.000 sec
ggml_metal_library_compile_all: compiled 'binbcast' library in 0.006 sec
ggml_metal_library_compile_all: compiled 'reduce' library in 0.000 sec
ggml_metal_library_compile_all: compiled 'tri' library in 0.001 sec
ggml_metal_library_compile_all: compiled 'ssm' library in 0.000 sec
ggml_metal_library_compile_all: compiled 'wkv' library in 0.004 sec
ggml_metal_library_compile_all: compiled 'gated_delta_net' library in 0.000 sec
ggml_metal_library_compile_all: compiled 'solve_tri' library in 0.000 sec
ggml_metal_library_compile_all: compiled 'rope' library in 0.005 sec
ggml_metal_library_compile_all: compiled 'conv' library in 0.010 sec
ggml_metal_library_compile_all: compiled 'upscale' library in 0.001 sec
ggml_metal_library_compile_all: compiled 'argsort' library in 0.005 sec
ggml_metal_library_compile_all: compiled 'pool' library in 0.003 sec
ggml_metal_library_compile_all: compiled 'misc' library in 0.003 sec
ggml_metal_library_compile_all: loaded 35 libraries from embedded data in 0.011 sec (max single = 0.011 sec)
ggml_metal_rsets_init: creating a residency set collection (keep_alive = 180 s)
ggml_metal_device_init: GPU name:   MTL0 (Apple M5 Pro)
ggml_metal_device_init: GPU family: MTLGPUFamilyApple10  (1010)
ggml_metal_device_init: GPU family: MTLGPUFamilyMetal4  (5002)
ggml_metal_device_init: simdgroup reduction   = true
ggml_metal_device_init: simdgroup matrix mul. = true
ggml_metal_device_init: has unified memory    = true
ggml_metal_device_init: has bfloat            = true
ggml_metal_device_init: has tensor            = true
ggml_metal_device_init: use residency sets    = true
ggml_metal_device_init: use shared buffers    = true
ggml_metal_device_init: recommendedMaxWorkingSetSize  = 40200.90 MB
ggml_metal_init: allocating
ggml_metal_init: found device: Apple M5 Pro
ggml_metal_init: picking default device: Apple M5 Pro
ggml_metal_init: use fusion         = true
ggml_metal_init: use concurrency    = true
ggml_metal_init: use graph optimize = true
M5_COPY_CALL {"copy_bytes":3145728,"dst_nb":[4,3145728,3145728,3145728],"dst_ne":[786432,1,1,1],"layout":"contiguous","phase":"warmup","rows":1,"sample":-3,"src_nb":[4,3145728,3145728,3145728],"src_ne":[786432,1,1,1],"width":786432}
ggml_metal_library_compile_pipeline: compiling pipeline: base = 'kernel_cpy_f32_f32', name = 'kernel_cpy_f32_f32'
ggml_metal_library_compile_pipeline: loaded kernel_cpy_f32_f32                            0x101f9bb50 | th_max = 1024 | th_width =   32
ggml_metal_library_compile_pipeline: compiling pipeline: base = 'kernel_cpy_rows_f32_4', name = 'kernel_cpy_rows_f32_4'
ggml_metal_library_compile_pipeline: loaded kernel_cpy_rows_f32_4                         0x101f9db50 | th_max = 1024 | th_width =   32
M5_PROFILE {"context":"785cdd0480","graph":1,"cb":1,"original_nodes":3,"gpu_start_s":244741.668330667,"gpu_end_s":244741.668370417,"gpu_ms":0.039750,"valid":true,"completed":true,"op_counts":{"CPY":1,"VIEW":2}}
M5_COPY_RETURN {"copy_bytes":3145728,"dst_nb":[4,3145728,3145728,3145728],"dst_ne":[786432,1,1,1],"layout":"contiguous","phase":"warmup","rows":1,"sample":-3,"src_nb":[4,3145728,3145728,3145728],"src_ne":[786432,1,1,1],"wall_us":853.083,"width":786432}
M5_COPY_CALL {"copy_bytes":3145728,"dst_nb":[4,3145728,3145728,3145728],"dst_ne":[786432,1,1,1],"layout":"contiguous","phase":"warmup","rows":1,"sample":-2,"src_nb":[4,3145728,3145728,3145728],"src_ne":[786432,1,1,1],"width":786432}
M5_PROFILE {"context":"785cdd0480","graph":2,"cb":1,"original_nodes":3,"gpu_start_s":244741.668668125,"gpu_end_s":244741.668704875,"gpu_ms":0.036750,"valid":true,"completed":true,"op_counts":{"CPY":1,"VIEW":2}}
M5_COPY_RETURN {"copy_bytes":3145728,"dst_nb":[4,3145728,3145728,3145728],"dst_ne":[786432,1,1,1],"layout":"contiguous","phase":"warmup","rows":1,"sample":-2,"src_nb":[4,3145728,3145728,3145728],"src_ne":[786432,1,1,1],"wall_us":264.417,"width":786432}
M5_COPY_CALL {"copy_bytes":3145728,"dst_nb":[4,3145728,3145728,3145728],"dst_ne":[786432,1,1,1],"layout":"contiguous","phase":"warmup","rows":1,"sample":-1,"src_nb":[4,3145728,3145728,3145728],"src_ne":[786432,1,1,1],"width":786432}
M5_PROFILE {"context":"785cdd0480","graph":3,"cb":1,"original_nodes":3,"gpu_start_s":244741.668933625,"gpu_end_s":244741.668969500,"gpu_ms":0.035875,"valid":true,"completed":true,"op_counts":{"CPY":1,"VIEW":2}}
M5_COPY_RETURN {"copy_bytes":3145728,"dst_nb":[4,3145728,3145728,3145728],"dst_ne":[786432,1,1,1],"layout":"contiguous","phase":"warmup","rows":1,"sample":-1,"src_nb":[4,3145728,3145728,3145728],"src_ne":[786432,1,1,1],"wall_us":238.084,"width":786432}
M5_COPY_CALL {"copy_bytes":3145728,"dst_nb":[4,3145728,3145728,3145728],"dst_ne":[786432,1,1,1],"layout":"contiguous","phase":"measure","rows":1,"sample":0,"src_nb":[4,3145728,3145728,3145728],"src_ne":[786432,1,1,1],"width":786432}
M5_PROFILE {"context":"785cdd0480","graph":4,"cb":1,"original_nodes":3,"gpu_start_s":244741.669167500,"gpu_end_s":244741.669203250,"gpu_ms":0.035750,"valid":true,"completed":true,"op_counts":{"CPY":1,"VIEW":2}}
M5_COPY_RETURN {"copy_bytes":3145728,"dst_nb":[4,3145728,3145728,3145728],"dst_ne":[786432,1,1,1],"layout":"contiguous","phase":"measure","rows":1,"sample":0,"src_nb":[4,3145728,3145728,3145728],"src_ne":[786432,1,1,1],"wall_us":225.625,"width":786432}
M5_COPY_CALL {"copy_bytes":3145728,"dst_nb":[4,3145728,3145728,3145728],"dst_ne":[786432,1,1,1],"layout":"contiguous","phase":"measure","rows":1,"sample":1,"src_nb":[4,3145728,3145728,3145728],"src_ne":[786432,1,1,1],"width":786432}
M5_PROFILE {"context":"785cdd0480","graph":5,"cb":1,"original_nodes":3,"gpu_start_s":244741.669383625,"gpu_end_s":244741.669419625,"gpu_ms":0.036000,"valid":true,"completed":true,"op_counts":{"CPY":1,"VIEW":2}}
M5_COPY_RETURN {"copy_bytes":3145728,"dst_nb":[4,3145728,3145728,3145728],"dst_ne":[786432,1,1,1],"layout":"contiguous","phase":"measure","rows":1,"sample":1,"src_nb":[4,3145728,3145728,3145728],"src_ne":[786432,1,1,1],"wall_us":210.708,"width":786432}
M5_COPY_CALL {"copy_bytes":3145728,"dst_nb":[4,3145728,3145728,3145728],"dst_ne":[786432,1,1,1],"layout":"contiguous","phase":"measure","rows":1,"sample":2,"src_nb":[4,3145728,3145728,3145728],"src_ne":[786432,1,1,1],"width":786432}
M5_PROFILE {"context":"785cdd0480","graph":6,"cb":1,"original_nodes":3,"gpu_start_s":244741.669638875,"gpu_end_s":244741.669675250,"gpu_ms":0.036375,"valid":true,"completed":true,"op_counts":{"CPY":1,"VIEW":2}}
M5_COPY_RETURN {"copy_bytes":3145728,"dst_nb":[4,3145728,3145728,3145728],"dst_ne":[786432,1,1,1],"layout":"contiguous","phase":"measure","rows":1,"sample":2,"src_nb":[4,3145728,3145728,3145728],"src_ne":[786432,1,1,1],"wall_us":236.417,"width":786432}
M5_COPY_CALL {"copy_bytes":3145728,"dst_nb":[4,3145728,3145728,3145728],"dst_ne":[786432,1,1,1],"layout":"contiguous","phase":"measure","rows":1,"sample":3,"src_nb":[4,3145728,3145728,3145728],"src_ne":[786432,1,1,1],"width":786432}
M5_PROFILE {"context":"785cdd0480","graph":7,"cb":1,"original_nodes":3,"gpu_start_s":244741.669882750,"gpu_end_s":244741.669918625,"gpu_ms":0.035875,"valid":true,"completed":true,"op_counts":{"CPY":1,"VIEW":2}}
M5_COPY_RETURN {"copy_bytes":3145728,"dst_nb":[4,3145728,3145728,3145728],"dst_ne":[786432,1,1,1],"layout":"contiguous","phase":"measure","rows":1,"sample":3,"src_nb":[4,3145728,3145728,3145728],"src_ne":[786432,1,1,1],"wall_us":229.791,"width":786432}
M5_COPY_CALL {"copy_bytes":3145728,"dst_nb":[4,3145728,3145728,3145728],"dst_ne":[786432,1,1,1],"layout":"contiguous","phase":"measure","rows":1,"sample":4,"src_nb":[4,3145728,3145728,3145728],"src_ne":[786432,1,1,1],"width":786432}
M5_PROFILE {"context":"785cdd0480","graph":8,"cb":1,"original_nodes":3,"gpu_start_s":244741.670132500,"gpu_end_s":244741.670168375,"gpu_ms":0.035875,"valid":true,"completed":true,"op_counts":{"CPY":1,"VIEW":2}}
M5_COPY_RETURN {"copy_bytes":3145728,"dst_nb":[4,3145728,3145728,3145728],"dst_ne":[786432,1,1,1],"layout":"contiguous","phase":"measure","rows":1,"sample":4,"src_nb":[4,3145728,3145728,3145728],"src_ne":[786432,1,1,1],"wall_us":241.25,"width":786432}
M5_COPY_CALL {"copy_bytes":3145728,"dst_nb":[4,3145728,3145728,3145728],"dst_ne":[786432,1,1,1],"layout":"contiguous","phase":"measure","rows":1,"sample":5,"src_nb":[4,3145728,3145728,3145728],"src_ne":[786432,1,1,1],"width":786432}
M5_PROFILE {"context":"785cdd0480","graph":9,"cb":1,"original_nodes":3,"gpu_start_s":244741.670362875,"gpu_end_s":244741.670398917,"gpu_ms":0.036042,"valid":true,"completed":true,"op_counts":{"CPY":1,"VIEW":2}}
M5_COPY_RETURN {"copy_bytes":3145728,"dst_nb":[4,3145728,3145728,3145728],"dst_ne":[786432,1,1,1],"layout":"contiguous","phase":"measure","rows":1,"sample":5,"src_nb":[4,3145728,3145728,3145728],"src_ne":[786432,1,1,1],"wall_us":222.792,"width":786432}
M5_COPY_CALL {"copy_bytes":3145728,"dst_nb":[4,3145728,3145728,3145728],"dst_ne":[786432,1,1,1],"layout":"contiguous","phase":"measure","rows":1,"sample":6,"src_nb":[4,3145728,3145728,3145728],"src_ne":[786432,1,1,1],"width":786432}
M5_PROFILE {"context":"785cdd0480","graph":10,"cb":1,"original_nodes":3,"gpu_start_s":244741.670681917,"gpu_end_s":244741.670717625,"gpu_ms":0.035708,"valid":true,"completed":true,"op_counts":{"CPY":1,"VIEW":2}}
M5_COPY_RETURN {"copy_bytes":3145728,"dst_nb":[4,3145728,3145728,3145728],"dst_ne":[786432,1,1,1],"layout":"contiguous","phase":"measure","rows":1,"sample":6,"src_nb":[4,3145728,3145728,3145728],"src_ne":[786432,1,1,1],"wall_us":319.708,"width":786432}
M5_COPY_CALL {"copy_bytes":3145728,"dst_nb":[4,3145728,3145728,3145728],"dst_ne":[786432,1,1,1],"layout":"contiguous","phase":"measure","rows":1,"sample":7,"src_nb":[4,3145728,3145728,3145728],"src_ne":[786432,1,1,1],"width":786432}
M5_PROFILE {"context":"785cdd0480","graph":11,"cb":1,"original_nodes":3,"gpu_start_s":244741.670941125,"gpu_end_s":244741.670977250,"gpu_ms":0.036125,"valid":true,"completed":true,"op_counts":{"CPY":1,"VIEW":2}}
M5_COPY_RETURN {"copy_bytes":3145728,"dst_nb":[4,3145728,3145728,3145728],"dst_ne":[786432,1,1,1],"layout":"contiguous","phase":"measure","rows":1,"sample":7,"src_nb":[4,3145728,3145728,3145728],"src_ne":[786432,1,1,1],"wall_us":241.291,"width":786432}
M5_COPY_CALL {"copy_bytes":3145728,"dst_nb":[4,3145728,3145728,3145728],"dst_ne":[786432,1,1,1],"layout":"contiguous","phase":"measure","rows":1,"sample":8,"src_nb":[4,3145728,3145728,3145728],"src_ne":[786432,1,1,1],"width":786432}
M5_PROFILE {"context":"785cdd0480","graph":12,"cb":1,"original_nodes":3,"gpu_start_s":244741.671185042,"gpu_end_s":244741.671220792,"gpu_ms":0.035750,"valid":true,"completed":true,"op_counts":{"CPY":1,"VIEW":2}}
M5_COPY_RETURN {"copy_bytes":3145728,"dst_nb":[4,3145728,3145728,3145728],"dst_ne":[786432,1,1,1],"layout":"contiguous","phase":"measure","rows":1,"sample":8,"src_nb":[4,3145728,3145728,3145728],"src_ne":[786432,1,1,1],"wall_us":236.916,"width":786432}
M5_COPY_CALL {"copy_bytes":3145728,"dst_nb":[4,3145728,3145728,3145728],"dst_ne":[786432,1,1,1],"layout":"contiguous","phase":"measure","rows":1,"sample":9,"src_nb":[4,3145728,3145728,3145728],"src_ne":[786432,1,1,1],"width":786432}
M5_PROFILE {"context":"785cdd0480","graph":13,"cb":1,"original_nodes":3,"gpu_start_s":244741.671442042,"gpu_end_s":244741.671478000,"gpu_ms":0.035958,"valid":true,"completed":true,"op_counts":{"CPY":1,"VIEW":2}}
M5_COPY_RETURN {"copy_bytes":3145728,"dst_nb":[4,3145728,3145728,3145728],"dst_ne":[786432,1,1,1],"layout":"contiguous","phase":"measure","rows":1,"sample":9,"src_nb":[4,3145728,3145728,3145728],"src_ne":[786432,1,1,1],"wall_us":243.875,"width":786432}
M5_COPY_CALL {"copy_bytes":3145728,"dst_nb":[4,3145728,3145728,3145728],"dst_ne":[786432,1,1,1],"layout":"contiguous","phase":"measure","rows":1,"sample":10,"src_nb":[4,3145728,3145728,3145728],"src_ne":[786432,1,1,1],"width":786432}
M5_PROFILE {"context":"785cdd0480","graph":14,"cb":1,"original_nodes":3,"gpu_start_s":244741.671691375,"gpu_end_s":244741.671727625,"gpu_ms":0.036250,"valid":true,"completed":true,"op_counts":{"CPY":1,"VIEW":2}}
M5_COPY_RETURN {"copy_bytes":3145728,"dst_nb":[4,3145728,3145728,3145728],"dst_ne":[786432,1,1,1],"layout":"contiguous","phase":"measure","rows":1,"sample":10,"src_nb":[4,3145728,3145728,3145728],"src_ne":[786432,1,1,1],"wall_us":243.458,"width":786432}
M5_COPY_CALL {"copy_bytes":3145728,"dst_nb":[4,3145728,3145728,3145728],"dst_ne":[786432,1,1,1],"layout":"contiguous","phase":"measure","rows":1,"sample":11,"src_nb":[4,3145728,3145728,3145728],"src_ne":[786432,1,1,1],"width":786432}
M5_PROFILE {"context":"785cdd0480","graph":15,"cb":1,"original_nodes":3,"gpu_start_s":244741.671981750,"gpu_end_s":244741.672017917,"gpu_ms":0.036167,"valid":true,"completed":true,"op_counts":{"CPY":1,"VIEW":2}}
M5_COPY_RETURN {"copy_bytes":3145728,"dst_nb":[4,3145728,3145728,3145728],"dst_ne":[786432,1,1,1],"layout":"contiguous","phase":"measure","rows":1,"sample":11,"src_nb":[4,3145728,3145728,3145728],"src_ne":[786432,1,1,1],"wall_us":283.667,"width":786432}
M5_COPY_CALL {"copy_bytes":3145728,"dst_nb":[4,3145728,3145728,3145728],"dst_ne":[786432,1,1,1],"layout":"contiguous","phase":"measure","rows":1,"sample":12,"src_nb":[4,3145728,3145728,3145728],"src_ne":[786432,1,1,1],"width":786432}
M5_PROFILE {"context":"785cdd0480","graph":16,"cb":1,"original_nodes":3,"gpu_start_s":244741.672235000,"gpu_end_s":244741.672271125,"gpu_ms":0.036125,"valid":true,"completed":true,"op_counts":{"CPY":1,"VIEW":2}}
M5_COPY_RETURN {"copy_bytes":3145728,"dst_nb":[4,3145728,3145728,3145728],"dst_ne":[786432,1,1,1],"layout":"contiguous","phase":"measure","rows":1,"sample":12,"src_nb":[4,3145728,3145728,3145728],"src_ne":[786432,1,1,1],"wall_us":249.917,"width":786432}
M5_COPY_CALL {"copy_bytes":3145728,"dst_nb":[4,3145728,3145728,3145728],"dst_ne":[786432,1,1,1],"layout":"contiguous","phase":"measure","rows":1,"sample":13,"src_nb":[4,3145728,3145728,3145728],"src_ne":[786432,1,1,1],"width":786432}
M5_PROFILE {"context":"785cdd0480","graph":17,"cb":1,"original_nodes":3,"gpu_start_s":244741.672468500,"gpu_end_s":244741.672504417,"gpu_ms":0.035917,"valid":true,"completed":true,"op_counts":{"CPY":1,"VIEW":2}}
M5_COPY_RETURN {"copy_bytes":3145728,"dst_nb":[4,3145728,3145728,3145728],"dst_ne":[786432,1,1,1],"layout":"contiguous","phase":"measure","rows":1,"sample":13,"src_nb":[4,3145728,3145728,3145728],"src_ne":[786432,1,1,1],"wall_us":227.416,"width":786432}
M5_COPY_CALL {"copy_bytes":3145728,"dst_nb":[4,3145728,3145728,3145728],"dst_ne":[786432,1,1,1],"layout":"contiguous","phase":"measure","rows":1,"sample":14,"src_nb":[4,3145728,3145728,3145728],"src_ne":[786432,1,1,1],"width":786432}
M5_PROFILE {"context":"785cdd0480","graph":18,"cb":1,"original_nodes":3,"gpu_start_s":244741.672825125,"gpu_end_s":244741.672861000,"gpu_ms":0.035875,"valid":true,"completed":true,"op_counts":{"CPY":1,"VIEW":2}}
M5_COPY_RETURN {"copy_bytes":3145728,"dst_nb":[4,3145728,3145728,3145728],"dst_ne":[786432,1,1,1],"layout":"contiguous","phase":"measure","rows":1,"sample":14,"src_nb":[4,3145728,3145728,3145728],"src_ne":[786432,1,1,1],"wall_us":347.0,"width":786432}
M5_COPY_CALL {"copy_bytes":3145728,"dst_nb":[4,3145728,3145728,3145728],"dst_ne":[786432,1,1,1],"layout":"contiguous","phase":"measure","rows":1,"sample":15,"src_nb":[4,3145728,3145728,3145728],"src_ne":[786432,1,1,1],"width":786432}
M5_PROFILE {"context":"785cdd0480","graph":19,"cb":1,"original_nodes":3,"gpu_start_s":244741.673094500,"gpu_end_s":244741.673130542,"gpu_ms":0.036042,"valid":true,"completed":true,"op_counts":{"CPY":1,"VIEW":2}}
M5_COPY_RETURN {"copy_bytes":3145728,"dst_nb":[4,3145728,3145728,3145728],"dst_ne":[786432,1,1,1],"layout":"contiguous","phase":"measure","rows":1,"sample":15,"src_nb":[4,3145728,3145728,3145728],"src_ne":[786432,1,1,1],"wall_us":261.917,"width":786432}
M5_COPY_CALL {"copy_bytes":3145728,"dst_nb":[4,3145728,3145728,3145728],"dst_ne":[786432,1,1,1],"layout":"contiguous","phase":"measure","rows":1,"sample":16,"src_nb":[4,3145728,3145728,3145728],"src_ne":[786432,1,1,1],"width":786432}
M5_PROFILE {"context":"785cdd0480","graph":20,"cb":1,"original_nodes":3,"gpu_start_s":244741.673324000,"gpu_end_s":244741.673360125,"gpu_ms":0.036125,"valid":true,"completed":true,"op_counts":{"CPY":1,"VIEW":2}}
M5_COPY_RETURN {"copy_bytes":3145728,"dst_nb":[4,3145728,3145728,3145728],"dst_ne":[786432,1,1,1],"layout":"contiguous","phase":"measure","rows":1,"sample":16,"src_nb":[4,3145728,3145728,3145728],"src_ne":[786432,1,1,1],"wall_us":221.375,"width":786432}
M5_COPY_CALL {"copy_bytes":3145728,"dst_nb":[4,3145728,3145728,3145728],"dst_ne":[786432,1,1,1],"layout":"contiguous","phase":"measure","rows":1,"sample":17,"src_nb":[4,3145728,3145728,3145728],"src_ne":[786432,1,1,1],"width":786432}
M5_PROFILE {"context":"785cdd0480","graph":21,"cb":1,"original_nodes":3,"gpu_start_s":244741.673540875,"gpu_end_s":244741.673576625,"gpu_ms":0.035750,"valid":true,"completed":true,"op_counts":{"CPY":1,"VIEW":2}}
M5_COPY_RETURN {"copy_bytes":3145728,"dst_nb":[4,3145728,3145728,3145728],"dst_ne":[786432,1,1,1],"layout":"contiguous","phase":"measure","rows":1,"sample":17,"src_nb":[4,3145728,3145728,3145728],"src_ne":[786432,1,1,1],"wall_us":219.5,"width":786432}
M5_COPY_CALL {"copy_bytes":3145728,"dst_nb":[4,3145728,3145728,3145728],"dst_ne":[786432,1,1,1],"layout":"contiguous","phase":"measure","rows":1,"sample":18,"src_nb":[4,3145728,3145728,3145728],"src_ne":[786432,1,1,1],"width":786432}
M5_PROFILE {"context":"785cdd0480","graph":22,"cb":1,"original_nodes":3,"gpu_start_s":244741.673778875,"gpu_end_s":244741.673815375,"gpu_ms":0.036500,"valid":true,"completed":true,"op_counts":{"CPY":1,"VIEW":2}}
M5_COPY_RETURN {"copy_bytes":3145728,"dst_nb":[4,3145728,3145728,3145728],"dst_ne":[786432,1,1,1],"layout":"contiguous","phase":"measure","rows":1,"sample":18,"src_nb":[4,3145728,3145728,3145728],"src_ne":[786432,1,1,1],"wall_us":228.584,"width":786432}
M5_COPY_CALL {"copy_bytes":3145728,"dst_nb":[4,3145728,3145728,3145728],"dst_ne":[786432,1,1,1],"layout":"contiguous","phase":"measure","rows":1,"sample":19,"src_nb":[4,3145728,3145728,3145728],"src_ne":[786432,1,1,1],"width":786432}
M5_PROFILE {"context":"785cdd0480","graph":23,"cb":1,"original_nodes":3,"gpu_start_s":244741.674033917,"gpu_end_s":244741.674069667,"gpu_ms":0.035750,"valid":true,"completed":true,"op_counts":{"CPY":1,"VIEW":2}}
M5_COPY_RETURN {"copy_bytes":3145728,"dst_nb":[4,3145728,3145728,3145728],"dst_ne":[786432,1,1,1],"layout":"contiguous","phase":"measure","rows":1,"sample":19,"src_nb":[4,3145728,3145728,3145728],"src_ne":[786432,1,1,1],"wall_us":238.5,"width":786432}
M5_COPY_CALL {"copy_bytes":3145728,"dst_nb":[4,3145728,3145728,3145728],"dst_ne":[786432,1,1,1],"layout":"contiguous","phase":"measure","rows":1,"sample":20,"src_nb":[4,3145728,3145728,3145728],"src_ne":[786432,1,1,1],"width":786432}
M5_PROFILE {"context":"785cdd0480","graph":24,"cb":1,"original_nodes":3,"gpu_start_s":244741.674284625,"gpu_end_s":244741.674320500,"gpu_ms":0.035875,"valid":true,"completed":true,"op_counts":{"CPY":1,"VIEW":2}}
M5_COPY_RETURN {"copy_bytes":3145728,"dst_nb":[4,3145728,3145728,3145728],"dst_ne":[786432,1,1,1],"layout":"contiguous","phase":"measure","rows":1,"sample":20,"src_nb":[4,3145728,3145728,3145728],"src_ne":[786432,1,1,1],"wall_us":247.708,"width":786432}
M5_COPY_CALL {"copy_bytes":3145728,"dst_nb":[4,3145728,3145728,3145728],"dst_ne":[786432,1,1,1],"layout":"contiguous","phase":"measure","rows":1,"sample":21,"src_nb":[4,3145728,3145728,3145728],"src_ne":[786432,1,1,1],"width":786432}
M5_PROFILE {"context":"785cdd0480","graph":25,"cb":1,"original_nodes":3,"gpu_start_s":244741.674577792,"gpu_end_s":244741.674613750,"gpu_ms":0.035958,"valid":true,"completed":true,"op_counts":{"CPY":1,"VIEW":2}}
M5_COPY_RETURN {"copy_bytes":3145728,"dst_nb":[4,3145728,3145728,3145728],"dst_ne":[786432,1,1,1],"layout":"contiguous","phase":"measure","rows":1,"sample":21,"src_nb":[4,3145728,3145728,3145728],"src_ne":[786432,1,1,1],"wall_us":289.666,"width":786432}
M5_COPY_CALL {"copy_bytes":3145728,"dst_nb":[4,3145728,3145728,3145728],"dst_ne":[786432,1,1,1],"layout":"contiguous","phase":"measure","rows":1,"sample":22,"src_nb":[4,3145728,3145728,3145728],"src_ne":[786432,1,1,1],"width":786432}
M5_PROFILE {"context":"785cdd0480","graph":26,"cb":1,"original_nodes":3,"gpu_start_s":244741.674828375,"gpu_end_s":244741.674864375,"gpu_ms":0.036000,"valid":true,"completed":true,"op_counts":{"CPY":1,"VIEW":2}}
M5_COPY_RETURN {"copy_bytes":3145728,"dst_nb":[4,3145728,3145728,3145728],"dst_ne":[786432,1,1,1],"layout":"contiguous","phase":"measure","rows":1,"sample":22,"src_nb":[4,3145728,3145728,3145728],"src_ne":[786432,1,1,1],"wall_us":241.917,"width":786432}
M5_COPY_CALL {"copy_bytes":3145728,"dst_nb":[4,3145728,3145728,3145728],"dst_ne":[786432,1,1,1],"layout":"contiguous","phase":"measure","rows":1,"sample":23,"src_nb":[4,3145728,3145728,3145728],"src_ne":[786432,1,1,1],"width":786432}
M5_PROFILE {"context":"785cdd0480","graph":27,"cb":1,"original_nodes":3,"gpu_start_s":244741.675076375,"gpu_end_s":244741.675112750,"gpu_ms":0.036375,"valid":true,"completed":true,"op_counts":{"CPY":1,"VIEW":2}}
M5_COPY_RETURN {"copy_bytes":3145728,"dst_nb":[4,3145728,3145728,3145728],"dst_ne":[786432,1,1,1],"layout":"contiguous","phase":"measure","rows":1,"sample":23,"src_nb":[4,3145728,3145728,3145728],"src_ne":[786432,1,1,1],"wall_us":236.75,"width":786432}
M5_COPY_CALL {"copy_bytes":3145728,"dst_nb":[4,3145728,3145728,3145728],"dst_ne":[786432,1,1,1],"layout":"contiguous","phase":"measure","rows":1,"sample":24,"src_nb":[4,3145728,3145728,3145728],"src_ne":[786432,1,1,1],"width":786432}
M5_PROFILE {"context":"785cdd0480","graph":28,"cb":1,"original_nodes":3,"gpu_start_s":244741.675315750,"gpu_end_s":244741.675352000,"gpu_ms":0.036250,"valid":true,"completed":true,"op_counts":{"CPY":1,"VIEW":2}}
M5_COPY_RETURN {"copy_bytes":3145728,"dst_nb":[4,3145728,3145728,3145728],"dst_ne":[786432,1,1,1],"layout":"contiguous","phase":"measure","rows":1,"sample":24,"src_nb":[4,3145728,3145728,3145728],"src_ne":[786432,1,1,1],"wall_us":231.041,"width":786432}
M5_COPY_CALL {"copy_bytes":3145728,"dst_nb":[4,3145728,3145728,3145728],"dst_ne":[786432,1,1,1],"layout":"contiguous","phase":"measure","rows":1,"sample":25,"src_nb":[4,3145728,3145728,3145728],"src_ne":[786432,1,1,1],"width":786432}
M5_PROFILE {"context":"785cdd0480","graph":29,"cb":1,"original_nodes":3,"gpu_start_s":244741.675606500,"gpu_end_s":244741.675642917,"gpu_ms":0.036417,"valid":true,"completed":true,"op_counts":{"CPY":1,"VIEW":2}}
M5_COPY_RETURN {"copy_bytes":3145728,"dst_nb":[4,3145728,3145728,3145728],"dst_ne":[786432,1,1,1],"layout":"contiguous","phase":"measure","rows":1,"sample":25,"src_nb":[4,3145728,3145728,3145728],"src_ne":[786432,1,1,1],"wall_us":294.375,"width":786432}
M5_COPY_CALL {"copy_bytes":3145728,"dst_nb":[4,3145728,3145728,3145728],"dst_ne":[786432,1,1,1],"layout":"contiguous","phase":"measure","rows":1,"sample":26,"src_nb":[4,3145728,3145728,3145728],"src_ne":[786432,1,1,1],"width":786432}
M5_PROFILE {"context":"785cdd0480","graph":30,"cb":1,"original_nodes":3,"gpu_start_s":244741.675881500,"gpu_end_s":244741.675917875,"gpu_ms":0.036375,"valid":true,"completed":true,"op_counts":{"CPY":1,"VIEW":2}}
M5_COPY_RETURN {"copy_bytes":3145728,"dst_nb":[4,3145728,3145728,3145728],"dst_ne":[786432,1,1,1],"layout":"contiguous","phase":"measure","rows":1,"sample":26,"src_nb":[4,3145728,3145728,3145728],"src_ne":[786432,1,1,1],"wall_us":262.75,"width":786432}
M5_COPY_CALL {"copy_bytes":3145728,"dst_nb":[4,3145728,3145728,3145728],"dst_ne":[786432,1,1,1],"layout":"contiguous","phase":"measure","rows":1,"sample":27,"src_nb":[4,3145728,3145728,3145728],"src_ne":[786432,1,1,1],"width":786432}
M5_PROFILE {"context":"785cdd0480","graph":31,"cb":1,"original_nodes":3,"gpu_start_s":244741.676132917,"gpu_end_s":244741.676168667,"gpu_ms":0.035750,"valid":true,"completed":true,"op_counts":{"CPY":1,"VIEW":2}}
M5_COPY_RETURN {"copy_bytes":3145728,"dst_nb":[4,3145728,3145728,3145728],"dst_ne":[786432,1,1,1],"layout":"contiguous","phase":"measure","rows":1,"sample":27,"src_nb":[4,3145728,3145728,3145728],"src_ne":[786432,1,1,1],"wall_us":241.208,"width":786432}
M5_COPY_CALL {"copy_bytes":3145728,"dst_nb":[4,3145728,3145728,3145728],"dst_ne":[786432,1,1,1],"layout":"contiguous","phase":"measure","rows":1,"sample":28,"src_nb":[4,3145728,3145728,3145728],"src_ne":[786432,1,1,1],"width":786432}
M5_PROFILE {"context":"785cdd0480","graph":32,"cb":1,"original_nodes":3,"gpu_start_s":244741.676385417,"gpu_end_s":244741.676421875,"gpu_ms":0.036458,"valid":true,"completed":true,"op_counts":{"CPY":1,"VIEW":2}}
M5_COPY_RETURN {"copy_bytes":3145728,"dst_nb":[4,3145728,3145728,3145728],"dst_ne":[786432,1,1,1],"layout":"contiguous","phase":"measure","rows":1,"sample":28,"src_nb":[4,3145728,3145728,3145728],"src_ne":[786432,1,1,1],"wall_us":247.833,"width":786432}
M5_COPY_CALL {"copy_bytes":3145728,"dst_nb":[4,3145728,3145728,3145728],"dst_ne":[786432,1,1,1],"layout":"contiguous","phase":"measure","rows":1,"sample":29,"src_nb":[4,3145728,3145728,3145728],"src_ne":[786432,1,1,1],"width":786432}
M5_PROFILE {"context":"785cdd0480","graph":33,"cb":1,"original_nodes":3,"gpu_start_s":244741.676652500,"gpu_end_s":244741.676688667,"gpu_ms":0.036167,"valid":true,"completed":true,"op_counts":{"CPY":1,"VIEW":2}}
M5_COPY_RETURN {"copy_bytes":3145728,"dst_nb":[4,3145728,3145728,3145728],"dst_ne":[786432,1,1,1],"layout":"contiguous","phase":"measure","rows":1,"sample":29,"src_nb":[4,3145728,3145728,3145728],"src_ne":[786432,1,1,1],"wall_us":247.25,"width":786432}
M5_COPY_CALL {"copy_bytes":3145728,"dst_nb":[4,3145728,3145728,3145728],"dst_ne":[786432,1,1,1],"layout":"contiguous","phase":"measure","rows":1,"sample":30,"src_nb":[4,3145728,3145728,3145728],"src_ne":[786432,1,1,1],"width":786432}
M5_PROFILE {"context":"785cdd0480","graph":34,"cb":1,"original_nodes":3,"gpu_start_s":244741.676918375,"gpu_end_s":244741.676954750,"gpu_ms":0.036375,"valid":true,"completed":true,"op_counts":{"CPY":1,"VIEW":2}}
M5_COPY_RETURN {"copy_bytes":3145728,"dst_nb":[4,3145728,3145728,3145728],"dst_ne":[786432,1,1,1],"layout":"contiguous","phase":"measure","rows":1,"sample":30,"src_nb":[4,3145728,3145728,3145728],"src_ne":[786432,1,1,1],"wall_us":285.417,"width":786432}
M5_COPY_CALL {"copy_bytes":3145728,"dst_nb":[4,3145728,3145728,3145728],"dst_ne":[786432,1,1,1],"layout":"contiguous","phase":"measure","rows":1,"sample":31,"src_nb":[4,3145728,3145728,3145728],"src_ne":[786432,1,1,1],"width":786432}
M5_PROFILE {"context":"785cdd0480","graph":35,"cb":1,"original_nodes":3,"gpu_start_s":244741.677224000,"gpu_end_s":244741.677259792,"gpu_ms":0.035792,"valid":true,"completed":true,"op_counts":{"CPY":1,"VIEW":2}}
M5_COPY_RETURN {"copy_bytes":3145728,"dst_nb":[4,3145728,3145728,3145728],"dst_ne":[786432,1,1,1],"layout":"contiguous","phase":"measure","rows":1,"sample":31,"src_nb":[4,3145728,3145728,3145728],"src_ne":[786432,1,1,1],"wall_us":294.666,"width":786432}
M5_COPY_CALL {"copy_bytes":3145728,"dst_nb":[4,3145728,3145728,3145728],"dst_ne":[786432,1,1,1],"layout":"contiguous","phase":"measure","rows":1,"sample":32,"src_nb":[4,3145728,3145728,3145728],"src_ne":[786432,1,1,1],"width":786432}
M5_PROFILE {"context":"785cdd0480","graph":36,"cb":1,"original_nodes":3,"gpu_start_s":244741.677472750,"gpu_end_s":244741.677509000,"gpu_ms":0.036250,"valid":true,"completed":true,"op_counts":{"CPY":1,"VIEW":2}}
M5_COPY_RETURN {"copy_bytes":3145728,"dst_nb":[4,3145728,3145728,3145728],"dst_ne":[786432,1,1,1],"layout":"contiguous","phase":"measure","rows":1,"sample":32,"src_nb":[4,3145728,3145728,3145728],"src_ne":[786432,1,1,1],"wall_us":226.667,"width":786432}
M5_COPY_CALL {"copy_bytes":3145728,"dst_nb":[4,3145728,3145728,3145728],"dst_ne":[786432,1,1,1],"layout":"contiguous","phase":"measure","rows":1,"sample":33,"src_nb":[4,3145728,3145728,3145728],"src_ne":[786432,1,1,1],"width":786432}
M5_PROFILE {"context":"785cdd0480","graph":37,"cb":1,"original_nodes":3,"gpu_start_s":244741.677685292,"gpu_end_s":244741.677721125,"gpu_ms":0.035833,"valid":true,"completed":true,"op_counts":{"CPY":1,"VIEW":2}}
M5_COPY_RETURN {"copy_bytes":3145728,"dst_nb":[4,3145728,3145728,3145728],"dst_ne":[786432,1,1,1],"layout":"contiguous","phase":"measure","rows":1,"sample":33,"src_nb":[4,3145728,3145728,3145728],"src_ne":[786432,1,1,1],"wall_us":200.584,"width":786432}
M5_COPY_CALL {"copy_bytes":3145728,"dst_nb":[4,3145728,3145728,3145728],"dst_ne":[786432,1,1,1],"layout":"contiguous","phase":"measure","rows":1,"sample":34,"src_nb":[4,3145728,3145728,3145728],"src_ne":[786432,1,1,1],"width":786432}
M5_PROFILE {"context":"785cdd0480","graph":38,"cb":1,"original_nodes":3,"gpu_start_s":244741.677978042,"gpu_end_s":244741.678014125,"gpu_ms":0.036083,"valid":true,"completed":true,"op_counts":{"CPY":1,"VIEW":2}}
M5_COPY_RETURN {"copy_bytes":3145728,"dst_nb":[4,3145728,3145728,3145728],"dst_ne":[786432,1,1,1],"layout":"contiguous","phase":"measure","rows":1,"sample":34,"src_nb":[4,3145728,3145728,3145728],"src_ne":[786432,1,1,1],"wall_us":297.25,"width":786432}
M5_COPY_CALL {"copy_bytes":3145728,"dst_nb":[4,3145728,3145728,3145728],"dst_ne":[786432,1,1,1],"layout":"contiguous","phase":"measure","rows":1,"sample":35,"src_nb":[4,3145728,3145728,3145728],"src_ne":[786432,1,1,1],"width":786432}
M5_PROFILE {"context":"785cdd0480","graph":39,"cb":1,"original_nodes":3,"gpu_start_s":244741.678217625,"gpu_end_s":244741.678253375,"gpu_ms":0.035750,"valid":true,"completed":true,"op_counts":{"CPY":1,"VIEW":2}}
M5_COPY_RETURN {"copy_bytes":3145728,"dst_nb":[4,3145728,3145728,3145728],"dst_ne":[786432,1,1,1],"layout":"contiguous","phase":"measure","rows":1,"sample":35,"src_nb":[4,3145728,3145728,3145728],"src_ne":[786432,1,1,1],"wall_us":231.5,"width":786432}
M5_COPY_CALL {"copy_bytes":3145728,"dst_nb":[4,3145728,3145728,3145728],"dst_ne":[786432,1,1,1],"layout":"contiguous","phase":"measure","rows":1,"sample":36,"src_nb":[4,3145728,3145728,3145728],"src_ne":[786432,1,1,1],"width":786432}
M5_PROFILE {"context":"785cdd0480","graph":40,"cb":1,"original_nodes":3,"gpu_start_s":244741.678474417,"gpu_end_s":244741.678510750,"gpu_ms":0.036333,"valid":true,"completed":true,"op_counts":{"CPY":1,"VIEW":2}}
M5_COPY_RETURN {"copy_bytes":3145728,"dst_nb":[4,3145728,3145728,3145728],"dst_ne":[786432,1,1,1],"layout":"contiguous","phase":"measure","rows":1,"sample":36,"src_nb":[4,3145728,3145728,3145728],"src_ne":[786432,1,1,1],"wall_us":245.542,"width":786432}
M5_COPY_CALL {"copy_bytes":3145728,"dst_nb":[4,3145728,3145728,3145728],"dst_ne":[786432,1,1,1],"layout":"contiguous","phase":"measure","rows":1,"sample":37,"src_nb":[4,3145728,3145728,3145728],"src_ne":[786432,1,1,1],"width":786432}
M5_PROFILE {"context":"785cdd0480","graph":41,"cb":1,"original_nodes":3,"gpu_start_s":244741.678733417,"gpu_end_s":244741.678769292,"gpu_ms":0.035875,"valid":true,"completed":true,"op_counts":{"CPY":1,"VIEW":2}}
M5_COPY_RETURN {"copy_bytes":3145728,"dst_nb":[4,3145728,3145728,3145728],"dst_ne":[786432,1,1,1],"layout":"contiguous","phase":"measure","rows":1,"sample":37,"src_nb":[4,3145728,3145728,3145728],"src_ne":[786432,1,1,1],"wall_us":247.875,"width":786432}
M5_COPY_CALL {"copy_bytes":3145728,"dst_nb":[4,3145728,3145728,3145728],"dst_ne":[786432,1,1,1],"layout":"contiguous","phase":"measure","rows":1,"sample":38,"src_nb":[4,3145728,3145728,3145728],"src_ne":[786432,1,1,1],"width":786432}
M5_PROFILE {"context":"785cdd0480","graph":42,"cb":1,"original_nodes":3,"gpu_start_s":244741.678980500,"gpu_end_s":244741.679017167,"gpu_ms":0.036667,"valid":true,"completed":true,"op_counts":{"CPY":1,"VIEW":2}}
M5_COPY_RETURN {"copy_bytes":3145728,"dst_nb":[4,3145728,3145728,3145728],"dst_ne":[786432,1,1,1],"layout":"contiguous","phase":"measure","rows":1,"sample":38,"src_nb":[4,3145728,3145728,3145728],"src_ne":[786432,1,1,1],"wall_us":235.208,"width":786432}
M5_COPY_CALL {"copy_bytes":3145728,"dst_nb":[4,3145728,3145728,3145728],"dst_ne":[786432,1,1,1],"layout":"contiguous","phase":"measure","rows":1,"sample":39,"src_nb":[4,3145728,3145728,3145728],"src_ne":[786432,1,1,1],"width":786432}
M5_PROFILE {"context":"785cdd0480","graph":43,"cb":1,"original_nodes":3,"gpu_start_s":244741.679231500,"gpu_end_s":244741.679267292,"gpu_ms":0.035792,"valid":true,"completed":true,"op_counts":{"CPY":1,"VIEW":2}}
M5_COPY_RETURN {"copy_bytes":3145728,"dst_nb":[4,3145728,3145728,3145728],"dst_ne":[786432,1,1,1],"layout":"contiguous","phase":"measure","rows":1,"sample":39,"src_nb":[4,3145728,3145728,3145728],"src_ne":[786432,1,1,1],"wall_us":252.459,"width":786432}
M5_COPY_PASS {"copy_bytes":3145728,"dst_nb":[4,3145728,3145728,3145728],"dst_ne":[786432,1,1,1],"layout":"contiguous","rows":1,"src_nb":[4,3145728,3145728,3145728],"src_ne":[786432,1,1,1],"width":786432}
M5_COPY_CALL {"copy_bytes":3145728,"dst_nb":[4,3145728,18874368,18874368],"dst_ne":[786432,1,1,1],"layout":"strided","phase":"warmup","rows":1,"sample":-3,"src_nb":[4,3145728,3145744,3145744],"src_ne":[786432,1,1,1],"width":786432}
M5_PROFILE {"context":"785cdd0480","graph":44,"cb":1,"original_nodes":3,"gpu_start_s":244741.684350667,"gpu_end_s":244741.684389875,"gpu_ms":0.039208,"valid":true,"completed":true,"op_counts":{"CPY":1,"VIEW":2}}
M5_COPY_RETURN {"copy_bytes":3145728,"dst_nb":[4,3145728,18874368,18874368],"dst_ne":[786432,1,1,1],"layout":"strided","phase":"warmup","rows":1,"sample":-3,"src_nb":[4,3145728,3145744,3145744],"src_ne":[786432,1,1,1],"wall_us":251.75,"width":786432}
M5_COPY_CALL {"copy_bytes":3145728,"dst_nb":[4,3145728,18874368,18874368],"dst_ne":[786432,1,1,1],"layout":"strided","phase":"warmup","rows":1,"sample":-2,"src_nb":[4,3145728,3145744,3145744],"src_ne":[786432,1,1,1],"width":786432}
M5_PROFILE {"context":"785cdd0480","graph":45,"cb":1,"original_nodes":3,"gpu_start_s":244741.684587875,"gpu_end_s":244741.684624375,"gpu_ms":0.036500,"valid":true,"completed":true,"op_counts":{"CPY":1,"VIEW":2}}
M5_COPY_RETURN {"copy_bytes":3145728,"dst_nb":[4,3145728,18874368,18874368],"dst_ne":[786432,1,1,1],"layout":"strided","phase":"warmup","rows":1,"sample":-2,"src_nb":[4,3145728,3145744,3145744],"src_ne":[786432,1,1,1],"wall_us":215.792,"width":786432}
M5_COPY_CALL {"copy_bytes":3145728,"dst_nb":[4,3145728,18874368,18874368],"dst_ne":[786432,1,1,1],"layout":"strided","phase":"warmup","rows":1,"sample":-1,"src_nb":[4,3145728,3145744,3145744],"src_ne":[786432,1,1,1],"width":786432}
M5_PROFILE {"context":"785cdd0480","graph":46,"cb":1,"original_nodes":3,"gpu_start_s":244741.684812250,"gpu_end_s":244741.684848125,"gpu_ms":0.035875,"valid":true,"completed":true,"op_counts":{"CPY":1,"VIEW":2}}
M5_COPY_RETURN {"copy_bytes":3145728,"dst_nb":[4,3145728,18874368,18874368],"dst_ne":[786432,1,1,1],"layout":"strided","phase":"warmup","rows":1,"sample":-1,"src_nb":[4,3145728,3145744,3145744],"src_ne":[786432,1,1,1],"wall_us":230.833,"width":786432}
M5_COPY_CALL {"copy_bytes":3145728,"dst_nb":[4,3145728,18874368,18874368],"dst_ne":[786432,1,1,1],"layout":"strided","phase":"measure","rows":1,"sample":0,"src_nb":[4,3145728,3145744,3145744],"src_ne":[786432,1,1,1],"width":786432}
M5_PROFILE {"context":"785cdd0480","graph":47,"cb":1,"original_nodes":3,"gpu_start_s":244741.685051000,"gpu_end_s":244741.685087000,"gpu_ms":0.036000,"valid":true,"completed":true,"op_counts":{"CPY":1,"VIEW":2}}
M5_COPY_RETURN {"copy_bytes":3145728,"dst_nb":[4,3145728,18874368,18874368],"dst_ne":[786432,1,1,1],"layout":"strided","phase":"measure","rows":1,"sample":0,"src_nb":[4,3145728,3145744,3145744],"src_ne":[786432,1,1,1],"wall_us":212.666,"width":786432}
M5_COPY_CALL {"copy_bytes":3145728,"dst_nb":[4,3145728,18874368,18874368],"dst_ne":[786432,1,1,1],"layout":"strided","phase":"measure","rows":1,"sample":1,"src_nb":[4,3145728,3145744,3145744],"src_ne":[786432,1,1,1],"width":786432}
M5_PROFILE {"context":"785cdd0480","graph":48,"cb":1,"original_nodes":3,"gpu_start_s":244741.685289625,"gpu_end_s":244741.685325917,"gpu_ms":0.036292,"valid":true,"completed":true,"op_counts":{"CPY":1,"VIEW":2}}
M5_COPY_RETURN {"copy_bytes":3145728,"dst_nb":[4,3145728,18874368,18874368],"dst_ne":[786432,1,1,1],"layout":"strided","phase":"measure","rows":1,"sample":1,"src_nb":[4,3145728,3145744,3145744],"src_ne":[786432,1,1,1],"wall_us":228.375,"width":786432}
M5_COPY_CALL {"copy_bytes":3145728,"dst_nb":[4,3145728,18874368,18874368],"dst_ne":[786432,1,1,1],"layout":"strided","phase":"measure","rows":1,"sample":2,"src_nb":[4,3145728,3145744,3145744],"src_ne":[786432,1,1,1],"width":786432}
M5_PROFILE {"context":"785cdd0480","graph":49,"cb":1,"original_nodes":3,"gpu_start_s":244741.685505125,"gpu_end_s":244741.685541250,"gpu_ms":0.036125,"valid":true,"completed":true,"op_counts":{"CPY":1,"VIEW":2}}
M5_COPY_RETURN {"copy_bytes":3145728,"dst_nb":[4,3145728,18874368,18874368],"dst_ne":[786432,1,1,1],"layout":"strided","phase":"measure","rows":1,"sample":2,"src_nb":[4,3145728,3145744,3145744],"src_ne":[786432,1,1,1],"wall_us":211.791,"width":786432}
M5_COPY_CALL {"copy_bytes":3145728,"dst_nb":[4,3145728,18874368,18874368],"dst_ne":[786432,1,1,1],"layout":"strided","phase":"measure","rows":1,"sample":3,"src_nb":[4,3145728,3145744,3145744],"src_ne":[786432,1,1,1],"width":786432}
M5_PROFILE {"context":"785cdd0480","graph":50,"cb":1,"original_nodes":3,"gpu_start_s":244741.685748042,"gpu_end_s":244741.685784500,"gpu_ms":0.036458,"valid":true,"completed":true,"op_counts":{"CPY":1,"VIEW":2}}
M5_COPY_RETURN {"copy_bytes":3145728,"dst_nb":[4,3145728,18874368,18874368],"dst_ne":[786432,1,1,1],"layout":"strided","phase":"measure","rows":1,"sample":3,"src_nb":[4,3145728,3145744,3145744],"src_ne":[786432,1,1,1],"wall_us":228.667,"width":786432}
M5_COPY_CALL {"copy_bytes":3145728,"dst_nb":[4,3145728,18874368,18874368],"dst_ne":[786432,1,1,1],"layout":"strided","phase":"measure","rows":1,"sample":4,"src_nb":[4,3145728,3145744,3145744],"src_ne":[786432,1,1,1],"width":786432}
M5_PROFILE {"context":"785cdd0480","graph":51,"cb":1,"original_nodes":3,"gpu_start_s":244741.686006167,"gpu_end_s":244741.686042375,"gpu_ms":0.036208,"valid":true,"completed":true,"op_counts":{"CPY":1,"VIEW":2}}
M5_COPY_RETURN {"copy_bytes":3145728,"dst_nb":[4,3145728,18874368,18874368],"dst_ne":[786432,1,1,1],"layout":"strided","phase":"measure","rows":1,"sample":4,"src_nb":[4,3145728,3145744,3145744],"src_ne":[786432,1,1,1],"wall_us":252.542,"width":786432}
M5_COPY_CALL {"copy_bytes":3145728,"dst_nb":[4,3145728,18874368,18874368],"dst_ne":[786432,1,1,1],"layout":"strided","phase":"measure","rows":1,"sample":5,"src_nb":[4,3145728,3145744,3145744],"src_ne":[786432,1,1,1],"width":786432}
M5_PROFILE {"context":"785cdd0480","graph":52,"cb":1,"original_nodes":3,"gpu_start_s":244741.686302875,"gpu_end_s":244741.686338875,"gpu_ms":0.036000,"valid":true,"completed":true,"op_counts":{"CPY":1,"VIEW":2}}
M5_COPY_RETURN {"copy_bytes":3145728,"dst_nb":[4,3145728,18874368,18874368],"dst_ne":[786432,1,1,1],"layout":"strided","phase":"measure","rows":1,"sample":5,"src_nb":[4,3145728,3145744,3145744],"src_ne":[786432,1,1,1],"wall_us":294.292,"width":786432}
M5_COPY_CALL {"copy_bytes":3145728,"dst_nb":[4,3145728,18874368,18874368],"dst_ne":[786432,1,1,1],"layout":"strided","phase":"measure","rows":1,"sample":6,"src_nb":[4,3145728,3145744,3145744],"src_ne":[786432,1,1,1],"width":786432}
M5_PROFILE {"context":"785cdd0480","graph":53,"cb":1,"original_nodes":3,"gpu_start_s":244741.686546792,"gpu_end_s":244741.686583000,"gpu_ms":0.036208,"valid":true,"completed":true,"op_counts":{"CPY":1,"VIEW":2}}
M5_COPY_RETURN {"copy_bytes":3145728,"dst_nb":[4,3145728,18874368,18874368],"dst_ne":[786432,1,1,1],"layout":"strided","phase":"measure","rows":1,"sample":6,"src_nb":[4,3145728,3145744,3145744],"src_ne":[786432,1,1,1],"wall_us":232.041,"width":786432}
M5_COPY_CALL {"copy_bytes":3145728,"dst_nb":[4,3145728,18874368,18874368],"dst_ne":[786432,1,1,1],"layout":"strided","phase":"measure","rows":1,"sample":7,"src_nb":[4,3145728,3145744,3145744],"src_ne":[786432,1,1,1],"width":786432}
M5_PROFILE {"context":"785cdd0480","graph":54,"cb":1,"original_nodes":3,"gpu_start_s":244741.686788375,"gpu_end_s":244741.686824625,"gpu_ms":0.036250,"valid":true,"completed":true,"op_counts":{"CPY":1,"VIEW":2}}
M5_COPY_RETURN {"copy_bytes":3145728,"dst_nb":[4,3145728,18874368,18874368],"dst_ne":[786432,1,1,1],"layout":"strided","phase":"measure","rows":1,"sample":7,"src_nb":[4,3145728,3145744,3145744],"src_ne":[786432,1,1,1],"wall_us":232.709,"width":786432}
M5_COPY_CALL {"copy_bytes":3145728,"dst_nb":[4,3145728,18874368,18874368],"dst_ne":[786432,1,1,1],"layout":"strided","phase":"measure","rows":1,"sample":8,"src_nb":[4,3145728,3145744,3145744],"src_ne":[786432,1,1,1],"width":786432}
M5_PROFILE {"context":"785cdd0480","graph":55,"cb":1,"original_nodes":3,"gpu_start_s":244741.687054250,"gpu_end_s":244741.687089542,"gpu_ms":0.035292,"valid":true,"completed":true,"op_counts":{"CPY":1,"VIEW":2}}
M5_COPY_RETURN {"copy_bytes":3145728,"dst_nb":[4,3145728,18874368,18874368],"dst_ne":[786432,1,1,1],"layout":"strided","phase":"measure","rows":1,"sample":8,"src_nb":[4,3145728,3145744,3145744],"src_ne":[786432,1,1,1],"wall_us":256.625,"width":786432}
M5_COPY_CALL {"copy_bytes":3145728,"dst_nb":[4,3145728,18874368,18874368],"dst_ne":[786432,1,1,1],"layout":"strided","phase":"measure","rows":1,"sample":9,"src_nb":[4,3145728,3145744,3145744],"src_ne":[786432,1,1,1],"width":786432}
M5_PROFILE {"context":"785cdd0480","graph":56,"cb":1,"original_nodes":3,"gpu_start_s":244741.687267000,"gpu_end_s":244741.687303250,"gpu_ms":0.036250,"valid":true,"completed":true,"op_counts":{"CPY":1,"VIEW":2}}
M5_COPY_RETURN {"copy_bytes":3145728,"dst_nb":[4,3145728,18874368,18874368],"dst_ne":[786432,1,1,1],"layout":"strided","phase":"measure","rows":1,"sample":9,"src_nb":[4,3145728,3145744,3145744],"src_ne":[786432,1,1,1],"wall_us":214.375,"width":786432}
M5_COPY_CALL {"copy_bytes":3145728,"dst_nb":[4,3145728,18874368,18874368],"dst_ne":[786432,1,1,1],"layout":"strided","phase":"measure","rows":1,"sample":10,"src_nb":[4,3145728,3145744,3145744],"src_ne":[786432,1,1,1],"width":786432}
M5_PROFILE {"context":"785cdd0480","graph":57,"cb":1,"original_nodes":3,"gpu_start_s":244741.687476875,"gpu_end_s":244741.687513625,"gpu_ms":0.036750,"valid":true,"completed":true,"op_counts":{"CPY":1,"VIEW":2}}
M5_COPY_RETURN {"copy_bytes":3145728,"dst_nb":[4,3145728,18874368,18874368],"dst_ne":[786432,1,1,1],"layout":"strided","phase":"measure","rows":1,"sample":10,"src_nb":[4,3145728,3145744,3145744],"src_ne":[786432,1,1,1],"wall_us":186.375,"width":786432}
M5_COPY_CALL {"copy_bytes":3145728,"dst_nb":[4,3145728,18874368,18874368],"dst_ne":[786432,1,1,1],"layout":"strided","phase":"measure","rows":1,"sample":11,"src_nb":[4,3145728,3145744,3145744],"src_ne":[786432,1,1,1],"width":786432}
M5_PROFILE {"context":"785cdd0480","graph":58,"cb":1,"original_nodes":3,"gpu_start_s":244741.687694667,"gpu_end_s":244741.687730375,"gpu_ms":0.035708,"valid":true,"completed":true,"op_counts":{"CPY":1,"VIEW":2}}
M5_COPY_RETURN {"copy_bytes":3145728,"dst_nb":[4,3145728,18874368,18874368],"dst_ne":[786432,1,1,1],"layout":"strided","phase":"measure","rows":1,"sample":11,"src_nb":[4,3145728,3145744,3145744],"src_ne":[786432,1,1,1],"wall_us":210.041,"width":786432}
M5_COPY_CALL {"copy_bytes":3145728,"dst_nb":[4,3145728,18874368,18874368],"dst_ne":[786432,1,1,1],"layout":"strided","phase":"measure","rows":1,"sample":12,"src_nb":[4,3145728,3145744,3145744],"src_ne":[786432,1,1,1],"width":786432}
M5_PROFILE {"context":"785cdd0480","graph":59,"cb":1,"original_nodes":3,"gpu_start_s":244741.687903000,"gpu_end_s":244741.687939125,"gpu_ms":0.036125,"valid":true,"completed":true,"op_counts":{"CPY":1,"VIEW":2}}
M5_COPY_RETURN {"copy_bytes":3145728,"dst_nb":[4,3145728,18874368,18874368],"dst_ne":[786432,1,1,1],"layout":"strided","phase":"measure","rows":1,"sample":12,"src_nb":[4,3145728,3145744,3145744],"src_ne":[786432,1,1,1],"wall_us":211.917,"width":786432}
M5_COPY_CALL {"copy_bytes":3145728,"dst_nb":[4,3145728,18874368,18874368],"dst_ne":[786432,1,1,1],"layout":"strided","phase":"measure","rows":1,"sample":13,"src_nb":[4,3145728,3145744,3145744],"src_ne":[786432,1,1,1],"width":786432}
M5_PROFILE {"context":"785cdd0480","graph":60,"cb":1,"original_nodes":3,"gpu_start_s":244741.688121125,"gpu_end_s":244741.688157625,"gpu_ms":0.036500,"valid":true,"completed":true,"op_counts":{"CPY":1,"VIEW":2}}
M5_COPY_RETURN {"copy_bytes":3145728,"dst_nb":[4,3145728,18874368,18874368],"dst_ne":[786432,1,1,1],"layout":"strided","phase":"measure","rows":1,"sample":13,"src_nb":[4,3145728,3145744,3145744],"src_ne":[786432,1,1,1],"wall_us":208.084,"width":786432}
M5_COPY_CALL {"copy_bytes":3145728,"dst_nb":[4,3145728,18874368,18874368],"dst_ne":[786432,1,1,1],"layout":"strided","phase":"measure","rows":1,"sample":14,"src_nb":[4,3145728,3145744,3145744],"src_ne":[786432,1,1,1],"width":786432}
M5_PROFILE {"context":"785cdd0480","graph":61,"cb":1,"original_nodes":3,"gpu_start_s":244741.688334625,"gpu_end_s":244741.688370792,"gpu_ms":0.036167,"valid":true,"completed":true,"op_counts":{"CPY":1,"VIEW":2}}
M5_COPY_RETURN {"copy_bytes":3145728,"dst_nb":[4,3145728,18874368,18874368],"dst_ne":[786432,1,1,1],"layout":"strided","phase":"measure","rows":1,"sample":14,"src_nb":[4,3145728,3145744,3145744],"src_ne":[786432,1,1,1],"wall_us":210.458,"width":786432}
M5_COPY_CALL {"copy_bytes":3145728,"dst_nb":[4,3145728,18874368,18874368],"dst_ne":[786432,1,1,1],"layout":"strided","phase":"measure","rows":1,"sample":15,"src_nb":[4,3145728,3145744,3145744],"src_ne":[786432,1,1,1],"width":786432}
M5_PROFILE {"context":"785cdd0480","graph":62,"cb":1,"original_nodes":3,"gpu_start_s":244741.688600125,"gpu_end_s":244741.688636250,"gpu_ms":0.036125,"valid":true,"completed":true,"op_counts":{"CPY":1,"VIEW":2}}
M5_COPY_RETURN {"copy_bytes":3145728,"dst_nb":[4,3145728,18874368,18874368],"dst_ne":[786432,1,1,1],"layout":"strided","phase":"measure","rows":1,"sample":15,"src_nb":[4,3145728,3145744,3145744],"src_ne":[786432,1,1,1],"wall_us":249.041,"width":786432}
M5_COPY_CALL {"copy_bytes":3145728,"dst_nb":[4,3145728,18874368,18874368],"dst_ne":[786432,1,1,1],"layout":"strided","phase":"measure","rows":1,"sample":16,"src_nb":[4,3145728,3145744,3145744],"src_ne":[786432,1,1,1],"width":786432}
M5_PROFILE {"context":"785cdd0480","graph":63,"cb":1,"original_nodes":3,"gpu_start_s":244741.688875625,"gpu_end_s":244741.688911750,"gpu_ms":0.036125,"valid":true,"completed":true,"op_counts":{"CPY":1,"VIEW":2}}
M5_COPY_RETURN {"copy_bytes":3145728,"dst_nb":[4,3145728,18874368,18874368],"dst_ne":[786432,1,1,1],"layout":"strided","phase":"measure","rows":1,"sample":16,"src_nb":[4,3145728,3145744,3145744],"src_ne":[786432,1,1,1],"wall_us":279.25,"width":786432}
M5_COPY_CALL {"copy_bytes":3145728,"dst_nb":[4,3145728,18874368,18874368],"dst_ne":[786432,1,1,1],"layout":"strided","phase":"measure","rows":1,"sample":17,"src_nb":[4,3145728,3145744,3145744],"src_ne":[786432,1,1,1],"width":786432}
M5_PROFILE {"context":"785cdd0480","graph":64,"cb":1,"original_nodes":3,"gpu_start_s":244741.689161375,"gpu_end_s":244741.689197625,"gpu_ms":0.036250,"valid":true,"completed":true,"op_counts":{"CPY":1,"VIEW":2}}
M5_COPY_RETURN {"copy_bytes":3145728,"dst_nb":[4,3145728,18874368,18874368],"dst_ne":[786432,1,1,1],"layout":"strided","phase":"measure","rows":1,"sample":17,"src_nb":[4,3145728,3145744,3145744],"src_ne":[786432,1,1,1],"wall_us":277.458,"width":786432}
M5_COPY_CALL {"copy_bytes":3145728,"dst_nb":[4,3145728,18874368,18874368],"dst_ne":[786432,1,1,1],"layout":"strided","phase":"measure","rows":1,"sample":18,"src_nb":[4,3145728,3145744,3145744],"src_ne":[786432,1,1,1],"width":786432}
M5_PROFILE {"context":"785cdd0480","graph":65,"cb":1,"original_nodes":3,"gpu_start_s":244741.689390292,"gpu_end_s":244741.689427125,"gpu_ms":0.036833,"valid":true,"completed":true,"op_counts":{"CPY":1,"VIEW":2}}
M5_COPY_RETURN {"copy_bytes":3145728,"dst_nb":[4,3145728,18874368,18874368],"dst_ne":[786432,1,1,1],"layout":"strided","phase":"measure","rows":1,"sample":18,"src_nb":[4,3145728,3145744,3145744],"src_ne":[786432,1,1,1],"wall_us":218.833,"width":786432}
M5_COPY_CALL {"copy_bytes":3145728,"dst_nb":[4,3145728,18874368,18874368],"dst_ne":[786432,1,1,1],"layout":"strided","phase":"measure","rows":1,"sample":19,"src_nb":[4,3145728,3145744,3145744],"src_ne":[786432,1,1,1],"width":786432}
M5_PROFILE {"context":"785cdd0480","graph":66,"cb":1,"original_nodes":3,"gpu_start_s":244741.689946500,"gpu_end_s":244741.689964125,"gpu_ms":0.017625,"valid":true,"completed":true,"op_counts":{"CPY":1,"VIEW":2}}
M5_COPY_RETURN {"copy_bytes":3145728,"dst_nb":[4,3145728,18874368,18874368],"dst_ne":[786432,1,1,1],"layout":"strided","phase":"measure","rows":1,"sample":19,"src_nb":[4,3145728,3145744,3145744],"src_ne":[786432,1,1,1],"wall_us":550.083,"width":786432}
M5_COPY_CALL {"copy_bytes":3145728,"dst_nb":[4,3145728,18874368,18874368],"dst_ne":[786432,1,1,1],"layout":"strided","phase":"measure","rows":1,"sample":20,"src_nb":[4,3145728,3145744,3145744],"src_ne":[786432,1,1,1],"width":786432}
M5_PROFILE {"context":"785cdd0480","graph":67,"cb":1,"original_nodes":3,"gpu_start_s":244741.690243292,"gpu_end_s":244741.690257750,"gpu_ms":0.014458,"valid":true,"completed":true,"op_counts":{"CPY":1,"VIEW":2}}
M5_COPY_RETURN {"copy_bytes":3145728,"dst_nb":[4,3145728,18874368,18874368],"dst_ne":[786432,1,1,1],"layout":"strided","phase":"measure","rows":1,"sample":20,"src_nb":[4,3145728,3145744,3145744],"src_ne":[786432,1,1,1],"wall_us":294.291,"width":786432}
M5_COPY_CALL {"copy_bytes":3145728,"dst_nb":[4,3145728,18874368,18874368],"dst_ne":[786432,1,1,1],"layout":"strided","phase":"measure","rows":1,"sample":21,"src_nb":[4,3145728,3145744,3145744],"src_ne":[786432,1,1,1],"width":786432}
M5_PROFILE {"context":"785cdd0480","graph":68,"cb":1,"original_nodes":3,"gpu_start_s":244741.690486250,"gpu_end_s":244741.690499625,"gpu_ms":0.013375,"valid":true,"completed":true,"op_counts":{"CPY":1,"VIEW":2}}
M5_COPY_RETURN {"copy_bytes":3145728,"dst_nb":[4,3145728,18874368,18874368],"dst_ne":[786432,1,1,1],"layout":"strided","phase":"measure","rows":1,"sample":21,"src_nb":[4,3145728,3145744,3145744],"src_ne":[786432,1,1,1],"wall_us":201.875,"width":786432}
M5_COPY_CALL {"copy_bytes":3145728,"dst_nb":[4,3145728,18874368,18874368],"dst_ne":[786432,1,1,1],"layout":"strided","phase":"measure","rows":1,"sample":22,"src_nb":[4,3145728,3145744,3145744],"src_ne":[786432,1,1,1],"width":786432}
M5_PROFILE {"context":"785cdd0480","graph":69,"cb":1,"original_nodes":3,"gpu_start_s":244741.690740625,"gpu_end_s":244741.690752792,"gpu_ms":0.012167,"valid":true,"completed":true,"op_counts":{"CPY":1,"VIEW":2}}
M5_COPY_RETURN {"copy_bytes":3145728,"dst_nb":[4,3145728,18874368,18874368],"dst_ne":[786432,1,1,1],"layout":"strided","phase":"measure","rows":1,"sample":22,"src_nb":[4,3145728,3145744,3145744],"src_ne":[786432,1,1,1],"wall_us":252.75,"width":786432}
M5_COPY_CALL {"copy_bytes":3145728,"dst_nb":[4,3145728,18874368,18874368],"dst_ne":[786432,1,1,1],"layout":"strided","phase":"measure","rows":1,"sample":23,"src_nb":[4,3145728,3145744,3145744],"src_ne":[786432,1,1,1],"width":786432}
M5_PROFILE {"context":"785cdd0480","graph":70,"cb":1,"original_nodes":3,"gpu_start_s":244741.690994625,"gpu_end_s":244741.691005750,"gpu_ms":0.011125,"valid":true,"completed":true,"op_counts":{"CPY":1,"VIEW":2}}
M5_COPY_RETURN {"copy_bytes":3145728,"dst_nb":[4,3145728,18874368,18874368],"dst_ne":[786432,1,1,1],"layout":"strided","phase":"measure","rows":1,"sample":23,"src_nb":[4,3145728,3145744,3145744],"src_ne":[786432,1,1,1],"wall_us":230.75,"width":786432}
M5_COPY_CALL {"copy_bytes":3145728,"dst_nb":[4,3145728,18874368,18874368],"dst_ne":[786432,1,1,1],"layout":"strided","phase":"measure","rows":1,"sample":24,"src_nb":[4,3145728,3145744,3145744],"src_ne":[786432,1,1,1],"width":786432}
M5_PROFILE {"context":"785cdd0480","graph":71,"cb":1,"original_nodes":3,"gpu_start_s":244741.691251000,"gpu_end_s":244741.691261750,"gpu_ms":0.010750,"valid":true,"completed":true,"op_counts":{"CPY":1,"VIEW":2}}
M5_COPY_RETURN {"copy_bytes":3145728,"dst_nb":[4,3145728,18874368,18874368],"dst_ne":[786432,1,1,1],"layout":"strided","phase":"measure","rows":1,"sample":24,"src_nb":[4,3145728,3145744,3145744],"src_ne":[786432,1,1,1],"wall_us":249.209,"width":786432}
M5_COPY_CALL {"copy_bytes":3145728,"dst_nb":[4,3145728,18874368,18874368],"dst_ne":[786432,1,1,1],"layout":"strided","phase":"measure","rows":1,"sample":25,"src_nb":[4,3145728,3145744,3145744],"src_ne":[786432,1,1,1],"width":786432}
M5_PROFILE {"context":"785cdd0480","graph":72,"cb":1,"original_nodes":3,"gpu_start_s":244741.691568500,"gpu_end_s":244741.691579042,"gpu_ms":0.010542,"valid":true,"completed":true,"op_counts":{"CPY":1,"VIEW":2}}
M5_COPY_RETURN {"copy_bytes":3145728,"dst_nb":[4,3145728,18874368,18874368],"dst_ne":[786432,1,1,1],"layout":"strided","phase":"measure","rows":1,"sample":25,"src_nb":[4,3145728,3145744,3145744],"src_ne":[786432,1,1,1],"wall_us":314.041,"width":786432}
M5_COPY_CALL {"copy_bytes":3145728,"dst_nb":[4,3145728,18874368,18874368],"dst_ne":[786432,1,1,1],"layout":"strided","phase":"measure","rows":1,"sample":26,"src_nb":[4,3145728,3145744,3145744],"src_ne":[786432,1,1,1],"width":786432}
M5_PROFILE {"context":"785cdd0480","graph":73,"cb":1,"original_nodes":3,"gpu_start_s":244741.691780917,"gpu_end_s":244741.691791292,"gpu_ms":0.010375,"valid":true,"completed":true,"op_counts":{"CPY":1,"VIEW":2}}
M5_COPY_RETURN {"copy_bytes":3145728,"dst_nb":[4,3145728,18874368,18874368],"dst_ne":[786432,1,1,1],"layout":"strided","phase":"measure","rows":1,"sample":26,"src_nb":[4,3145728,3145744,3145744],"src_ne":[786432,1,1,1],"wall_us":197.416,"width":786432}
M5_COPY_CALL {"copy_bytes":3145728,"dst_nb":[4,3145728,18874368,18874368],"dst_ne":[786432,1,1,1],"layout":"strided","phase":"measure","rows":1,"sample":27,"src_nb":[4,3145728,3145744,3145744],"src_ne":[786432,1,1,1],"width":786432}
M5_PROFILE {"context":"785cdd0480","graph":74,"cb":1,"original_nodes":3,"gpu_start_s":244741.691984750,"gpu_end_s":244741.691995250,"gpu_ms":0.010500,"valid":true,"completed":true,"op_counts":{"CPY":1,"VIEW":2}}
M5_COPY_RETURN {"copy_bytes":3145728,"dst_nb":[4,3145728,18874368,18874368],"dst_ne":[786432,1,1,1],"layout":"strided","phase":"measure","rows":1,"sample":27,"src_nb":[4,3145728,3145744,3145744],"src_ne":[786432,1,1,1],"wall_us":190.625,"width":786432}
M5_COPY_CALL {"copy_bytes":3145728,"dst_nb":[4,3145728,18874368,18874368],"dst_ne":[786432,1,1,1],"layout":"strided","phase":"measure","rows":1,"sample":28,"src_nb":[4,3145728,3145744,3145744],"src_ne":[786432,1,1,1],"width":786432}
M5_PROFILE {"context":"785cdd0480","graph":75,"cb":1,"original_nodes":3,"gpu_start_s":244741.692194500,"gpu_end_s":244741.692205125,"gpu_ms":0.010625,"valid":true,"completed":true,"op_counts":{"CPY":1,"VIEW":2}}
M5_COPY_RETURN {"copy_bytes":3145728,"dst_nb":[4,3145728,18874368,18874368],"dst_ne":[786432,1,1,1],"layout":"strided","phase":"measure","rows":1,"sample":28,"src_nb":[4,3145728,3145744,3145744],"src_ne":[786432,1,1,1],"wall_us":206.542,"width":786432}
M5_COPY_CALL {"copy_bytes":3145728,"dst_nb":[4,3145728,18874368,18874368],"dst_ne":[786432,1,1,1],"layout":"strided","phase":"measure","rows":1,"sample":29,"src_nb":[4,3145728,3145744,3145744],"src_ne":[786432,1,1,1],"width":786432}
M5_PROFILE {"context":"785cdd0480","graph":76,"cb":1,"original_nodes":3,"gpu_start_s":244741.692392542,"gpu_end_s":244741.692403000,"gpu_ms":0.010458,"valid":true,"completed":true,"op_counts":{"CPY":1,"VIEW":2}}
M5_COPY_RETURN {"copy_bytes":3145728,"dst_nb":[4,3145728,18874368,18874368],"dst_ne":[786432,1,1,1],"layout":"strided","phase":"measure","rows":1,"sample":29,"src_nb":[4,3145728,3145744,3145744],"src_ne":[786432,1,1,1],"wall_us":188.834,"width":786432}
M5_COPY_CALL {"copy_bytes":3145728,"dst_nb":[4,3145728,18874368,18874368],"dst_ne":[786432,1,1,1],"layout":"strided","phase":"measure","rows":1,"sample":30,"src_nb":[4,3145728,3145744,3145744],"src_ne":[786432,1,1,1],"width":786432}
M5_PROFILE {"context":"785cdd0480","graph":77,"cb":1,"original_nodes":3,"gpu_start_s":244741.692587500,"gpu_end_s":244741.692598125,"gpu_ms":0.010625,"valid":true,"completed":true,"op_counts":{"CPY":1,"VIEW":2}}
M5_COPY_RETURN {"copy_bytes":3145728,"dst_nb":[4,3145728,18874368,18874368],"dst_ne":[786432,1,1,1],"layout":"strided","phase":"measure","rows":1,"sample":30,"src_nb":[4,3145728,3145744,3145744],"src_ne":[786432,1,1,1],"wall_us":187.083,"width":786432}
M5_COPY_CALL {"copy_bytes":3145728,"dst_nb":[4,3145728,18874368,18874368],"dst_ne":[786432,1,1,1],"layout":"strided","phase":"measure","rows":1,"sample":31,"src_nb":[4,3145728,3145744,3145744],"src_ne":[786432,1,1,1],"width":786432}
M5_PROFILE {"context":"785cdd0480","graph":78,"cb":1,"original_nodes":3,"gpu_start_s":244741.692787875,"gpu_end_s":244741.692798417,"gpu_ms":0.010542,"valid":true,"completed":true,"op_counts":{"CPY":1,"VIEW":2}}
M5_COPY_RETURN {"copy_bytes":3145728,"dst_nb":[4,3145728,18874368,18874368],"dst_ne":[786432,1,1,1],"layout":"strided","phase":"measure","rows":1,"sample":31,"src_nb":[4,3145728,3145744,3145744],"src_ne":[786432,1,1,1],"wall_us":197.917,"width":786432}
M5_COPY_CALL {"copy_bytes":3145728,"dst_nb":[4,3145728,18874368,18874368],"dst_ne":[786432,1,1,1],"layout":"strided","phase":"measure","rows":1,"sample":32,"src_nb":[4,3145728,3145744,3145744],"src_ne":[786432,1,1,1],"width":786432}
M5_PROFILE {"context":"785cdd0480","graph":79,"cb":1,"original_nodes":3,"gpu_start_s":244741.693036250,"gpu_end_s":244741.693046625,"gpu_ms":0.010375,"valid":true,"completed":true,"op_counts":{"CPY":1,"VIEW":2}}
M5_COPY_RETURN {"copy_bytes":3145728,"dst_nb":[4,3145728,18874368,18874368],"dst_ne":[786432,1,1,1],"layout":"strided","phase":"measure","rows":1,"sample":32,"src_nb":[4,3145728,3145744,3145744],"src_ne":[786432,1,1,1],"wall_us":240.833,"width":786432}
M5_COPY_CALL {"copy_bytes":3145728,"dst_nb":[4,3145728,18874368,18874368],"dst_ne":[786432,1,1,1],"layout":"strided","phase":"measure","rows":1,"sample":33,"src_nb":[4,3145728,3145744,3145744],"src_ne":[786432,1,1,1],"width":786432}
M5_PROFILE {"context":"785cdd0480","graph":80,"cb":1,"original_nodes":3,"gpu_start_s":244741.693240167,"gpu_end_s":244741.693250625,"gpu_ms":0.010458,"valid":true,"completed":true,"op_counts":{"CPY":1,"VIEW":2}}
M5_COPY_RETURN {"copy_bytes":3145728,"dst_nb":[4,3145728,18874368,18874368],"dst_ne":[786432,1,1,1],"layout":"strided","phase":"measure","rows":1,"sample":33,"src_nb":[4,3145728,3145744,3145744],"src_ne":[786432,1,1,1],"wall_us":191.042,"width":786432}
M5_COPY_CALL {"copy_bytes":3145728,"dst_nb":[4,3145728,18874368,18874368],"dst_ne":[786432,1,1,1],"layout":"strided","phase":"measure","rows":1,"sample":34,"src_nb":[4,3145728,3145744,3145744],"src_ne":[786432,1,1,1],"width":786432}
M5_PROFILE {"context":"785cdd0480","graph":81,"cb":1,"original_nodes":3,"gpu_start_s":244741.693432042,"gpu_end_s":244741.693442500,"gpu_ms":0.010458,"valid":true,"completed":true,"op_counts":{"CPY":1,"VIEW":2}}
M5_COPY_RETURN {"copy_bytes":3145728,"dst_nb":[4,3145728,18874368,18874368],"dst_ne":[786432,1,1,1],"layout":"strided","phase":"measure","rows":1,"sample":34,"src_nb":[4,3145728,3145744,3145744],"src_ne":[786432,1,1,1],"wall_us":189.292,"width":786432}
M5_COPY_CALL {"copy_bytes":3145728,"dst_nb":[4,3145728,18874368,18874368],"dst_ne":[786432,1,1,1],"layout":"strided","phase":"measure","rows":1,"sample":35,"src_nb":[4,3145728,3145744,3145744],"src_ne":[786432,1,1,1],"width":786432}
M5_PROFILE {"context":"785cdd0480","graph":82,"cb":1,"original_nodes":3,"gpu_start_s":244741.693624250,"gpu_end_s":244741.693635000,"gpu_ms":0.010750,"valid":true,"completed":true,"op_counts":{"CPY":1,"VIEW":2}}
M5_COPY_RETURN {"copy_bytes":3145728,"dst_nb":[4,3145728,18874368,18874368],"dst_ne":[786432,1,1,1],"layout":"strided","phase":"measure","rows":1,"sample":35,"src_nb":[4,3145728,3145744,3145744],"src_ne":[786432,1,1,1],"wall_us":180.875,"width":786432}
M5_COPY_CALL {"copy_bytes":3145728,"dst_nb":[4,3145728,18874368,18874368],"dst_ne":[786432,1,1,1],"layout":"strided","phase":"measure","rows":1,"sample":36,"src_nb":[4,3145728,3145744,3145744],"src_ne":[786432,1,1,1],"width":786432}
M5_PROFILE {"context":"785cdd0480","graph":83,"cb":1,"original_nodes":3,"gpu_start_s":244741.693881875,"gpu_end_s":244741.693892125,"gpu_ms":0.010250,"valid":true,"completed":true,"op_counts":{"CPY":1,"VIEW":2}}
M5_COPY_RETURN {"copy_bytes":3145728,"dst_nb":[4,3145728,18874368,18874368],"dst_ne":[786432,1,1,1],"layout":"strided","phase":"measure","rows":1,"sample":36,"src_nb":[4,3145728,3145744,3145744],"src_ne":[786432,1,1,1],"wall_us":255.0,"width":786432}
M5_COPY_CALL {"copy_bytes":3145728,"dst_nb":[4,3145728,18874368,18874368],"dst_ne":[786432,1,1,1],"layout":"strided","phase":"measure","rows":1,"sample":37,"src_nb":[4,3145728,3145744,3145744],"src_ne":[786432,1,1,1],"width":786432}
M5_PROFILE {"context":"785cdd0480","graph":84,"cb":1,"original_nodes":3,"gpu_start_s":244741.694085500,"gpu_end_s":244741.694095875,"gpu_ms":0.010375,"valid":true,"completed":true,"op_counts":{"CPY":1,"VIEW":2}}
M5_COPY_RETURN {"copy_bytes":3145728,"dst_nb":[4,3145728,18874368,18874368],"dst_ne":[786432,1,1,1],"layout":"strided","phase":"measure","rows":1,"sample":37,"src_nb":[4,3145728,3145744,3145744],"src_ne":[786432,1,1,1],"wall_us":190.0,"width":786432}
M5_COPY_CALL {"copy_bytes":3145728,"dst_nb":[4,3145728,18874368,18874368],"dst_ne":[786432,1,1,1],"layout":"strided","phase":"measure","rows":1,"sample":38,"src_nb":[4,3145728,3145744,3145744],"src_ne":[786432,1,1,1],"width":786432}
M5_PROFILE {"context":"785cdd0480","graph":85,"cb":1,"original_nodes":3,"gpu_start_s":244741.694283792,"gpu_end_s":244741.694294042,"gpu_ms":0.010250,"valid":true,"completed":true,"op_counts":{"CPY":1,"VIEW":2}}
M5_COPY_RETURN {"copy_bytes":3145728,"dst_nb":[4,3145728,18874368,18874368],"dst_ne":[786432,1,1,1],"layout":"strided","phase":"measure","rows":1,"sample":38,"src_nb":[4,3145728,3145744,3145744],"src_ne":[786432,1,1,1],"wall_us":194.166,"width":786432}
M5_COPY_CALL {"copy_bytes":3145728,"dst_nb":[4,3145728,18874368,18874368],"dst_ne":[786432,1,1,1],"layout":"strided","phase":"measure","rows":1,"sample":39,"src_nb":[4,3145728,3145744,3145744],"src_ne":[786432,1,1,1],"width":786432}
M5_PROFILE {"context":"785cdd0480","graph":86,"cb":1,"original_nodes":3,"gpu_start_s":244741.694484167,"gpu_end_s":244741.694494500,"gpu_ms":0.010333,"valid":true,"completed":true,"op_counts":{"CPY":1,"VIEW":2}}
M5_COPY_RETURN {"copy_bytes":3145728,"dst_nb":[4,3145728,18874368,18874368],"dst_ne":[786432,1,1,1],"layout":"strided","phase":"measure","rows":1,"sample":39,"src_nb":[4,3145728,3145744,3145744],"src_ne":[786432,1,1,1],"wall_us":194.834,"width":786432}
M5_COPY_PASS {"copy_bytes":3145728,"dst_nb":[4,3145728,18874368,18874368],"dst_ne":[786432,1,1,1],"layout":"strided","rows":1,"src_nb":[4,3145728,3145744,3145744],"src_ne":[786432,1,1,1],"width":786432}
M5_COPY_CALL {"copy_bytes":12582912,"dst_nb":[4,3145728,3145728,12582912],"dst_ne":[786432,1,4,1],"layout":"contiguous","phase":"warmup","rows":4,"sample":-3,"src_nb":[4,3145728,3145728,12582912],"src_ne":[786432,1,4,1],"width":786432}
M5_PROFILE {"context":"785cdd0480","graph":87,"cb":1,"original_nodes":3,"gpu_start_s":244741.714551167,"gpu_end_s":244741.715005167,"gpu_ms":0.454000,"valid":true,"completed":true,"op_counts":{"CPY":1,"VIEW":2}}
M5_COPY_RETURN {"copy_bytes":12582912,"dst_nb":[4,3145728,3145728,12582912],"dst_ne":[786432,1,4,1],"layout":"contiguous","phase":"warmup","rows":4,"sample":-3,"src_nb":[4,3145728,3145728,12582912],"src_ne":[786432,1,4,1],"wall_us":1593.0,"width":786432}
M5_COPY_CALL {"copy_bytes":12582912,"dst_nb":[4,3145728,3145728,12582912],"dst_ne":[786432,1,4,1],"layout":"contiguous","phase":"warmup","rows":4,"sample":-2,"src_nb":[4,3145728,3145728,12582912],"src_ne":[786432,1,4,1],"width":786432}
M5_PROFILE {"context":"785cdd0480","graph":88,"cb":1,"original_nodes":3,"gpu_start_s":244741.715267750,"gpu_end_s":244741.715321667,"gpu_ms":0.053917,"valid":true,"completed":true,"op_counts":{"CPY":1,"VIEW":2}}
M5_COPY_RETURN {"copy_bytes":12582912,"dst_nb":[4,3145728,3145728,12582912],"dst_ne":[786432,1,4,1],"layout":"contiguous","phase":"warmup","rows":4,"sample":-2,"src_nb":[4,3145728,3145728,12582912],"src_ne":[786432,1,4,1],"wall_us":218.0,"width":786432}
M5_COPY_CALL {"copy_bytes":12582912,"dst_nb":[4,3145728,3145728,12582912],"dst_ne":[786432,1,4,1],"layout":"contiguous","phase":"warmup","rows":4,"sample":-1,"src_nb":[4,3145728,3145728,12582912],"src_ne":[786432,1,4,1],"width":786432}
M5_PROFILE {"context":"785cdd0480","graph":89,"cb":1,"original_nodes":3,"gpu_start_s":244741.715472292,"gpu_end_s":244741.715520625,"gpu_ms":0.048333,"valid":true,"completed":true,"op_counts":{"CPY":1,"VIEW":2}}
M5_COPY_RETURN {"copy_bytes":12582912,"dst_nb":[4,3145728,3145728,12582912],"dst_ne":[786432,1,4,1],"layout":"contiguous","phase":"warmup","rows":4,"sample":-1,"src_nb":[4,3145728,3145728,12582912],"src_ne":[786432,1,4,1],"wall_us":190.667,"width":786432}
M5_COPY_CALL {"copy_bytes":12582912,"dst_nb":[4,3145728,3145728,12582912],"dst_ne":[786432,1,4,1],"layout":"contiguous","phase":"measure","rows":4,"sample":0,"src_nb":[4,3145728,3145728,12582912],"src_ne":[786432,1,4,1],"width":786432}
M5_PROFILE {"context":"785cdd0480","graph":90,"cb":1,"original_nodes":3,"gpu_start_s":244741.715696875,"gpu_end_s":244741.715745000,"gpu_ms":0.048125,"valid":true,"completed":true,"op_counts":{"CPY":1,"VIEW":2}}
M5_COPY_RETURN {"copy_bytes":12582912,"dst_nb":[4,3145728,3145728,12582912],"dst_ne":[786432,1,4,1],"layout":"contiguous","phase":"measure","rows":4,"sample":0,"src_nb":[4,3145728,3145728,12582912],"src_ne":[786432,1,4,1],"wall_us":219.167,"width":786432}
M5_COPY_CALL {"copy_bytes":12582912,"dst_nb":[4,3145728,3145728,12582912],"dst_ne":[786432,1,4,1],"layout":"contiguous","phase":"measure","rows":4,"sample":1,"src_nb":[4,3145728,3145728,12582912],"src_ne":[786432,1,4,1],"width":786432}
M5_PROFILE {"context":"785cdd0480","graph":91,"cb":1,"original_nodes":3,"gpu_start_s":244741.715965125,"gpu_end_s":244741.716013417,"gpu_ms":0.048292,"valid":true,"completed":true,"op_counts":{"CPY":1,"VIEW":2}}
M5_COPY_RETURN {"copy_bytes":12582912,"dst_nb":[4,3145728,3145728,12582912],"dst_ne":[786432,1,4,1],"layout":"contiguous","phase":"measure","rows":4,"sample":1,"src_nb":[4,3145728,3145728,12582912],"src_ne":[786432,1,4,1],"wall_us":258.958,"width":786432}
M5_COPY_CALL {"copy_bytes":12582912,"dst_nb":[4,3145728,3145728,12582912],"dst_ne":[786432,1,4,1],"layout":"contiguous","phase":"measure","rows":4,"sample":2,"src_nb":[4,3145728,3145728,12582912],"src_ne":[786432,1,4,1],"width":786432}
M5_PROFILE {"context":"785cdd0480","graph":92,"cb":1,"original_nodes":3,"gpu_start_s":244741.716207375,"gpu_end_s":244741.716255375,"gpu_ms":0.048000,"valid":true,"completed":true,"op_counts":{"CPY":1,"VIEW":2}}
M5_COPY_RETURN {"copy_bytes":12582912,"dst_nb":[4,3145728,3145728,12582912],"dst_ne":[786432,1,4,1],"layout":"contiguous","phase":"measure","rows":4,"sample":2,"src_nb":[4,3145728,3145728,12582912],"src_ne":[786432,1,4,1],"wall_us":240.917,"width":786432}
M5_COPY_CALL {"copy_bytes":12582912,"dst_nb":[4,3145728,3145728,12582912],"dst_ne":[786432,1,4,1],"layout":"contiguous","phase":"measure","rows":4,"sample":3,"src_nb":[4,3145728,3145728,12582912],"src_ne":[786432,1,4,1],"width":786432}
M5_PROFILE {"context":"785cdd0480","graph":93,"cb":1,"original_nodes":3,"gpu_start_s":244741.716475417,"gpu_end_s":244741.716523667,"gpu_ms":0.048250,"valid":true,"completed":true,"op_counts":{"CPY":1,"VIEW":2}}
M5_COPY_RETURN {"copy_bytes":12582912,"dst_nb":[4,3145728,3145728,12582912],"dst_ne":[786432,1,4,1],"layout":"contiguous","phase":"measure","rows":4,"sample":3,"src_nb":[4,3145728,3145728,12582912],"src_ne":[786432,1,4,1],"wall_us":253.959,"width":786432}
M5_COPY_CALL {"copy_bytes":12582912,"dst_nb":[4,3145728,3145728,12582912],"dst_ne":[786432,1,4,1],"layout":"contiguous","phase":"measure","rows":4,"sample":4,"src_nb":[4,3145728,3145728,12582912],"src_ne":[786432,1,4,1],"width":786432}
M5_PROFILE {"context":"785cdd0480","graph":94,"cb":1,"original_nodes":3,"gpu_start_s":244741.716734250,"gpu_end_s":244741.716781875,"gpu_ms":0.047625,"valid":true,"completed":true,"op_counts":{"CPY":1,"VIEW":2}}
M5_COPY_RETURN {"copy_bytes":12582912,"dst_nb":[4,3145728,3145728,12582912],"dst_ne":[786432,1,4,1],"layout":"contiguous","phase":"measure","rows":4,"sample":4,"src_nb":[4,3145728,3145728,12582912],"src_ne":[786432,1,4,1],"wall_us":248.167,"width":786432}
M5_COPY_CALL {"copy_bytes":12582912,"dst_nb":[4,3145728,3145728,12582912],"dst_ne":[786432,1,4,1],"layout":"contiguous","phase":"measure","rows":4,"sample":5,"src_nb":[4,3145728,3145728,12582912],"src_ne":[786432,1,4,1],"width":786432}
M5_PROFILE {"context":"785cdd0480","graph":95,"cb":1,"original_nodes":3,"gpu_start_s":244741.717008750,"gpu_end_s":244741.717056125,"gpu_ms":0.047375,"valid":true,"completed":true,"op_counts":{"CPY":1,"VIEW":2}}
M5_COPY_RETURN {"copy_bytes":12582912,"dst_nb":[4,3145728,3145728,12582912],"dst_ne":[786432,1,4,1],"layout":"contiguous","phase":"measure","rows":4,"sample":5,"src_nb":[4,3145728,3145728,12582912],"src_ne":[786432,1,4,1],"wall_us":267.542,"width":786432}
M5_COPY_CALL {"copy_bytes":12582912,"dst_nb":[4,3145728,3145728,12582912],"dst_ne":[786432,1,4,1],"layout":"contiguous","phase":"measure","rows":4,"sample":6,"src_nb":[4,3145728,3145728,12582912],"src_ne":[786432,1,4,1],"width":786432}
M5_PROFILE {"context":"785cdd0480","graph":96,"cb":1,"original_nodes":3,"gpu_start_s":244741.717267417,"gpu_end_s":244741.717315167,"gpu_ms":0.047750,"valid":true,"completed":true,"op_counts":{"CPY":1,"VIEW":2}}
M5_COPY_RETURN {"copy_bytes":12582912,"dst_nb":[4,3145728,3145728,12582912],"dst_ne":[786432,1,4,1],"layout":"contiguous","phase":"measure","rows":4,"sample":6,"src_nb":[4,3145728,3145728,12582912],"src_ne":[786432,1,4,1],"wall_us":252.709,"width":786432}
M5_COPY_CALL {"copy_bytes":12582912,"dst_nb":[4,3145728,3145728,12582912],"dst_ne":[786432,1,4,1],"layout":"contiguous","phase":"measure","rows":4,"sample":7,"src_nb":[4,3145728,3145728,12582912],"src_ne":[786432,1,4,1],"width":786432}
M5_PROFILE {"context":"785cdd0480","graph":97,"cb":1,"original_nodes":3,"gpu_start_s":244741.717512417,"gpu_end_s":244741.717560250,"gpu_ms":0.047833,"valid":true,"completed":true,"op_counts":{"CPY":1,"VIEW":2}}
M5_COPY_RETURN {"copy_bytes":12582912,"dst_nb":[4,3145728,3145728,12582912],"dst_ne":[786432,1,4,1],"layout":"contiguous","phase":"measure","rows":4,"sample":7,"src_nb":[4,3145728,3145728,12582912],"src_ne":[786432,1,4,1],"wall_us":237.458,"width":786432}
M5_COPY_CALL {"copy_bytes":12582912,"dst_nb":[4,3145728,3145728,12582912],"dst_ne":[786432,1,4,1],"layout":"contiguous","phase":"measure","rows":4,"sample":8,"src_nb":[4,3145728,3145728,12582912],"src_ne":[786432,1,4,1],"width":786432}
M5_PROFILE {"context":"785cdd0480","graph":98,"cb":1,"original_nodes":3,"gpu_start_s":244741.717772250,"gpu_end_s":244741.717820167,"gpu_ms":0.047917,"valid":true,"completed":true,"op_counts":{"CPY":1,"VIEW":2}}
M5_COPY_RETURN {"copy_bytes":12582912,"dst_nb":[4,3145728,3145728,12582912],"dst_ne":[786432,1,4,1],"layout":"contiguous","phase":"measure","rows":4,"sample":8,"src_nb":[4,3145728,3145728,12582912],"src_ne":[786432,1,4,1],"wall_us":255.333,"width":786432}
M5_COPY_CALL {"copy_bytes":12582912,"dst_nb":[4,3145728,3145728,12582912],"dst_ne":[786432,1,4,1],"layout":"contiguous","phase":"measure","rows":4,"sample":9,"src_nb":[4,3145728,3145728,12582912],"src_ne":[786432,1,4,1],"width":786432}
M5_PROFILE {"context":"785cdd0480","graph":99,"cb":1,"original_nodes":3,"gpu_start_s":244741.718059542,"gpu_end_s":244741.718108375,"gpu_ms":0.048833,"valid":true,"completed":true,"op_counts":{"CPY":1,"VIEW":2}}
M5_COPY_RETURN {"copy_bytes":12582912,"dst_nb":[4,3145728,3145728,12582912],"dst_ne":[786432,1,4,1],"layout":"contiguous","phase":"measure","rows":4,"sample":9,"src_nb":[4,3145728,3145728,12582912],"src_ne":[786432,1,4,1],"wall_us":291.583,"width":786432}
M5_COPY_CALL {"copy_bytes":12582912,"dst_nb":[4,3145728,3145728,12582912],"dst_ne":[786432,1,4,1],"layout":"contiguous","phase":"measure","rows":4,"sample":10,"src_nb":[4,3145728,3145728,12582912],"src_ne":[786432,1,4,1],"width":786432}
M5_PROFILE {"context":"785cdd0480","graph":100,"cb":1,"original_nodes":3,"gpu_start_s":244741.718311875,"gpu_end_s":244741.718360292,"gpu_ms":0.048417,"valid":true,"completed":true,"op_counts":{"CPY":1,"VIEW":2}}
M5_COPY_RETURN {"copy_bytes":12582912,"dst_nb":[4,3145728,3145728,12582912],"dst_ne":[786432,1,4,1],"layout":"contiguous","phase":"measure","rows":4,"sample":10,"src_nb":[4,3145728,3145728,12582912],"src_ne":[786432,1,4,1],"wall_us":219.958,"width":786432}
M5_COPY_CALL {"copy_bytes":12582912,"dst_nb":[4,3145728,3145728,12582912],"dst_ne":[786432,1,4,1],"layout":"contiguous","phase":"measure","rows":4,"sample":11,"src_nb":[4,3145728,3145728,12582912],"src_ne":[786432,1,4,1],"width":786432}
M5_PROFILE {"context":"785cdd0480","graph":101,"cb":1,"original_nodes":3,"gpu_start_s":244741.718553250,"gpu_end_s":244741.718602125,"gpu_ms":0.048875,"valid":true,"completed":true,"op_counts":{"CPY":1,"VIEW":2}}
M5_COPY_RETURN {"copy_bytes":12582912,"dst_nb":[4,3145728,3145728,12582912],"dst_ne":[786432,1,4,1],"layout":"contiguous","phase":"measure","rows":4,"sample":11,"src_nb":[4,3145728,3145728,12582912],"src_ne":[786432,1,4,1],"wall_us":232.542,"width":786432}
M5_COPY_CALL {"copy_bytes":12582912,"dst_nb":[4,3145728,3145728,12582912],"dst_ne":[786432,1,4,1],"layout":"contiguous","phase":"measure","rows":4,"sample":12,"src_nb":[4,3145728,3145728,12582912],"src_ne":[786432,1,4,1],"width":786432}
M5_PROFILE {"context":"785cdd0480","graph":102,"cb":1,"original_nodes":3,"gpu_start_s":244741.718820917,"gpu_end_s":244741.718868625,"gpu_ms":0.047708,"valid":true,"completed":true,"op_counts":{"CPY":1,"VIEW":2}}
M5_COPY_RETURN {"copy_bytes":12582912,"dst_nb":[4,3145728,3145728,12582912],"dst_ne":[786432,1,4,1],"layout":"contiguous","phase":"measure","rows":4,"sample":12,"src_nb":[4,3145728,3145728,12582912],"src_ne":[786432,1,4,1],"wall_us":260.042,"width":786432}
M5_COPY_CALL {"copy_bytes":12582912,"dst_nb":[4,3145728,3145728,12582912],"dst_ne":[786432,1,4,1],"layout":"contiguous","phase":"measure","rows":4,"sample":13,"src_nb":[4,3145728,3145728,12582912],"src_ne":[786432,1,4,1],"width":786432}
M5_PROFILE {"context":"785cdd0480","graph":103,"cb":1,"original_nodes":3,"gpu_start_s":244741.719082667,"gpu_end_s":244741.719130625,"gpu_ms":0.047958,"valid":true,"completed":true,"op_counts":{"CPY":1,"VIEW":2}}
M5_COPY_RETURN {"copy_bytes":12582912,"dst_nb":[4,3145728,3145728,12582912],"dst_ne":[786432,1,4,1],"layout":"contiguous","phase":"measure","rows":4,"sample":13,"src_nb":[4,3145728,3145728,12582912],"src_ne":[786432,1,4,1],"wall_us":256.042,"width":786432}
M5_COPY_CALL {"copy_bytes":12582912,"dst_nb":[4,3145728,3145728,12582912],"dst_ne":[786432,1,4,1],"layout":"contiguous","phase":"measure","rows":4,"sample":14,"src_nb":[4,3145728,3145728,12582912],"src_ne":[786432,1,4,1],"width":786432}
M5_PROFILE {"context":"785cdd0480","graph":104,"cb":1,"original_nodes":3,"gpu_start_s":244741.719345417,"gpu_end_s":244741.719393250,"gpu_ms":0.047833,"valid":true,"completed":true,"op_counts":{"CPY":1,"VIEW":2}}
M5_COPY_RETURN {"copy_bytes":12582912,"dst_nb":[4,3145728,3145728,12582912],"dst_ne":[786432,1,4,1],"layout":"contiguous","phase":"measure","rows":4,"sample":14,"src_nb":[4,3145728,3145728,12582912],"src_ne":[786432,1,4,1],"wall_us":256.167,"width":786432}
M5_COPY_CALL {"copy_bytes":12582912,"dst_nb":[4,3145728,3145728,12582912],"dst_ne":[786432,1,4,1],"layout":"contiguous","phase":"measure","rows":4,"sample":15,"src_nb":[4,3145728,3145728,12582912],"src_ne":[786432,1,4,1],"width":786432}
M5_PROFILE {"context":"785cdd0480","graph":105,"cb":1,"original_nodes":3,"gpu_start_s":244741.719620667,"gpu_end_s":244741.719668375,"gpu_ms":0.047708,"valid":true,"completed":true,"op_counts":{"CPY":1,"VIEW":2}}
M5_COPY_RETURN {"copy_bytes":12582912,"dst_nb":[4,3145728,3145728,12582912],"dst_ne":[786432,1,4,1],"layout":"contiguous","phase":"measure","rows":4,"sample":15,"src_nb":[4,3145728,3145728,12582912],"src_ne":[786432,1,4,1],"wall_us":264.208,"width":786432}
M5_COPY_CALL {"copy_bytes":12582912,"dst_nb":[4,3145728,3145728,12582912],"dst_ne":[786432,1,4,1],"layout":"contiguous","phase":"measure","rows":4,"sample":16,"src_nb":[4,3145728,3145728,12582912],"src_ne":[786432,1,4,1],"width":786432}
M5_PROFILE {"context":"785cdd0480","graph":106,"cb":1,"original_nodes":3,"gpu_start_s":244741.719856625,"gpu_end_s":244741.719904792,"gpu_ms":0.048167,"valid":true,"completed":true,"op_counts":{"CPY":1,"VIEW":2}}
M5_COPY_RETURN {"copy_bytes":12582912,"dst_nb":[4,3145728,3145728,12582912],"dst_ne":[786432,1,4,1],"layout":"contiguous","phase":"measure","rows":4,"sample":16,"src_nb":[4,3145728,3145728,12582912],"src_ne":[786432,1,4,1],"wall_us":230.917,"width":786432}
M5_COPY_CALL {"copy_bytes":12582912,"dst_nb":[4,3145728,3145728,12582912],"dst_ne":[786432,1,4,1],"layout":"contiguous","phase":"measure","rows":4,"sample":17,"src_nb":[4,3145728,3145728,12582912],"src_ne":[786432,1,4,1],"width":786432}
M5_PROFILE {"context":"785cdd0480","graph":107,"cb":1,"original_nodes":3,"gpu_start_s":244741.720126125,"gpu_end_s":244741.720173667,"gpu_ms":0.047542,"valid":true,"completed":true,"op_counts":{"CPY":1,"VIEW":2}}
M5_COPY_RETURN {"copy_bytes":12582912,"dst_nb":[4,3145728,3145728,12582912],"dst_ne":[786432,1,4,1],"layout":"contiguous","phase":"measure","rows":4,"sample":17,"src_nb":[4,3145728,3145728,12582912],"src_ne":[786432,1,4,1],"wall_us":261.375,"width":786432}
M5_COPY_CALL {"copy_bytes":12582912,"dst_nb":[4,3145728,3145728,12582912],"dst_ne":[786432,1,4,1],"layout":"contiguous","phase":"measure","rows":4,"sample":18,"src_nb":[4,3145728,3145728,12582912],"src_ne":[786432,1,4,1],"width":786432}
M5_PROFILE {"context":"785cdd0480","graph":108,"cb":1,"original_nodes":3,"gpu_start_s":244741.720378000,"gpu_end_s":244741.720426000,"gpu_ms":0.048000,"valid":true,"completed":true,"op_counts":{"CPY":1,"VIEW":2}}
M5_COPY_RETURN {"copy_bytes":12582912,"dst_nb":[4,3145728,3145728,12582912],"dst_ne":[786432,1,4,1],"layout":"contiguous","phase":"measure","rows":4,"sample":18,"src_nb":[4,3145728,3145728,12582912],"src_ne":[786432,1,4,1],"wall_us":245.583,"width":786432}
M5_COPY_CALL {"copy_bytes":12582912,"dst_nb":[4,3145728,3145728,12582912],"dst_ne":[786432,1,4,1],"layout":"contiguous","phase":"measure","rows":4,"sample":19,"src_nb":[4,3145728,3145728,12582912],"src_ne":[786432,1,4,1],"width":786432}
M5_PROFILE {"context":"785cdd0480","graph":109,"cb":1,"original_nodes":3,"gpu_start_s":244741.720655625,"gpu_end_s":244741.720703750,"gpu_ms":0.048125,"valid":true,"completed":true,"op_counts":{"CPY":1,"VIEW":2}}
M5_COPY_RETURN {"copy_bytes":12582912,"dst_nb":[4,3145728,3145728,12582912],"dst_ne":[786432,1,4,1],"layout":"contiguous","phase":"measure","rows":4,"sample":19,"src_nb":[4,3145728,3145728,12582912],"src_ne":[786432,1,4,1],"wall_us":273.083,"width":786432}
M5_COPY_CALL {"copy_bytes":12582912,"dst_nb":[4,3145728,3145728,12582912],"dst_ne":[786432,1,4,1],"layout":"contiguous","phase":"measure","rows":4,"sample":20,"src_nb":[4,3145728,3145728,12582912],"src_ne":[786432,1,4,1],"width":786432}
M5_PROFILE {"context":"785cdd0480","graph":110,"cb":1,"original_nodes":3,"gpu_start_s":244741.720905042,"gpu_end_s":244741.720953250,"gpu_ms":0.048208,"valid":true,"completed":true,"op_counts":{"CPY":1,"VIEW":2}}
M5_COPY_RETURN {"copy_bytes":12582912,"dst_nb":[4,3145728,3145728,12582912],"dst_ne":[786432,1,4,1],"layout":"contiguous","phase":"measure","rows":4,"sample":20,"src_nb":[4,3145728,3145728,12582912],"src_ne":[786432,1,4,1],"wall_us":251.125,"width":786432}
M5_COPY_CALL {"copy_bytes":12582912,"dst_nb":[4,3145728,3145728,12582912],"dst_ne":[786432,1,4,1],"layout":"contiguous","phase":"measure","rows":4,"sample":21,"src_nb":[4,3145728,3145728,12582912],"src_ne":[786432,1,4,1],"width":786432}
M5_PROFILE {"context":"785cdd0480","graph":111,"cb":1,"original_nodes":3,"gpu_start_s":244741.721155625,"gpu_end_s":244741.721204000,"gpu_ms":0.048375,"valid":true,"completed":true,"op_counts":{"CPY":1,"VIEW":2}}
M5_COPY_RETURN {"copy_bytes":12582912,"dst_nb":[4,3145728,3145728,12582912],"dst_ne":[786432,1,4,1],"layout":"contiguous","phase":"measure","rows":4,"sample":21,"src_nb":[4,3145728,3145728,12582912],"src_ne":[786432,1,4,1],"wall_us":227.167,"width":786432}
M5_COPY_CALL {"copy_bytes":12582912,"dst_nb":[4,3145728,3145728,12582912],"dst_ne":[786432,1,4,1],"layout":"contiguous","phase":"measure","rows":4,"sample":22,"src_nb":[4,3145728,3145728,12582912],"src_ne":[786432,1,4,1],"width":786432}
M5_PROFILE {"context":"785cdd0480","graph":112,"cb":1,"original_nodes":3,"gpu_start_s":244741.721421167,"gpu_end_s":244741.721468792,"gpu_ms":0.047625,"valid":true,"completed":true,"op_counts":{"CPY":1,"VIEW":2}}
M5_COPY_RETURN {"copy_bytes":12582912,"dst_nb":[4,3145728,3145728,12582912],"dst_ne":[786432,1,4,1],"layout":"contiguous","phase":"measure","rows":4,"sample":22,"src_nb":[4,3145728,3145728,12582912],"src_ne":[786432,1,4,1],"wall_us":260.042,"width":786432}
M5_COPY_CALL {"copy_bytes":12582912,"dst_nb":[4,3145728,3145728,12582912],"dst_ne":[786432,1,4,1],"layout":"contiguous","phase":"measure","rows":4,"sample":23,"src_nb":[4,3145728,3145728,12582912],"src_ne":[786432,1,4,1],"width":786432}
M5_PROFILE {"context":"785cdd0480","graph":113,"cb":1,"original_nodes":3,"gpu_start_s":244741.721677250,"gpu_end_s":244741.721725417,"gpu_ms":0.048167,"valid":true,"completed":true,"op_counts":{"CPY":1,"VIEW":2}}
M5_COPY_RETURN {"copy_bytes":12582912,"dst_nb":[4,3145728,3145728,12582912],"dst_ne":[786432,1,4,1],"layout":"contiguous","phase":"measure","rows":4,"sample":23,"src_nb":[4,3145728,3145728,12582912],"src_ne":[786432,1,4,1],"wall_us":243.875,"width":786432}
M5_COPY_CALL {"copy_bytes":12582912,"dst_nb":[4,3145728,3145728,12582912],"dst_ne":[786432,1,4,1],"layout":"contiguous","phase":"measure","rows":4,"sample":24,"src_nb":[4,3145728,3145728,12582912],"src_ne":[786432,1,4,1],"width":786432}
M5_PROFILE {"context":"785cdd0480","graph":114,"cb":1,"original_nodes":3,"gpu_start_s":244741.721953625,"gpu_end_s":244741.722001625,"gpu_ms":0.048000,"valid":true,"completed":true,"op_counts":{"CPY":1,"VIEW":2}}
M5_COPY_RETURN {"copy_bytes":12582912,"dst_nb":[4,3145728,3145728,12582912],"dst_ne":[786432,1,4,1],"layout":"contiguous","phase":"measure","rows":4,"sample":24,"src_nb":[4,3145728,3145728,12582912],"src_ne":[786432,1,4,1],"wall_us":270.0,"width":786432}
M5_COPY_CALL {"copy_bytes":12582912,"dst_nb":[4,3145728,3145728,12582912],"dst_ne":[786432,1,4,1],"layout":"contiguous","phase":"measure","rows":4,"sample":25,"src_nb":[4,3145728,3145728,12582912],"src_ne":[786432,1,4,1],"width":786432}
M5_PROFILE {"context":"785cdd0480","graph":115,"cb":1,"original_nodes":3,"gpu_start_s":244741.722215125,"gpu_end_s":244741.722262625,"gpu_ms":0.047500,"valid":true,"completed":true,"op_counts":{"CPY":1,"VIEW":2}}
M5_COPY_RETURN {"copy_bytes":12582912,"dst_nb":[4,3145728,3145728,12582912],"dst_ne":[786432,1,4,1],"layout":"contiguous","phase":"measure","rows":4,"sample":25,"src_nb":[4,3145728,3145728,12582912],"src_ne":[786432,1,4,1],"wall_us":252.334,"width":786432}
M5_COPY_CALL {"copy_bytes":12582912,"dst_nb":[4,3145728,3145728,12582912],"dst_ne":[786432,1,4,1],"layout":"contiguous","phase":"measure","rows":4,"sample":26,"src_nb":[4,3145728,3145728,12582912],"src_ne":[786432,1,4,1],"width":786432}
M5_PROFILE {"context":"785cdd0480","graph":116,"cb":1,"original_nodes":3,"gpu_start_s":244741.722468375,"gpu_end_s":244741.722516500,"gpu_ms":0.048125,"valid":true,"completed":true,"op_counts":{"CPY":1,"VIEW":2}}
M5_COPY_RETURN {"copy_bytes":12582912,"dst_nb":[4,3145728,3145728,12582912],"dst_ne":[786432,1,4,1],"layout":"contiguous","phase":"measure","rows":4,"sample":26,"src_nb":[4,3145728,3145728,12582912],"src_ne":[786432,1,4,1],"wall_us":249.833,"width":786432}
M5_COPY_CALL {"copy_bytes":12582912,"dst_nb":[4,3145728,3145728,12582912],"dst_ne":[786432,1,4,1],"layout":"contiguous","phase":"measure","rows":4,"sample":27,"src_nb":[4,3145728,3145728,12582912],"src_ne":[786432,1,4,1],"width":786432}
M5_PROFILE {"context":"785cdd0480","graph":117,"cb":1,"original_nodes":3,"gpu_start_s":244741.722806625,"gpu_end_s":244741.722854417,"gpu_ms":0.047792,"valid":true,"completed":true,"op_counts":{"CPY":1,"VIEW":2}}
M5_COPY_RETURN {"copy_bytes":12582912,"dst_nb":[4,3145728,3145728,12582912],"dst_ne":[786432,1,4,1],"layout":"contiguous","phase":"measure","rows":4,"sample":27,"src_nb":[4,3145728,3145728,12582912],"src_ne":[786432,1,4,1],"wall_us":327.792,"width":786432}
M5_COPY_CALL {"copy_bytes":12582912,"dst_nb":[4,3145728,3145728,12582912],"dst_ne":[786432,1,4,1],"layout":"contiguous","phase":"measure","rows":4,"sample":28,"src_nb":[4,3145728,3145728,12582912],"src_ne":[786432,1,4,1],"width":786432}
M5_PROFILE {"context":"785cdd0480","graph":118,"cb":1,"original_nodes":3,"gpu_start_s":244741.723021167,"gpu_end_s":244741.723069042,"gpu_ms":0.047875,"valid":true,"completed":true,"op_counts":{"CPY":1,"VIEW":2}}
M5_COPY_RETURN {"copy_bytes":12582912,"dst_nb":[4,3145728,3145728,12582912],"dst_ne":[786432,1,4,1],"layout":"contiguous","phase":"measure","rows":4,"sample":28,"src_nb":[4,3145728,3145728,12582912],"src_ne":[786432,1,4,1],"wall_us":209.709,"width":786432}
M5_COPY_CALL {"copy_bytes":12582912,"dst_nb":[4,3145728,3145728,12582912],"dst_ne":[786432,1,4,1],"layout":"contiguous","phase":"measure","rows":4,"sample":29,"src_nb":[4,3145728,3145728,12582912],"src_ne":[786432,1,4,1],"width":786432}
M5_PROFILE {"context":"785cdd0480","graph":119,"cb":1,"original_nodes":3,"gpu_start_s":244741.723249917,"gpu_end_s":244741.723298125,"gpu_ms":0.048208,"valid":true,"completed":true,"op_counts":{"CPY":1,"VIEW":2}}
M5_COPY_RETURN {"copy_bytes":12582912,"dst_nb":[4,3145728,3145728,12582912],"dst_ne":[786432,1,4,1],"layout":"contiguous","phase":"measure","rows":4,"sample":29,"src_nb":[4,3145728,3145728,12582912],"src_ne":[786432,1,4,1],"wall_us":220.459,"width":786432}
M5_COPY_CALL {"copy_bytes":12582912,"dst_nb":[4,3145728,3145728,12582912],"dst_ne":[786432,1,4,1],"layout":"contiguous","phase":"measure","rows":4,"sample":30,"src_nb":[4,3145728,3145728,12582912],"src_ne":[786432,1,4,1],"width":786432}
M5_PROFILE {"context":"785cdd0480","graph":120,"cb":1,"original_nodes":3,"gpu_start_s":244741.723518375,"gpu_end_s":244741.723566167,"gpu_ms":0.047792,"valid":true,"completed":true,"op_counts":{"CPY":1,"VIEW":2}}
M5_COPY_RETURN {"copy_bytes":12582912,"dst_nb":[4,3145728,3145728,12582912],"dst_ne":[786432,1,4,1],"layout":"contiguous","phase":"measure","rows":4,"sample":30,"src_nb":[4,3145728,3145728,12582912],"src_ne":[786432,1,4,1],"wall_us":262.25,"width":786432}
M5_COPY_CALL {"copy_bytes":12582912,"dst_nb":[4,3145728,3145728,12582912],"dst_ne":[786432,1,4,1],"layout":"contiguous","phase":"measure","rows":4,"sample":31,"src_nb":[4,3145728,3145728,12582912],"src_ne":[786432,1,4,1],"width":786432}
M5_PROFILE {"context":"785cdd0480","graph":121,"cb":1,"original_nodes":3,"gpu_start_s":244741.723757250,"gpu_end_s":244741.723805375,"gpu_ms":0.048125,"valid":true,"completed":true,"op_counts":{"CPY":1,"VIEW":2}}
M5_COPY_RETURN {"copy_bytes":12582912,"dst_nb":[4,3145728,3145728,12582912],"dst_ne":[786432,1,4,1],"layout":"contiguous","phase":"measure","rows":4,"sample":31,"src_nb":[4,3145728,3145728,12582912],"src_ne":[786432,1,4,1],"wall_us":233.959,"width":786432}
M5_COPY_CALL {"copy_bytes":12582912,"dst_nb":[4,3145728,3145728,12582912],"dst_ne":[786432,1,4,1],"layout":"contiguous","phase":"measure","rows":4,"sample":32,"src_nb":[4,3145728,3145728,12582912],"src_ne":[786432,1,4,1],"width":786432}
M5_PROFILE {"context":"785cdd0480","graph":122,"cb":1,"original_nodes":3,"gpu_start_s":244741.724026750,"gpu_end_s":244741.724074417,"gpu_ms":0.047667,"valid":true,"completed":true,"op_counts":{"CPY":1,"VIEW":2}}
M5_COPY_RETURN {"copy_bytes":12582912,"dst_nb":[4,3145728,3145728,12582912],"dst_ne":[786432,1,4,1],"layout":"contiguous","phase":"measure","rows":4,"sample":32,"src_nb":[4,3145728,3145728,12582912],"src_ne":[786432,1,4,1],"wall_us":257.042,"width":786432}
M5_COPY_CALL {"copy_bytes":12582912,"dst_nb":[4,3145728,3145728,12582912],"dst_ne":[786432,1,4,1],"layout":"contiguous","phase":"measure","rows":4,"sample":33,"src_nb":[4,3145728,3145728,12582912],"src_ne":[786432,1,4,1],"width":786432}
M5_PROFILE {"context":"785cdd0480","graph":123,"cb":1,"original_nodes":3,"gpu_start_s":244741.724282000,"gpu_end_s":244741.724330417,"gpu_ms":0.048417,"valid":true,"completed":true,"op_counts":{"CPY":1,"VIEW":2}}
M5_COPY_RETURN {"copy_bytes":12582912,"dst_nb":[4,3145728,3145728,12582912],"dst_ne":[786432,1,4,1],"layout":"contiguous","phase":"measure","rows":4,"sample":33,"src_nb":[4,3145728,3145728,12582912],"src_ne":[786432,1,4,1],"wall_us":249.0,"width":786432}
M5_COPY_CALL {"copy_bytes":12582912,"dst_nb":[4,3145728,3145728,12582912],"dst_ne":[786432,1,4,1],"layout":"contiguous","phase":"measure","rows":4,"sample":34,"src_nb":[4,3145728,3145728,12582912],"src_ne":[786432,1,4,1],"width":786432}
M5_PROFILE {"context":"785cdd0480","graph":124,"cb":1,"original_nodes":3,"gpu_start_s":244741.724558500,"gpu_end_s":244741.724606000,"gpu_ms":0.047500,"valid":true,"completed":true,"op_counts":{"CPY":1,"VIEW":2}}
M5_COPY_RETURN {"copy_bytes":12582912,"dst_nb":[4,3145728,3145728,12582912],"dst_ne":[786432,1,4,1],"layout":"contiguous","phase":"measure","rows":4,"sample":34,"src_nb":[4,3145728,3145728,12582912],"src_ne":[786432,1,4,1],"wall_us":267.0,"width":786432}
M5_COPY_CALL {"copy_bytes":12582912,"dst_nb":[4,3145728,3145728,12582912],"dst_ne":[786432,1,4,1],"layout":"contiguous","phase":"measure","rows":4,"sample":35,"src_nb":[4,3145728,3145728,12582912],"src_ne":[786432,1,4,1],"width":786432}
M5_PROFILE {"context":"785cdd0480","graph":125,"cb":1,"original_nodes":3,"gpu_start_s":244741.724815250,"gpu_end_s":244741.724863000,"gpu_ms":0.047750,"valid":true,"completed":true,"op_counts":{"CPY":1,"VIEW":2}}
M5_COPY_RETURN {"copy_bytes":12582912,"dst_nb":[4,3145728,3145728,12582912],"dst_ne":[786432,1,4,1],"layout":"contiguous","phase":"measure","rows":4,"sample":35,"src_nb":[4,3145728,3145728,12582912],"src_ne":[786432,1,4,1],"wall_us":255.834,"width":786432}
M5_COPY_CALL {"copy_bytes":12582912,"dst_nb":[4,3145728,3145728,12582912],"dst_ne":[786432,1,4,1],"layout":"contiguous","phase":"measure","rows":4,"sample":36,"src_nb":[4,3145728,3145728,12582912],"src_ne":[786432,1,4,1],"width":786432}
M5_PROFILE {"context":"785cdd0480","graph":126,"cb":1,"original_nodes":3,"gpu_start_s":244741.725057625,"gpu_end_s":244741.725105667,"gpu_ms":0.048042,"valid":true,"completed":true,"op_counts":{"CPY":1,"VIEW":2}}
M5_COPY_RETURN {"copy_bytes":12582912,"dst_nb":[4,3145728,3145728,12582912],"dst_ne":[786432,1,4,1],"layout":"contiguous","phase":"measure","rows":4,"sample":36,"src_nb":[4,3145728,3145728,12582912],"src_ne":[786432,1,4,1],"wall_us":233.0,"width":786432}
M5_COPY_CALL {"copy_bytes":12582912,"dst_nb":[4,3145728,3145728,12582912],"dst_ne":[786432,1,4,1],"layout":"contiguous","phase":"measure","rows":4,"sample":37,"src_nb":[4,3145728,3145728,12582912],"src_ne":[786432,1,4,1],"width":786432}
M5_PROFILE {"context":"785cdd0480","graph":127,"cb":1,"original_nodes":3,"gpu_start_s":244741.725325125,"gpu_end_s":244741.725372667,"gpu_ms":0.047542,"valid":true,"completed":true,"op_counts":{"CPY":1,"VIEW":2}}
M5_COPY_RETURN {"copy_bytes":12582912,"dst_nb":[4,3145728,3145728,12582912],"dst_ne":[786432,1,4,1],"layout":"contiguous","phase":"measure","rows":4,"sample":37,"src_nb":[4,3145728,3145728,12582912],"src_ne":[786432,1,4,1],"wall_us":260.167,"width":786432}
M5_COPY_CALL {"copy_bytes":12582912,"dst_nb":[4,3145728,3145728,12582912],"dst_ne":[786432,1,4,1],"layout":"contiguous","phase":"measure","rows":4,"sample":38,"src_nb":[4,3145728,3145728,12582912],"src_ne":[786432,1,4,1],"width":786432}
M5_PROFILE {"context":"785cdd0480","graph":128,"cb":1,"original_nodes":3,"gpu_start_s":244741.725594625,"gpu_end_s":244741.725642125,"gpu_ms":0.047500,"valid":true,"completed":true,"op_counts":{"CPY":1,"VIEW":2}}
M5_COPY_RETURN {"copy_bytes":12582912,"dst_nb":[4,3145728,3145728,12582912],"dst_ne":[786432,1,4,1],"layout":"contiguous","phase":"measure","rows":4,"sample":38,"src_nb":[4,3145728,3145728,12582912],"src_ne":[786432,1,4,1],"wall_us":259.709,"width":786432}
M5_COPY_CALL {"copy_bytes":12582912,"dst_nb":[4,3145728,3145728,12582912],"dst_ne":[786432,1,4,1],"layout":"contiguous","phase":"measure","rows":4,"sample":39,"src_nb":[4,3145728,3145728,12582912],"src_ne":[786432,1,4,1],"width":786432}
M5_PROFILE {"context":"785cdd0480","graph":129,"cb":1,"original_nodes":3,"gpu_start_s":244741.725862667,"gpu_end_s":244741.725910500,"gpu_ms":0.047833,"valid":true,"completed":true,"op_counts":{"CPY":1,"VIEW":2}}
M5_COPY_RETURN {"copy_bytes":12582912,"dst_nb":[4,3145728,3145728,12582912],"dst_ne":[786432,1,4,1],"layout":"contiguous","phase":"measure","rows":4,"sample":39,"src_nb":[4,3145728,3145728,12582912],"src_ne":[786432,1,4,1],"wall_us":256.875,"width":786432}
M5_COPY_PASS {"copy_bytes":12582912,"dst_nb":[4,3145728,3145728,12582912],"dst_ne":[786432,1,4,1],"layout":"contiguous","rows":4,"src_nb":[4,3145728,3145728,12582912],"src_ne":[786432,1,4,1],"width":786432}
M5_COPY_CALL {"copy_bytes":12582912,"dst_nb":[4,3145728,18874368,75497472],"dst_ne":[786432,1,4,1],"layout":"strided","phase":"warmup","rows":4,"sample":-3,"src_nb":[4,3145728,3145744,12582976],"src_ne":[786432,1,4,1],"width":786432}
M5_PROFILE {"context":"785cdd0480","graph":130,"cb":1,"original_nodes":3,"gpu_start_s":244741.753759500,"gpu_end_s":244741.754034542,"gpu_ms":0.275042,"valid":true,"completed":true,"op_counts":{"CPY":1,"VIEW":2}}
M5_COPY_RETURN {"copy_bytes":12582912,"dst_nb":[4,3145728,18874368,75497472],"dst_ne":[786432,1,4,1],"layout":"strided","phase":"warmup","rows":4,"sample":-3,"src_nb":[4,3145728,3145744,12582976],"src_ne":[786432,1,4,1],"wall_us":1035.292,"width":786432}
M5_COPY_CALL {"copy_bytes":12582912,"dst_nb":[4,3145728,18874368,75497472],"dst_ne":[786432,1,4,1],"layout":"strided","phase":"warmup","rows":4,"sample":-2,"src_nb":[4,3145728,3145744,12582976],"src_ne":[786432,1,4,1],"width":786432}
M5_PROFILE {"context":"785cdd0480","graph":131,"cb":1,"original_nodes":3,"gpu_start_s":244741.754264625,"gpu_end_s":244741.754314500,"gpu_ms":0.049875,"valid":true,"completed":true,"op_counts":{"CPY":1,"VIEW":2}}
M5_COPY_RETURN {"copy_bytes":12582912,"dst_nb":[4,3145728,18874368,75497472],"dst_ne":[786432,1,4,1],"layout":"strided","phase":"warmup","rows":4,"sample":-2,"src_nb":[4,3145728,3145744,12582976],"src_ne":[786432,1,4,1],"wall_us":244.75,"width":786432}
M5_COPY_CALL {"copy_bytes":12582912,"dst_nb":[4,3145728,18874368,75497472],"dst_ne":[786432,1,4,1],"layout":"strided","phase":"warmup","rows":4,"sample":-1,"src_nb":[4,3145728,3145744,12582976],"src_ne":[786432,1,4,1],"width":786432}
M5_PROFILE {"context":"785cdd0480","graph":132,"cb":1,"original_nodes":3,"gpu_start_s":244741.754506917,"gpu_end_s":244741.754552625,"gpu_ms":0.045708,"valid":true,"completed":true,"op_counts":{"CPY":1,"VIEW":2}}
M5_COPY_RETURN {"copy_bytes":12582912,"dst_nb":[4,3145728,18874368,75497472],"dst_ne":[786432,1,4,1],"layout":"strided","phase":"warmup","rows":4,"sample":-1,"src_nb":[4,3145728,3145744,12582976],"src_ne":[786432,1,4,1],"wall_us":227.292,"width":786432}
M5_COPY_CALL {"copy_bytes":12582912,"dst_nb":[4,3145728,18874368,75497472],"dst_ne":[786432,1,4,1],"layout":"strided","phase":"measure","rows":4,"sample":0,"src_nb":[4,3145728,3145744,12582976],"src_ne":[786432,1,4,1],"width":786432}
M5_PROFILE {"context":"785cdd0480","graph":133,"cb":1,"original_nodes":3,"gpu_start_s":244741.754774875,"gpu_end_s":244741.754820250,"gpu_ms":0.045375,"valid":true,"completed":true,"op_counts":{"CPY":1,"VIEW":2}}
M5_COPY_RETURN {"copy_bytes":12582912,"dst_nb":[4,3145728,18874368,75497472],"dst_ne":[786432,1,4,1],"layout":"strided","phase":"measure","rows":4,"sample":0,"src_nb":[4,3145728,3145744,12582976],"src_ne":[786432,1,4,1],"wall_us":257.0,"width":786432}
M5_COPY_CALL {"copy_bytes":12582912,"dst_nb":[4,3145728,18874368,75497472],"dst_ne":[786432,1,4,1],"layout":"strided","phase":"measure","rows":4,"sample":1,"src_nb":[4,3145728,3145744,12582976],"src_ne":[786432,1,4,1],"width":786432}
M5_PROFILE {"context":"785cdd0480","graph":134,"cb":1,"original_nodes":3,"gpu_start_s":244741.755017250,"gpu_end_s":244741.755062917,"gpu_ms":0.045667,"valid":true,"completed":true,"op_counts":{"CPY":1,"VIEW":2}}
M5_COPY_RETURN {"copy_bytes":12582912,"dst_nb":[4,3145728,18874368,75497472],"dst_ne":[786432,1,4,1],"layout":"strided","phase":"measure","rows":4,"sample":1,"src_nb":[4,3145728,3145744,12582976],"src_ne":[786432,1,4,1],"wall_us":223.084,"width":786432}
M5_COPY_CALL {"copy_bytes":12582912,"dst_nb":[4,3145728,18874368,75497472],"dst_ne":[786432,1,4,1],"layout":"strided","phase":"measure","rows":4,"sample":2,"src_nb":[4,3145728,3145744,12582976],"src_ne":[786432,1,4,1],"width":786432}
M5_PROFILE {"context":"785cdd0480","graph":135,"cb":1,"original_nodes":3,"gpu_start_s":244741.755282375,"gpu_end_s":244741.755327875,"gpu_ms":0.045500,"valid":true,"completed":true,"op_counts":{"CPY":1,"VIEW":2}}
M5_COPY_RETURN {"copy_bytes":12582912,"dst_nb":[4,3145728,18874368,75497472],"dst_ne":[786432,1,4,1],"layout":"strided","phase":"measure","rows":4,"sample":2,"src_nb":[4,3145728,3145744,12582976],"src_ne":[786432,1,4,1],"wall_us":253.375,"width":786432}
M5_COPY_CALL {"copy_bytes":12582912,"dst_nb":[4,3145728,18874368,75497472],"dst_ne":[786432,1,4,1],"layout":"strided","phase":"measure","rows":4,"sample":3,"src_nb":[4,3145728,3145744,12582976],"src_ne":[786432,1,4,1],"width":786432}
M5_PROFILE {"context":"785cdd0480","graph":136,"cb":1,"original_nodes":3,"gpu_start_s":244741.755558917,"gpu_end_s":244741.755604500,"gpu_ms":0.045583,"valid":true,"completed":true,"op_counts":{"CPY":1,"VIEW":2}}
M5_COPY_RETURN {"copy_bytes":12582912,"dst_nb":[4,3145728,18874368,75497472],"dst_ne":[786432,1,4,1],"layout":"strided","phase":"measure","rows":4,"sample":3,"src_nb":[4,3145728,3145744,12582976],"src_ne":[786432,1,4,1],"wall_us":274.458,"width":786432}
M5_COPY_CALL {"copy_bytes":12582912,"dst_nb":[4,3145728,18874368,75497472],"dst_ne":[786432,1,4,1],"layout":"strided","phase":"measure","rows":4,"sample":4,"src_nb":[4,3145728,3145744,12582976],"src_ne":[786432,1,4,1],"width":786432}
M5_PROFILE {"context":"785cdd0480","graph":137,"cb":1,"original_nodes":3,"gpu_start_s":244741.755803792,"gpu_end_s":244741.755849375,"gpu_ms":0.045583,"valid":true,"completed":true,"op_counts":{"CPY":1,"VIEW":2}}
M5_COPY_RETURN {"copy_bytes":12582912,"dst_nb":[4,3145728,18874368,75497472],"dst_ne":[786432,1,4,1],"layout":"strided","phase":"measure","rows":4,"sample":4,"src_nb":[4,3145728,3145744,12582976],"src_ne":[786432,1,4,1],"wall_us":237.417,"width":786432}
M5_COPY_CALL {"copy_bytes":12582912,"dst_nb":[4,3145728,18874368,75497472],"dst_ne":[786432,1,4,1],"layout":"strided","phase":"measure","rows":4,"sample":5,"src_nb":[4,3145728,3145744,12582976],"src_ne":[786432,1,4,1],"width":786432}
M5_PROFILE {"context":"785cdd0480","graph":138,"cb":1,"original_nodes":3,"gpu_start_s":244741.756078125,"gpu_end_s":244741.756123625,"gpu_ms":0.045500,"valid":true,"completed":true,"op_counts":{"CPY":1,"VIEW":2}}
M5_COPY_RETURN {"copy_bytes":12582912,"dst_nb":[4,3145728,18874368,75497472],"dst_ne":[786432,1,4,1],"layout":"strided","phase":"measure","rows":4,"sample":5,"src_nb":[4,3145728,3145744,12582976],"src_ne":[786432,1,4,1],"wall_us":269.583,"width":786432}
M5_COPY_CALL {"copy_bytes":12582912,"dst_nb":[4,3145728,18874368,75497472],"dst_ne":[786432,1,4,1],"layout":"strided","phase":"measure","rows":4,"sample":6,"src_nb":[4,3145728,3145744,12582976],"src_ne":[786432,1,4,1],"width":786432}
M5_PROFILE {"context":"785cdd0480","graph":139,"cb":1,"original_nodes":3,"gpu_start_s":244741.756310125,"gpu_end_s":244741.756355375,"gpu_ms":0.045250,"valid":true,"completed":true,"op_counts":{"CPY":1,"VIEW":2}}
M5_COPY_RETURN {"copy_bytes":12582912,"dst_nb":[4,3145728,18874368,75497472],"dst_ne":[786432,1,4,1],"layout":"strided","phase":"measure","rows":4,"sample":6,"src_nb":[4,3145728,3145744,12582976],"src_ne":[786432,1,4,1],"wall_us":225.542,"width":786432}
M5_COPY_CALL {"copy_bytes":12582912,"dst_nb":[4,3145728,18874368,75497472],"dst_ne":[786432,1,4,1],"layout":"strided","phase":"measure","rows":4,"sample":7,"src_nb":[4,3145728,3145744,12582976],"src_ne":[786432,1,4,1],"width":786432}
M5_PROFILE {"context":"785cdd0480","graph":140,"cb":1,"original_nodes":3,"gpu_start_s":244741.756760625,"gpu_end_s":244741.756813875,"gpu_ms":0.053250,"valid":true,"completed":true,"op_counts":{"CPY":1,"VIEW":2}}
M5_COPY_RETURN {"copy_bytes":12582912,"dst_nb":[4,3145728,18874368,75497472],"dst_ne":[786432,1,4,1],"layout":"strided","phase":"measure","rows":4,"sample":7,"src_nb":[4,3145728,3145744,12582976],"src_ne":[786432,1,4,1],"wall_us":448.208,"width":786432}
M5_COPY_CALL {"copy_bytes":12582912,"dst_nb":[4,3145728,18874368,75497472],"dst_ne":[786432,1,4,1],"layout":"strided","phase":"measure","rows":4,"sample":8,"src_nb":[4,3145728,3145744,12582976],"src_ne":[786432,1,4,1],"width":786432}
M5_PROFILE {"context":"785cdd0480","graph":141,"cb":1,"original_nodes":3,"gpu_start_s":244741.756987250,"gpu_end_s":244741.757040625,"gpu_ms":0.053375,"valid":true,"completed":true,"op_counts":{"CPY":1,"VIEW":2}}
M5_COPY_RETURN {"copy_bytes":12582912,"dst_nb":[4,3145728,18874368,75497472],"dst_ne":[786432,1,4,1],"layout":"strided","phase":"measure","rows":4,"sample":8,"src_nb":[4,3145728,3145744,12582976],"src_ne":[786432,1,4,1],"wall_us":219.083,"width":786432}
M5_COPY_CALL {"copy_bytes":12582912,"dst_nb":[4,3145728,18874368,75497472],"dst_ne":[786432,1,4,1],"layout":"strided","phase":"measure","rows":4,"sample":9,"src_nb":[4,3145728,3145744,12582976],"src_ne":[786432,1,4,1],"width":786432}
M5_PROFILE {"context":"785cdd0480","graph":142,"cb":1,"original_nodes":3,"gpu_start_s":244741.757216292,"gpu_end_s":244741.757267250,"gpu_ms":0.050958,"valid":true,"completed":true,"op_counts":{"CPY":1,"VIEW":2}}
M5_COPY_RETURN {"copy_bytes":12582912,"dst_nb":[4,3145728,18874368,75497472],"dst_ne":[786432,1,4,1],"layout":"strided","phase":"measure","rows":4,"sample":9,"src_nb":[4,3145728,3145744,12582976],"src_ne":[786432,1,4,1],"wall_us":218.75,"width":786432}
M5_COPY_CALL {"copy_bytes":12582912,"dst_nb":[4,3145728,18874368,75497472],"dst_ne":[786432,1,4,1],"layout":"strided","phase":"measure","rows":4,"sample":10,"src_nb":[4,3145728,3145744,12582976],"src_ne":[786432,1,4,1],"width":786432}
M5_PROFILE {"context":"785cdd0480","graph":143,"cb":1,"original_nodes":3,"gpu_start_s":244741.757427375,"gpu_end_s":244741.757476375,"gpu_ms":0.049000,"valid":true,"completed":true,"op_counts":{"CPY":1,"VIEW":2}}
M5_COPY_RETURN {"copy_bytes":12582912,"dst_nb":[4,3145728,18874368,75497472],"dst_ne":[786432,1,4,1],"layout":"strided","phase":"measure","rows":4,"sample":10,"src_nb":[4,3145728,3145744,12582976],"src_ne":[786432,1,4,1],"wall_us":202.458,"width":786432}
M5_COPY_CALL {"copy_bytes":12582912,"dst_nb":[4,3145728,18874368,75497472],"dst_ne":[786432,1,4,1],"layout":"strided","phase":"measure","rows":4,"sample":11,"src_nb":[4,3145728,3145744,12582976],"src_ne":[786432,1,4,1],"width":786432}
M5_PROFILE {"context":"785cdd0480","graph":144,"cb":1,"original_nodes":3,"gpu_start_s":244741.757716292,"gpu_end_s":244741.757765625,"gpu_ms":0.049333,"valid":true,"completed":true,"op_counts":{"CPY":1,"VIEW":2}}
M5_COPY_RETURN {"copy_bytes":12582912,"dst_nb":[4,3145728,18874368,75497472],"dst_ne":[786432,1,4,1],"layout":"strided","phase":"measure","rows":4,"sample":11,"src_nb":[4,3145728,3145744,12582976],"src_ne":[786432,1,4,1],"wall_us":283.667,"width":786432}
M5_COPY_CALL {"copy_bytes":12582912,"dst_nb":[4,3145728,18874368,75497472],"dst_ne":[786432,1,4,1],"layout":"strided","phase":"measure","rows":4,"sample":12,"src_nb":[4,3145728,3145744,12582976],"src_ne":[786432,1,4,1],"width":786432}
M5_PROFILE {"context":"785cdd0480","graph":145,"cb":1,"original_nodes":3,"gpu_start_s":244741.757939250,"gpu_end_s":244741.757990250,"gpu_ms":0.051000,"valid":true,"completed":true,"op_counts":{"CPY":1,"VIEW":2}}
M5_COPY_RETURN {"copy_bytes":12582912,"dst_nb":[4,3145728,18874368,75497472],"dst_ne":[786432,1,4,1],"layout":"strided","phase":"measure","rows":4,"sample":12,"src_nb":[4,3145728,3145744,12582976],"src_ne":[786432,1,4,1],"wall_us":221.125,"width":786432}
M5_COPY_CALL {"copy_bytes":12582912,"dst_nb":[4,3145728,18874368,75497472],"dst_ne":[786432,1,4,1],"layout":"strided","phase":"measure","rows":4,"sample":13,"src_nb":[4,3145728,3145744,12582976],"src_ne":[786432,1,4,1],"width":786432}
M5_PROFILE {"context":"785cdd0480","graph":146,"cb":1,"original_nodes":3,"gpu_start_s":244741.758220250,"gpu_end_s":244741.758275250,"gpu_ms":0.055000,"valid":true,"completed":true,"op_counts":{"CPY":1,"VIEW":2}}
M5_COPY_RETURN {"copy_bytes":12582912,"dst_nb":[4,3145728,18874368,75497472],"dst_ne":[786432,1,4,1],"layout":"strided","phase":"measure","rows":4,"sample":13,"src_nb":[4,3145728,3145744,12582976],"src_ne":[786432,1,4,1],"wall_us":272.583,"width":786432}
M5_COPY_CALL {"copy_bytes":12582912,"dst_nb":[4,3145728,18874368,75497472],"dst_ne":[786432,1,4,1],"layout":"strided","phase":"measure","rows":4,"sample":14,"src_nb":[4,3145728,3145744,12582976],"src_ne":[786432,1,4,1],"width":786432}
M5_PROFILE {"context":"785cdd0480","graph":147,"cb":1,"original_nodes":3,"gpu_start_s":244741.758450000,"gpu_end_s":244741.758510000,"gpu_ms":0.060000,"valid":true,"completed":true,"op_counts":{"CPY":1,"VIEW":2}}
M5_COPY_RETURN {"copy_bytes":12582912,"dst_nb":[4,3145728,18874368,75497472],"dst_ne":[786432,1,4,1],"layout":"strided","phase":"measure","rows":4,"sample":14,"src_nb":[4,3145728,3145744,12582976],"src_ne":[786432,1,4,1],"wall_us":229.167,"width":786432}
M5_COPY_CALL {"copy_bytes":12582912,"dst_nb":[4,3145728,18874368,75497472],"dst_ne":[786432,1,4,1],"layout":"strided","phase":"measure","rows":4,"sample":15,"src_nb":[4,3145728,3145744,12582976],"src_ne":[786432,1,4,1],"width":786432}
M5_PROFILE {"context":"785cdd0480","graph":148,"cb":1,"original_nodes":3,"gpu_start_s":244741.758709250,"gpu_end_s":244741.758774750,"gpu_ms":0.065500,"valid":true,"completed":true,"op_counts":{"CPY":1,"VIEW":2}}
M5_COPY_RETURN {"copy_bytes":12582912,"dst_nb":[4,3145728,18874368,75497472],"dst_ne":[786432,1,4,1],"layout":"strided","phase":"measure","rows":4,"sample":15,"src_nb":[4,3145728,3145744,12582976],"src_ne":[786432,1,4,1],"wall_us":261.042,"width":786432}
M5_COPY_CALL {"copy_bytes":12582912,"dst_nb":[4,3145728,18874368,75497472],"dst_ne":[786432,1,4,1],"layout":"strided","phase":"measure","rows":4,"sample":16,"src_nb":[4,3145728,3145744,12582976],"src_ne":[786432,1,4,1],"width":786432}
M5_PROFILE {"context":"785cdd0480","graph":149,"cb":1,"original_nodes":3,"gpu_start_s":244741.758948875,"gpu_end_s":244741.759014250,"gpu_ms":0.065375,"valid":true,"completed":true,"op_counts":{"CPY":1,"VIEW":2}}
M5_COPY_RETURN {"copy_bytes":12582912,"dst_nb":[4,3145728,18874368,75497472],"dst_ne":[786432,1,4,1],"layout":"strided","phase":"measure","rows":4,"sample":16,"src_nb":[4,3145728,3145744,12582976],"src_ne":[786432,1,4,1],"wall_us":235.709,"width":786432}
M5_COPY_CALL {"copy_bytes":12582912,"dst_nb":[4,3145728,18874368,75497472],"dst_ne":[786432,1,4,1],"layout":"strided","phase":"measure","rows":4,"sample":17,"src_nb":[4,3145728,3145744,12582976],"src_ne":[786432,1,4,1],"width":786432}
M5_PROFILE {"context":"785cdd0480","graph":150,"cb":1,"original_nodes":3,"gpu_start_s":244741.759193500,"gpu_end_s":244741.759259250,"gpu_ms":0.065750,"valid":true,"completed":true,"op_counts":{"CPY":1,"VIEW":2}}
M5_COPY_RETURN {"copy_bytes":12582912,"dst_nb":[4,3145728,18874368,75497472],"dst_ne":[786432,1,4,1],"layout":"strided","phase":"measure","rows":4,"sample":17,"src_nb":[4,3145728,3145744,12582976],"src_ne":[786432,1,4,1],"wall_us":238.875,"width":786432}
M5_COPY_CALL {"copy_bytes":12582912,"dst_nb":[4,3145728,18874368,75497472],"dst_ne":[786432,1,4,1],"layout":"strided","phase":"measure","rows":4,"sample":18,"src_nb":[4,3145728,3145744,12582976],"src_ne":[786432,1,4,1],"width":786432}
M5_PROFILE {"context":"785cdd0480","graph":151,"cb":1,"original_nodes":3,"gpu_start_s":244741.759449500,"gpu_end_s":244741.759515500,"gpu_ms":0.066000,"valid":true,"completed":true,"op_counts":{"CPY":1,"VIEW":2}}
M5_COPY_RETURN {"copy_bytes":12582912,"dst_nb":[4,3145728,18874368,75497472],"dst_ne":[786432,1,4,1],"layout":"strided","phase":"measure","rows":4,"sample":18,"src_nb":[4,3145728,3145744,12582976],"src_ne":[786432,1,4,1],"wall_us":247.125,"width":786432}
M5_COPY_CALL {"copy_bytes":12582912,"dst_nb":[4,3145728,18874368,75497472],"dst_ne":[786432,1,4,1],"layout":"strided","phase":"measure","rows":4,"sample":19,"src_nb":[4,3145728,3145744,12582976],"src_ne":[786432,1,4,1],"width":786432}
M5_PROFILE {"context":"785cdd0480","graph":152,"cb":1,"original_nodes":3,"gpu_start_s":244741.759681792,"gpu_end_s":244741.759747500,"gpu_ms":0.065708,"valid":true,"completed":true,"op_counts":{"CPY":1,"VIEW":2}}
M5_COPY_RETURN {"copy_bytes":12582912,"dst_nb":[4,3145728,18874368,75497472],"dst_ne":[786432,1,4,1],"layout":"strided","phase":"measure","rows":4,"sample":19,"src_nb":[4,3145728,3145744,12582976],"src_ne":[786432,1,4,1],"wall_us":228.833,"width":786432}
M5_COPY_CALL {"copy_bytes":12582912,"dst_nb":[4,3145728,18874368,75497472],"dst_ne":[786432,1,4,1],"layout":"strided","phase":"measure","rows":4,"sample":20,"src_nb":[4,3145728,3145744,12582976],"src_ne":[786432,1,4,1],"width":786432}
M5_PROFILE {"context":"785cdd0480","graph":153,"cb":1,"original_nodes":3,"gpu_start_s":244741.759962042,"gpu_end_s":244741.760028250,"gpu_ms":0.066208,"valid":true,"completed":true,"op_counts":{"CPY":1,"VIEW":2}}
M5_COPY_RETURN {"copy_bytes":12582912,"dst_nb":[4,3145728,18874368,75497472],"dst_ne":[786432,1,4,1],"layout":"strided","phase":"measure","rows":4,"sample":20,"src_nb":[4,3145728,3145744,12582976],"src_ne":[786432,1,4,1],"wall_us":270.958,"width":786432}
M5_COPY_CALL {"copy_bytes":12582912,"dst_nb":[4,3145728,18874368,75497472],"dst_ne":[786432,1,4,1],"layout":"strided","phase":"measure","rows":4,"sample":21,"src_nb":[4,3145728,3145744,12582976],"src_ne":[786432,1,4,1],"width":786432}
M5_PROFILE {"context":"785cdd0480","graph":154,"cb":1,"original_nodes":3,"gpu_start_s":244741.760245667,"gpu_end_s":244741.760311625,"gpu_ms":0.065958,"valid":true,"completed":true,"op_counts":{"CPY":1,"VIEW":2}}
M5_COPY_RETURN {"copy_bytes":12582912,"dst_nb":[4,3145728,18874368,75497472],"dst_ne":[786432,1,4,1],"layout":"strided","phase":"measure","rows":4,"sample":21,"src_nb":[4,3145728,3145744,12582976],"src_ne":[786432,1,4,1],"wall_us":276.166,"width":786432}
M5_COPY_CALL {"copy_bytes":12582912,"dst_nb":[4,3145728,18874368,75497472],"dst_ne":[786432,1,4,1],"layout":"strided","phase":"measure","rows":4,"sample":22,"src_nb":[4,3145728,3145744,12582976],"src_ne":[786432,1,4,1],"width":786432}
M5_PROFILE {"context":"785cdd0480","graph":155,"cb":1,"original_nodes":3,"gpu_start_s":244741.760478250,"gpu_end_s":244741.760543542,"gpu_ms":0.065292,"valid":true,"completed":true,"op_counts":{"CPY":1,"VIEW":2}}
M5_COPY_RETURN {"copy_bytes":12582912,"dst_nb":[4,3145728,18874368,75497472],"dst_ne":[786432,1,4,1],"layout":"strided","phase":"measure","rows":4,"sample":22,"src_nb":[4,3145728,3145744,12582976],"src_ne":[786432,1,4,1],"wall_us":225.042,"width":786432}
M5_COPY_CALL {"copy_bytes":12582912,"dst_nb":[4,3145728,18874368,75497472],"dst_ne":[786432,1,4,1],"layout":"strided","phase":"measure","rows":4,"sample":23,"src_nb":[4,3145728,3145744,12582976],"src_ne":[786432,1,4,1],"width":786432}
M5_PROFILE {"context":"785cdd0480","graph":156,"cb":1,"original_nodes":3,"gpu_start_s":244741.760776542,"gpu_end_s":244741.760862250,"gpu_ms":0.085708,"valid":true,"completed":true,"op_counts":{"CPY":1,"VIEW":2}}
M5_COPY_RETURN {"copy_bytes":12582912,"dst_nb":[4,3145728,18874368,75497472],"dst_ne":[786432,1,4,1],"layout":"strided","phase":"measure","rows":4,"sample":23,"src_nb":[4,3145728,3145744,12582976],"src_ne":[786432,1,4,1],"wall_us":307.875,"width":786432}
M5_COPY_CALL {"copy_bytes":12582912,"dst_nb":[4,3145728,18874368,75497472],"dst_ne":[786432,1,4,1],"layout":"strided","phase":"measure","rows":4,"sample":24,"src_nb":[4,3145728,3145744,12582976],"src_ne":[786432,1,4,1],"width":786432}
M5_PROFILE {"context":"785cdd0480","graph":157,"cb":1,"original_nodes":3,"gpu_start_s":244741.761034625,"gpu_end_s":244741.761100917,"gpu_ms":0.066292,"valid":true,"completed":true,"op_counts":{"CPY":1,"VIEW":2}}
M5_COPY_RETURN {"copy_bytes":12582912,"dst_nb":[4,3145728,18874368,75497472],"dst_ne":[786432,1,4,1],"layout":"strided","phase":"measure","rows":4,"sample":24,"src_nb":[4,3145728,3145744,12582976],"src_ne":[786432,1,4,1],"wall_us":231.667,"width":786432}
M5_COPY_CALL {"copy_bytes":12582912,"dst_nb":[4,3145728,18874368,75497472],"dst_ne":[786432,1,4,1],"layout":"strided","phase":"measure","rows":4,"sample":25,"src_nb":[4,3145728,3145744,12582976],"src_ne":[786432,1,4,1],"width":786432}
M5_PROFILE {"context":"785cdd0480","graph":158,"cb":1,"original_nodes":3,"gpu_start_s":244741.761272542,"gpu_end_s":244741.761338375,"gpu_ms":0.065833,"valid":true,"completed":true,"op_counts":{"CPY":1,"VIEW":2}}
M5_COPY_RETURN {"copy_bytes":12582912,"dst_nb":[4,3145728,18874368,75497472],"dst_ne":[786432,1,4,1],"layout":"strided","phase":"measure","rows":4,"sample":25,"src_nb":[4,3145728,3145744,12582976],"src_ne":[786432,1,4,1],"wall_us":232.041,"width":786432}
M5_COPY_CALL {"copy_bytes":12582912,"dst_nb":[4,3145728,18874368,75497472],"dst_ne":[786432,1,4,1],"layout":"strided","phase":"measure","rows":4,"sample":26,"src_nb":[4,3145728,3145744,12582976],"src_ne":[786432,1,4,1],"width":786432}
M5_PROFILE {"context":"785cdd0480","graph":159,"cb":1,"original_nodes":3,"gpu_start_s":244741.761528000,"gpu_end_s":244741.761593625,"gpu_ms":0.065625,"valid":true,"completed":true,"op_counts":{"CPY":1,"VIEW":2}}
M5_COPY_RETURN {"copy_bytes":12582912,"dst_nb":[4,3145728,18874368,75497472],"dst_ne":[786432,1,4,1],"layout":"strided","phase":"measure","rows":4,"sample":26,"src_nb":[4,3145728,3145744,12582976],"src_ne":[786432,1,4,1],"wall_us":249.958,"width":786432}
M5_COPY_CALL {"copy_bytes":12582912,"dst_nb":[4,3145728,18874368,75497472],"dst_ne":[786432,1,4,1],"layout":"strided","phase":"measure","rows":4,"sample":27,"src_nb":[4,3145728,3145744,12582976],"src_ne":[786432,1,4,1],"width":786432}
M5_PROFILE {"context":"785cdd0480","graph":160,"cb":1,"original_nodes":3,"gpu_start_s":244741.761788417,"gpu_end_s":244741.761853917,"gpu_ms":0.065500,"valid":true,"completed":true,"op_counts":{"CPY":1,"VIEW":2}}
M5_COPY_RETURN {"copy_bytes":12582912,"dst_nb":[4,3145728,18874368,75497472],"dst_ne":[786432,1,4,1],"layout":"strided","phase":"measure","rows":4,"sample":27,"src_nb":[4,3145728,3145744,12582976],"src_ne":[786432,1,4,1],"wall_us":251.708,"width":786432}
M5_COPY_CALL {"copy_bytes":12582912,"dst_nb":[4,3145728,18874368,75497472],"dst_ne":[786432,1,4,1],"layout":"strided","phase":"measure","rows":4,"sample":28,"src_nb":[4,3145728,3145744,12582976],"src_ne":[786432,1,4,1],"width":786432}
M5_PROFILE {"context":"785cdd0480","graph":161,"cb":1,"original_nodes":3,"gpu_start_s":244741.762052542,"gpu_end_s":244741.762118292,"gpu_ms":0.065750,"valid":true,"completed":true,"op_counts":{"CPY":1,"VIEW":2}}
M5_COPY_RETURN {"copy_bytes":12582912,"dst_nb":[4,3145728,18874368,75497472],"dst_ne":[786432,1,4,1],"layout":"strided","phase":"measure","rows":4,"sample":28,"src_nb":[4,3145728,3145744,12582976],"src_ne":[786432,1,4,1],"wall_us":260.125,"width":786432}
M5_COPY_CALL {"copy_bytes":12582912,"dst_nb":[4,3145728,18874368,75497472],"dst_ne":[786432,1,4,1],"layout":"strided","phase":"measure","rows":4,"sample":29,"src_nb":[4,3145728,3145744,12582976],"src_ne":[786432,1,4,1],"width":786432}
M5_PROFILE {"context":"785cdd0480","graph":162,"cb":1,"original_nodes":3,"gpu_start_s":244741.762307875,"gpu_end_s":244741.762374000,"gpu_ms":0.066125,"valid":true,"completed":true,"op_counts":{"CPY":1,"VIEW":2}}
M5_COPY_RETURN {"copy_bytes":12582912,"dst_nb":[4,3145728,18874368,75497472],"dst_ne":[786432,1,4,1],"layout":"strided","phase":"measure","rows":4,"sample":29,"src_nb":[4,3145728,3145744,12582976],"src_ne":[786432,1,4,1],"wall_us":243.708,"width":786432}
M5_COPY_CALL {"copy_bytes":12582912,"dst_nb":[4,3145728,18874368,75497472],"dst_ne":[786432,1,4,1],"layout":"strided","phase":"measure","rows":4,"sample":30,"src_nb":[4,3145728,3145744,12582976],"src_ne":[786432,1,4,1],"width":786432}
M5_PROFILE {"context":"785cdd0480","graph":163,"cb":1,"original_nodes":3,"gpu_start_s":244741.762560500,"gpu_end_s":244741.762626125,"gpu_ms":0.065625,"valid":true,"completed":true,"op_counts":{"CPY":1,"VIEW":2}}
M5_COPY_RETURN {"copy_bytes":12582912,"dst_nb":[4,3145728,18874368,75497472],"dst_ne":[786432,1,4,1],"layout":"strided","phase":"measure","rows":4,"sample":30,"src_nb":[4,3145728,3145744,12582976],"src_ne":[786432,1,4,1],"wall_us":245.625,"width":786432}
M5_COPY_CALL {"copy_bytes":12582912,"dst_nb":[4,3145728,18874368,75497472],"dst_ne":[786432,1,4,1],"layout":"strided","phase":"measure","rows":4,"sample":31,"src_nb":[4,3145728,3145744,12582976],"src_ne":[786432,1,4,1],"width":786432}
M5_PROFILE {"context":"785cdd0480","graph":164,"cb":1,"original_nodes":3,"gpu_start_s":244741.762847500,"gpu_end_s":244741.762913500,"gpu_ms":0.066000,"valid":true,"completed":true,"op_counts":{"CPY":1,"VIEW":2}}
M5_COPY_RETURN {"copy_bytes":12582912,"dst_nb":[4,3145728,18874368,75497472],"dst_ne":[786432,1,4,1],"layout":"strided","phase":"measure","rows":4,"sample":31,"src_nb":[4,3145728,3145744,12582976],"src_ne":[786432,1,4,1],"wall_us":283.916,"width":786432}
M5_COPY_CALL {"copy_bytes":12582912,"dst_nb":[4,3145728,18874368,75497472],"dst_ne":[786432,1,4,1],"layout":"strided","phase":"measure","rows":4,"sample":32,"src_nb":[4,3145728,3145744,12582976],"src_ne":[786432,1,4,1],"width":786432}
M5_PROFILE {"context":"785cdd0480","graph":165,"cb":1,"original_nodes":3,"gpu_start_s":244741.763096125,"gpu_end_s":244741.763162417,"gpu_ms":0.066292,"valid":true,"completed":true,"op_counts":{"CPY":1,"VIEW":2}}
M5_COPY_RETURN {"copy_bytes":12582912,"dst_nb":[4,3145728,18874368,75497472],"dst_ne":[786432,1,4,1],"layout":"strided","phase":"measure","rows":4,"sample":32,"src_nb":[4,3145728,3145744,12582976],"src_ne":[786432,1,4,1],"wall_us":240.125,"width":786432}
M5_COPY_CALL {"copy_bytes":12582912,"dst_nb":[4,3145728,18874368,75497472],"dst_ne":[786432,1,4,1],"layout":"strided","phase":"measure","rows":4,"sample":33,"src_nb":[4,3145728,3145744,12582976],"src_ne":[786432,1,4,1],"width":786432}
M5_PROFILE {"context":"785cdd0480","graph":166,"cb":1,"original_nodes":3,"gpu_start_s":244741.763359625,"gpu_end_s":244741.763425042,"gpu_ms":0.065417,"valid":true,"completed":true,"op_counts":{"CPY":1,"VIEW":2}}
M5_COPY_RETURN {"copy_bytes":12582912,"dst_nb":[4,3145728,18874368,75497472],"dst_ne":[786432,1,4,1],"layout":"strided","phase":"measure","rows":4,"sample":33,"src_nb":[4,3145728,3145744,12582976],"src_ne":[786432,1,4,1],"wall_us":260.042,"width":786432}
M5_COPY_CALL {"copy_bytes":12582912,"dst_nb":[4,3145728,18874368,75497472],"dst_ne":[786432,1,4,1],"layout":"strided","phase":"measure","rows":4,"sample":34,"src_nb":[4,3145728,3145744,12582976],"src_ne":[786432,1,4,1],"width":786432}
M5_PROFILE {"context":"785cdd0480","graph":167,"cb":1,"original_nodes":3,"gpu_start_s":244741.763617500,"gpu_end_s":244741.763683625,"gpu_ms":0.066125,"valid":true,"completed":true,"op_counts":{"CPY":1,"VIEW":2}}
M5_COPY_RETURN {"copy_bytes":12582912,"dst_nb":[4,3145728,18874368,75497472],"dst_ne":[786432,1,4,1],"layout":"strided","phase":"measure","rows":4,"sample":34,"src_nb":[4,3145728,3145744,12582976],"src_ne":[786432,1,4,1],"wall_us":246.125,"width":786432}
M5_COPY_CALL {"copy_bytes":12582912,"dst_nb":[4,3145728,18874368,75497472],"dst_ne":[786432,1,4,1],"layout":"strided","phase":"measure","rows":4,"sample":35,"src_nb":[4,3145728,3145744,12582976],"src_ne":[786432,1,4,1],"width":786432}
M5_PROFILE {"context":"785cdd0480","graph":168,"cb":1,"original_nodes":3,"gpu_start_s":244741.763870250,"gpu_end_s":244741.763935875,"gpu_ms":0.065625,"valid":true,"completed":true,"op_counts":{"CPY":1,"VIEW":2}}
M5_COPY_RETURN {"copy_bytes":12582912,"dst_nb":[4,3145728,18874368,75497472],"dst_ne":[786432,1,4,1],"layout":"strided","phase":"measure","rows":4,"sample":35,"src_nb":[4,3145728,3145744,12582976],"src_ne":[786432,1,4,1],"wall_us":244.5,"width":786432}
M5_COPY_CALL {"copy_bytes":12582912,"dst_nb":[4,3145728,18874368,75497472],"dst_ne":[786432,1,4,1],"layout":"strided","phase":"measure","rows":4,"sample":36,"src_nb":[4,3145728,3145744,12582976],"src_ne":[786432,1,4,1],"width":786432}
M5_PROFILE {"context":"785cdd0480","graph":169,"cb":1,"original_nodes":3,"gpu_start_s":244741.764124542,"gpu_end_s":244741.764190292,"gpu_ms":0.065750,"valid":true,"completed":true,"op_counts":{"CPY":1,"VIEW":2}}
M5_COPY_RETURN {"copy_bytes":12582912,"dst_nb":[4,3145728,18874368,75497472],"dst_ne":[786432,1,4,1],"layout":"strided","phase":"measure","rows":4,"sample":36,"src_nb":[4,3145728,3145744,12582976],"src_ne":[786432,1,4,1],"wall_us":244.709,"width":786432}
M5_COPY_CALL {"copy_bytes":12582912,"dst_nb":[4,3145728,18874368,75497472],"dst_ne":[786432,1,4,1],"layout":"strided","phase":"measure","rows":4,"sample":37,"src_nb":[4,3145728,3145744,12582976],"src_ne":[786432,1,4,1],"width":786432}
M5_PROFILE {"context":"785cdd0480","graph":170,"cb":1,"original_nodes":3,"gpu_start_s":244741.764528375,"gpu_end_s":244741.764596875,"gpu_ms":0.068500,"valid":true,"completed":true,"op_counts":{"CPY":1,"VIEW":2}}
M5_COPY_RETURN {"copy_bytes":12582912,"dst_nb":[4,3145728,18874368,75497472],"dst_ne":[786432,1,4,1],"layout":"strided","phase":"measure","rows":4,"sample":37,"src_nb":[4,3145728,3145744,12582976],"src_ne":[786432,1,4,1],"wall_us":399.709,"width":786432}
M5_COPY_CALL {"copy_bytes":12582912,"dst_nb":[4,3145728,18874368,75497472],"dst_ne":[786432,1,4,1],"layout":"strided","phase":"measure","rows":4,"sample":38,"src_nb":[4,3145728,3145744,12582976],"src_ne":[786432,1,4,1],"width":786432}
M5_PROFILE {"context":"785cdd0480","graph":171,"cb":1,"original_nodes":3,"gpu_start_s":244741.764776250,"gpu_end_s":244741.764862667,"gpu_ms":0.086417,"valid":true,"completed":true,"op_counts":{"CPY":1,"VIEW":2}}
M5_COPY_RETURN {"copy_bytes":12582912,"dst_nb":[4,3145728,18874368,75497472],"dst_ne":[786432,1,4,1],"layout":"strided","phase":"measure","rows":4,"sample":38,"src_nb":[4,3145728,3145744,12582976],"src_ne":[786432,1,4,1],"wall_us":259.166,"width":786432}
M5_COPY_CALL {"copy_bytes":12582912,"dst_nb":[4,3145728,18874368,75497472],"dst_ne":[786432,1,4,1],"layout":"strided","phase":"measure","rows":4,"sample":39,"src_nb":[4,3145728,3145744,12582976],"src_ne":[786432,1,4,1],"width":786432}
M5_PROFILE {"context":"785cdd0480","graph":172,"cb":1,"original_nodes":3,"gpu_start_s":244741.765030500,"gpu_end_s":244741.765096375,"gpu_ms":0.065875,"valid":true,"completed":true,"op_counts":{"CPY":1,"VIEW":2}}
M5_COPY_RETURN {"copy_bytes":12582912,"dst_nb":[4,3145728,18874368,75497472],"dst_ne":[786432,1,4,1],"layout":"strided","phase":"measure","rows":4,"sample":39,"src_nb":[4,3145728,3145744,12582976],"src_ne":[786432,1,4,1],"wall_us":230.208,"width":786432}
M5_COPY_PASS {"copy_bytes":12582912,"dst_nb":[4,3145728,18874368,75497472],"dst_ne":[786432,1,4,1],"layout":"strided","rows":4,"src_nb":[4,3145728,3145744,12582976],"src_ne":[786432,1,4,1],"width":786432}
M5_COPY_CALL {"copy_bytes":15728640,"dst_nb":[4,3145728,3145728,15728640],"dst_ne":[786432,1,5,1],"layout":"contiguous","phase":"warmup","rows":5,"sample":-3,"src_nb":[4,3145728,3145728,15728640],"src_ne":[786432,1,5,1],"width":786432}
M5_PROFILE {"context":"785cdd0480","graph":173,"cb":1,"original_nodes":3,"gpu_start_s":244741.792457500,"gpu_end_s":244741.793148042,"gpu_ms":0.690542,"valid":true,"completed":true,"op_counts":{"CPY":1,"VIEW":2}}
M5_COPY_RETURN {"copy_bytes":15728640,"dst_nb":[4,3145728,3145728,15728640],"dst_ne":[786432,1,5,1],"layout":"contiguous","phase":"warmup","rows":5,"sample":-3,"src_nb":[4,3145728,3145728,15728640],"src_ne":[786432,1,5,1],"wall_us":1770.041,"width":786432}
M5_COPY_CALL {"copy_bytes":15728640,"dst_nb":[4,3145728,3145728,15728640],"dst_ne":[786432,1,5,1],"layout":"contiguous","phase":"warmup","rows":5,"sample":-2,"src_nb":[4,3145728,3145728,15728640],"src_ne":[786432,1,5,1],"width":786432}
M5_PROFILE {"context":"785cdd0480","graph":174,"cb":1,"original_nodes":3,"gpu_start_s":244741.793444375,"gpu_end_s":244741.793641917,"gpu_ms":0.197542,"valid":true,"completed":true,"op_counts":{"CPY":1,"VIEW":2}}
M5_COPY_RETURN {"copy_bytes":15728640,"dst_nb":[4,3145728,3145728,15728640],"dst_ne":[786432,1,5,1],"layout":"contiguous","phase":"warmup","rows":5,"sample":-2,"src_nb":[4,3145728,3145728,15728640],"src_ne":[786432,1,5,1],"wall_us":379.5,"width":786432}
M5_COPY_CALL {"copy_bytes":15728640,"dst_nb":[4,3145728,3145728,15728640],"dst_ne":[786432,1,5,1],"layout":"contiguous","phase":"warmup","rows":5,"sample":-1,"src_nb":[4,3145728,3145728,15728640],"src_ne":[786432,1,5,1],"width":786432}
M5_PROFILE {"context":"785cdd0480","graph":175,"cb":1,"original_nodes":3,"gpu_start_s":244741.793844500,"gpu_end_s":244741.794010750,"gpu_ms":0.166250,"valid":true,"completed":true,"op_counts":{"CPY":1,"VIEW":2}}
M5_COPY_RETURN {"copy_bytes":15728640,"dst_nb":[4,3145728,3145728,15728640],"dst_ne":[786432,1,5,1],"layout":"contiguous","phase":"warmup","rows":5,"sample":-1,"src_nb":[4,3145728,3145728,15728640],"src_ne":[786432,1,5,1],"wall_us":356.708,"width":786432}
M5_COPY_CALL {"copy_bytes":15728640,"dst_nb":[4,3145728,3145728,15728640],"dst_ne":[786432,1,5,1],"layout":"contiguous","phase":"measure","rows":5,"sample":0,"src_nb":[4,3145728,3145728,15728640],"src_ne":[786432,1,5,1],"width":786432}
M5_PROFILE {"context":"785cdd0480","graph":176,"cb":1,"original_nodes":3,"gpu_start_s":244741.794211000,"gpu_end_s":244741.794354000,"gpu_ms":0.143000,"valid":true,"completed":true,"op_counts":{"CPY":1,"VIEW":2}}
M5_COPY_RETURN {"copy_bytes":15728640,"dst_nb":[4,3145728,3145728,15728640],"dst_ne":[786432,1,5,1],"layout":"contiguous","phase":"measure","rows":5,"sample":0,"src_nb":[4,3145728,3145728,15728640],"src_ne":[786432,1,5,1],"wall_us":364.791,"width":786432}
M5_COPY_CALL {"copy_bytes":15728640,"dst_nb":[4,3145728,3145728,15728640],"dst_ne":[786432,1,5,1],"layout":"contiguous","phase":"measure","rows":5,"sample":1,"src_nb":[4,3145728,3145728,15728640],"src_ne":[786432,1,5,1],"width":786432}
M5_PROFILE {"context":"785cdd0480","graph":177,"cb":1,"original_nodes":3,"gpu_start_s":244741.794714000,"gpu_end_s":244741.794896000,"gpu_ms":0.182000,"valid":true,"completed":true,"op_counts":{"CPY":1,"VIEW":2}}
M5_COPY_RETURN {"copy_bytes":15728640,"dst_nb":[4,3145728,3145728,15728640],"dst_ne":[786432,1,5,1],"layout":"contiguous","phase":"measure","rows":5,"sample":1,"src_nb":[4,3145728,3145728,15728640],"src_ne":[786432,1,5,1],"wall_us":506.25,"width":786432}
M5_COPY_CALL {"copy_bytes":15728640,"dst_nb":[4,3145728,3145728,15728640],"dst_ne":[786432,1,5,1],"layout":"contiguous","phase":"measure","rows":5,"sample":2,"src_nb":[4,3145728,3145728,15728640],"src_ne":[786432,1,5,1],"width":786432}
M5_PROFILE {"context":"785cdd0480","graph":178,"cb":1,"original_nodes":3,"gpu_start_s":244741.795197667,"gpu_end_s":244741.795365292,"gpu_ms":0.167625,"valid":true,"completed":true,"op_counts":{"CPY":1,"VIEW":2}}
M5_COPY_RETURN {"copy_bytes":15728640,"dst_nb":[4,3145728,3145728,15728640],"dst_ne":[786432,1,5,1],"layout":"contiguous","phase":"measure","rows":5,"sample":2,"src_nb":[4,3145728,3145728,15728640],"src_ne":[786432,1,5,1],"wall_us":460.75,"width":786432}
M5_COPY_CALL {"copy_bytes":15728640,"dst_nb":[4,3145728,3145728,15728640],"dst_ne":[786432,1,5,1],"layout":"contiguous","phase":"measure","rows":5,"sample":3,"src_nb":[4,3145728,3145728,15728640],"src_ne":[786432,1,5,1],"width":786432}
M5_PROFILE {"context":"785cdd0480","graph":179,"cb":1,"original_nodes":3,"gpu_start_s":244741.795586167,"gpu_end_s":244741.795729417,"gpu_ms":0.143250,"valid":true,"completed":true,"op_counts":{"CPY":1,"VIEW":2}}
M5_COPY_RETURN {"copy_bytes":15728640,"dst_nb":[4,3145728,3145728,15728640],"dst_ne":[786432,1,5,1],"layout":"contiguous","phase":"measure","rows":5,"sample":3,"src_nb":[4,3145728,3145728,15728640],"src_ne":[786432,1,5,1],"wall_us":352.333,"width":786432}
M5_COPY_CALL {"copy_bytes":15728640,"dst_nb":[4,3145728,3145728,15728640],"dst_ne":[786432,1,5,1],"layout":"contiguous","phase":"measure","rows":5,"sample":4,"src_nb":[4,3145728,3145728,15728640],"src_ne":[786432,1,5,1],"width":786432}
M5_PROFILE {"context":"785cdd0480","graph":180,"cb":1,"original_nodes":3,"gpu_start_s":244741.795969000,"gpu_end_s":244741.796119417,"gpu_ms":0.150417,"valid":true,"completed":true,"op_counts":{"CPY":1,"VIEW":2}}
M5_COPY_RETURN {"copy_bytes":15728640,"dst_nb":[4,3145728,3145728,15728640],"dst_ne":[786432,1,5,1],"layout":"contiguous","phase":"measure","rows":5,"sample":4,"src_nb":[4,3145728,3145728,15728640],"src_ne":[786432,1,5,1],"wall_us":357.791,"width":786432}
M5_COPY_CALL {"copy_bytes":15728640,"dst_nb":[4,3145728,3145728,15728640],"dst_ne":[786432,1,5,1],"layout":"contiguous","phase":"measure","rows":5,"sample":5,"src_nb":[4,3145728,3145728,15728640],"src_ne":[786432,1,5,1],"width":786432}
M5_PROFILE {"context":"785cdd0480","graph":181,"cb":1,"original_nodes":3,"gpu_start_s":244741.796334750,"gpu_end_s":244741.796505167,"gpu_ms":0.170417,"valid":true,"completed":true,"op_counts":{"CPY":1,"VIEW":2}}
M5_COPY_RETURN {"copy_bytes":15728640,"dst_nb":[4,3145728,3145728,15728640],"dst_ne":[786432,1,5,1],"layout":"contiguous","phase":"measure","rows":5,"sample":5,"src_nb":[4,3145728,3145728,15728640],"src_ne":[786432,1,5,1],"wall_us":479.834,"width":786432}
M5_COPY_CALL {"copy_bytes":15728640,"dst_nb":[4,3145728,3145728,15728640],"dst_ne":[786432,1,5,1],"layout":"contiguous","phase":"measure","rows":5,"sample":6,"src_nb":[4,3145728,3145728,15728640],"src_ne":[786432,1,5,1],"width":786432}
M5_PROFILE {"context":"785cdd0480","graph":182,"cb":1,"original_nodes":3,"gpu_start_s":244741.796811750,"gpu_end_s":244741.796919917,"gpu_ms":0.108167,"valid":true,"completed":true,"op_counts":{"CPY":1,"VIEW":2}}
M5_COPY_RETURN {"copy_bytes":15728640,"dst_nb":[4,3145728,3145728,15728640],"dst_ne":[786432,1,5,1],"layout":"contiguous","phase":"measure","rows":5,"sample":6,"src_nb":[4,3145728,3145728,15728640],"src_ne":[786432,1,5,1],"wall_us":285.792,"width":786432}
M5_COPY_CALL {"copy_bytes":15728640,"dst_nb":[4,3145728,3145728,15728640],"dst_ne":[786432,1,5,1],"layout":"contiguous","phase":"measure","rows":5,"sample":7,"src_nb":[4,3145728,3145728,15728640],"src_ne":[786432,1,5,1],"width":786432}
M5_PROFILE {"context":"785cdd0480","graph":183,"cb":1,"original_nodes":3,"gpu_start_s":244741.797119667,"gpu_end_s":244741.797227625,"gpu_ms":0.107958,"valid":true,"completed":true,"op_counts":{"CPY":1,"VIEW":2}}
M5_COPY_RETURN {"copy_bytes":15728640,"dst_nb":[4,3145728,3145728,15728640],"dst_ne":[786432,1,5,1],"layout":"contiguous","phase":"measure","rows":5,"sample":7,"src_nb":[4,3145728,3145728,15728640],"src_ne":[786432,1,5,1],"wall_us":299.25,"width":786432}
M5_COPY_CALL {"copy_bytes":15728640,"dst_nb":[4,3145728,3145728,15728640],"dst_ne":[786432,1,5,1],"layout":"contiguous","phase":"measure","rows":5,"sample":8,"src_nb":[4,3145728,3145728,15728640],"src_ne":[786432,1,5,1],"width":786432}
M5_PROFILE {"context":"785cdd0480","graph":184,"cb":1,"original_nodes":3,"gpu_start_s":244741.797532417,"gpu_end_s":244741.797697167,"gpu_ms":0.164750,"valid":true,"completed":true,"op_counts":{"CPY":1,"VIEW":2}}
M5_COPY_RETURN {"copy_bytes":15728640,"dst_nb":[4,3145728,3145728,15728640],"dst_ne":[786432,1,5,1],"layout":"contiguous","phase":"measure","rows":5,"sample":8,"src_nb":[4,3145728,3145728,15728640],"src_ne":[786432,1,5,1],"wall_us":468.083,"width":786432}
M5_COPY_CALL {"copy_bytes":15728640,"dst_nb":[4,3145728,3145728,15728640],"dst_ne":[786432,1,5,1],"layout":"contiguous","phase":"measure","rows":5,"sample":9,"src_nb":[4,3145728,3145728,15728640],"src_ne":[786432,1,5,1],"width":786432}
M5_PROFILE {"context":"785cdd0480","graph":185,"cb":1,"original_nodes":3,"gpu_start_s":244741.797919917,"gpu_end_s":244741.798062250,"gpu_ms":0.142333,"valid":true,"completed":true,"op_counts":{"CPY":1,"VIEW":2}}
M5_COPY_RETURN {"copy_bytes":15728640,"dst_nb":[4,3145728,3145728,15728640],"dst_ne":[786432,1,5,1],"layout":"contiguous","phase":"measure","rows":5,"sample":9,"src_nb":[4,3145728,3145728,15728640],"src_ne":[786432,1,5,1],"wall_us":387.125,"width":786432}
M5_COPY_CALL {"copy_bytes":15728640,"dst_nb":[4,3145728,3145728,15728640],"dst_ne":[786432,1,5,1],"layout":"contiguous","phase":"measure","rows":5,"sample":10,"src_nb":[4,3145728,3145728,15728640],"src_ne":[786432,1,5,1],"width":786432}
M5_PROFILE {"context":"785cdd0480","graph":186,"cb":1,"original_nodes":3,"gpu_start_s":244741.798326125,"gpu_end_s":244741.798469167,"gpu_ms":0.143042,"valid":true,"completed":true,"op_counts":{"CPY":1,"VIEW":2}}
M5_COPY_RETURN {"copy_bytes":15728640,"dst_nb":[4,3145728,3145728,15728640],"dst_ne":[786432,1,5,1],"layout":"contiguous","phase":"measure","rows":5,"sample":10,"src_nb":[4,3145728,3145728,15728640],"src_ne":[786432,1,5,1],"wall_us":384.167,"width":786432}
M5_COPY_CALL {"copy_bytes":15728640,"dst_nb":[4,3145728,3145728,15728640],"dst_ne":[786432,1,5,1],"layout":"contiguous","phase":"measure","rows":5,"sample":11,"src_nb":[4,3145728,3145728,15728640],"src_ne":[786432,1,5,1],"width":786432}
M5_PROFILE {"context":"785cdd0480","graph":187,"cb":1,"original_nodes":3,"gpu_start_s":244741.798698750,"gpu_end_s":244741.798854417,"gpu_ms":0.155667,"valid":true,"completed":true,"op_counts":{"CPY":1,"VIEW":2}}
M5_COPY_RETURN {"copy_bytes":15728640,"dst_nb":[4,3145728,3145728,15728640],"dst_ne":[786432,1,5,1],"layout":"contiguous","phase":"measure","rows":5,"sample":11,"src_nb":[4,3145728,3145728,15728640],"src_ne":[786432,1,5,1],"wall_us":376.958,"width":786432}
M5_COPY_CALL {"copy_bytes":15728640,"dst_nb":[4,3145728,3145728,15728640],"dst_ne":[786432,1,5,1],"layout":"contiguous","phase":"measure","rows":5,"sample":12,"src_nb":[4,3145728,3145728,15728640],"src_ne":[786432,1,5,1],"width":786432}
M5_PROFILE {"context":"785cdd0480","graph":188,"cb":1,"original_nodes":3,"gpu_start_s":244741.799143417,"gpu_end_s":244741.799286750,"gpu_ms":0.143333,"valid":true,"completed":true,"op_counts":{"CPY":1,"VIEW":2}}
M5_COPY_RETURN {"copy_bytes":15728640,"dst_nb":[4,3145728,3145728,15728640],"dst_ne":[786432,1,5,1],"layout":"contiguous","phase":"measure","rows":5,"sample":12,"src_nb":[4,3145728,3145728,15728640],"src_ne":[786432,1,5,1],"wall_us":438.792,"width":786432}
M5_COPY_CALL {"copy_bytes":15728640,"dst_nb":[4,3145728,3145728,15728640],"dst_ne":[786432,1,5,1],"layout":"contiguous","phase":"measure","rows":5,"sample":13,"src_nb":[4,3145728,3145728,15728640],"src_ne":[786432,1,5,1],"width":786432}
M5_PROFILE {"context":"785cdd0480","graph":189,"cb":1,"original_nodes":3,"gpu_start_s":244741.799648625,"gpu_end_s":244741.799832625,"gpu_ms":0.184000,"valid":true,"completed":true,"op_counts":{"CPY":1,"VIEW":2}}
M5_COPY_RETURN {"copy_bytes":15728640,"dst_nb":[4,3145728,3145728,15728640],"dst_ne":[786432,1,5,1],"layout":"contiguous","phase":"measure","rows":5,"sample":13,"src_nb":[4,3145728,3145728,15728640],"src_ne":[786432,1,5,1],"wall_us":537.917,"width":786432}
M5_COPY_CALL {"copy_bytes":15728640,"dst_nb":[4,3145728,3145728,15728640],"dst_ne":[786432,1,5,1],"layout":"contiguous","phase":"measure","rows":5,"sample":14,"src_nb":[4,3145728,3145728,15728640],"src_ne":[786432,1,5,1],"width":786432}
M5_PROFILE {"context":"785cdd0480","graph":190,"cb":1,"original_nodes":3,"gpu_start_s":244741.800205792,"gpu_end_s":244741.800389667,"gpu_ms":0.183875,"valid":true,"completed":true,"op_counts":{"CPY":1,"VIEW":2}}
M5_COPY_RETURN {"copy_bytes":15728640,"dst_nb":[4,3145728,3145728,15728640],"dst_ne":[786432,1,5,1],"layout":"contiguous","phase":"measure","rows":5,"sample":14,"src_nb":[4,3145728,3145728,15728640],"src_ne":[786432,1,5,1],"wall_us":554.459,"width":786432}
M5_COPY_CALL {"copy_bytes":15728640,"dst_nb":[4,3145728,3145728,15728640],"dst_ne":[786432,1,5,1],"layout":"contiguous","phase":"measure","rows":5,"sample":15,"src_nb":[4,3145728,3145728,15728640],"src_ne":[786432,1,5,1],"width":786432}
M5_PROFILE {"context":"785cdd0480","graph":191,"cb":1,"original_nodes":3,"gpu_start_s":244741.800774125,"gpu_end_s":244741.800984375,"gpu_ms":0.210250,"valid":true,"completed":true,"op_counts":{"CPY":1,"VIEW":2}}
M5_COPY_RETURN {"copy_bytes":15728640,"dst_nb":[4,3145728,3145728,15728640],"dst_ne":[786432,1,5,1],"layout":"contiguous","phase":"measure","rows":5,"sample":15,"src_nb":[4,3145728,3145728,15728640],"src_ne":[786432,1,5,1],"wall_us":570.833,"width":786432}
M5_COPY_CALL {"copy_bytes":15728640,"dst_nb":[4,3145728,3145728,15728640],"dst_ne":[786432,1,5,1],"layout":"contiguous","phase":"measure","rows":5,"sample":16,"src_nb":[4,3145728,3145728,15728640],"src_ne":[786432,1,5,1],"width":786432}
M5_PROFILE {"context":"785cdd0480","graph":192,"cb":1,"original_nodes":3,"gpu_start_s":244741.801284000,"gpu_end_s":244741.801486625,"gpu_ms":0.202625,"valid":true,"completed":true,"op_counts":{"CPY":1,"VIEW":2}}
M5_COPY_RETURN {"copy_bytes":15728640,"dst_nb":[4,3145728,3145728,15728640],"dst_ne":[786432,1,5,1],"layout":"contiguous","phase":"measure","rows":5,"sample":16,"src_nb":[4,3145728,3145728,15728640],"src_ne":[786432,1,5,1],"wall_us":477.625,"width":786432}
M5_COPY_CALL {"copy_bytes":15728640,"dst_nb":[4,3145728,3145728,15728640],"dst_ne":[786432,1,5,1],"layout":"contiguous","phase":"measure","rows":5,"sample":17,"src_nb":[4,3145728,3145728,15728640],"src_ne":[786432,1,5,1],"width":786432}
M5_PROFILE {"context":"785cdd0480","graph":193,"cb":1,"original_nodes":3,"gpu_start_s":244741.801708417,"gpu_end_s":244741.801852000,"gpu_ms":0.143583,"valid":true,"completed":true,"op_counts":{"CPY":1,"VIEW":2}}
M5_COPY_RETURN {"copy_bytes":15728640,"dst_nb":[4,3145728,3145728,15728640],"dst_ne":[786432,1,5,1],"layout":"contiguous","phase":"measure","rows":5,"sample":17,"src_nb":[4,3145728,3145728,15728640],"src_ne":[786432,1,5,1],"wall_us":401.958,"width":786432}
M5_COPY_CALL {"copy_bytes":15728640,"dst_nb":[4,3145728,3145728,15728640],"dst_ne":[786432,1,5,1],"layout":"contiguous","phase":"measure","rows":5,"sample":18,"src_nb":[4,3145728,3145728,15728640],"src_ne":[786432,1,5,1],"width":786432}
M5_PROFILE {"context":"785cdd0480","graph":194,"cb":1,"original_nodes":3,"gpu_start_s":244741.802096917,"gpu_end_s":244741.802263875,"gpu_ms":0.166958,"valid":true,"completed":true,"op_counts":{"CPY":1,"VIEW":2}}
M5_COPY_RETURN {"copy_bytes":15728640,"dst_nb":[4,3145728,3145728,15728640],"dst_ne":[786432,1,5,1],"layout":"contiguous","phase":"measure","rows":5,"sample":18,"src_nb":[4,3145728,3145728,15728640],"src_ne":[786432,1,5,1],"wall_us":361.375,"width":786432}
M5_COPY_CALL {"copy_bytes":15728640,"dst_nb":[4,3145728,3145728,15728640],"dst_ne":[786432,1,5,1],"layout":"contiguous","phase":"measure","rows":5,"sample":19,"src_nb":[4,3145728,3145728,15728640],"src_ne":[786432,1,5,1],"width":786432}
M5_PROFILE {"context":"785cdd0480","graph":195,"cb":1,"original_nodes":3,"gpu_start_s":244741.802471667,"gpu_end_s":244741.802653000,"gpu_ms":0.181333,"valid":true,"completed":true,"op_counts":{"CPY":1,"VIEW":2}}
M5_COPY_RETURN {"copy_bytes":15728640,"dst_nb":[4,3145728,3145728,15728640],"dst_ne":[786432,1,5,1],"layout":"contiguous","phase":"measure","rows":5,"sample":19,"src_nb":[4,3145728,3145728,15728640],"src_ne":[786432,1,5,1],"wall_us":415.458,"width":786432}
M5_COPY_CALL {"copy_bytes":15728640,"dst_nb":[4,3145728,3145728,15728640],"dst_ne":[786432,1,5,1],"layout":"contiguous","phase":"measure","rows":5,"sample":20,"src_nb":[4,3145728,3145728,15728640],"src_ne":[786432,1,5,1],"width":786432}
M5_PROFILE {"context":"785cdd0480","graph":196,"cb":1,"original_nodes":3,"gpu_start_s":244741.802985375,"gpu_end_s":244741.803127875,"gpu_ms":0.142500,"valid":true,"completed":true,"op_counts":{"CPY":1,"VIEW":2}}
M5_COPY_RETURN {"copy_bytes":15728640,"dst_nb":[4,3145728,3145728,15728640],"dst_ne":[786432,1,5,1],"layout":"contiguous","phase":"measure","rows":5,"sample":20,"src_nb":[4,3145728,3145728,15728640],"src_ne":[786432,1,5,1],"wall_us":436.708,"width":786432}
M5_COPY_CALL {"copy_bytes":15728640,"dst_nb":[4,3145728,3145728,15728640],"dst_ne":[786432,1,5,1],"layout":"contiguous","phase":"measure","rows":5,"sample":21,"src_nb":[4,3145728,3145728,15728640],"src_ne":[786432,1,5,1],"width":786432}
M5_PROFILE {"context":"785cdd0480","graph":197,"cb":1,"original_nodes":3,"gpu_start_s":244741.803342375,"gpu_end_s":244741.803493792,"gpu_ms":0.151417,"valid":true,"completed":true,"op_counts":{"CPY":1,"VIEW":2}}
M5_COPY_RETURN {"copy_bytes":15728640,"dst_nb":[4,3145728,3145728,15728640],"dst_ne":[786432,1,5,1],"layout":"contiguous","phase":"measure","rows":5,"sample":21,"src_nb":[4,3145728,3145728,15728640],"src_ne":[786432,1,5,1],"wall_us":358.542,"width":786432}
M5_COPY_CALL {"copy_bytes":15728640,"dst_nb":[4,3145728,3145728,15728640],"dst_ne":[786432,1,5,1],"layout":"contiguous","phase":"measure","rows":5,"sample":22,"src_nb":[4,3145728,3145728,15728640],"src_ne":[786432,1,5,1],"width":786432}
M5_PROFILE {"context":"785cdd0480","graph":198,"cb":1,"original_nodes":3,"gpu_start_s":244741.803717917,"gpu_end_s":244741.803830917,"gpu_ms":0.113000,"valid":true,"completed":true,"op_counts":{"CPY":1,"VIEW":2}}
M5_COPY_RETURN {"copy_bytes":15728640,"dst_nb":[4,3145728,3145728,15728640],"dst_ne":[786432,1,5,1],"layout":"contiguous","phase":"measure","rows":5,"sample":22,"src_nb":[4,3145728,3145728,15728640],"src_ne":[786432,1,5,1],"wall_us":323.125,"width":786432}
M5_COPY_CALL {"copy_bytes":15728640,"dst_nb":[4,3145728,3145728,15728640],"dst_ne":[786432,1,5,1],"layout":"contiguous","phase":"measure","rows":5,"sample":23,"src_nb":[4,3145728,3145728,15728640],"src_ne":[786432,1,5,1],"width":786432}
M5_PROFILE {"context":"785cdd0480","graph":199,"cb":1,"original_nodes":3,"gpu_start_s":244741.804013375,"gpu_end_s":244741.804121625,"gpu_ms":0.108250,"valid":true,"completed":true,"op_counts":{"CPY":1,"VIEW":2}}
M5_COPY_RETURN {"copy_bytes":15728640,"dst_nb":[4,3145728,3145728,15728640],"dst_ne":[786432,1,5,1],"layout":"contiguous","phase":"measure","rows":5,"sample":23,"src_nb":[4,3145728,3145728,15728640],"src_ne":[786432,1,5,1],"wall_us":279.5,"width":786432}
M5_COPY_CALL {"copy_bytes":15728640,"dst_nb":[4,3145728,3145728,15728640],"dst_ne":[786432,1,5,1],"layout":"contiguous","phase":"measure","rows":5,"sample":24,"src_nb":[4,3145728,3145728,15728640],"src_ne":[786432,1,5,1],"width":786432}
M5_PROFILE {"context":"785cdd0480","graph":200,"cb":1,"original_nodes":3,"gpu_start_s":244741.804307917,"gpu_end_s":244741.804437125,"gpu_ms":0.129208,"valid":true,"completed":true,"op_counts":{"CPY":1,"VIEW":2}}
M5_COPY_RETURN {"copy_bytes":15728640,"dst_nb":[4,3145728,3145728,15728640],"dst_ne":[786432,1,5,1],"layout":"contiguous","phase":"measure","rows":5,"sample":24,"src_nb":[4,3145728,3145728,15728640],"src_ne":[786432,1,5,1],"wall_us":320.25,"width":786432}
M5_COPY_CALL {"copy_bytes":15728640,"dst_nb":[4,3145728,3145728,15728640],"dst_ne":[786432,1,5,1],"layout":"contiguous","phase":"measure","rows":5,"sample":25,"src_nb":[4,3145728,3145728,15728640],"src_ne":[786432,1,5,1],"width":786432}
M5_PROFILE {"context":"785cdd0480","graph":201,"cb":1,"original_nodes":3,"gpu_start_s":244741.804632750,"gpu_end_s":244741.804808500,"gpu_ms":0.175750,"valid":true,"completed":true,"op_counts":{"CPY":1,"VIEW":2}}
M5_COPY_RETURN {"copy_bytes":15728640,"dst_nb":[4,3145728,3145728,15728640],"dst_ne":[786432,1,5,1],"layout":"contiguous","phase":"measure","rows":5,"sample":25,"src_nb":[4,3145728,3145728,15728640],"src_ne":[786432,1,5,1],"wall_us":361.25,"width":786432}
M5_COPY_CALL {"copy_bytes":15728640,"dst_nb":[4,3145728,3145728,15728640],"dst_ne":[786432,1,5,1],"layout":"contiguous","phase":"measure","rows":5,"sample":26,"src_nb":[4,3145728,3145728,15728640],"src_ne":[786432,1,5,1],"width":786432}
M5_PROFILE {"context":"785cdd0480","graph":202,"cb":1,"original_nodes":3,"gpu_start_s":244741.805079250,"gpu_end_s":244741.805238125,"gpu_ms":0.158875,"valid":true,"completed":true,"op_counts":{"CPY":1,"VIEW":2}}
M5_COPY_RETURN {"copy_bytes":15728640,"dst_nb":[4,3145728,3145728,15728640],"dst_ne":[786432,1,5,1],"layout":"contiguous","phase":"measure","rows":5,"sample":26,"src_nb":[4,3145728,3145728,15728640],"src_ne":[786432,1,5,1],"wall_us":414.958,"width":786432}
M5_COPY_CALL {"copy_bytes":15728640,"dst_nb":[4,3145728,3145728,15728640],"dst_ne":[786432,1,5,1],"layout":"contiguous","phase":"measure","rows":5,"sample":27,"src_nb":[4,3145728,3145728,15728640],"src_ne":[786432,1,5,1],"width":786432}
M5_PROFILE {"context":"785cdd0480","graph":203,"cb":1,"original_nodes":3,"gpu_start_s":244741.805436792,"gpu_end_s":244741.805587125,"gpu_ms":0.150333,"valid":true,"completed":true,"op_counts":{"CPY":1,"VIEW":2}}
M5_COPY_RETURN {"copy_bytes":15728640,"dst_nb":[4,3145728,3145728,15728640],"dst_ne":[786432,1,5,1],"layout":"contiguous","phase":"measure","rows":5,"sample":27,"src_nb":[4,3145728,3145728,15728640],"src_ne":[786432,1,5,1],"wall_us":342.583,"width":786432}
M5_COPY_CALL {"copy_bytes":15728640,"dst_nb":[4,3145728,3145728,15728640],"dst_ne":[786432,1,5,1],"layout":"contiguous","phase":"measure","rows":5,"sample":28,"src_nb":[4,3145728,3145728,15728640],"src_ne":[786432,1,5,1],"width":786432}
M5_PROFILE {"context":"785cdd0480","graph":204,"cb":1,"original_nodes":3,"gpu_start_s":244741.805814250,"gpu_end_s":244741.805922250,"gpu_ms":0.108000,"valid":true,"completed":true,"op_counts":{"CPY":1,"VIEW":2}}
M5_COPY_RETURN {"copy_bytes":15728640,"dst_nb":[4,3145728,3145728,15728640],"dst_ne":[786432,1,5,1],"layout":"contiguous","phase":"measure","rows":5,"sample":28,"src_nb":[4,3145728,3145728,15728640],"src_ne":[786432,1,5,1],"wall_us":324.875,"width":786432}
M5_COPY_CALL {"copy_bytes":15728640,"dst_nb":[4,3145728,3145728,15728640],"dst_ne":[786432,1,5,1],"layout":"contiguous","phase":"measure","rows":5,"sample":29,"src_nb":[4,3145728,3145728,15728640],"src_ne":[786432,1,5,1],"width":786432}
M5_PROFILE {"context":"785cdd0480","graph":205,"cb":1,"original_nodes":3,"gpu_start_s":244741.806409042,"gpu_end_s":244741.806634625,"gpu_ms":0.225583,"valid":true,"completed":true,"op_counts":{"CPY":1,"VIEW":2}}
M5_COPY_RETURN {"copy_bytes":15728640,"dst_nb":[4,3145728,3145728,15728640],"dst_ne":[786432,1,5,1],"layout":"contiguous","phase":"measure","rows":5,"sample":29,"src_nb":[4,3145728,3145728,15728640],"src_ne":[786432,1,5,1],"wall_us":875.625,"width":786432}
M5_COPY_CALL {"copy_bytes":15728640,"dst_nb":[4,3145728,3145728,15728640],"dst_ne":[786432,1,5,1],"layout":"contiguous","phase":"measure","rows":5,"sample":30,"src_nb":[4,3145728,3145728,15728640],"src_ne":[786432,1,5,1],"width":786432}
M5_PROFILE {"context":"785cdd0480","graph":206,"cb":1,"original_nodes":3,"gpu_start_s":244741.807037542,"gpu_end_s":244741.807234750,"gpu_ms":0.197208,"valid":true,"completed":true,"op_counts":{"CPY":1,"VIEW":2}}
M5_COPY_RETURN {"copy_bytes":15728640,"dst_nb":[4,3145728,3145728,15728640],"dst_ne":[786432,1,5,1],"layout":"contiguous","phase":"measure","rows":5,"sample":30,"src_nb":[4,3145728,3145728,15728640],"src_ne":[786432,1,5,1],"wall_us":423.5,"width":786432}
M5_COPY_CALL {"copy_bytes":15728640,"dst_nb":[4,3145728,3145728,15728640],"dst_ne":[786432,1,5,1],"layout":"contiguous","phase":"measure","rows":5,"sample":31,"src_nb":[4,3145728,3145728,15728640],"src_ne":[786432,1,5,1],"width":786432}
M5_PROFILE {"context":"785cdd0480","graph":207,"cb":1,"original_nodes":3,"gpu_start_s":244741.807496250,"gpu_end_s":244741.807645667,"gpu_ms":0.149417,"valid":true,"completed":true,"op_counts":{"CPY":1,"VIEW":2}}
M5_COPY_RETURN {"copy_bytes":15728640,"dst_nb":[4,3145728,3145728,15728640],"dst_ne":[786432,1,5,1],"layout":"contiguous","phase":"measure","rows":5,"sample":31,"src_nb":[4,3145728,3145728,15728640],"src_ne":[786432,1,5,1],"wall_us":402.0,"width":786432}
M5_COPY_CALL {"copy_bytes":15728640,"dst_nb":[4,3145728,3145728,15728640],"dst_ne":[786432,1,5,1],"layout":"contiguous","phase":"measure","rows":5,"sample":32,"src_nb":[4,3145728,3145728,15728640],"src_ne":[786432,1,5,1],"width":786432}
M5_PROFILE {"context":"785cdd0480","graph":208,"cb":1,"original_nodes":3,"gpu_start_s":244741.808016000,"gpu_end_s":244741.808198792,"gpu_ms":0.182792,"valid":true,"completed":true,"op_counts":{"CPY":1,"VIEW":2}}
M5_COPY_RETURN {"copy_bytes":15728640,"dst_nb":[4,3145728,3145728,15728640],"dst_ne":[786432,1,5,1],"layout":"contiguous","phase":"measure","rows":5,"sample":32,"src_nb":[4,3145728,3145728,15728640],"src_ne":[786432,1,5,1],"wall_us":592.208,"width":786432}
M5_COPY_CALL {"copy_bytes":15728640,"dst_nb":[4,3145728,3145728,15728640],"dst_ne":[786432,1,5,1],"layout":"contiguous","phase":"measure","rows":5,"sample":33,"src_nb":[4,3145728,3145728,15728640],"src_ne":[786432,1,5,1],"width":786432}
M5_PROFILE {"context":"785cdd0480","graph":209,"cb":1,"original_nodes":3,"gpu_start_s":244741.808489375,"gpu_end_s":244741.808636167,"gpu_ms":0.146792,"valid":true,"completed":true,"op_counts":{"CPY":1,"VIEW":2}}
M5_COPY_RETURN {"copy_bytes":15728640,"dst_nb":[4,3145728,3145728,15728640],"dst_ne":[786432,1,5,1],"layout":"contiguous","phase":"measure","rows":5,"sample":33,"src_nb":[4,3145728,3145728,15728640],"src_ne":[786432,1,5,1],"wall_us":381.041,"width":786432}
M5_COPY_CALL {"copy_bytes":15728640,"dst_nb":[4,3145728,3145728,15728640],"dst_ne":[786432,1,5,1],"layout":"contiguous","phase":"measure","rows":5,"sample":34,"src_nb":[4,3145728,3145728,15728640],"src_ne":[786432,1,5,1],"width":786432}
M5_PROFILE {"context":"785cdd0480","graph":210,"cb":1,"original_nodes":3,"gpu_start_s":244741.808987542,"gpu_end_s":244741.809159375,"gpu_ms":0.171833,"valid":true,"completed":true,"op_counts":{"CPY":1,"VIEW":2}}
M5_COPY_RETURN {"copy_bytes":15728640,"dst_nb":[4,3145728,3145728,15728640],"dst_ne":[786432,1,5,1],"layout":"contiguous","phase":"measure","rows":5,"sample":34,"src_nb":[4,3145728,3145728,15728640],"src_ne":[786432,1,5,1],"wall_us":530.792,"width":786432}
M5_COPY_CALL {"copy_bytes":15728640,"dst_nb":[4,3145728,3145728,15728640],"dst_ne":[786432,1,5,1],"layout":"contiguous","phase":"measure","rows":5,"sample":35,"src_nb":[4,3145728,3145728,15728640],"src_ne":[786432,1,5,1],"width":786432}
M5_PROFILE {"context":"785cdd0480","graph":211,"cb":1,"original_nodes":3,"gpu_start_s":244741.809609250,"gpu_end_s":244741.809817000,"gpu_ms":0.207750,"valid":true,"completed":true,"op_counts":{"CPY":1,"VIEW":2}}
M5_COPY_RETURN {"copy_bytes":15728640,"dst_nb":[4,3145728,3145728,15728640],"dst_ne":[786432,1,5,1],"layout":"contiguous","phase":"measure","rows":5,"sample":35,"src_nb":[4,3145728,3145728,15728640],"src_ne":[786432,1,5,1],"wall_us":735.542,"width":786432}
M5_COPY_CALL {"copy_bytes":15728640,"dst_nb":[4,3145728,3145728,15728640],"dst_ne":[786432,1,5,1],"layout":"contiguous","phase":"measure","rows":5,"sample":36,"src_nb":[4,3145728,3145728,15728640],"src_ne":[786432,1,5,1],"width":786432}
M5_PROFILE {"context":"785cdd0480","graph":212,"cb":1,"original_nodes":3,"gpu_start_s":244741.810195042,"gpu_end_s":244741.810351375,"gpu_ms":0.156333,"valid":true,"completed":true,"op_counts":{"CPY":1,"VIEW":2}}
M5_COPY_RETURN {"copy_bytes":15728640,"dst_nb":[4,3145728,3145728,15728640],"dst_ne":[786432,1,5,1],"layout":"contiguous","phase":"measure","rows":5,"sample":36,"src_nb":[4,3145728,3145728,15728640],"src_ne":[786432,1,5,1],"wall_us":389.833,"width":786432}
M5_COPY_CALL {"copy_bytes":15728640,"dst_nb":[4,3145728,3145728,15728640],"dst_ne":[786432,1,5,1],"layout":"contiguous","phase":"measure","rows":5,"sample":37,"src_nb":[4,3145728,3145728,15728640],"src_ne":[786432,1,5,1],"width":786432}
M5_PROFILE {"context":"785cdd0480","graph":213,"cb":1,"original_nodes":3,"gpu_start_s":244741.810581917,"gpu_end_s":244741.810723042,"gpu_ms":0.141125,"valid":true,"completed":true,"op_counts":{"CPY":1,"VIEW":2}}
M5_COPY_RETURN {"copy_bytes":15728640,"dst_nb":[4,3145728,3145728,15728640],"dst_ne":[786432,1,5,1],"layout":"contiguous","phase":"measure","rows":5,"sample":37,"src_nb":[4,3145728,3145728,15728640],"src_ne":[786432,1,5,1],"wall_us":381.375,"width":786432}
M5_COPY_CALL {"copy_bytes":15728640,"dst_nb":[4,3145728,3145728,15728640],"dst_ne":[786432,1,5,1],"layout":"contiguous","phase":"measure","rows":5,"sample":38,"src_nb":[4,3145728,3145728,15728640],"src_ne":[786432,1,5,1],"width":786432}
M5_PROFILE {"context":"785cdd0480","graph":214,"cb":1,"original_nodes":3,"gpu_start_s":244741.811049792,"gpu_end_s":244741.811214167,"gpu_ms":0.164375,"valid":true,"completed":true,"op_counts":{"CPY":1,"VIEW":2}}
M5_COPY_RETURN {"copy_bytes":15728640,"dst_nb":[4,3145728,3145728,15728640],"dst_ne":[786432,1,5,1],"layout":"contiguous","phase":"measure","rows":5,"sample":38,"src_nb":[4,3145728,3145728,15728640],"src_ne":[786432,1,5,1],"wall_us":458.792,"width":786432}
M5_COPY_CALL {"copy_bytes":15728640,"dst_nb":[4,3145728,3145728,15728640],"dst_ne":[786432,1,5,1],"layout":"contiguous","phase":"measure","rows":5,"sample":39,"src_nb":[4,3145728,3145728,15728640],"src_ne":[786432,1,5,1],"width":786432}
M5_PROFILE {"context":"785cdd0480","graph":215,"cb":1,"original_nodes":3,"gpu_start_s":244741.811425125,"gpu_end_s":244741.811548292,"gpu_ms":0.123167,"valid":true,"completed":true,"op_counts":{"CPY":1,"VIEW":2}}
M5_COPY_RETURN {"copy_bytes":15728640,"dst_nb":[4,3145728,3145728,15728640],"dst_ne":[786432,1,5,1],"layout":"contiguous","phase":"measure","rows":5,"sample":39,"src_nb":[4,3145728,3145728,15728640],"src_ne":[786432,1,5,1],"wall_us":321.25,"width":786432}
M5_COPY_PASS {"copy_bytes":15728640,"dst_nb":[4,3145728,3145728,15728640],"dst_ne":[786432,1,5,1],"layout":"contiguous","rows":5,"src_nb":[4,3145728,3145728,15728640],"src_ne":[786432,1,5,1],"width":786432}
M5_COPY_CALL {"copy_bytes":15728640,"dst_nb":[4,3145728,18874368,94371840],"dst_ne":[786432,1,5,1],"layout":"strided","phase":"warmup","rows":5,"sample":-3,"src_nb":[4,3145728,3145744,15728720],"src_ne":[786432,1,5,1],"width":786432}
M5_PROFILE {"context":"785cdd0480","graph":216,"cb":1,"original_nodes":3,"gpu_start_s":244741.847268917,"gpu_end_s":244741.847946375,"gpu_ms":0.677458,"valid":true,"completed":true,"op_counts":{"CPY":1,"VIEW":2}}
M5_COPY_RETURN {"copy_bytes":15728640,"dst_nb":[4,3145728,18874368,94371840],"dst_ne":[786432,1,5,1],"layout":"strided","phase":"warmup","rows":5,"sample":-3,"src_nb":[4,3145728,3145744,15728720],"src_ne":[786432,1,5,1],"wall_us":1554.75,"width":786432}
M5_COPY_CALL {"copy_bytes":15728640,"dst_nb":[4,3145728,18874368,94371840],"dst_ne":[786432,1,5,1],"layout":"strided","phase":"warmup","rows":5,"sample":-2,"src_nb":[4,3145728,3145744,15728720],"src_ne":[786432,1,5,1],"width":786432}
M5_PROFILE {"context":"785cdd0480","graph":217,"cb":1,"original_nodes":3,"gpu_start_s":244741.848252625,"gpu_end_s":244741.848398250,"gpu_ms":0.145625,"valid":true,"completed":true,"op_counts":{"CPY":1,"VIEW":2}}
M5_COPY_RETURN {"copy_bytes":15728640,"dst_nb":[4,3145728,18874368,94371840],"dst_ne":[786432,1,5,1],"layout":"strided","phase":"warmup","rows":5,"sample":-2,"src_nb":[4,3145728,3145744,15728720],"src_ne":[786432,1,5,1],"wall_us":365.958,"width":786432}
M5_COPY_CALL {"copy_bytes":15728640,"dst_nb":[4,3145728,18874368,94371840],"dst_ne":[786432,1,5,1],"layout":"strided","phase":"warmup","rows":5,"sample":-1,"src_nb":[4,3145728,3145744,15728720],"src_ne":[786432,1,5,1],"width":786432}
M5_PROFILE {"context":"785cdd0480","graph":218,"cb":1,"original_nodes":3,"gpu_start_s":244741.848658500,"gpu_end_s":244741.848806250,"gpu_ms":0.147750,"valid":true,"completed":true,"op_counts":{"CPY":1,"VIEW":2}}
M5_COPY_RETURN {"copy_bytes":15728640,"dst_nb":[4,3145728,18874368,94371840],"dst_ne":[786432,1,5,1],"layout":"strided","phase":"warmup","rows":5,"sample":-1,"src_nb":[4,3145728,3145744,15728720],"src_ne":[786432,1,5,1],"wall_us":412.5,"width":786432}
M5_COPY_CALL {"copy_bytes":15728640,"dst_nb":[4,3145728,18874368,94371840],"dst_ne":[786432,1,5,1],"layout":"strided","phase":"measure","rows":5,"sample":0,"src_nb":[4,3145728,3145744,15728720],"src_ne":[786432,1,5,1],"width":786432}
M5_PROFILE {"context":"785cdd0480","graph":219,"cb":1,"original_nodes":3,"gpu_start_s":244741.849183000,"gpu_end_s":244741.849372750,"gpu_ms":0.189750,"valid":true,"completed":true,"op_counts":{"CPY":1,"VIEW":2}}
M5_COPY_RETURN {"copy_bytes":15728640,"dst_nb":[4,3145728,18874368,94371840],"dst_ne":[786432,1,5,1],"layout":"strided","phase":"measure","rows":5,"sample":0,"src_nb":[4,3145728,3145744,15728720],"src_ne":[786432,1,5,1],"wall_us":550.083,"width":786432}
M5_COPY_CALL {"copy_bytes":15728640,"dst_nb":[4,3145728,18874368,94371840],"dst_ne":[786432,1,5,1],"layout":"strided","phase":"measure","rows":5,"sample":1,"src_nb":[4,3145728,3145744,15728720],"src_ne":[786432,1,5,1],"width":786432}
M5_PROFILE {"context":"785cdd0480","graph":220,"cb":1,"original_nodes":3,"gpu_start_s":244741.849584875,"gpu_end_s":244741.849773000,"gpu_ms":0.188125,"valid":true,"completed":true,"op_counts":{"CPY":1,"VIEW":2}}
M5_COPY_RETURN {"copy_bytes":15728640,"dst_nb":[4,3145728,18874368,94371840],"dst_ne":[786432,1,5,1],"layout":"strided","phase":"measure","rows":5,"sample":1,"src_nb":[4,3145728,3145744,15728720],"src_ne":[786432,1,5,1],"wall_us":384.375,"width":786432}
M5_COPY_CALL {"copy_bytes":15728640,"dst_nb":[4,3145728,18874368,94371840],"dst_ne":[786432,1,5,1],"layout":"strided","phase":"measure","rows":5,"sample":2,"src_nb":[4,3145728,3145744,15728720],"src_ne":[786432,1,5,1],"width":786432}
M5_PROFILE {"context":"785cdd0480","graph":221,"cb":1,"original_nodes":3,"gpu_start_s":244741.849983917,"gpu_end_s":244741.850124167,"gpu_ms":0.140250,"valid":true,"completed":true,"op_counts":{"CPY":1,"VIEW":2}}
M5_COPY_RETURN {"copy_bytes":15728640,"dst_nb":[4,3145728,18874368,94371840],"dst_ne":[786432,1,5,1],"layout":"strided","phase":"measure","rows":5,"sample":2,"src_nb":[4,3145728,3145744,15728720],"src_ne":[786432,1,5,1],"wall_us":348.25,"width":786432}
M5_COPY_CALL {"copy_bytes":15728640,"dst_nb":[4,3145728,18874368,94371840],"dst_ne":[786432,1,5,1],"layout":"strided","phase":"measure","rows":5,"sample":3,"src_nb":[4,3145728,3145744,15728720],"src_ne":[786432,1,5,1],"width":786432}
M5_PROFILE {"context":"785cdd0480","graph":222,"cb":1,"original_nodes":3,"gpu_start_s":244741.850459792,"gpu_end_s":244741.850610542,"gpu_ms":0.150750,"valid":true,"completed":true,"op_counts":{"CPY":1,"VIEW":2}}
M5_COPY_RETURN {"copy_bytes":15728640,"dst_nb":[4,3145728,18874368,94371840],"dst_ne":[786432,1,5,1],"layout":"strided","phase":"measure","rows":5,"sample":3,"src_nb":[4,3145728,3145744,15728720],"src_ne":[786432,1,5,1],"wall_us":455.791,"width":786432}
M5_COPY_CALL {"copy_bytes":15728640,"dst_nb":[4,3145728,18874368,94371840],"dst_ne":[786432,1,5,1],"layout":"strided","phase":"measure","rows":5,"sample":4,"src_nb":[4,3145728,3145744,15728720],"src_ne":[786432,1,5,1],"width":786432}
M5_PROFILE {"context":"785cdd0480","graph":223,"cb":1,"original_nodes":3,"gpu_start_s":244741.850947917,"gpu_end_s":244741.851096625,"gpu_ms":0.148708,"valid":true,"completed":true,"op_counts":{"CPY":1,"VIEW":2}}
M5_COPY_RETURN {"copy_bytes":15728640,"dst_nb":[4,3145728,18874368,94371840],"dst_ne":[786432,1,5,1],"layout":"strided","phase":"measure","rows":5,"sample":4,"src_nb":[4,3145728,3145744,15728720],"src_ne":[786432,1,5,1],"wall_us":472.75,"width":786432}
M5_COPY_CALL {"copy_bytes":15728640,"dst_nb":[4,3145728,18874368,94371840],"dst_ne":[786432,1,5,1],"layout":"strided","phase":"measure","rows":5,"sample":5,"src_nb":[4,3145728,3145744,15728720],"src_ne":[786432,1,5,1],"width":786432}
M5_PROFILE {"context":"785cdd0480","graph":224,"cb":1,"original_nodes":3,"gpu_start_s":244741.851298000,"gpu_end_s":244741.851413750,"gpu_ms":0.115750,"valid":true,"completed":true,"op_counts":{"CPY":1,"VIEW":2}}
M5_COPY_RETURN {"copy_bytes":15728640,"dst_nb":[4,3145728,18874368,94371840],"dst_ne":[786432,1,5,1],"layout":"strided","phase":"measure","rows":5,"sample":5,"src_nb":[4,3145728,3145744,15728720],"src_ne":[786432,1,5,1],"wall_us":315.584,"width":786432}
M5_COPY_CALL {"copy_bytes":15728640,"dst_nb":[4,3145728,18874368,94371840],"dst_ne":[786432,1,5,1],"layout":"strided","phase":"measure","rows":5,"sample":6,"src_nb":[4,3145728,3145744,15728720],"src_ne":[786432,1,5,1],"width":786432}
M5_PROFILE {"context":"785cdd0480","graph":225,"cb":1,"original_nodes":3,"gpu_start_s":244741.851730375,"gpu_end_s":244741.851847125,"gpu_ms":0.116750,"valid":true,"completed":true,"op_counts":{"CPY":1,"VIEW":2}}
M5_COPY_RETURN {"copy_bytes":15728640,"dst_nb":[4,3145728,18874368,94371840],"dst_ne":[786432,1,5,1],"layout":"strided","phase":"measure","rows":5,"sample":6,"src_nb":[4,3145728,3145744,15728720],"src_ne":[786432,1,5,1],"wall_us":421.458,"width":786432}
M5_COPY_CALL {"copy_bytes":15728640,"dst_nb":[4,3145728,18874368,94371840],"dst_ne":[786432,1,5,1],"layout":"strided","phase":"measure","rows":5,"sample":7,"src_nb":[4,3145728,3145744,15728720],"src_ne":[786432,1,5,1],"width":786432}
M5_PROFILE {"context":"785cdd0480","graph":226,"cb":1,"original_nodes":3,"gpu_start_s":244741.852019250,"gpu_end_s":244741.852150000,"gpu_ms":0.130750,"valid":true,"completed":true,"op_counts":{"CPY":1,"VIEW":2}}
M5_COPY_RETURN {"copy_bytes":15728640,"dst_nb":[4,3145728,18874368,94371840],"dst_ne":[786432,1,5,1],"layout":"strided","phase":"measure","rows":5,"sample":7,"src_nb":[4,3145728,3145744,15728720],"src_ne":[786432,1,5,1],"wall_us":294.333,"width":786432}
M5_COPY_CALL {"copy_bytes":15728640,"dst_nb":[4,3145728,18874368,94371840],"dst_ne":[786432,1,5,1],"layout":"strided","phase":"measure","rows":5,"sample":8,"src_nb":[4,3145728,3145744,15728720],"src_ne":[786432,1,5,1],"width":786432}
M5_PROFILE {"context":"785cdd0480","graph":227,"cb":1,"original_nodes":3,"gpu_start_s":244741.853107917,"gpu_end_s":244741.853432792,"gpu_ms":0.324875,"valid":true,"completed":true,"op_counts":{"CPY":1,"VIEW":2}}
M5_COPY_RETURN {"copy_bytes":15728640,"dst_nb":[4,3145728,18874368,94371840],"dst_ne":[786432,1,5,1],"layout":"strided","phase":"measure","rows":5,"sample":8,"src_nb":[4,3145728,3145744,15728720],"src_ne":[786432,1,5,1],"wall_us":1350.75,"width":786432}
M5_COPY_CALL {"copy_bytes":15728640,"dst_nb":[4,3145728,18874368,94371840],"dst_ne":[786432,1,5,1],"layout":"strided","phase":"measure","rows":5,"sample":9,"src_nb":[4,3145728,3145744,15728720],"src_ne":[786432,1,5,1],"width":786432}
M5_PROFILE {"context":"785cdd0480","graph":228,"cb":1,"original_nodes":3,"gpu_start_s":244741.853764042,"gpu_end_s":244741.853903000,"gpu_ms":0.138958,"valid":true,"completed":true,"op_counts":{"CPY":1,"VIEW":2}}
M5_COPY_RETURN {"copy_bytes":15728640,"dst_nb":[4,3145728,18874368,94371840],"dst_ne":[786432,1,5,1],"layout":"strided","phase":"measure","rows":5,"sample":9,"src_nb":[4,3145728,3145744,15728720],"src_ne":[786432,1,5,1],"wall_us":370.375,"width":786432}
M5_COPY_CALL {"copy_bytes":15728640,"dst_nb":[4,3145728,18874368,94371840],"dst_ne":[786432,1,5,1],"layout":"strided","phase":"measure","rows":5,"sample":10,"src_nb":[4,3145728,3145744,15728720],"src_ne":[786432,1,5,1],"width":786432}
M5_PROFILE {"context":"785cdd0480","graph":229,"cb":1,"original_nodes":3,"gpu_start_s":244741.854110125,"gpu_end_s":244741.854251375,"gpu_ms":0.141250,"valid":true,"completed":true,"op_counts":{"CPY":1,"VIEW":2}}
M5_COPY_RETURN {"copy_bytes":15728640,"dst_nb":[4,3145728,18874368,94371840],"dst_ne":[786432,1,5,1],"layout":"strided","phase":"measure","rows":5,"sample":10,"src_nb":[4,3145728,3145744,15728720],"src_ne":[786432,1,5,1],"wall_us":337.792,"width":786432}
M5_COPY_CALL {"copy_bytes":15728640,"dst_nb":[4,3145728,18874368,94371840],"dst_ne":[786432,1,5,1],"layout":"strided","phase":"measure","rows":5,"sample":11,"src_nb":[4,3145728,3145744,15728720],"src_ne":[786432,1,5,1],"width":786432}
M5_PROFILE {"context":"785cdd0480","graph":230,"cb":1,"original_nodes":3,"gpu_start_s":244741.854520750,"gpu_end_s":244741.854640500,"gpu_ms":0.119750,"valid":true,"completed":true,"op_counts":{"CPY":1,"VIEW":2}}
M5_COPY_RETURN {"copy_bytes":15728640,"dst_nb":[4,3145728,18874368,94371840],"dst_ne":[786432,1,5,1],"layout":"strided","phase":"measure","rows":5,"sample":11,"src_nb":[4,3145728,3145744,15728720],"src_ne":[786432,1,5,1],"wall_us":380.541,"width":786432}
M5_COPY_CALL {"copy_bytes":15728640,"dst_nb":[4,3145728,18874368,94371840],"dst_ne":[786432,1,5,1],"layout":"strided","phase":"measure","rows":5,"sample":12,"src_nb":[4,3145728,3145744,15728720],"src_ne":[786432,1,5,1],"width":786432}
M5_PROFILE {"context":"785cdd0480","graph":231,"cb":1,"original_nodes":3,"gpu_start_s":244741.854846042,"gpu_end_s":244741.854969917,"gpu_ms":0.123875,"valid":true,"completed":true,"op_counts":{"CPY":1,"VIEW":2}}
M5_COPY_RETURN {"copy_bytes":15728640,"dst_nb":[4,3145728,18874368,94371840],"dst_ne":[786432,1,5,1],"layout":"strided","phase":"measure","rows":5,"sample":12,"src_nb":[4,3145728,3145744,15728720],"src_ne":[786432,1,5,1],"wall_us":332.417,"width":786432}
M5_COPY_CALL {"copy_bytes":15728640,"dst_nb":[4,3145728,18874368,94371840],"dst_ne":[786432,1,5,1],"layout":"strided","phase":"measure","rows":5,"sample":13,"src_nb":[4,3145728,3145744,15728720],"src_ne":[786432,1,5,1],"width":786432}
M5_PROFILE {"context":"785cdd0480","graph":232,"cb":1,"original_nodes":3,"gpu_start_s":244741.855169500,"gpu_end_s":244741.855300542,"gpu_ms":0.131042,"valid":true,"completed":true,"op_counts":{"CPY":1,"VIEW":2}}
M5_COPY_RETURN {"copy_bytes":15728640,"dst_nb":[4,3145728,18874368,94371840],"dst_ne":[786432,1,5,1],"layout":"strided","phase":"measure","rows":5,"sample":13,"src_nb":[4,3145728,3145744,15728720],"src_ne":[786432,1,5,1],"wall_us":310.458,"width":786432}
M5_COPY_CALL {"copy_bytes":15728640,"dst_nb":[4,3145728,18874368,94371840],"dst_ne":[786432,1,5,1],"layout":"strided","phase":"measure","rows":5,"sample":14,"src_nb":[4,3145728,3145744,15728720],"src_ne":[786432,1,5,1],"width":786432}
M5_PROFILE {"context":"785cdd0480","graph":233,"cb":1,"original_nodes":3,"gpu_start_s":244741.855588250,"gpu_end_s":244741.855697875,"gpu_ms":0.109625,"valid":true,"completed":true,"op_counts":{"CPY":1,"VIEW":2}}
M5_COPY_RETURN {"copy_bytes":15728640,"dst_nb":[4,3145728,18874368,94371840],"dst_ne":[786432,1,5,1],"layout":"strided","phase":"measure","rows":5,"sample":14,"src_nb":[4,3145728,3145744,15728720],"src_ne":[786432,1,5,1],"wall_us":379.791,"width":786432}
M5_COPY_CALL {"copy_bytes":15728640,"dst_nb":[4,3145728,18874368,94371840],"dst_ne":[786432,1,5,1],"layout":"strided","phase":"measure","rows":5,"sample":15,"src_nb":[4,3145728,3145744,15728720],"src_ne":[786432,1,5,1],"width":786432}
M5_PROFILE {"context":"785cdd0480","graph":234,"cb":1,"original_nodes":3,"gpu_start_s":244741.855864500,"gpu_end_s":244741.855978375,"gpu_ms":0.113875,"valid":true,"completed":true,"op_counts":{"CPY":1,"VIEW":2}}
M5_COPY_RETURN {"copy_bytes":15728640,"dst_nb":[4,3145728,18874368,94371840],"dst_ne":[786432,1,5,1],"layout":"strided","phase":"measure","rows":5,"sample":15,"src_nb":[4,3145728,3145744,15728720],"src_ne":[786432,1,5,1],"wall_us":276.5,"width":786432}
M5_COPY_CALL {"copy_bytes":15728640,"dst_nb":[4,3145728,18874368,94371840],"dst_ne":[786432,1,5,1],"layout":"strided","phase":"measure","rows":5,"sample":16,"src_nb":[4,3145728,3145744,15728720],"src_ne":[786432,1,5,1],"width":786432}
M5_PROFILE {"context":"785cdd0480","graph":235,"cb":1,"original_nodes":3,"gpu_start_s":244741.856139625,"gpu_end_s":244741.856273250,"gpu_ms":0.133625,"valid":true,"completed":true,"op_counts":{"CPY":1,"VIEW":2}}
M5_COPY_RETURN {"copy_bytes":15728640,"dst_nb":[4,3145728,18874368,94371840],"dst_ne":[786432,1,5,1],"layout":"strided","phase":"measure","rows":5,"sample":16,"src_nb":[4,3145728,3145744,15728720],"src_ne":[786432,1,5,1],"wall_us":317.333,"width":786432}
M5_COPY_CALL {"copy_bytes":15728640,"dst_nb":[4,3145728,18874368,94371840],"dst_ne":[786432,1,5,1],"layout":"strided","phase":"measure","rows":5,"sample":17,"src_nb":[4,3145728,3145744,15728720],"src_ne":[786432,1,5,1],"width":786432}
M5_PROFILE {"context":"785cdd0480","graph":236,"cb":1,"original_nodes":3,"gpu_start_s":244741.856453250,"gpu_end_s":244741.856574125,"gpu_ms":0.120875,"valid":true,"completed":true,"op_counts":{"CPY":1,"VIEW":2}}
M5_COPY_RETURN {"copy_bytes":15728640,"dst_nb":[4,3145728,18874368,94371840],"dst_ne":[786432,1,5,1],"layout":"strided","phase":"measure","rows":5,"sample":17,"src_nb":[4,3145728,3145744,15728720],"src_ne":[786432,1,5,1],"wall_us":284.667,"width":786432}
M5_COPY_CALL {"copy_bytes":15728640,"dst_nb":[4,3145728,18874368,94371840],"dst_ne":[786432,1,5,1],"layout":"strided","phase":"measure","rows":5,"sample":18,"src_nb":[4,3145728,3145744,15728720],"src_ne":[786432,1,5,1],"width":786432}
M5_PROFILE {"context":"785cdd0480","graph":237,"cb":1,"original_nodes":3,"gpu_start_s":244741.856795625,"gpu_end_s":244741.856916542,"gpu_ms":0.120917,"valid":true,"completed":true,"op_counts":{"CPY":1,"VIEW":2}}
M5_COPY_RETURN {"copy_bytes":15728640,"dst_nb":[4,3145728,18874368,94371840],"dst_ne":[786432,1,5,1],"layout":"strided","phase":"measure","rows":5,"sample":18,"src_nb":[4,3145728,3145744,15728720],"src_ne":[786432,1,5,1],"wall_us":339.958,"width":786432}
M5_COPY_CALL {"copy_bytes":15728640,"dst_nb":[4,3145728,18874368,94371840],"dst_ne":[786432,1,5,1],"layout":"strided","phase":"measure","rows":5,"sample":19,"src_nb":[4,3145728,3145744,15728720],"src_ne":[786432,1,5,1],"width":786432}
M5_PROFILE {"context":"785cdd0480","graph":238,"cb":1,"original_nodes":3,"gpu_start_s":244741.857173875,"gpu_end_s":244741.857334000,"gpu_ms":0.160125,"valid":true,"completed":true,"op_counts":{"CPY":1,"VIEW":2}}
M5_COPY_RETURN {"copy_bytes":15728640,"dst_nb":[4,3145728,18874368,94371840],"dst_ne":[786432,1,5,1],"layout":"strided","phase":"measure","rows":5,"sample":19,"src_nb":[4,3145728,3145744,15728720],"src_ne":[786432,1,5,1],"wall_us":395.875,"width":786432}
M5_COPY_CALL {"copy_bytes":15728640,"dst_nb":[4,3145728,18874368,94371840],"dst_ne":[786432,1,5,1],"layout":"strided","phase":"measure","rows":5,"sample":20,"src_nb":[4,3145728,3145744,15728720],"src_ne":[786432,1,5,1],"width":786432}
M5_PROFILE {"context":"785cdd0480","graph":239,"cb":1,"original_nodes":3,"gpu_start_s":244741.857534125,"gpu_end_s":244741.857717875,"gpu_ms":0.183750,"valid":true,"completed":true,"op_counts":{"CPY":1,"VIEW":2}}
M5_COPY_RETURN {"copy_bytes":15728640,"dst_nb":[4,3145728,18874368,94371840],"dst_ne":[786432,1,5,1],"layout":"strided","phase":"measure","rows":5,"sample":20,"src_nb":[4,3145728,3145744,15728720],"src_ne":[786432,1,5,1],"wall_us":375.042,"width":786432}
M5_COPY_CALL {"copy_bytes":15728640,"dst_nb":[4,3145728,18874368,94371840],"dst_ne":[786432,1,5,1],"layout":"strided","phase":"measure","rows":5,"sample":21,"src_nb":[4,3145728,3145744,15728720],"src_ne":[786432,1,5,1],"width":786432}
M5_PROFILE {"context":"785cdd0480","graph":240,"cb":1,"original_nodes":3,"gpu_start_s":244741.857908667,"gpu_end_s":244741.858050042,"gpu_ms":0.141375,"valid":true,"completed":true,"op_counts":{"CPY":1,"VIEW":2}}
M5_COPY_RETURN {"copy_bytes":15728640,"dst_nb":[4,3145728,18874368,94371840],"dst_ne":[786432,1,5,1],"layout":"strided","phase":"measure","rows":5,"sample":21,"src_nb":[4,3145728,3145744,15728720],"src_ne":[786432,1,5,1],"wall_us":333.084,"width":786432}
M5_COPY_CALL {"copy_bytes":15728640,"dst_nb":[4,3145728,18874368,94371840],"dst_ne":[786432,1,5,1],"layout":"strided","phase":"measure","rows":5,"sample":22,"src_nb":[4,3145728,3145744,15728720],"src_ne":[786432,1,5,1],"width":786432}
M5_PROFILE {"context":"785cdd0480","graph":241,"cb":1,"original_nodes":3,"gpu_start_s":244741.858248042,"gpu_end_s":244741.858419042,"gpu_ms":0.171000,"valid":true,"completed":true,"op_counts":{"CPY":1,"VIEW":2}}
M5_COPY_RETURN {"copy_bytes":15728640,"dst_nb":[4,3145728,18874368,94371840],"dst_ne":[786432,1,5,1],"layout":"strided","phase":"measure","rows":5,"sample":22,"src_nb":[4,3145728,3145744,15728720],"src_ne":[786432,1,5,1],"wall_us":356.291,"width":786432}
M5_COPY_CALL {"copy_bytes":15728640,"dst_nb":[4,3145728,18874368,94371840],"dst_ne":[786432,1,5,1],"layout":"strided","phase":"measure","rows":5,"sample":23,"src_nb":[4,3145728,3145744,15728720],"src_ne":[786432,1,5,1],"width":786432}
M5_PROFILE {"context":"785cdd0480","graph":242,"cb":1,"original_nodes":3,"gpu_start_s":244741.858704167,"gpu_end_s":244741.858845167,"gpu_ms":0.141000,"valid":true,"completed":true,"op_counts":{"CPY":1,"VIEW":2}}
M5_COPY_RETURN {"copy_bytes":15728640,"dst_nb":[4,3145728,18874368,94371840],"dst_ne":[786432,1,5,1],"layout":"strided","phase":"measure","rows":5,"sample":23,"src_nb":[4,3145728,3145744,15728720],"src_ne":[786432,1,5,1],"wall_us":438.625,"width":786432}
M5_COPY_CALL {"copy_bytes":15728640,"dst_nb":[4,3145728,18874368,94371840],"dst_ne":[786432,1,5,1],"layout":"strided","phase":"measure","rows":5,"sample":24,"src_nb":[4,3145728,3145744,15728720],"src_ne":[786432,1,5,1],"width":786432}
M5_PROFILE {"context":"785cdd0480","graph":243,"cb":1,"original_nodes":3,"gpu_start_s":244741.859105750,"gpu_end_s":244741.859251500,"gpu_ms":0.145750,"valid":true,"completed":true,"op_counts":{"CPY":1,"VIEW":2}}
M5_COPY_RETURN {"copy_bytes":15728640,"dst_nb":[4,3145728,18874368,94371840],"dst_ne":[786432,1,5,1],"layout":"strided","phase":"measure","rows":5,"sample":24,"src_nb":[4,3145728,3145744,15728720],"src_ne":[786432,1,5,1],"wall_us":392.125,"width":786432}
M5_COPY_CALL {"copy_bytes":15728640,"dst_nb":[4,3145728,18874368,94371840],"dst_ne":[786432,1,5,1],"layout":"strided","phase":"measure","rows":5,"sample":25,"src_nb":[4,3145728,3145744,15728720],"src_ne":[786432,1,5,1],"width":786432}
M5_PROFILE {"context":"785cdd0480","graph":244,"cb":1,"original_nodes":3,"gpu_start_s":244741.859557417,"gpu_end_s":244741.859701792,"gpu_ms":0.144375,"valid":true,"completed":true,"op_counts":{"CPY":1,"VIEW":2}}
M5_COPY_RETURN {"copy_bytes":15728640,"dst_nb":[4,3145728,18874368,94371840],"dst_ne":[786432,1,5,1],"layout":"strided","phase":"measure","rows":5,"sample":25,"src_nb":[4,3145728,3145744,15728720],"src_ne":[786432,1,5,1],"wall_us":414.625,"width":786432}
M5_COPY_CALL {"copy_bytes":15728640,"dst_nb":[4,3145728,18874368,94371840],"dst_ne":[786432,1,5,1],"layout":"strided","phase":"measure","rows":5,"sample":26,"src_nb":[4,3145728,3145744,15728720],"src_ne":[786432,1,5,1],"width":786432}
M5_PROFILE {"context":"785cdd0480","graph":245,"cb":1,"original_nodes":3,"gpu_start_s":244741.859902125,"gpu_end_s":244741.860027625,"gpu_ms":0.125500,"valid":true,"completed":true,"op_counts":{"CPY":1,"VIEW":2}}
M5_COPY_RETURN {"copy_bytes":15728640,"dst_nb":[4,3145728,18874368,94371840],"dst_ne":[786432,1,5,1],"layout":"strided","phase":"measure","rows":5,"sample":26,"src_nb":[4,3145728,3145744,15728720],"src_ne":[786432,1,5,1],"wall_us":315.834,"width":786432}
M5_COPY_CALL {"copy_bytes":15728640,"dst_nb":[4,3145728,18874368,94371840],"dst_ne":[786432,1,5,1],"layout":"strided","phase":"measure","rows":5,"sample":27,"src_nb":[4,3145728,3145744,15728720],"src_ne":[786432,1,5,1],"width":786432}
M5_PROFILE {"context":"785cdd0480","graph":246,"cb":1,"original_nodes":3,"gpu_start_s":244741.860242625,"gpu_end_s":244741.860371750,"gpu_ms":0.129125,"valid":true,"completed":true,"op_counts":{"CPY":1,"VIEW":2}}
M5_COPY_RETURN {"copy_bytes":15728640,"dst_nb":[4,3145728,18874368,94371840],"dst_ne":[786432,1,5,1],"layout":"strided","phase":"measure","rows":5,"sample":27,"src_nb":[4,3145728,3145744,15728720],"src_ne":[786432,1,5,1],"wall_us":350.417,"width":786432}
M5_COPY_CALL {"copy_bytes":15728640,"dst_nb":[4,3145728,18874368,94371840],"dst_ne":[786432,1,5,1],"layout":"strided","phase":"measure","rows":5,"sample":28,"src_nb":[4,3145728,3145744,15728720],"src_ne":[786432,1,5,1],"width":786432}
M5_PROFILE {"context":"785cdd0480","graph":247,"cb":1,"original_nodes":3,"gpu_start_s":244741.860599875,"gpu_end_s":244741.860735042,"gpu_ms":0.135167,"valid":true,"completed":true,"op_counts":{"CPY":1,"VIEW":2}}
M5_COPY_RETURN {"copy_bytes":15728640,"dst_nb":[4,3145728,18874368,94371840],"dst_ne":[786432,1,5,1],"layout":"strided","phase":"measure","rows":5,"sample":28,"src_nb":[4,3145728,3145744,15728720],"src_ne":[786432,1,5,1],"wall_us":347.833,"width":786432}
M5_COPY_CALL {"copy_bytes":15728640,"dst_nb":[4,3145728,18874368,94371840],"dst_ne":[786432,1,5,1],"layout":"strided","phase":"measure","rows":5,"sample":29,"src_nb":[4,3145728,3145744,15728720],"src_ne":[786432,1,5,1],"width":786432}
M5_PROFILE {"context":"785cdd0480","graph":248,"cb":1,"original_nodes":3,"gpu_start_s":244741.860931250,"gpu_end_s":244741.861065500,"gpu_ms":0.134250,"valid":true,"completed":true,"op_counts":{"CPY":1,"VIEW":2}}
M5_COPY_RETURN {"copy_bytes":15728640,"dst_nb":[4,3145728,18874368,94371840],"dst_ne":[786432,1,5,1],"layout":"strided","phase":"measure","rows":5,"sample":29,"src_nb":[4,3145728,3145744,15728720],"src_ne":[786432,1,5,1],"wall_us":332.042,"width":786432}
M5_COPY_CALL {"copy_bytes":15728640,"dst_nb":[4,3145728,18874368,94371840],"dst_ne":[786432,1,5,1],"layout":"strided","phase":"measure","rows":5,"sample":30,"src_nb":[4,3145728,3145744,15728720],"src_ne":[786432,1,5,1],"width":786432}
M5_PROFILE {"context":"785cdd0480","graph":249,"cb":1,"original_nodes":3,"gpu_start_s":244741.861320875,"gpu_end_s":244741.861449500,"gpu_ms":0.128625,"valid":true,"completed":true,"op_counts":{"CPY":1,"VIEW":2}}
M5_COPY_RETURN {"copy_bytes":15728640,"dst_nb":[4,3145728,18874368,94371840],"dst_ne":[786432,1,5,1],"layout":"strided","phase":"measure","rows":5,"sample":30,"src_nb":[4,3145728,3145744,15728720],"src_ne":[786432,1,5,1],"wall_us":373.583,"width":786432}
M5_COPY_CALL {"copy_bytes":15728640,"dst_nb":[4,3145728,18874368,94371840],"dst_ne":[786432,1,5,1],"layout":"strided","phase":"measure","rows":5,"sample":31,"src_nb":[4,3145728,3145744,15728720],"src_ne":[786432,1,5,1],"width":786432}
M5_PROFILE {"context":"785cdd0480","graph":250,"cb":1,"original_nodes":3,"gpu_start_s":244741.861652000,"gpu_end_s":244741.861786250,"gpu_ms":0.134250,"valid":true,"completed":true,"op_counts":{"CPY":1,"VIEW":2}}
M5_COPY_RETURN {"copy_bytes":15728640,"dst_nb":[4,3145728,18874368,94371840],"dst_ne":[786432,1,5,1],"layout":"strided","phase":"measure","rows":5,"sample":31,"src_nb":[4,3145728,3145744,15728720],"src_ne":[786432,1,5,1],"wall_us":329.125,"width":786432}
M5_COPY_CALL {"copy_bytes":15728640,"dst_nb":[4,3145728,18874368,94371840],"dst_ne":[786432,1,5,1],"layout":"strided","phase":"measure","rows":5,"sample":32,"src_nb":[4,3145728,3145744,15728720],"src_ne":[786432,1,5,1],"width":786432}
M5_PROFILE {"context":"785cdd0480","graph":251,"cb":1,"original_nodes":3,"gpu_start_s":244741.862036875,"gpu_end_s":244741.862164250,"gpu_ms":0.127375,"valid":true,"completed":true,"op_counts":{"CPY":1,"VIEW":2}}
M5_COPY_RETURN {"copy_bytes":15728640,"dst_nb":[4,3145728,18874368,94371840],"dst_ne":[786432,1,5,1],"layout":"strided","phase":"measure","rows":5,"sample":32,"src_nb":[4,3145728,3145744,15728720],"src_ne":[786432,1,5,1],"wall_us":375.167,"width":786432}
M5_COPY_CALL {"copy_bytes":15728640,"dst_nb":[4,3145728,18874368,94371840],"dst_ne":[786432,1,5,1],"layout":"strided","phase":"measure","rows":5,"sample":33,"src_nb":[4,3145728,3145744,15728720],"src_ne":[786432,1,5,1],"width":786432}
M5_PROFILE {"context":"785cdd0480","graph":252,"cb":1,"original_nodes":3,"gpu_start_s":244741.862392917,"gpu_end_s":244741.862521167,"gpu_ms":0.128250,"valid":true,"completed":true,"op_counts":{"CPY":1,"VIEW":2}}
M5_COPY_RETURN {"copy_bytes":15728640,"dst_nb":[4,3145728,18874368,94371840],"dst_ne":[786432,1,5,1],"layout":"strided","phase":"measure","rows":5,"sample":33,"src_nb":[4,3145728,3145744,15728720],"src_ne":[786432,1,5,1],"wall_us":339.958,"width":786432}
M5_COPY_CALL {"copy_bytes":15728640,"dst_nb":[4,3145728,18874368,94371840],"dst_ne":[786432,1,5,1],"layout":"strided","phase":"measure","rows":5,"sample":34,"src_nb":[4,3145728,3145744,15728720],"src_ne":[786432,1,5,1],"width":786432}
M5_PROFILE {"context":"785cdd0480","graph":253,"cb":1,"original_nodes":3,"gpu_start_s":244741.862708750,"gpu_end_s":244741.862841792,"gpu_ms":0.133042,"valid":true,"completed":true,"op_counts":{"CPY":1,"VIEW":2}}
M5_COPY_RETURN {"copy_bytes":15728640,"dst_nb":[4,3145728,18874368,94371840],"dst_ne":[786432,1,5,1],"layout":"strided","phase":"measure","rows":5,"sample":34,"src_nb":[4,3145728,3145744,15728720],"src_ne":[786432,1,5,1],"wall_us":320.292,"width":786432}
M5_COPY_CALL {"copy_bytes":15728640,"dst_nb":[4,3145728,18874368,94371840],"dst_ne":[786432,1,5,1],"layout":"strided","phase":"measure","rows":5,"sample":35,"src_nb":[4,3145728,3145744,15728720],"src_ne":[786432,1,5,1],"width":786432}
M5_PROFILE {"context":"785cdd0480","graph":254,"cb":1,"original_nodes":3,"gpu_start_s":244741.863041250,"gpu_end_s":244741.863161417,"gpu_ms":0.120167,"valid":true,"completed":true,"op_counts":{"CPY":1,"VIEW":2}}
M5_COPY_RETURN {"copy_bytes":15728640,"dst_nb":[4,3145728,18874368,94371840],"dst_ne":[786432,1,5,1],"layout":"strided","phase":"measure","rows":5,"sample":35,"src_nb":[4,3145728,3145744,15728720],"src_ne":[786432,1,5,1],"wall_us":311.292,"width":786432}
M5_COPY_CALL {"copy_bytes":15728640,"dst_nb":[4,3145728,18874368,94371840],"dst_ne":[786432,1,5,1],"layout":"strided","phase":"measure","rows":5,"sample":36,"src_nb":[4,3145728,3145744,15728720],"src_ne":[786432,1,5,1],"width":786432}
M5_PROFILE {"context":"785cdd0480","graph":255,"cb":1,"original_nodes":3,"gpu_start_s":244741.863365000,"gpu_end_s":244741.863470167,"gpu_ms":0.105167,"valid":true,"completed":true,"op_counts":{"CPY":1,"VIEW":2}}
M5_COPY_RETURN {"copy_bytes":15728640,"dst_nb":[4,3145728,18874368,94371840],"dst_ne":[786432,1,5,1],"layout":"strided","phase":"measure","rows":5,"sample":36,"src_nb":[4,3145728,3145744,15728720],"src_ne":[786432,1,5,1],"wall_us":296.084,"width":786432}
M5_COPY_CALL {"copy_bytes":15728640,"dst_nb":[4,3145728,18874368,94371840],"dst_ne":[786432,1,5,1],"layout":"strided","phase":"measure","rows":5,"sample":37,"src_nb":[4,3145728,3145744,15728720],"src_ne":[786432,1,5,1],"width":786432}
M5_PROFILE {"context":"785cdd0480","graph":256,"cb":1,"original_nodes":3,"gpu_start_s":244741.863670792,"gpu_end_s":244741.863800125,"gpu_ms":0.129333,"valid":true,"completed":true,"op_counts":{"CPY":1,"VIEW":2}}
M5_COPY_RETURN {"copy_bytes":15728640,"dst_nb":[4,3145728,18874368,94371840],"dst_ne":[786432,1,5,1],"layout":"strided","phase":"measure","rows":5,"sample":37,"src_nb":[4,3145728,3145744,15728720],"src_ne":[786432,1,5,1],"wall_us":327.292,"width":786432}
M5_COPY_CALL {"copy_bytes":15728640,"dst_nb":[4,3145728,18874368,94371840],"dst_ne":[786432,1,5,1],"layout":"strided","phase":"measure","rows":5,"sample":38,"src_nb":[4,3145728,3145744,15728720],"src_ne":[786432,1,5,1],"width":786432}
M5_PROFILE {"context":"785cdd0480","graph":257,"cb":1,"original_nodes":3,"gpu_start_s":244741.864014750,"gpu_end_s":244741.864142750,"gpu_ms":0.128000,"valid":true,"completed":true,"op_counts":{"CPY":1,"VIEW":2}}
M5_COPY_RETURN {"copy_bytes":15728640,"dst_nb":[4,3145728,18874368,94371840],"dst_ne":[786432,1,5,1],"layout":"strided","phase":"measure","rows":5,"sample":38,"src_nb":[4,3145728,3145744,15728720],"src_ne":[786432,1,5,1],"wall_us":330.708,"width":786432}
M5_COPY_CALL {"copy_bytes":15728640,"dst_nb":[4,3145728,18874368,94371840],"dst_ne":[786432,1,5,1],"layout":"strided","phase":"measure","rows":5,"sample":39,"src_nb":[4,3145728,3145744,15728720],"src_ne":[786432,1,5,1],"width":786432}
M5_PROFILE {"context":"785cdd0480","graph":258,"cb":1,"original_nodes":3,"gpu_start_s":244741.864563042,"gpu_end_s":244741.864687792,"gpu_ms":0.124750,"valid":true,"completed":true,"op_counts":{"CPY":1,"VIEW":2}}
M5_COPY_RETURN {"copy_bytes":15728640,"dst_nb":[4,3145728,18874368,94371840],"dst_ne":[786432,1,5,1],"layout":"strided","phase":"measure","rows":5,"sample":39,"src_nb":[4,3145728,3145744,15728720],"src_ne":[786432,1,5,1],"wall_us":595.917,"width":786432}
M5_COPY_PASS {"copy_bytes":15728640,"dst_nb":[4,3145728,18874368,94371840],"dst_ne":[786432,1,5,1],"layout":"strided","rows":5,"src_nb":[4,3145728,3145744,15728720],"src_ne":[786432,1,5,1],"width":786432}
ggml_metal_free: deallocating
M5_COPY_DONE {"mode":"perf","passed":6}
