ggml_metal_device_init: testing tensor API for f16 support
ggml_metal_library_compile_pipeline: compiling pipeline: base = 'dummy_kernel', name = 'dummy_kernel'
ggml_metal_library_compile_pipeline: loaded dummy_kernel                                  0x1030b5540 | th_max = 1024 | th_width =   32
ggml_metal_device_init: testing tensor API for bfloat support
ggml_metal_library_compile_pipeline: compiling pipeline: base = 'dummy_kernel', name = 'dummy_kernel'
ggml_metal_library_compile_pipeline: loaded dummy_kernel                                  0x1030b5a40 | th_max = 1024 | th_width =   32
ggml_metal_library_init: using embedded metal library
ggml_metal_library_compile_all: compiled 'fa_aux' library in 0.000 sec
ggml_metal_library_compile_all: compiled 'fa_f16' library in 0.006 sec
ggml_metal_library_compile_all: compiled 'fa_f32' library in 0.002 sec
ggml_metal_library_compile_all: compiled 'fa_q4_0' library in 0.001 sec
ggml_metal_library_compile_all: compiled 'fa_q4_1' library in 0.001 sec
ggml_metal_library_compile_all: compiled 'fa_q5_0' library in 0.011 sec
ggml_metal_library_compile_all: compiled 'fa_q5_1' library in 0.001 sec
ggml_metal_library_compile_all: compiled 'fa_q8_0' library in 0.006 sec
ggml_metal_library_compile_all: compiled 'fa_vec_f16' library in 0.007 sec
ggml_metal_library_compile_all: compiled 'fa_vec_f32' library in 0.005 sec
ggml_metal_library_compile_all: compiled 'fa_vec_q4_0' library in 0.011 sec
ggml_metal_library_compile_all: compiled 'fa_vec_q4_1' library in 0.009 sec
ggml_metal_library_compile_all: compiled 'fa_vec_q5_0' library in 0.005 sec
ggml_metal_library_compile_all: compiled 'fa_vec_q5_1' library in 0.002 sec
ggml_metal_library_compile_all: compiled 'fa_vec_q8_0' library in 0.008 sec
ggml_metal_library_compile_all: compiled 'mul_mv' library in 0.004 sec
ggml_metal_library_compile_all: compiled 'mul_mv_mma' library in 0.010 sec
ggml_metal_library_compile_all: compiled 'mul_mm' library in 0.003 sec
ggml_metal_library_compile_all: compiled 'quantize' library in 0.003 sec
ggml_metal_library_compile_all: compiled 'softmax' library in 0.000 sec
ggml_metal_library_compile_all: compiled 'norm' library in 0.007 sec
ggml_metal_library_compile_all: compiled 'unary' library in 0.001 sec
ggml_metal_library_compile_all: compiled 'binbcast' library in 0.006 sec
ggml_metal_library_compile_all: compiled 'reduce' library in 0.001 sec
ggml_metal_library_compile_all: compiled 'tri' library in 0.001 sec
ggml_metal_library_compile_all: compiled 'ssm' library in 0.004 sec
ggml_metal_library_compile_all: compiled 'wkv' library in 0.004 sec
ggml_metal_library_compile_all: compiled 'gated_delta_net' library in 0.001 sec
ggml_metal_library_compile_all: compiled 'solve_tri' library in 0.001 sec
ggml_metal_library_compile_all: compiled 'rope' library in 0.005 sec
ggml_metal_library_compile_all: compiled 'conv' library in 0.004 sec
ggml_metal_library_compile_all: compiled 'upscale' library in 0.003 sec
ggml_metal_library_compile_all: compiled 'argsort' library in 0.005 sec
ggml_metal_library_compile_all: compiled 'pool' library in 0.003 sec
ggml_metal_library_compile_all: compiled 'misc' library in 0.005 sec
ggml_metal_library_compile_all: loaded 35 libraries from embedded data in 0.011 sec (max single = 0.011 sec)
ggml_metal_rsets_init: creating a residency set collection (keep_alive = 180 s)
ggml_metal_device_init: GPU name:   MTL0 (Apple M5 Pro)
ggml_metal_device_init: GPU family: MTLGPUFamilyApple10  (1010)
ggml_metal_device_init: GPU family: MTLGPUFamilyMetal4  (5002)
ggml_metal_device_init: simdgroup reduction   = true
ggml_metal_device_init: simdgroup matrix mul. = true
ggml_metal_device_init: has unified memory    = true
ggml_metal_device_init: has bfloat            = true
ggml_metal_device_init: has tensor            = true
ggml_metal_device_init: use residency sets    = true
ggml_metal_device_init: use shared buffers    = true
ggml_metal_device_init: recommendedMaxWorkingSetSize  = 40200.90 MB
ggml_metal_init: allocating
ggml_metal_init: found device: Apple M5 Pro
ggml_metal_init: picking default device: Apple M5 Pro
ggml_metal_init: use fusion         = true
ggml_metal_init: use concurrency    = true
ggml_metal_init: use graph optimize = true
M5_COPY_CALL {"copy_bytes":3145728,"dst_nb":[4,3145728,3145728,3145728],"dst_ne":[786432,1,1,1],"layout":"contiguous","phase":"warmup","rows":1,"sample":-3,"src_nb":[4,3145728,3145728,3145728],"src_ne":[786432,1,1,1],"width":786432}
ggml_metal_library_compile_pipeline: compiling pipeline: base = 'kernel_cpy_f32_f32', name = 'kernel_cpy_f32_f32'
ggml_metal_library_compile_pipeline: loaded kernel_cpy_f32_f32                            0x1030c35e0 | th_max = 1024 | th_width =   32
ggml_metal_library_compile_pipeline: compiling pipeline: base = 'kernel_cpy_rows_f32_1', name = 'kernel_cpy_rows_f32_1'
ggml_metal_library_compile_pipeline: loaded kernel_cpy_rows_f32_1                         0x1030c3960 | th_max = 1024 | th_width =   32
M5_PROFILE {"context":"74e2de0000","graph":1,"cb":1,"original_nodes":3,"gpu_start_s":244743.395787542,"gpu_end_s":244743.395878375,"gpu_ms":0.090833,"valid":true,"completed":true,"op_counts":{"CPY":1,"VIEW":2}}
M5_COPY_RETURN {"copy_bytes":3145728,"dst_nb":[4,3145728,3145728,3145728],"dst_ne":[786432,1,1,1],"layout":"contiguous","phase":"warmup","rows":1,"sample":-3,"src_nb":[4,3145728,3145728,3145728],"src_ne":[786432,1,1,1],"wall_us":1045.208,"width":786432}
M5_COPY_CALL {"copy_bytes":3145728,"dst_nb":[4,3145728,3145728,3145728],"dst_ne":[786432,1,1,1],"layout":"contiguous","phase":"warmup","rows":1,"sample":-2,"src_nb":[4,3145728,3145728,3145728],"src_ne":[786432,1,1,1],"width":786432}
M5_PROFILE {"context":"74e2de0000","graph":2,"cb":1,"original_nodes":3,"gpu_start_s":244743.396306292,"gpu_end_s":244743.396394875,"gpu_ms":0.088583,"valid":true,"completed":true,"op_counts":{"CPY":1,"VIEW":2}}
M5_COPY_RETURN {"copy_bytes":3145728,"dst_nb":[4,3145728,3145728,3145728],"dst_ne":[786432,1,1,1],"layout":"contiguous","phase":"warmup","rows":1,"sample":-2,"src_nb":[4,3145728,3145728,3145728],"src_ne":[786432,1,1,1],"wall_us":306.459,"width":786432}
M5_COPY_CALL {"copy_bytes":3145728,"dst_nb":[4,3145728,3145728,3145728],"dst_ne":[786432,1,1,1],"layout":"contiguous","phase":"warmup","rows":1,"sample":-1,"src_nb":[4,3145728,3145728,3145728],"src_ne":[786432,1,1,1],"width":786432}
M5_PROFILE {"context":"74e2de0000","graph":3,"cb":1,"original_nodes":3,"gpu_start_s":244743.396590125,"gpu_end_s":244743.396677750,"gpu_ms":0.087625,"valid":true,"completed":true,"op_counts":{"CPY":1,"VIEW":2}}
M5_COPY_RETURN {"copy_bytes":3145728,"dst_nb":[4,3145728,3145728,3145728],"dst_ne":[786432,1,1,1],"layout":"contiguous","phase":"warmup","rows":1,"sample":-1,"src_nb":[4,3145728,3145728,3145728],"src_ne":[786432,1,1,1],"wall_us":268.542,"width":786432}
M5_COPY_CALL {"copy_bytes":3145728,"dst_nb":[4,3145728,3145728,3145728],"dst_ne":[786432,1,1,1],"layout":"contiguous","phase":"measure","rows":1,"sample":0,"src_nb":[4,3145728,3145728,3145728],"src_ne":[786432,1,1,1],"width":786432}
M5_PROFILE {"context":"74e2de0000","graph":4,"cb":1,"original_nodes":3,"gpu_start_s":244743.396897750,"gpu_end_s":244743.396985375,"gpu_ms":0.087625,"valid":true,"completed":true,"op_counts":{"CPY":1,"VIEW":2}}
M5_COPY_RETURN {"copy_bytes":3145728,"dst_nb":[4,3145728,3145728,3145728],"dst_ne":[786432,1,1,1],"layout":"contiguous","phase":"measure","rows":1,"sample":0,"src_nb":[4,3145728,3145728,3145728],"src_ne":[786432,1,1,1],"wall_us":313.25,"width":786432}
M5_COPY_CALL {"copy_bytes":3145728,"dst_nb":[4,3145728,3145728,3145728],"dst_ne":[786432,1,1,1],"layout":"contiguous","phase":"measure","rows":1,"sample":1,"src_nb":[4,3145728,3145728,3145728],"src_ne":[786432,1,1,1],"width":786432}
M5_PROFILE {"context":"74e2de0000","graph":5,"cb":1,"original_nodes":3,"gpu_start_s":244743.397211125,"gpu_end_s":244743.397298667,"gpu_ms":0.087542,"valid":true,"completed":true,"op_counts":{"CPY":1,"VIEW":2}}
M5_COPY_RETURN {"copy_bytes":3145728,"dst_nb":[4,3145728,3145728,3145728],"dst_ne":[786432,1,1,1],"layout":"contiguous","phase":"measure","rows":1,"sample":1,"src_nb":[4,3145728,3145728,3145728],"src_ne":[786432,1,1,1],"wall_us":288.625,"width":786432}
M5_COPY_CALL {"copy_bytes":3145728,"dst_nb":[4,3145728,3145728,3145728],"dst_ne":[786432,1,1,1],"layout":"contiguous","phase":"measure","rows":1,"sample":2,"src_nb":[4,3145728,3145728,3145728],"src_ne":[786432,1,1,1],"width":786432}
M5_PROFILE {"context":"74e2de0000","graph":6,"cb":1,"original_nodes":3,"gpu_start_s":244743.397532167,"gpu_end_s":244743.397620167,"gpu_ms":0.088000,"valid":true,"completed":true,"op_counts":{"CPY":1,"VIEW":2}}
M5_COPY_RETURN {"copy_bytes":3145728,"dst_nb":[4,3145728,3145728,3145728],"dst_ne":[786432,1,1,1],"layout":"contiguous","phase":"measure","rows":1,"sample":2,"src_nb":[4,3145728,3145728,3145728],"src_ne":[786432,1,1,1],"wall_us":306.125,"width":786432}
M5_COPY_CALL {"copy_bytes":3145728,"dst_nb":[4,3145728,3145728,3145728],"dst_ne":[786432,1,1,1],"layout":"contiguous","phase":"measure","rows":1,"sample":3,"src_nb":[4,3145728,3145728,3145728],"src_ne":[786432,1,1,1],"width":786432}
M5_PROFILE {"context":"74e2de0000","graph":7,"cb":1,"original_nodes":3,"gpu_start_s":244743.397837292,"gpu_end_s":244743.397925250,"gpu_ms":0.087958,"valid":true,"completed":true,"op_counts":{"CPY":1,"VIEW":2}}
M5_COPY_RETURN {"copy_bytes":3145728,"dst_nb":[4,3145728,3145728,3145728],"dst_ne":[786432,1,1,1],"layout":"contiguous","phase":"measure","rows":1,"sample":3,"src_nb":[4,3145728,3145728,3145728],"src_ne":[786432,1,1,1],"wall_us":289.166,"width":786432}
M5_COPY_CALL {"copy_bytes":3145728,"dst_nb":[4,3145728,3145728,3145728],"dst_ne":[786432,1,1,1],"layout":"contiguous","phase":"measure","rows":1,"sample":4,"src_nb":[4,3145728,3145728,3145728],"src_ne":[786432,1,1,1],"width":786432}
M5_PROFILE {"context":"74e2de0000","graph":8,"cb":1,"original_nodes":3,"gpu_start_s":244743.398135750,"gpu_end_s":244743.398223750,"gpu_ms":0.088000,"valid":true,"completed":true,"op_counts":{"CPY":1,"VIEW":2}}
M5_COPY_RETURN {"copy_bytes":3145728,"dst_nb":[4,3145728,3145728,3145728],"dst_ne":[786432,1,1,1],"layout":"contiguous","phase":"measure","rows":1,"sample":4,"src_nb":[4,3145728,3145728,3145728],"src_ne":[786432,1,1,1],"wall_us":284.458,"width":786432}
M5_COPY_CALL {"copy_bytes":3145728,"dst_nb":[4,3145728,3145728,3145728],"dst_ne":[786432,1,1,1],"layout":"contiguous","phase":"measure","rows":1,"sample":5,"src_nb":[4,3145728,3145728,3145728],"src_ne":[786432,1,1,1],"width":786432}
M5_PROFILE {"context":"74e2de0000","graph":9,"cb":1,"original_nodes":3,"gpu_start_s":244743.398437125,"gpu_end_s":244743.398524625,"gpu_ms":0.087500,"valid":true,"completed":true,"op_counts":{"CPY":1,"VIEW":2}}
M5_COPY_RETURN {"copy_bytes":3145728,"dst_nb":[4,3145728,3145728,3145728],"dst_ne":[786432,1,1,1],"layout":"contiguous","phase":"measure","rows":1,"sample":5,"src_nb":[4,3145728,3145728,3145728],"src_ne":[786432,1,1,1],"wall_us":297.25,"width":786432}
M5_COPY_CALL {"copy_bytes":3145728,"dst_nb":[4,3145728,3145728,3145728],"dst_ne":[786432,1,1,1],"layout":"contiguous","phase":"measure","rows":1,"sample":6,"src_nb":[4,3145728,3145728,3145728],"src_ne":[786432,1,1,1],"width":786432}
M5_PROFILE {"context":"74e2de0000","graph":10,"cb":1,"original_nodes":3,"gpu_start_s":244743.398798875,"gpu_end_s":244743.398886625,"gpu_ms":0.087750,"valid":true,"completed":true,"op_counts":{"CPY":1,"VIEW":2}}
M5_COPY_RETURN {"copy_bytes":3145728,"dst_nb":[4,3145728,3145728,3145728],"dst_ne":[786432,1,1,1],"layout":"contiguous","phase":"measure","rows":1,"sample":6,"src_nb":[4,3145728,3145728,3145728],"src_ne":[786432,1,1,1],"wall_us":342.208,"width":786432}
M5_COPY_CALL {"copy_bytes":3145728,"dst_nb":[4,3145728,3145728,3145728],"dst_ne":[786432,1,1,1],"layout":"contiguous","phase":"measure","rows":1,"sample":7,"src_nb":[4,3145728,3145728,3145728],"src_ne":[786432,1,1,1],"width":786432}
M5_PROFILE {"context":"74e2de0000","graph":11,"cb":1,"original_nodes":3,"gpu_start_s":244743.399078042,"gpu_end_s":244743.399165750,"gpu_ms":0.087708,"valid":true,"completed":true,"op_counts":{"CPY":1,"VIEW":2}}
M5_COPY_RETURN {"copy_bytes":3145728,"dst_nb":[4,3145728,3145728,3145728],"dst_ne":[786432,1,1,1],"layout":"contiguous","phase":"measure","rows":1,"sample":7,"src_nb":[4,3145728,3145728,3145728],"src_ne":[786432,1,1,1],"wall_us":265.0,"width":786432}
M5_COPY_CALL {"copy_bytes":3145728,"dst_nb":[4,3145728,3145728,3145728],"dst_ne":[786432,1,1,1],"layout":"contiguous","phase":"measure","rows":1,"sample":8,"src_nb":[4,3145728,3145728,3145728],"src_ne":[786432,1,1,1],"width":786432}
M5_PROFILE {"context":"74e2de0000","graph":12,"cb":1,"original_nodes":3,"gpu_start_s":244743.399344125,"gpu_end_s":244743.399432125,"gpu_ms":0.088000,"valid":true,"completed":true,"op_counts":{"CPY":1,"VIEW":2}}
M5_COPY_RETURN {"copy_bytes":3145728,"dst_nb":[4,3145728,3145728,3145728],"dst_ne":[786432,1,1,1],"layout":"contiguous","phase":"measure","rows":1,"sample":8,"src_nb":[4,3145728,3145728,3145728],"src_ne":[786432,1,1,1],"wall_us":268.958,"width":786432}
M5_COPY_CALL {"copy_bytes":3145728,"dst_nb":[4,3145728,3145728,3145728],"dst_ne":[786432,1,1,1],"layout":"contiguous","phase":"measure","rows":1,"sample":9,"src_nb":[4,3145728,3145728,3145728],"src_ne":[786432,1,1,1],"width":786432}
M5_PROFILE {"context":"74e2de0000","graph":13,"cb":1,"original_nodes":3,"gpu_start_s":244743.399642542,"gpu_end_s":244743.399730250,"gpu_ms":0.087708,"valid":true,"completed":true,"op_counts":{"CPY":1,"VIEW":2}}
M5_COPY_RETURN {"copy_bytes":3145728,"dst_nb":[4,3145728,3145728,3145728],"dst_ne":[786432,1,1,1],"layout":"contiguous","phase":"measure","rows":1,"sample":9,"src_nb":[4,3145728,3145728,3145728],"src_ne":[786432,1,1,1],"wall_us":296.959,"width":786432}
M5_COPY_CALL {"copy_bytes":3145728,"dst_nb":[4,3145728,3145728,3145728],"dst_ne":[786432,1,1,1],"layout":"contiguous","phase":"measure","rows":1,"sample":10,"src_nb":[4,3145728,3145728,3145728],"src_ne":[786432,1,1,1],"width":786432}
M5_PROFILE {"context":"74e2de0000","graph":14,"cb":1,"original_nodes":3,"gpu_start_s":244743.399938042,"gpu_end_s":244743.400025875,"gpu_ms":0.087833,"valid":true,"completed":true,"op_counts":{"CPY":1,"VIEW":2}}
M5_COPY_RETURN {"copy_bytes":3145728,"dst_nb":[4,3145728,3145728,3145728],"dst_ne":[786432,1,1,1],"layout":"contiguous","phase":"measure","rows":1,"sample":10,"src_nb":[4,3145728,3145728,3145728],"src_ne":[786432,1,1,1],"wall_us":283.792,"width":786432}
M5_COPY_CALL {"copy_bytes":3145728,"dst_nb":[4,3145728,3145728,3145728],"dst_ne":[786432,1,1,1],"layout":"contiguous","phase":"measure","rows":1,"sample":11,"src_nb":[4,3145728,3145728,3145728],"src_ne":[786432,1,1,1],"width":786432}
M5_PROFILE {"context":"74e2de0000","graph":15,"cb":1,"original_nodes":3,"gpu_start_s":244743.400231500,"gpu_end_s":244743.400319375,"gpu_ms":0.087875,"valid":true,"completed":true,"op_counts":{"CPY":1,"VIEW":2}}
M5_COPY_RETURN {"copy_bytes":3145728,"dst_nb":[4,3145728,3145728,3145728],"dst_ne":[786432,1,1,1],"layout":"contiguous","phase":"measure","rows":1,"sample":11,"src_nb":[4,3145728,3145728,3145728],"src_ne":[786432,1,1,1],"wall_us":286.334,"width":786432}
M5_COPY_CALL {"copy_bytes":3145728,"dst_nb":[4,3145728,3145728,3145728],"dst_ne":[786432,1,1,1],"layout":"contiguous","phase":"measure","rows":1,"sample":12,"src_nb":[4,3145728,3145728,3145728],"src_ne":[786432,1,1,1],"width":786432}
M5_PROFILE {"context":"74e2de0000","graph":16,"cb":1,"original_nodes":3,"gpu_start_s":244743.400550250,"gpu_end_s":244743.400638125,"gpu_ms":0.087875,"valid":true,"completed":true,"op_counts":{"CPY":1,"VIEW":2}}
M5_COPY_RETURN {"copy_bytes":3145728,"dst_nb":[4,3145728,3145728,3145728],"dst_ne":[786432,1,1,1],"layout":"contiguous","phase":"measure","rows":1,"sample":12,"src_nb":[4,3145728,3145728,3145728],"src_ne":[786432,1,1,1],"wall_us":306.5,"width":786432}
M5_COPY_CALL {"copy_bytes":3145728,"dst_nb":[4,3145728,3145728,3145728],"dst_ne":[786432,1,1,1],"layout":"contiguous","phase":"measure","rows":1,"sample":13,"src_nb":[4,3145728,3145728,3145728],"src_ne":[786432,1,1,1],"width":786432}
M5_PROFILE {"context":"74e2de0000","graph":17,"cb":1,"original_nodes":3,"gpu_start_s":244743.400853542,"gpu_end_s":244743.400941375,"gpu_ms":0.087833,"valid":true,"completed":true,"op_counts":{"CPY":1,"VIEW":2}}
M5_COPY_RETURN {"copy_bytes":3145728,"dst_nb":[4,3145728,3145728,3145728],"dst_ne":[786432,1,1,1],"layout":"contiguous","phase":"measure","rows":1,"sample":13,"src_nb":[4,3145728,3145728,3145728],"src_ne":[786432,1,1,1],"wall_us":289.5,"width":786432}
M5_COPY_CALL {"copy_bytes":3145728,"dst_nb":[4,3145728,3145728,3145728],"dst_ne":[786432,1,1,1],"layout":"contiguous","phase":"measure","rows":1,"sample":14,"src_nb":[4,3145728,3145728,3145728],"src_ne":[786432,1,1,1],"width":786432}
M5_PROFILE {"context":"74e2de0000","graph":18,"cb":1,"original_nodes":3,"gpu_start_s":244743.401138625,"gpu_end_s":244743.401226375,"gpu_ms":0.087750,"valid":true,"completed":true,"op_counts":{"CPY":1,"VIEW":2}}
M5_COPY_RETURN {"copy_bytes":3145728,"dst_nb":[4,3145728,3145728,3145728],"dst_ne":[786432,1,1,1],"layout":"contiguous","phase":"measure","rows":1,"sample":14,"src_nb":[4,3145728,3145728,3145728],"src_ne":[786432,1,1,1],"wall_us":275.791,"width":786432}
M5_COPY_CALL {"copy_bytes":3145728,"dst_nb":[4,3145728,3145728,3145728],"dst_ne":[786432,1,1,1],"layout":"contiguous","phase":"measure","rows":1,"sample":15,"src_nb":[4,3145728,3145728,3145728],"src_ne":[786432,1,1,1],"width":786432}
M5_PROFILE {"context":"74e2de0000","graph":19,"cb":1,"original_nodes":3,"gpu_start_s":244743.401417667,"gpu_end_s":244743.401505375,"gpu_ms":0.087708,"valid":true,"completed":true,"op_counts":{"CPY":1,"VIEW":2}}
M5_COPY_RETURN {"copy_bytes":3145728,"dst_nb":[4,3145728,3145728,3145728],"dst_ne":[786432,1,1,1],"layout":"contiguous","phase":"measure","rows":1,"sample":15,"src_nb":[4,3145728,3145728,3145728],"src_ne":[786432,1,1,1],"wall_us":280.792,"width":786432}
M5_COPY_CALL {"copy_bytes":3145728,"dst_nb":[4,3145728,3145728,3145728],"dst_ne":[786432,1,1,1],"layout":"contiguous","phase":"measure","rows":1,"sample":16,"src_nb":[4,3145728,3145728,3145728],"src_ne":[786432,1,1,1],"width":786432}
M5_PROFILE {"context":"74e2de0000","graph":20,"cb":1,"original_nodes":3,"gpu_start_s":244743.401697917,"gpu_end_s":244743.401785625,"gpu_ms":0.087708,"valid":true,"completed":true,"op_counts":{"CPY":1,"VIEW":2}}
M5_COPY_RETURN {"copy_bytes":3145728,"dst_nb":[4,3145728,3145728,3145728],"dst_ne":[786432,1,1,1],"layout":"contiguous","phase":"measure","rows":1,"sample":16,"src_nb":[4,3145728,3145728,3145728],"src_ne":[786432,1,1,1],"wall_us":278.0,"width":786432}
M5_COPY_CALL {"copy_bytes":3145728,"dst_nb":[4,3145728,3145728,3145728],"dst_ne":[786432,1,1,1],"layout":"contiguous","phase":"measure","rows":1,"sample":17,"src_nb":[4,3145728,3145728,3145728],"src_ne":[786432,1,1,1],"width":786432}
M5_PROFILE {"context":"74e2de0000","graph":21,"cb":1,"original_nodes":3,"gpu_start_s":244743.401990750,"gpu_end_s":244743.402078375,"gpu_ms":0.087625,"valid":true,"completed":true,"op_counts":{"CPY":1,"VIEW":2}}
M5_COPY_RETURN {"copy_bytes":3145728,"dst_nb":[4,3145728,3145728,3145728],"dst_ne":[786432,1,1,1],"layout":"contiguous","phase":"measure","rows":1,"sample":17,"src_nb":[4,3145728,3145728,3145728],"src_ne":[786432,1,1,1],"wall_us":283.542,"width":786432}
M5_COPY_CALL {"copy_bytes":3145728,"dst_nb":[4,3145728,3145728,3145728],"dst_ne":[786432,1,1,1],"layout":"contiguous","phase":"measure","rows":1,"sample":18,"src_nb":[4,3145728,3145728,3145728],"src_ne":[786432,1,1,1],"width":786432}
M5_PROFILE {"context":"74e2de0000","graph":22,"cb":1,"original_nodes":3,"gpu_start_s":244743.402284125,"gpu_end_s":244743.402371750,"gpu_ms":0.087625,"valid":true,"completed":true,"op_counts":{"CPY":1,"VIEW":2}}
M5_COPY_RETURN {"copy_bytes":3145728,"dst_nb":[4,3145728,3145728,3145728],"dst_ne":[786432,1,1,1],"layout":"contiguous","phase":"measure","rows":1,"sample":18,"src_nb":[4,3145728,3145728,3145728],"src_ne":[786432,1,1,1],"wall_us":289.375,"width":786432}
M5_COPY_CALL {"copy_bytes":3145728,"dst_nb":[4,3145728,3145728,3145728],"dst_ne":[786432,1,1,1],"layout":"contiguous","phase":"measure","rows":1,"sample":19,"src_nb":[4,3145728,3145728,3145728],"src_ne":[786432,1,1,1],"width":786432}
M5_PROFILE {"context":"74e2de0000","graph":23,"cb":1,"original_nodes":3,"gpu_start_s":244743.402575167,"gpu_end_s":244743.402662750,"gpu_ms":0.087583,"valid":true,"completed":true,"op_counts":{"CPY":1,"VIEW":2}}
M5_COPY_RETURN {"copy_bytes":3145728,"dst_nb":[4,3145728,3145728,3145728],"dst_ne":[786432,1,1,1],"layout":"contiguous","phase":"measure","rows":1,"sample":19,"src_nb":[4,3145728,3145728,3145728],"src_ne":[786432,1,1,1],"wall_us":289.75,"width":786432}
M5_COPY_CALL {"copy_bytes":3145728,"dst_nb":[4,3145728,3145728,3145728],"dst_ne":[786432,1,1,1],"layout":"contiguous","phase":"measure","rows":1,"sample":20,"src_nb":[4,3145728,3145728,3145728],"src_ne":[786432,1,1,1],"width":786432}
M5_PROFILE {"context":"74e2de0000","graph":24,"cb":1,"original_nodes":3,"gpu_start_s":244743.402958625,"gpu_end_s":244743.403046125,"gpu_ms":0.087500,"valid":true,"completed":true,"op_counts":{"CPY":1,"VIEW":2}}
M5_COPY_RETURN {"copy_bytes":3145728,"dst_nb":[4,3145728,3145728,3145728],"dst_ne":[786432,1,1,1],"layout":"contiguous","phase":"measure","rows":1,"sample":20,"src_nb":[4,3145728,3145728,3145728],"src_ne":[786432,1,1,1],"wall_us":350.417,"width":786432}
M5_COPY_CALL {"copy_bytes":3145728,"dst_nb":[4,3145728,3145728,3145728],"dst_ne":[786432,1,1,1],"layout":"contiguous","phase":"measure","rows":1,"sample":21,"src_nb":[4,3145728,3145728,3145728],"src_ne":[786432,1,1,1],"width":786432}
M5_PROFILE {"context":"74e2de0000","graph":25,"cb":1,"original_nodes":3,"gpu_start_s":244743.403227125,"gpu_end_s":244743.403314917,"gpu_ms":0.087792,"valid":true,"completed":true,"op_counts":{"CPY":1,"VIEW":2}}
M5_COPY_RETURN {"copy_bytes":3145728,"dst_nb":[4,3145728,3145728,3145728],"dst_ne":[786432,1,1,1],"layout":"contiguous","phase":"measure","rows":1,"sample":21,"src_nb":[4,3145728,3145728,3145728],"src_ne":[786432,1,1,1],"wall_us":259.958,"width":786432}
M5_COPY_CALL {"copy_bytes":3145728,"dst_nb":[4,3145728,3145728,3145728],"dst_ne":[786432,1,1,1],"layout":"contiguous","phase":"measure","rows":1,"sample":22,"src_nb":[4,3145728,3145728,3145728],"src_ne":[786432,1,1,1],"width":786432}
M5_PROFILE {"context":"74e2de0000","graph":26,"cb":1,"original_nodes":3,"gpu_start_s":244743.403500500,"gpu_end_s":244743.403588375,"gpu_ms":0.087875,"valid":true,"completed":true,"op_counts":{"CPY":1,"VIEW":2}}
M5_COPY_RETURN {"copy_bytes":3145728,"dst_nb":[4,3145728,3145728,3145728],"dst_ne":[786432,1,1,1],"layout":"contiguous","phase":"measure","rows":1,"sample":22,"src_nb":[4,3145728,3145728,3145728],"src_ne":[786432,1,1,1],"wall_us":282.417,"width":786432}
M5_COPY_CALL {"copy_bytes":3145728,"dst_nb":[4,3145728,3145728,3145728],"dst_ne":[786432,1,1,1],"layout":"contiguous","phase":"measure","rows":1,"sample":23,"src_nb":[4,3145728,3145728,3145728],"src_ne":[786432,1,1,1],"width":786432}
M5_PROFILE {"context":"74e2de0000","graph":27,"cb":1,"original_nodes":3,"gpu_start_s":244743.403782750,"gpu_end_s":244743.403870417,"gpu_ms":0.087667,"valid":true,"completed":true,"op_counts":{"CPY":1,"VIEW":2}}
M5_COPY_RETURN {"copy_bytes":3145728,"dst_nb":[4,3145728,3145728,3145728],"dst_ne":[786432,1,1,1],"layout":"contiguous","phase":"measure","rows":1,"sample":23,"src_nb":[4,3145728,3145728,3145728],"src_ne":[786432,1,1,1],"wall_us":278.875,"width":786432}
M5_COPY_CALL {"copy_bytes":3145728,"dst_nb":[4,3145728,3145728,3145728],"dst_ne":[786432,1,1,1],"layout":"contiguous","phase":"measure","rows":1,"sample":24,"src_nb":[4,3145728,3145728,3145728],"src_ne":[786432,1,1,1],"width":786432}
M5_PROFILE {"context":"74e2de0000","graph":28,"cb":1,"original_nodes":3,"gpu_start_s":244743.404086500,"gpu_end_s":244743.404174292,"gpu_ms":0.087792,"valid":true,"completed":true,"op_counts":{"CPY":1,"VIEW":2}}
M5_COPY_RETURN {"copy_bytes":3145728,"dst_nb":[4,3145728,3145728,3145728],"dst_ne":[786432,1,1,1],"layout":"contiguous","phase":"measure","rows":1,"sample":24,"src_nb":[4,3145728,3145728,3145728],"src_ne":[786432,1,1,1],"wall_us":295.666,"width":786432}
M5_COPY_CALL {"copy_bytes":3145728,"dst_nb":[4,3145728,3145728,3145728],"dst_ne":[786432,1,1,1],"layout":"contiguous","phase":"measure","rows":1,"sample":25,"src_nb":[4,3145728,3145728,3145728],"src_ne":[786432,1,1,1],"width":786432}
M5_PROFILE {"context":"74e2de0000","graph":29,"cb":1,"original_nodes":3,"gpu_start_s":244743.404379542,"gpu_end_s":244743.404467125,"gpu_ms":0.087583,"valid":true,"completed":true,"op_counts":{"CPY":1,"VIEW":2}}
M5_COPY_RETURN {"copy_bytes":3145728,"dst_nb":[4,3145728,3145728,3145728],"dst_ne":[786432,1,1,1],"layout":"contiguous","phase":"measure","rows":1,"sample":25,"src_nb":[4,3145728,3145728,3145728],"src_ne":[786432,1,1,1],"wall_us":289.209,"width":786432}
M5_COPY_CALL {"copy_bytes":3145728,"dst_nb":[4,3145728,3145728,3145728],"dst_ne":[786432,1,1,1],"layout":"contiguous","phase":"measure","rows":1,"sample":26,"src_nb":[4,3145728,3145728,3145728],"src_ne":[786432,1,1,1],"width":786432}
M5_PROFILE {"context":"74e2de0000","graph":30,"cb":1,"original_nodes":3,"gpu_start_s":244743.404740417,"gpu_end_s":244743.404828125,"gpu_ms":0.087708,"valid":true,"completed":true,"op_counts":{"CPY":1,"VIEW":2}}
M5_COPY_RETURN {"copy_bytes":3145728,"dst_nb":[4,3145728,3145728,3145728],"dst_ne":[786432,1,1,1],"layout":"contiguous","phase":"measure","rows":1,"sample":26,"src_nb":[4,3145728,3145728,3145728],"src_ne":[786432,1,1,1],"wall_us":344.458,"width":786432}
M5_COPY_CALL {"copy_bytes":3145728,"dst_nb":[4,3145728,3145728,3145728],"dst_ne":[786432,1,1,1],"layout":"contiguous","phase":"measure","rows":1,"sample":27,"src_nb":[4,3145728,3145728,3145728],"src_ne":[786432,1,1,1],"width":786432}
M5_PROFILE {"context":"74e2de0000","graph":31,"cb":1,"original_nodes":3,"gpu_start_s":244743.405044667,"gpu_end_s":244743.405132542,"gpu_ms":0.087875,"valid":true,"completed":true,"op_counts":{"CPY":1,"VIEW":2}}
M5_COPY_RETURN {"copy_bytes":3145728,"dst_nb":[4,3145728,3145728,3145728],"dst_ne":[786432,1,1,1],"layout":"contiguous","phase":"measure","rows":1,"sample":27,"src_nb":[4,3145728,3145728,3145728],"src_ne":[786432,1,1,1],"wall_us":301.917,"width":786432}
M5_COPY_CALL {"copy_bytes":3145728,"dst_nb":[4,3145728,3145728,3145728],"dst_ne":[786432,1,1,1],"layout":"contiguous","phase":"measure","rows":1,"sample":28,"src_nb":[4,3145728,3145728,3145728],"src_ne":[786432,1,1,1],"width":786432}
M5_PROFILE {"context":"74e2de0000","graph":32,"cb":1,"original_nodes":3,"gpu_start_s":244743.405330167,"gpu_end_s":244743.405417917,"gpu_ms":0.087750,"valid":true,"completed":true,"op_counts":{"CPY":1,"VIEW":2}}
M5_COPY_RETURN {"copy_bytes":3145728,"dst_nb":[4,3145728,3145728,3145728],"dst_ne":[786432,1,1,1],"layout":"contiguous","phase":"measure","rows":1,"sample":28,"src_nb":[4,3145728,3145728,3145728],"src_ne":[786432,1,1,1],"wall_us":279.25,"width":786432}
M5_COPY_CALL {"copy_bytes":3145728,"dst_nb":[4,3145728,3145728,3145728],"dst_ne":[786432,1,1,1],"layout":"contiguous","phase":"measure","rows":1,"sample":29,"src_nb":[4,3145728,3145728,3145728],"src_ne":[786432,1,1,1],"width":786432}
M5_PROFILE {"context":"74e2de0000","graph":33,"cb":1,"original_nodes":3,"gpu_start_s":244743.405626375,"gpu_end_s":244743.405714375,"gpu_ms":0.088000,"valid":true,"completed":true,"op_counts":{"CPY":1,"VIEW":2}}
M5_COPY_RETURN {"copy_bytes":3145728,"dst_nb":[4,3145728,3145728,3145728],"dst_ne":[786432,1,1,1],"layout":"contiguous","phase":"measure","rows":1,"sample":29,"src_nb":[4,3145728,3145728,3145728],"src_ne":[786432,1,1,1],"wall_us":293.125,"width":786432}
M5_COPY_CALL {"copy_bytes":3145728,"dst_nb":[4,3145728,3145728,3145728],"dst_ne":[786432,1,1,1],"layout":"contiguous","phase":"measure","rows":1,"sample":30,"src_nb":[4,3145728,3145728,3145728],"src_ne":[786432,1,1,1],"width":786432}
M5_PROFILE {"context":"74e2de0000","graph":34,"cb":1,"original_nodes":3,"gpu_start_s":244743.405915375,"gpu_end_s":244743.406003250,"gpu_ms":0.087875,"valid":true,"completed":true,"op_counts":{"CPY":1,"VIEW":2}}
M5_COPY_RETURN {"copy_bytes":3145728,"dst_nb":[4,3145728,3145728,3145728],"dst_ne":[786432,1,1,1],"layout":"contiguous","phase":"measure","rows":1,"sample":30,"src_nb":[4,3145728,3145728,3145728],"src_ne":[786432,1,1,1],"wall_us":266.417,"width":786432}
M5_COPY_CALL {"copy_bytes":3145728,"dst_nb":[4,3145728,3145728,3145728],"dst_ne":[786432,1,1,1],"layout":"contiguous","phase":"measure","rows":1,"sample":31,"src_nb":[4,3145728,3145728,3145728],"src_ne":[786432,1,1,1],"width":786432}
M5_PROFILE {"context":"74e2de0000","graph":35,"cb":1,"original_nodes":3,"gpu_start_s":244743.406190125,"gpu_end_s":244743.406277625,"gpu_ms":0.087500,"valid":true,"completed":true,"op_counts":{"CPY":1,"VIEW":2}}
M5_COPY_RETURN {"copy_bytes":3145728,"dst_nb":[4,3145728,3145728,3145728],"dst_ne":[786432,1,1,1],"layout":"contiguous","phase":"measure","rows":1,"sample":31,"src_nb":[4,3145728,3145728,3145728],"src_ne":[786432,1,1,1],"wall_us":288.875,"width":786432}
M5_COPY_CALL {"copy_bytes":3145728,"dst_nb":[4,3145728,3145728,3145728],"dst_ne":[786432,1,1,1],"layout":"contiguous","phase":"measure","rows":1,"sample":32,"src_nb":[4,3145728,3145728,3145728],"src_ne":[786432,1,1,1],"width":786432}
M5_PROFILE {"context":"74e2de0000","graph":36,"cb":1,"original_nodes":3,"gpu_start_s":244743.406503667,"gpu_end_s":244743.406591542,"gpu_ms":0.087875,"valid":true,"completed":true,"op_counts":{"CPY":1,"VIEW":2}}
M5_COPY_RETURN {"copy_bytes":3145728,"dst_nb":[4,3145728,3145728,3145728],"dst_ne":[786432,1,1,1],"layout":"contiguous","phase":"measure","rows":1,"sample":32,"src_nb":[4,3145728,3145728,3145728],"src_ne":[786432,1,1,1],"wall_us":297.75,"width":786432}
M5_COPY_CALL {"copy_bytes":3145728,"dst_nb":[4,3145728,3145728,3145728],"dst_ne":[786432,1,1,1],"layout":"contiguous","phase":"measure","rows":1,"sample":33,"src_nb":[4,3145728,3145728,3145728],"src_ne":[786432,1,1,1],"width":786432}
M5_PROFILE {"context":"74e2de0000","graph":37,"cb":1,"original_nodes":3,"gpu_start_s":244743.406847292,"gpu_end_s":244743.406935000,"gpu_ms":0.087708,"valid":true,"completed":true,"op_counts":{"CPY":1,"VIEW":2}}
M5_COPY_RETURN {"copy_bytes":3145728,"dst_nb":[4,3145728,3145728,3145728],"dst_ne":[786432,1,1,1],"layout":"contiguous","phase":"measure","rows":1,"sample":33,"src_nb":[4,3145728,3145728,3145728],"src_ne":[786432,1,1,1],"wall_us":315.125,"width":786432}
M5_COPY_CALL {"copy_bytes":3145728,"dst_nb":[4,3145728,3145728,3145728],"dst_ne":[786432,1,1,1],"layout":"contiguous","phase":"measure","rows":1,"sample":34,"src_nb":[4,3145728,3145728,3145728],"src_ne":[786432,1,1,1],"width":786432}
M5_PROFILE {"context":"74e2de0000","graph":38,"cb":1,"original_nodes":3,"gpu_start_s":244743.407113750,"gpu_end_s":244743.407201625,"gpu_ms":0.087875,"valid":true,"completed":true,"op_counts":{"CPY":1,"VIEW":2}}
M5_COPY_RETURN {"copy_bytes":3145728,"dst_nb":[4,3145728,3145728,3145728],"dst_ne":[786432,1,1,1],"layout":"contiguous","phase":"measure","rows":1,"sample":34,"src_nb":[4,3145728,3145728,3145728],"src_ne":[786432,1,1,1],"wall_us":282.709,"width":786432}
M5_COPY_CALL {"copy_bytes":3145728,"dst_nb":[4,3145728,3145728,3145728],"dst_ne":[786432,1,1,1],"layout":"contiguous","phase":"measure","rows":1,"sample":35,"src_nb":[4,3145728,3145728,3145728],"src_ne":[786432,1,1,1],"width":786432}
M5_PROFILE {"context":"74e2de0000","graph":39,"cb":1,"original_nodes":3,"gpu_start_s":244743.407439875,"gpu_end_s":244743.407527625,"gpu_ms":0.087750,"valid":true,"completed":true,"op_counts":{"CPY":1,"VIEW":2}}
M5_COPY_RETURN {"copy_bytes":3145728,"dst_nb":[4,3145728,3145728,3145728],"dst_ne":[786432,1,1,1],"layout":"contiguous","phase":"measure","rows":1,"sample":35,"src_nb":[4,3145728,3145728,3145728],"src_ne":[786432,1,1,1],"wall_us":302.792,"width":786432}
M5_COPY_CALL {"copy_bytes":3145728,"dst_nb":[4,3145728,3145728,3145728],"dst_ne":[786432,1,1,1],"layout":"contiguous","phase":"measure","rows":1,"sample":36,"src_nb":[4,3145728,3145728,3145728],"src_ne":[786432,1,1,1],"width":786432}
M5_PROFILE {"context":"74e2de0000","graph":40,"cb":1,"original_nodes":3,"gpu_start_s":244743.407732792,"gpu_end_s":244743.407820625,"gpu_ms":0.087833,"valid":true,"completed":true,"op_counts":{"CPY":1,"VIEW":2}}
M5_COPY_RETURN {"copy_bytes":3145728,"dst_nb":[4,3145728,3145728,3145728],"dst_ne":[786432,1,1,1],"layout":"contiguous","phase":"measure","rows":1,"sample":36,"src_nb":[4,3145728,3145728,3145728],"src_ne":[786432,1,1,1],"wall_us":294.458,"width":786432}
M5_COPY_CALL {"copy_bytes":3145728,"dst_nb":[4,3145728,3145728,3145728],"dst_ne":[786432,1,1,1],"layout":"contiguous","phase":"measure","rows":1,"sample":37,"src_nb":[4,3145728,3145728,3145728],"src_ne":[786432,1,1,1],"width":786432}
M5_PROFILE {"context":"74e2de0000","graph":41,"cb":1,"original_nodes":3,"gpu_start_s":244743.408025500,"gpu_end_s":244743.408113042,"gpu_ms":0.087542,"valid":true,"completed":true,"op_counts":{"CPY":1,"VIEW":2}}
M5_COPY_RETURN {"copy_bytes":3145728,"dst_nb":[4,3145728,3145728,3145728],"dst_ne":[786432,1,1,1],"layout":"contiguous","phase":"measure","rows":1,"sample":37,"src_nb":[4,3145728,3145728,3145728],"src_ne":[786432,1,1,1],"wall_us":285.875,"width":786432}
M5_COPY_CALL {"copy_bytes":3145728,"dst_nb":[4,3145728,3145728,3145728],"dst_ne":[786432,1,1,1],"layout":"contiguous","phase":"measure","rows":1,"sample":38,"src_nb":[4,3145728,3145728,3145728],"src_ne":[786432,1,1,1],"width":786432}
M5_PROFILE {"context":"74e2de0000","graph":42,"cb":1,"original_nodes":3,"gpu_start_s":244743.408316667,"gpu_end_s":244743.408404625,"gpu_ms":0.087958,"valid":true,"completed":true,"op_counts":{"CPY":1,"VIEW":2}}
M5_COPY_RETURN {"copy_bytes":3145728,"dst_nb":[4,3145728,3145728,3145728],"dst_ne":[786432,1,1,1],"layout":"contiguous","phase":"measure","rows":1,"sample":38,"src_nb":[4,3145728,3145728,3145728],"src_ne":[786432,1,1,1],"wall_us":272.417,"width":786432}
M5_COPY_CALL {"copy_bytes":3145728,"dst_nb":[4,3145728,3145728,3145728],"dst_ne":[786432,1,1,1],"layout":"contiguous","phase":"measure","rows":1,"sample":39,"src_nb":[4,3145728,3145728,3145728],"src_ne":[786432,1,1,1],"width":786432}
M5_PROFILE {"context":"74e2de0000","graph":43,"cb":1,"original_nodes":3,"gpu_start_s":244743.408675000,"gpu_end_s":244743.408762792,"gpu_ms":0.087792,"valid":true,"completed":true,"op_counts":{"CPY":1,"VIEW":2}}
M5_COPY_RETURN {"copy_bytes":3145728,"dst_nb":[4,3145728,3145728,3145728],"dst_ne":[786432,1,1,1],"layout":"contiguous","phase":"measure","rows":1,"sample":39,"src_nb":[4,3145728,3145728,3145728],"src_ne":[786432,1,1,1],"wall_us":351.542,"width":786432}
M5_COPY_PASS {"copy_bytes":3145728,"dst_nb":[4,3145728,3145728,3145728],"dst_ne":[786432,1,1,1],"layout":"contiguous","rows":1,"src_nb":[4,3145728,3145728,3145728],"src_ne":[786432,1,1,1],"width":786432}
M5_COPY_CALL {"copy_bytes":3145728,"dst_nb":[4,3145728,18874368,18874368],"dst_ne":[786432,1,1,1],"layout":"strided","phase":"warmup","rows":1,"sample":-3,"src_nb":[4,3145728,3145744,3145744],"src_ne":[786432,1,1,1],"width":786432}
M5_PROFILE {"context":"74e2de0000","graph":44,"cb":1,"original_nodes":3,"gpu_start_s":244743.414118417,"gpu_end_s":244743.414209167,"gpu_ms":0.090750,"valid":true,"completed":true,"op_counts":{"CPY":1,"VIEW":2}}
M5_COPY_RETURN {"copy_bytes":3145728,"dst_nb":[4,3145728,18874368,18874368],"dst_ne":[786432,1,1,1],"layout":"strided","phase":"warmup","rows":1,"sample":-3,"src_nb":[4,3145728,3145744,3145744],"src_ne":[786432,1,1,1],"wall_us":840.833,"width":786432}
M5_COPY_CALL {"copy_bytes":3145728,"dst_nb":[4,3145728,18874368,18874368],"dst_ne":[786432,1,1,1],"layout":"strided","phase":"warmup","rows":1,"sample":-2,"src_nb":[4,3145728,3145744,3145744],"src_ne":[786432,1,1,1],"width":786432}
M5_PROFILE {"context":"74e2de0000","graph":45,"cb":1,"original_nodes":3,"gpu_start_s":244743.414609292,"gpu_end_s":244743.414697500,"gpu_ms":0.088208,"valid":true,"completed":true,"op_counts":{"CPY":1,"VIEW":2}}
M5_COPY_RETURN {"copy_bytes":3145728,"dst_nb":[4,3145728,18874368,18874368],"dst_ne":[786432,1,1,1],"layout":"strided","phase":"warmup","rows":1,"sample":-2,"src_nb":[4,3145728,3145744,3145744],"src_ne":[786432,1,1,1],"wall_us":333.334,"width":786432}
M5_COPY_CALL {"copy_bytes":3145728,"dst_nb":[4,3145728,18874368,18874368],"dst_ne":[786432,1,1,1],"layout":"strided","phase":"warmup","rows":1,"sample":-1,"src_nb":[4,3145728,3145744,3145744],"src_ne":[786432,1,1,1],"width":786432}
M5_PROFILE {"context":"74e2de0000","graph":46,"cb":1,"original_nodes":3,"gpu_start_s":244743.414908292,"gpu_end_s":244743.414996375,"gpu_ms":0.088083,"valid":true,"completed":true,"op_counts":{"CPY":1,"VIEW":2}}
M5_COPY_RETURN {"copy_bytes":3145728,"dst_nb":[4,3145728,18874368,18874368],"dst_ne":[786432,1,1,1],"layout":"strided","phase":"warmup","rows":1,"sample":-1,"src_nb":[4,3145728,3145744,3145744],"src_ne":[786432,1,1,1],"wall_us":287.458,"width":786432}
M5_COPY_CALL {"copy_bytes":3145728,"dst_nb":[4,3145728,18874368,18874368],"dst_ne":[786432,1,1,1],"layout":"strided","phase":"measure","rows":1,"sample":0,"src_nb":[4,3145728,3145744,3145744],"src_ne":[786432,1,1,1],"width":786432}
M5_PROFILE {"context":"74e2de0000","graph":47,"cb":1,"original_nodes":3,"gpu_start_s":244743.415194750,"gpu_end_s":244743.415282500,"gpu_ms":0.087750,"valid":true,"completed":true,"op_counts":{"CPY":1,"VIEW":2}}
M5_COPY_RETURN {"copy_bytes":3145728,"dst_nb":[4,3145728,18874368,18874368],"dst_ne":[786432,1,1,1],"layout":"strided","phase":"measure","rows":1,"sample":0,"src_nb":[4,3145728,3145744,3145744],"src_ne":[786432,1,1,1],"wall_us":268.334,"width":786432}
M5_COPY_CALL {"copy_bytes":3145728,"dst_nb":[4,3145728,18874368,18874368],"dst_ne":[786432,1,1,1],"layout":"strided","phase":"measure","rows":1,"sample":1,"src_nb":[4,3145728,3145744,3145744],"src_ne":[786432,1,1,1],"width":786432}
M5_PROFILE {"context":"74e2de0000","graph":48,"cb":1,"original_nodes":3,"gpu_start_s":244743.415484667,"gpu_end_s":244743.415572500,"gpu_ms":0.087833,"valid":true,"completed":true,"op_counts":{"CPY":1,"VIEW":2}}
M5_COPY_RETURN {"copy_bytes":3145728,"dst_nb":[4,3145728,18874368,18874368],"dst_ne":[786432,1,1,1],"layout":"strided","phase":"measure","rows":1,"sample":1,"src_nb":[4,3145728,3145744,3145744],"src_ne":[786432,1,1,1],"wall_us":278.709,"width":786432}
M5_COPY_CALL {"copy_bytes":3145728,"dst_nb":[4,3145728,18874368,18874368],"dst_ne":[786432,1,1,1],"layout":"strided","phase":"measure","rows":1,"sample":2,"src_nb":[4,3145728,3145744,3145744],"src_ne":[786432,1,1,1],"width":786432}
M5_PROFILE {"context":"74e2de0000","graph":49,"cb":1,"original_nodes":3,"gpu_start_s":244743.415759792,"gpu_end_s":244743.415847625,"gpu_ms":0.087833,"valid":true,"completed":true,"op_counts":{"CPY":1,"VIEW":2}}
M5_COPY_RETURN {"copy_bytes":3145728,"dst_nb":[4,3145728,18874368,18874368],"dst_ne":[786432,1,1,1],"layout":"strided","phase":"measure","rows":1,"sample":2,"src_nb":[4,3145728,3145744,3145744],"src_ne":[786432,1,1,1],"wall_us":257.125,"width":786432}
M5_COPY_CALL {"copy_bytes":3145728,"dst_nb":[4,3145728,18874368,18874368],"dst_ne":[786432,1,1,1],"layout":"strided","phase":"measure","rows":1,"sample":3,"src_nb":[4,3145728,3145744,3145744],"src_ne":[786432,1,1,1],"width":786432}
M5_PROFILE {"context":"74e2de0000","graph":50,"cb":1,"original_nodes":3,"gpu_start_s":244743.416038875,"gpu_end_s":244743.416126750,"gpu_ms":0.087875,"valid":true,"completed":true,"op_counts":{"CPY":1,"VIEW":2}}
M5_COPY_RETURN {"copy_bytes":3145728,"dst_nb":[4,3145728,18874368,18874368],"dst_ne":[786432,1,1,1],"layout":"strided","phase":"measure","rows":1,"sample":3,"src_nb":[4,3145728,3145744,3145744],"src_ne":[786432,1,1,1],"wall_us":290.75,"width":786432}
M5_COPY_CALL {"copy_bytes":3145728,"dst_nb":[4,3145728,18874368,18874368],"dst_ne":[786432,1,1,1],"layout":"strided","phase":"measure","rows":1,"sample":4,"src_nb":[4,3145728,3145744,3145744],"src_ne":[786432,1,1,1],"width":786432}
M5_PROFILE {"context":"74e2de0000","graph":51,"cb":1,"original_nodes":3,"gpu_start_s":244743.416340500,"gpu_end_s":244743.416428250,"gpu_ms":0.087750,"valid":true,"completed":true,"op_counts":{"CPY":1,"VIEW":2}}
M5_COPY_RETURN {"copy_bytes":3145728,"dst_nb":[4,3145728,18874368,18874368],"dst_ne":[786432,1,1,1],"layout":"strided","phase":"measure","rows":1,"sample":4,"src_nb":[4,3145728,3145744,3145744],"src_ne":[786432,1,1,1],"wall_us":281.125,"width":786432}
M5_COPY_CALL {"copy_bytes":3145728,"dst_nb":[4,3145728,18874368,18874368],"dst_ne":[786432,1,1,1],"layout":"strided","phase":"measure","rows":1,"sample":5,"src_nb":[4,3145728,3145744,3145744],"src_ne":[786432,1,1,1],"width":786432}
M5_PROFILE {"context":"74e2de0000","graph":52,"cb":1,"original_nodes":3,"gpu_start_s":244743.416609667,"gpu_end_s":244743.416697500,"gpu_ms":0.087833,"valid":true,"completed":true,"op_counts":{"CPY":1,"VIEW":2}}
M5_COPY_RETURN {"copy_bytes":3145728,"dst_nb":[4,3145728,18874368,18874368],"dst_ne":[786432,1,1,1],"layout":"strided","phase":"measure","rows":1,"sample":5,"src_nb":[4,3145728,3145744,3145744],"src_ne":[786432,1,1,1],"wall_us":283.459,"width":786432}
M5_COPY_CALL {"copy_bytes":3145728,"dst_nb":[4,3145728,18874368,18874368],"dst_ne":[786432,1,1,1],"layout":"strided","phase":"measure","rows":1,"sample":6,"src_nb":[4,3145728,3145744,3145744],"src_ne":[786432,1,1,1],"width":786432}
M5_PROFILE {"context":"74e2de0000","graph":53,"cb":1,"original_nodes":3,"gpu_start_s":244743.416901667,"gpu_end_s":244743.416989500,"gpu_ms":0.087833,"valid":true,"completed":true,"op_counts":{"CPY":1,"VIEW":2}}
M5_COPY_RETURN {"copy_bytes":3145728,"dst_nb":[4,3145728,18874368,18874368],"dst_ne":[786432,1,1,1],"layout":"strided","phase":"measure","rows":1,"sample":6,"src_nb":[4,3145728,3145744,3145744],"src_ne":[786432,1,1,1],"wall_us":288.208,"width":786432}
M5_COPY_CALL {"copy_bytes":3145728,"dst_nb":[4,3145728,18874368,18874368],"dst_ne":[786432,1,1,1],"layout":"strided","phase":"measure","rows":1,"sample":7,"src_nb":[4,3145728,3145744,3145744],"src_ne":[786432,1,1,1],"width":786432}
M5_PROFILE {"context":"74e2de0000","graph":54,"cb":1,"original_nodes":3,"gpu_start_s":244743.417255000,"gpu_end_s":244743.417342875,"gpu_ms":0.087875,"valid":true,"completed":true,"op_counts":{"CPY":1,"VIEW":2}}
M5_COPY_RETURN {"copy_bytes":3145728,"dst_nb":[4,3145728,18874368,18874368],"dst_ne":[786432,1,1,1],"layout":"strided","phase":"measure","rows":1,"sample":7,"src_nb":[4,3145728,3145744,3145744],"src_ne":[786432,1,1,1],"wall_us":328.042,"width":786432}
M5_COPY_CALL {"copy_bytes":3145728,"dst_nb":[4,3145728,18874368,18874368],"dst_ne":[786432,1,1,1],"layout":"strided","phase":"measure","rows":1,"sample":8,"src_nb":[4,3145728,3145744,3145744],"src_ne":[786432,1,1,1],"width":786432}
M5_PROFILE {"context":"74e2de0000","graph":55,"cb":1,"original_nodes":3,"gpu_start_s":244743.417542125,"gpu_end_s":244743.417629875,"gpu_ms":0.087750,"valid":true,"completed":true,"op_counts":{"CPY":1,"VIEW":2}}
M5_COPY_RETURN {"copy_bytes":3145728,"dst_nb":[4,3145728,18874368,18874368],"dst_ne":[786432,1,1,1],"layout":"strided","phase":"measure","rows":1,"sample":8,"src_nb":[4,3145728,3145744,3145744],"src_ne":[786432,1,1,1],"wall_us":285.916,"width":786432}
M5_COPY_CALL {"copy_bytes":3145728,"dst_nb":[4,3145728,18874368,18874368],"dst_ne":[786432,1,1,1],"layout":"strided","phase":"measure","rows":1,"sample":9,"src_nb":[4,3145728,3145744,3145744],"src_ne":[786432,1,1,1],"width":786432}
M5_PROFILE {"context":"74e2de0000","graph":56,"cb":1,"original_nodes":3,"gpu_start_s":244743.417820417,"gpu_end_s":244743.417908000,"gpu_ms":0.087583,"valid":true,"completed":true,"op_counts":{"CPY":1,"VIEW":2}}
M5_COPY_RETURN {"copy_bytes":3145728,"dst_nb":[4,3145728,18874368,18874368],"dst_ne":[786432,1,1,1],"layout":"strided","phase":"measure","rows":1,"sample":9,"src_nb":[4,3145728,3145744,3145744],"src_ne":[786432,1,1,1],"wall_us":269.459,"width":786432}
M5_COPY_CALL {"copy_bytes":3145728,"dst_nb":[4,3145728,18874368,18874368],"dst_ne":[786432,1,1,1],"layout":"strided","phase":"measure","rows":1,"sample":10,"src_nb":[4,3145728,3145744,3145744],"src_ne":[786432,1,1,1],"width":786432}
M5_PROFILE {"context":"74e2de0000","graph":57,"cb":1,"original_nodes":3,"gpu_start_s":244743.418101000,"gpu_end_s":244743.418188792,"gpu_ms":0.087792,"valid":true,"completed":true,"op_counts":{"CPY":1,"VIEW":2}}
M5_COPY_RETURN {"copy_bytes":3145728,"dst_nb":[4,3145728,18874368,18874368],"dst_ne":[786432,1,1,1],"layout":"strided","phase":"measure","rows":1,"sample":10,"src_nb":[4,3145728,3145744,3145744],"src_ne":[786432,1,1,1],"wall_us":287.458,"width":786432}
M5_COPY_CALL {"copy_bytes":3145728,"dst_nb":[4,3145728,18874368,18874368],"dst_ne":[786432,1,1,1],"layout":"strided","phase":"measure","rows":1,"sample":11,"src_nb":[4,3145728,3145744,3145744],"src_ne":[786432,1,1,1],"width":786432}
M5_PROFILE {"context":"74e2de0000","graph":58,"cb":1,"original_nodes":3,"gpu_start_s":244743.418393042,"gpu_end_s":244743.418480750,"gpu_ms":0.087708,"valid":true,"completed":true,"op_counts":{"CPY":1,"VIEW":2}}
M5_COPY_RETURN {"copy_bytes":3145728,"dst_nb":[4,3145728,18874368,18874368],"dst_ne":[786432,1,1,1],"layout":"strided","phase":"measure","rows":1,"sample":11,"src_nb":[4,3145728,3145744,3145744],"src_ne":[786432,1,1,1],"wall_us":269.708,"width":786432}
M5_COPY_CALL {"copy_bytes":3145728,"dst_nb":[4,3145728,18874368,18874368],"dst_ne":[786432,1,1,1],"layout":"strided","phase":"measure","rows":1,"sample":12,"src_nb":[4,3145728,3145744,3145744],"src_ne":[786432,1,1,1],"width":786432}
M5_PROFILE {"context":"74e2de0000","graph":59,"cb":1,"original_nodes":3,"gpu_start_s":244743.418682292,"gpu_end_s":244743.418770042,"gpu_ms":0.087750,"valid":true,"completed":true,"op_counts":{"CPY":1,"VIEW":2}}
M5_COPY_RETURN {"copy_bytes":3145728,"dst_nb":[4,3145728,18874368,18874368],"dst_ne":[786432,1,1,1],"layout":"strided","phase":"measure","rows":1,"sample":12,"src_nb":[4,3145728,3145744,3145744],"src_ne":[786432,1,1,1],"wall_us":268.208,"width":786432}
M5_COPY_CALL {"copy_bytes":3145728,"dst_nb":[4,3145728,18874368,18874368],"dst_ne":[786432,1,1,1],"layout":"strided","phase":"measure","rows":1,"sample":13,"src_nb":[4,3145728,3145744,3145744],"src_ne":[786432,1,1,1],"width":786432}
M5_PROFILE {"context":"74e2de0000","graph":60,"cb":1,"original_nodes":3,"gpu_start_s":244743.418944500,"gpu_end_s":244743.419032417,"gpu_ms":0.087917,"valid":true,"completed":true,"op_counts":{"CPY":1,"VIEW":2}}
M5_COPY_RETURN {"copy_bytes":3145728,"dst_nb":[4,3145728,18874368,18874368],"dst_ne":[786432,1,1,1],"layout":"strided","phase":"measure","rows":1,"sample":13,"src_nb":[4,3145728,3145744,3145744],"src_ne":[786432,1,1,1],"wall_us":259.75,"width":786432}
M5_COPY_CALL {"copy_bytes":3145728,"dst_nb":[4,3145728,18874368,18874368],"dst_ne":[786432,1,1,1],"layout":"strided","phase":"measure","rows":1,"sample":14,"src_nb":[4,3145728,3145744,3145744],"src_ne":[786432,1,1,1],"width":786432}
M5_PROFILE {"context":"74e2de0000","graph":61,"cb":1,"original_nodes":3,"gpu_start_s":244743.419209125,"gpu_end_s":244743.419296875,"gpu_ms":0.087750,"valid":true,"completed":true,"op_counts":{"CPY":1,"VIEW":2}}
M5_COPY_RETURN {"copy_bytes":3145728,"dst_nb":[4,3145728,18874368,18874368],"dst_ne":[786432,1,1,1],"layout":"strided","phase":"measure","rows":1,"sample":14,"src_nb":[4,3145728,3145744,3145744],"src_ne":[786432,1,1,1],"wall_us":255.542,"width":786432}
M5_COPY_CALL {"copy_bytes":3145728,"dst_nb":[4,3145728,18874368,18874368],"dst_ne":[786432,1,1,1],"layout":"strided","phase":"measure","rows":1,"sample":15,"src_nb":[4,3145728,3145744,3145744],"src_ne":[786432,1,1,1],"width":786432}
M5_PROFILE {"context":"74e2de0000","graph":62,"cb":1,"original_nodes":3,"gpu_start_s":244743.419496417,"gpu_end_s":244743.419584125,"gpu_ms":0.087708,"valid":true,"completed":true,"op_counts":{"CPY":1,"VIEW":2}}
M5_COPY_RETURN {"copy_bytes":3145728,"dst_nb":[4,3145728,18874368,18874368],"dst_ne":[786432,1,1,1],"layout":"strided","phase":"measure","rows":1,"sample":15,"src_nb":[4,3145728,3145744,3145744],"src_ne":[786432,1,1,1],"wall_us":291.75,"width":786432}
M5_COPY_CALL {"copy_bytes":3145728,"dst_nb":[4,3145728,18874368,18874368],"dst_ne":[786432,1,1,1],"layout":"strided","phase":"measure","rows":1,"sample":16,"src_nb":[4,3145728,3145744,3145744],"src_ne":[786432,1,1,1],"width":786432}
M5_PROFILE {"context":"74e2de0000","graph":63,"cb":1,"original_nodes":3,"gpu_start_s":244743.419858792,"gpu_end_s":244743.419946750,"gpu_ms":0.087958,"valid":true,"completed":true,"op_counts":{"CPY":1,"VIEW":2}}
M5_COPY_RETURN {"copy_bytes":3145728,"dst_nb":[4,3145728,18874368,18874368],"dst_ne":[786432,1,1,1],"layout":"strided","phase":"measure","rows":1,"sample":16,"src_nb":[4,3145728,3145744,3145744],"src_ne":[786432,1,1,1],"wall_us":356.292,"width":786432}
M5_COPY_CALL {"copy_bytes":3145728,"dst_nb":[4,3145728,18874368,18874368],"dst_ne":[786432,1,1,1],"layout":"strided","phase":"measure","rows":1,"sample":17,"src_nb":[4,3145728,3145744,3145744],"src_ne":[786432,1,1,1],"width":786432}
M5_PROFILE {"context":"74e2de0000","graph":64,"cb":1,"original_nodes":3,"gpu_start_s":244743.420150917,"gpu_end_s":244743.420238792,"gpu_ms":0.087875,"valid":true,"completed":true,"op_counts":{"CPY":1,"VIEW":2}}
M5_COPY_RETURN {"copy_bytes":3145728,"dst_nb":[4,3145728,18874368,18874368],"dst_ne":[786432,1,1,1],"layout":"strided","phase":"measure","rows":1,"sample":17,"src_nb":[4,3145728,3145744,3145744],"src_ne":[786432,1,1,1],"wall_us":278.125,"width":786432}
M5_COPY_CALL {"copy_bytes":3145728,"dst_nb":[4,3145728,18874368,18874368],"dst_ne":[786432,1,1,1],"layout":"strided","phase":"measure","rows":1,"sample":18,"src_nb":[4,3145728,3145744,3145744],"src_ne":[786432,1,1,1],"width":786432}
M5_PROFILE {"context":"74e2de0000","graph":65,"cb":1,"original_nodes":3,"gpu_start_s":244743.420440792,"gpu_end_s":244743.420528500,"gpu_ms":0.087708,"valid":true,"completed":true,"op_counts":{"CPY":1,"VIEW":2}}
M5_COPY_RETURN {"copy_bytes":3145728,"dst_nb":[4,3145728,18874368,18874368],"dst_ne":[786432,1,1,1],"layout":"strided","phase":"measure","rows":1,"sample":18,"src_nb":[4,3145728,3145744,3145744],"src_ne":[786432,1,1,1],"wall_us":295.542,"width":786432}
M5_COPY_CALL {"copy_bytes":3145728,"dst_nb":[4,3145728,18874368,18874368],"dst_ne":[786432,1,1,1],"layout":"strided","phase":"measure","rows":1,"sample":19,"src_nb":[4,3145728,3145744,3145744],"src_ne":[786432,1,1,1],"width":786432}
M5_PROFILE {"context":"74e2de0000","graph":66,"cb":1,"original_nodes":3,"gpu_start_s":244743.420739875,"gpu_end_s":244743.420827875,"gpu_ms":0.088000,"valid":true,"completed":true,"op_counts":{"CPY":1,"VIEW":2}}
M5_COPY_RETURN {"copy_bytes":3145728,"dst_nb":[4,3145728,18874368,18874368],"dst_ne":[786432,1,1,1],"layout":"strided","phase":"measure","rows":1,"sample":19,"src_nb":[4,3145728,3145744,3145744],"src_ne":[786432,1,1,1],"wall_us":275.166,"width":786432}
M5_COPY_CALL {"copy_bytes":3145728,"dst_nb":[4,3145728,18874368,18874368],"dst_ne":[786432,1,1,1],"layout":"strided","phase":"measure","rows":1,"sample":20,"src_nb":[4,3145728,3145744,3145744],"src_ne":[786432,1,1,1],"width":786432}
M5_PROFILE {"context":"74e2de0000","graph":67,"cb":1,"original_nodes":3,"gpu_start_s":244743.421021625,"gpu_end_s":244743.421109417,"gpu_ms":0.087792,"valid":true,"completed":true,"op_counts":{"CPY":1,"VIEW":2}}
M5_COPY_RETURN {"copy_bytes":3145728,"dst_nb":[4,3145728,18874368,18874368],"dst_ne":[786432,1,1,1],"layout":"strided","phase":"measure","rows":1,"sample":20,"src_nb":[4,3145728,3145744,3145744],"src_ne":[786432,1,1,1],"wall_us":279.209,"width":786432}
M5_COPY_CALL {"copy_bytes":3145728,"dst_nb":[4,3145728,18874368,18874368],"dst_ne":[786432,1,1,1],"layout":"strided","phase":"measure","rows":1,"sample":21,"src_nb":[4,3145728,3145744,3145744],"src_ne":[786432,1,1,1],"width":786432}
M5_PROFILE {"context":"74e2de0000","graph":68,"cb":1,"original_nodes":3,"gpu_start_s":244743.421301125,"gpu_end_s":244743.421388917,"gpu_ms":0.087792,"valid":true,"completed":true,"op_counts":{"CPY":1,"VIEW":2}}
M5_COPY_RETURN {"copy_bytes":3145728,"dst_nb":[4,3145728,18874368,18874368],"dst_ne":[786432,1,1,1],"layout":"strided","phase":"measure","rows":1,"sample":21,"src_nb":[4,3145728,3145744,3145744],"src_ne":[786432,1,1,1],"wall_us":279.666,"width":786432}
M5_COPY_CALL {"copy_bytes":3145728,"dst_nb":[4,3145728,18874368,18874368],"dst_ne":[786432,1,1,1],"layout":"strided","phase":"measure","rows":1,"sample":22,"src_nb":[4,3145728,3145744,3145744],"src_ne":[786432,1,1,1],"width":786432}
M5_PROFILE {"context":"74e2de0000","graph":69,"cb":1,"original_nodes":3,"gpu_start_s":244743.421590417,"gpu_end_s":244743.421678250,"gpu_ms":0.087833,"valid":true,"completed":true,"op_counts":{"CPY":1,"VIEW":2}}
M5_COPY_RETURN {"copy_bytes":3145728,"dst_nb":[4,3145728,18874368,18874368],"dst_ne":[786432,1,1,1],"layout":"strided","phase":"measure","rows":1,"sample":22,"src_nb":[4,3145728,3145744,3145744],"src_ne":[786432,1,1,1],"wall_us":289.209,"width":786432}
M5_COPY_CALL {"copy_bytes":3145728,"dst_nb":[4,3145728,18874368,18874368],"dst_ne":[786432,1,1,1],"layout":"strided","phase":"measure","rows":1,"sample":23,"src_nb":[4,3145728,3145744,3145744],"src_ne":[786432,1,1,1],"width":786432}
M5_PROFILE {"context":"74e2de0000","graph":70,"cb":1,"original_nodes":3,"gpu_start_s":244743.421960167,"gpu_end_s":244743.422048042,"gpu_ms":0.087875,"valid":true,"completed":true,"op_counts":{"CPY":1,"VIEW":2}}
M5_COPY_RETURN {"copy_bytes":3145728,"dst_nb":[4,3145728,18874368,18874368],"dst_ne":[786432,1,1,1],"layout":"strided","phase":"measure","rows":1,"sample":23,"src_nb":[4,3145728,3145744,3145744],"src_ne":[786432,1,1,1],"wall_us":347.5,"width":786432}
M5_COPY_CALL {"copy_bytes":3145728,"dst_nb":[4,3145728,18874368,18874368],"dst_ne":[786432,1,1,1],"layout":"strided","phase":"measure","rows":1,"sample":24,"src_nb":[4,3145728,3145744,3145744],"src_ne":[786432,1,1,1],"width":786432}
M5_PROFILE {"context":"74e2de0000","graph":71,"cb":1,"original_nodes":3,"gpu_start_s":244743.422249250,"gpu_end_s":244743.422337125,"gpu_ms":0.087875,"valid":true,"completed":true,"op_counts":{"CPY":1,"VIEW":2}}
M5_COPY_RETURN {"copy_bytes":3145728,"dst_nb":[4,3145728,18874368,18874368],"dst_ne":[786432,1,1,1],"layout":"strided","phase":"measure","rows":1,"sample":24,"src_nb":[4,3145728,3145744,3145744],"src_ne":[786432,1,1,1],"wall_us":279.417,"width":786432}
M5_COPY_CALL {"copy_bytes":3145728,"dst_nb":[4,3145728,18874368,18874368],"dst_ne":[786432,1,1,1],"layout":"strided","phase":"measure","rows":1,"sample":25,"src_nb":[4,3145728,3145744,3145744],"src_ne":[786432,1,1,1],"width":786432}
M5_PROFILE {"context":"74e2de0000","graph":72,"cb":1,"original_nodes":3,"gpu_start_s":244743.422541250,"gpu_end_s":244743.422628875,"gpu_ms":0.087625,"valid":true,"completed":true,"op_counts":{"CPY":1,"VIEW":2}}
M5_COPY_RETURN {"copy_bytes":3145728,"dst_nb":[4,3145728,18874368,18874368],"dst_ne":[786432,1,1,1],"layout":"strided","phase":"measure","rows":1,"sample":25,"src_nb":[4,3145728,3145744,3145744],"src_ne":[786432,1,1,1],"wall_us":276.333,"width":786432}
M5_COPY_CALL {"copy_bytes":3145728,"dst_nb":[4,3145728,18874368,18874368],"dst_ne":[786432,1,1,1],"layout":"strided","phase":"measure","rows":1,"sample":26,"src_nb":[4,3145728,3145744,3145744],"src_ne":[786432,1,1,1],"width":786432}
M5_PROFILE {"context":"74e2de0000","graph":73,"cb":1,"original_nodes":3,"gpu_start_s":244743.422893625,"gpu_end_s":244743.422918000,"gpu_ms":0.024375,"valid":true,"completed":true,"op_counts":{"CPY":1,"VIEW":2}}
M5_COPY_RETURN {"copy_bytes":3145728,"dst_nb":[4,3145728,18874368,18874368],"dst_ne":[786432,1,1,1],"layout":"strided","phase":"measure","rows":1,"sample":26,"src_nb":[4,3145728,3145744,3145744],"src_ne":[786432,1,1,1],"wall_us":273.667,"width":786432}
M5_COPY_CALL {"copy_bytes":3145728,"dst_nb":[4,3145728,18874368,18874368],"dst_ne":[786432,1,1,1],"layout":"strided","phase":"measure","rows":1,"sample":27,"src_nb":[4,3145728,3145744,3145744],"src_ne":[786432,1,1,1],"width":786432}
M5_PROFILE {"context":"74e2de0000","graph":74,"cb":1,"original_nodes":3,"gpu_start_s":244743.423103792,"gpu_end_s":244743.423125125,"gpu_ms":0.021333,"valid":true,"completed":true,"op_counts":{"CPY":1,"VIEW":2}}
M5_COPY_RETURN {"copy_bytes":3145728,"dst_nb":[4,3145728,18874368,18874368],"dst_ne":[786432,1,1,1],"layout":"strided","phase":"measure","rows":1,"sample":27,"src_nb":[4,3145728,3145744,3145744],"src_ne":[786432,1,1,1],"wall_us":200.833,"width":786432}
M5_COPY_CALL {"copy_bytes":3145728,"dst_nb":[4,3145728,18874368,18874368],"dst_ne":[786432,1,1,1],"layout":"strided","phase":"measure","rows":1,"sample":28,"src_nb":[4,3145728,3145744,3145744],"src_ne":[786432,1,1,1],"width":786432}
M5_PROFILE {"context":"74e2de0000","graph":75,"cb":1,"original_nodes":3,"gpu_start_s":244743.423337500,"gpu_end_s":244743.423356875,"gpu_ms":0.019375,"valid":true,"completed":true,"op_counts":{"CPY":1,"VIEW":2}}
M5_COPY_RETURN {"copy_bytes":3145728,"dst_nb":[4,3145728,18874368,18874368],"dst_ne":[786432,1,1,1],"layout":"strided","phase":"measure","rows":1,"sample":28,"src_nb":[4,3145728,3145744,3145744],"src_ne":[786432,1,1,1],"wall_us":224.792,"width":786432}
M5_COPY_CALL {"copy_bytes":3145728,"dst_nb":[4,3145728,18874368,18874368],"dst_ne":[786432,1,1,1],"layout":"strided","phase":"measure","rows":1,"sample":29,"src_nb":[4,3145728,3145744,3145744],"src_ne":[786432,1,1,1],"width":786432}
M5_PROFILE {"context":"74e2de0000","graph":76,"cb":1,"original_nodes":3,"gpu_start_s":244743.423539917,"gpu_end_s":244743.423559292,"gpu_ms":0.019375,"valid":true,"completed":true,"op_counts":{"CPY":1,"VIEW":2}}
M5_COPY_RETURN {"copy_bytes":3145728,"dst_nb":[4,3145728,18874368,18874368],"dst_ne":[786432,1,1,1],"layout":"strided","phase":"measure","rows":1,"sample":29,"src_nb":[4,3145728,3145744,3145744],"src_ne":[786432,1,1,1],"wall_us":194.125,"width":786432}
M5_COPY_CALL {"copy_bytes":3145728,"dst_nb":[4,3145728,18874368,18874368],"dst_ne":[786432,1,1,1],"layout":"strided","phase":"measure","rows":1,"sample":30,"src_nb":[4,3145728,3145744,3145744],"src_ne":[786432,1,1,1],"width":786432}
M5_PROFILE {"context":"74e2de0000","graph":77,"cb":1,"original_nodes":3,"gpu_start_s":244743.423835500,"gpu_end_s":244743.423854792,"gpu_ms":0.019292,"valid":true,"completed":true,"op_counts":{"CPY":1,"VIEW":2}}
M5_COPY_RETURN {"copy_bytes":3145728,"dst_nb":[4,3145728,18874368,18874368],"dst_ne":[786432,1,1,1],"layout":"strided","phase":"measure","rows":1,"sample":30,"src_nb":[4,3145728,3145744,3145744],"src_ne":[786432,1,1,1],"wall_us":292.292,"width":786432}
M5_COPY_CALL {"copy_bytes":3145728,"dst_nb":[4,3145728,18874368,18874368],"dst_ne":[786432,1,1,1],"layout":"strided","phase":"measure","rows":1,"sample":31,"src_nb":[4,3145728,3145744,3145744],"src_ne":[786432,1,1,1],"width":786432}
M5_PROFILE {"context":"74e2de0000","graph":78,"cb":1,"original_nodes":3,"gpu_start_s":244743.424085500,"gpu_end_s":244743.424104667,"gpu_ms":0.019167,"valid":true,"completed":true,"op_counts":{"CPY":1,"VIEW":2}}
M5_COPY_RETURN {"copy_bytes":3145728,"dst_nb":[4,3145728,18874368,18874368],"dst_ne":[786432,1,1,1],"layout":"strided","phase":"measure","rows":1,"sample":31,"src_nb":[4,3145728,3145744,3145744],"src_ne":[786432,1,1,1],"wall_us":245.25,"width":786432}
M5_COPY_CALL {"copy_bytes":3145728,"dst_nb":[4,3145728,18874368,18874368],"dst_ne":[786432,1,1,1],"layout":"strided","phase":"measure","rows":1,"sample":32,"src_nb":[4,3145728,3145744,3145744],"src_ne":[786432,1,1,1],"width":786432}
M5_PROFILE {"context":"74e2de0000","graph":79,"cb":1,"original_nodes":3,"gpu_start_s":244743.424341167,"gpu_end_s":244743.424360167,"gpu_ms":0.019000,"valid":true,"completed":true,"op_counts":{"CPY":1,"VIEW":2}}
M5_COPY_RETURN {"copy_bytes":3145728,"dst_nb":[4,3145728,18874368,18874368],"dst_ne":[786432,1,1,1],"layout":"strided","phase":"measure","rows":1,"sample":32,"src_nb":[4,3145728,3145744,3145744],"src_ne":[786432,1,1,1],"wall_us":243.542,"width":786432}
M5_COPY_CALL {"copy_bytes":3145728,"dst_nb":[4,3145728,18874368,18874368],"dst_ne":[786432,1,1,1],"layout":"strided","phase":"measure","rows":1,"sample":33,"src_nb":[4,3145728,3145744,3145744],"src_ne":[786432,1,1,1],"width":786432}
M5_PROFILE {"context":"74e2de0000","graph":80,"cb":1,"original_nodes":3,"gpu_start_s":244743.424637625,"gpu_end_s":244743.424656625,"gpu_ms":0.019000,"valid":true,"completed":true,"op_counts":{"CPY":1,"VIEW":2}}
M5_COPY_RETURN {"copy_bytes":3145728,"dst_nb":[4,3145728,18874368,18874368],"dst_ne":[786432,1,1,1],"layout":"strided","phase":"measure","rows":1,"sample":33,"src_nb":[4,3145728,3145744,3145744],"src_ne":[786432,1,1,1],"wall_us":286.5,"width":786432}
M5_COPY_CALL {"copy_bytes":3145728,"dst_nb":[4,3145728,18874368,18874368],"dst_ne":[786432,1,1,1],"layout":"strided","phase":"measure","rows":1,"sample":34,"src_nb":[4,3145728,3145744,3145744],"src_ne":[786432,1,1,1],"width":786432}
M5_PROFILE {"context":"74e2de0000","graph":81,"cb":1,"original_nodes":3,"gpu_start_s":244743.424841375,"gpu_end_s":244743.424860375,"gpu_ms":0.019000,"valid":true,"completed":true,"op_counts":{"CPY":1,"VIEW":2}}
M5_COPY_RETURN {"copy_bytes":3145728,"dst_nb":[4,3145728,18874368,18874368],"dst_ne":[786432,1,1,1],"layout":"strided","phase":"measure","rows":1,"sample":34,"src_nb":[4,3145728,3145744,3145744],"src_ne":[786432,1,1,1],"wall_us":196.833,"width":786432}
M5_COPY_CALL {"copy_bytes":3145728,"dst_nb":[4,3145728,18874368,18874368],"dst_ne":[786432,1,1,1],"layout":"strided","phase":"measure","rows":1,"sample":35,"src_nb":[4,3145728,3145744,3145744],"src_ne":[786432,1,1,1],"width":786432}
M5_PROFILE {"context":"74e2de0000","graph":82,"cb":1,"original_nodes":3,"gpu_start_s":244743.425135667,"gpu_end_s":244743.425154750,"gpu_ms":0.019083,"valid":true,"completed":true,"op_counts":{"CPY":1,"VIEW":2}}
M5_COPY_RETURN {"copy_bytes":3145728,"dst_nb":[4,3145728,18874368,18874368],"dst_ne":[786432,1,1,1],"layout":"strided","phase":"measure","rows":1,"sample":35,"src_nb":[4,3145728,3145744,3145744],"src_ne":[786432,1,1,1],"wall_us":284.334,"width":786432}
M5_COPY_CALL {"copy_bytes":3145728,"dst_nb":[4,3145728,18874368,18874368],"dst_ne":[786432,1,1,1],"layout":"strided","phase":"measure","rows":1,"sample":36,"src_nb":[4,3145728,3145744,3145744],"src_ne":[786432,1,1,1],"width":786432}
M5_PROFILE {"context":"74e2de0000","graph":83,"cb":1,"original_nodes":3,"gpu_start_s":244743.425390625,"gpu_end_s":244743.425409500,"gpu_ms":0.018875,"valid":true,"completed":true,"op_counts":{"CPY":1,"VIEW":2}}
M5_COPY_RETURN {"copy_bytes":3145728,"dst_nb":[4,3145728,18874368,18874368],"dst_ne":[786432,1,1,1],"layout":"strided","phase":"measure","rows":1,"sample":36,"src_nb":[4,3145728,3145744,3145744],"src_ne":[786432,1,1,1],"wall_us":250.917,"width":786432}
M5_COPY_CALL {"copy_bytes":3145728,"dst_nb":[4,3145728,18874368,18874368],"dst_ne":[786432,1,1,1],"layout":"strided","phase":"measure","rows":1,"sample":37,"src_nb":[4,3145728,3145744,3145744],"src_ne":[786432,1,1,1],"width":786432}
M5_PROFILE {"context":"74e2de0000","graph":84,"cb":1,"original_nodes":3,"gpu_start_s":244743.425641000,"gpu_end_s":244743.425660000,"gpu_ms":0.019000,"valid":true,"completed":true,"op_counts":{"CPY":1,"VIEW":2}}
M5_COPY_RETURN {"copy_bytes":3145728,"dst_nb":[4,3145728,18874368,18874368],"dst_ne":[786432,1,1,1],"layout":"strided","phase":"measure","rows":1,"sample":37,"src_nb":[4,3145728,3145744,3145744],"src_ne":[786432,1,1,1],"wall_us":247.958,"width":786432}
M5_COPY_CALL {"copy_bytes":3145728,"dst_nb":[4,3145728,18874368,18874368],"dst_ne":[786432,1,1,1],"layout":"strided","phase":"measure","rows":1,"sample":38,"src_nb":[4,3145728,3145744,3145744],"src_ne":[786432,1,1,1],"width":786432}
M5_PROFILE {"context":"74e2de0000","graph":85,"cb":1,"original_nodes":3,"gpu_start_s":244743.425848875,"gpu_end_s":244743.425867625,"gpu_ms":0.018750,"valid":true,"completed":true,"op_counts":{"CPY":1,"VIEW":2}}
M5_COPY_RETURN {"copy_bytes":3145728,"dst_nb":[4,3145728,18874368,18874368],"dst_ne":[786432,1,1,1],"layout":"strided","phase":"measure","rows":1,"sample":38,"src_nb":[4,3145728,3145744,3145744],"src_ne":[786432,1,1,1],"wall_us":195.083,"width":786432}
M5_COPY_CALL {"copy_bytes":3145728,"dst_nb":[4,3145728,18874368,18874368],"dst_ne":[786432,1,1,1],"layout":"strided","phase":"measure","rows":1,"sample":39,"src_nb":[4,3145728,3145744,3145744],"src_ne":[786432,1,1,1],"width":786432}
M5_PROFILE {"context":"74e2de0000","graph":86,"cb":1,"original_nodes":3,"gpu_start_s":244743.426059042,"gpu_end_s":244743.426077792,"gpu_ms":0.018750,"valid":true,"completed":true,"op_counts":{"CPY":1,"VIEW":2}}
M5_COPY_RETURN {"copy_bytes":3145728,"dst_nb":[4,3145728,18874368,18874368],"dst_ne":[786432,1,1,1],"layout":"strided","phase":"measure","rows":1,"sample":39,"src_nb":[4,3145728,3145744,3145744],"src_ne":[786432,1,1,1],"wall_us":202.125,"width":786432}
M5_COPY_PASS {"copy_bytes":3145728,"dst_nb":[4,3145728,18874368,18874368],"dst_ne":[786432,1,1,1],"layout":"strided","rows":1,"src_nb":[4,3145728,3145744,3145744],"src_ne":[786432,1,1,1],"width":786432}
M5_COPY_CALL {"copy_bytes":12582912,"dst_nb":[4,3145728,3145728,12582912],"dst_ne":[786432,1,4,1],"layout":"contiguous","phase":"warmup","rows":4,"sample":-3,"src_nb":[4,3145728,3145728,12582912],"src_ne":[786432,1,4,1],"width":786432}
M5_PROFILE {"context":"74e2de0000","graph":87,"cb":1,"original_nodes":3,"gpu_start_s":244743.445923542,"gpu_end_s":244743.446284667,"gpu_ms":0.361125,"valid":true,"completed":true,"op_counts":{"CPY":1,"VIEW":2}}
M5_COPY_RETURN {"copy_bytes":12582912,"dst_nb":[4,3145728,3145728,12582912],"dst_ne":[786432,1,4,1],"layout":"contiguous","phase":"warmup","rows":4,"sample":-3,"src_nb":[4,3145728,3145728,12582912],"src_ne":[786432,1,4,1],"wall_us":1178.208,"width":786432}
M5_COPY_CALL {"copy_bytes":12582912,"dst_nb":[4,3145728,3145728,12582912],"dst_ne":[786432,1,4,1],"layout":"contiguous","phase":"warmup","rows":4,"sample":-2,"src_nb":[4,3145728,3145728,12582912],"src_ne":[786432,1,4,1],"width":786432}
M5_PROFILE {"context":"74e2de0000","graph":88,"cb":1,"original_nodes":3,"gpu_start_s":244743.446549000,"gpu_end_s":244743.446620625,"gpu_ms":0.071625,"valid":true,"completed":true,"op_counts":{"CPY":1,"VIEW":2}}
M5_COPY_RETURN {"copy_bytes":12582912,"dst_nb":[4,3145728,3145728,12582912],"dst_ne":[786432,1,4,1],"layout":"contiguous","phase":"warmup","rows":4,"sample":-2,"src_nb":[4,3145728,3145728,12582912],"src_ne":[786432,1,4,1],"wall_us":254.042,"width":786432}
M5_COPY_CALL {"copy_bytes":12582912,"dst_nb":[4,3145728,3145728,12582912],"dst_ne":[786432,1,4,1],"layout":"contiguous","phase":"warmup","rows":4,"sample":-1,"src_nb":[4,3145728,3145728,12582912],"src_ne":[786432,1,4,1],"width":786432}
M5_PROFILE {"context":"74e2de0000","graph":89,"cb":1,"original_nodes":3,"gpu_start_s":244743.446802542,"gpu_end_s":244743.446871125,"gpu_ms":0.068583,"valid":true,"completed":true,"op_counts":{"CPY":1,"VIEW":2}}
M5_COPY_RETURN {"copy_bytes":12582912,"dst_nb":[4,3145728,3145728,12582912],"dst_ne":[786432,1,4,1],"layout":"contiguous","phase":"warmup","rows":4,"sample":-1,"src_nb":[4,3145728,3145728,12582912],"src_ne":[786432,1,4,1],"wall_us":238.833,"width":786432}
M5_COPY_CALL {"copy_bytes":12582912,"dst_nb":[4,3145728,3145728,12582912],"dst_ne":[786432,1,4,1],"layout":"contiguous","phase":"measure","rows":4,"sample":0,"src_nb":[4,3145728,3145728,12582912],"src_ne":[786432,1,4,1],"width":786432}
M5_PROFILE {"context":"74e2de0000","graph":90,"cb":1,"original_nodes":3,"gpu_start_s":244743.447052375,"gpu_end_s":244743.447120875,"gpu_ms":0.068500,"valid":true,"completed":true,"op_counts":{"CPY":1,"VIEW":2}}
M5_COPY_RETURN {"copy_bytes":12582912,"dst_nb":[4,3145728,3145728,12582912],"dst_ne":[786432,1,4,1],"layout":"contiguous","phase":"measure","rows":4,"sample":0,"src_nb":[4,3145728,3145728,12582912],"src_ne":[786432,1,4,1],"wall_us":242.292,"width":786432}
M5_COPY_CALL {"copy_bytes":12582912,"dst_nb":[4,3145728,3145728,12582912],"dst_ne":[786432,1,4,1],"layout":"contiguous","phase":"measure","rows":4,"sample":1,"src_nb":[4,3145728,3145728,12582912],"src_ne":[786432,1,4,1],"width":786432}
M5_PROFILE {"context":"74e2de0000","graph":91,"cb":1,"original_nodes":3,"gpu_start_s":244743.447302417,"gpu_end_s":244743.447370917,"gpu_ms":0.068500,"valid":true,"completed":true,"op_counts":{"CPY":1,"VIEW":2}}
M5_COPY_RETURN {"copy_bytes":12582912,"dst_nb":[4,3145728,3145728,12582912],"dst_ne":[786432,1,4,1],"layout":"contiguous","phase":"measure","rows":4,"sample":1,"src_nb":[4,3145728,3145728,12582912],"src_ne":[786432,1,4,1],"wall_us":238.5,"width":786432}
M5_COPY_CALL {"copy_bytes":12582912,"dst_nb":[4,3145728,3145728,12582912],"dst_ne":[786432,1,4,1],"layout":"contiguous","phase":"measure","rows":4,"sample":2,"src_nb":[4,3145728,3145728,12582912],"src_ne":[786432,1,4,1],"width":786432}
M5_PROFILE {"context":"74e2de0000","graph":92,"cb":1,"original_nodes":3,"gpu_start_s":244743.447550000,"gpu_end_s":244743.447618625,"gpu_ms":0.068625,"valid":true,"completed":true,"op_counts":{"CPY":1,"VIEW":2}}
M5_COPY_RETURN {"copy_bytes":12582912,"dst_nb":[4,3145728,3145728,12582912],"dst_ne":[786432,1,4,1],"layout":"contiguous","phase":"measure","rows":4,"sample":2,"src_nb":[4,3145728,3145728,12582912],"src_ne":[786432,1,4,1],"wall_us":241.25,"width":786432}
M5_COPY_CALL {"copy_bytes":12582912,"dst_nb":[4,3145728,3145728,12582912],"dst_ne":[786432,1,4,1],"layout":"contiguous","phase":"measure","rows":4,"sample":3,"src_nb":[4,3145728,3145728,12582912],"src_ne":[786432,1,4,1],"width":786432}
M5_PROFILE {"context":"74e2de0000","graph":93,"cb":1,"original_nodes":3,"gpu_start_s":244743.447800125,"gpu_end_s":244743.447868750,"gpu_ms":0.068625,"valid":true,"completed":true,"op_counts":{"CPY":1,"VIEW":2}}
M5_COPY_RETURN {"copy_bytes":12582912,"dst_nb":[4,3145728,3145728,12582912],"dst_ne":[786432,1,4,1],"layout":"contiguous","phase":"measure","rows":4,"sample":3,"src_nb":[4,3145728,3145728,12582912],"src_ne":[786432,1,4,1],"wall_us":241.833,"width":786432}
M5_COPY_CALL {"copy_bytes":12582912,"dst_nb":[4,3145728,3145728,12582912],"dst_ne":[786432,1,4,1],"layout":"contiguous","phase":"measure","rows":4,"sample":4,"src_nb":[4,3145728,3145728,12582912],"src_ne":[786432,1,4,1],"width":786432}
M5_PROFILE {"context":"74e2de0000","graph":94,"cb":1,"original_nodes":3,"gpu_start_s":244743.448039792,"gpu_end_s":244743.448108292,"gpu_ms":0.068500,"valid":true,"completed":true,"op_counts":{"CPY":1,"VIEW":2}}
M5_COPY_RETURN {"copy_bytes":12582912,"dst_nb":[4,3145728,3145728,12582912],"dst_ne":[786432,1,4,1],"layout":"contiguous","phase":"measure","rows":4,"sample":4,"src_nb":[4,3145728,3145728,12582912],"src_ne":[786432,1,4,1],"wall_us":226.791,"width":786432}
M5_COPY_CALL {"copy_bytes":12582912,"dst_nb":[4,3145728,3145728,12582912],"dst_ne":[786432,1,4,1],"layout":"contiguous","phase":"measure","rows":4,"sample":5,"src_nb":[4,3145728,3145728,12582912],"src_ne":[786432,1,4,1],"width":786432}
M5_PROFILE {"context":"74e2de0000","graph":95,"cb":1,"original_nodes":3,"gpu_start_s":244743.448272667,"gpu_end_s":244743.448341125,"gpu_ms":0.068458,"valid":true,"completed":true,"op_counts":{"CPY":1,"VIEW":2}}
M5_COPY_RETURN {"copy_bytes":12582912,"dst_nb":[4,3145728,3145728,12582912],"dst_ne":[786432,1,4,1],"layout":"contiguous","phase":"measure","rows":4,"sample":5,"src_nb":[4,3145728,3145728,12582912],"src_ne":[786432,1,4,1],"wall_us":227.25,"width":786432}
M5_COPY_CALL {"copy_bytes":12582912,"dst_nb":[4,3145728,3145728,12582912],"dst_ne":[786432,1,4,1],"layout":"contiguous","phase":"measure","rows":4,"sample":6,"src_nb":[4,3145728,3145728,12582912],"src_ne":[786432,1,4,1],"width":786432}
M5_PROFILE {"context":"74e2de0000","graph":96,"cb":1,"original_nodes":3,"gpu_start_s":244743.448508542,"gpu_end_s":244743.448577250,"gpu_ms":0.068708,"valid":true,"completed":true,"op_counts":{"CPY":1,"VIEW":2}}
M5_COPY_RETURN {"copy_bytes":12582912,"dst_nb":[4,3145728,3145728,12582912],"dst_ne":[786432,1,4,1],"layout":"contiguous","phase":"measure","rows":4,"sample":6,"src_nb":[4,3145728,3145728,12582912],"src_ne":[786432,1,4,1],"wall_us":232.375,"width":786432}
M5_COPY_CALL {"copy_bytes":12582912,"dst_nb":[4,3145728,3145728,12582912],"dst_ne":[786432,1,4,1],"layout":"contiguous","phase":"measure","rows":4,"sample":7,"src_nb":[4,3145728,3145728,12582912],"src_ne":[786432,1,4,1],"width":786432}
M5_PROFILE {"context":"74e2de0000","graph":97,"cb":1,"original_nodes":3,"gpu_start_s":244743.448756917,"gpu_end_s":244743.448825500,"gpu_ms":0.068583,"valid":true,"completed":true,"op_counts":{"CPY":1,"VIEW":2}}
M5_COPY_RETURN {"copy_bytes":12582912,"dst_nb":[4,3145728,3145728,12582912],"dst_ne":[786432,1,4,1],"layout":"contiguous","phase":"measure","rows":4,"sample":7,"src_nb":[4,3145728,3145728,12582912],"src_ne":[786432,1,4,1],"wall_us":242.959,"width":786432}
M5_COPY_CALL {"copy_bytes":12582912,"dst_nb":[4,3145728,3145728,12582912],"dst_ne":[786432,1,4,1],"layout":"contiguous","phase":"measure","rows":4,"sample":8,"src_nb":[4,3145728,3145728,12582912],"src_ne":[786432,1,4,1],"width":786432}
M5_PROFILE {"context":"74e2de0000","graph":98,"cb":1,"original_nodes":3,"gpu_start_s":244743.449036125,"gpu_end_s":244743.449104625,"gpu_ms":0.068500,"valid":true,"completed":true,"op_counts":{"CPY":1,"VIEW":2}}
M5_COPY_RETURN {"copy_bytes":12582912,"dst_nb":[4,3145728,3145728,12582912],"dst_ne":[786432,1,4,1],"layout":"contiguous","phase":"measure","rows":4,"sample":8,"src_nb":[4,3145728,3145728,12582912],"src_ne":[786432,1,4,1],"wall_us":275.916,"width":786432}
M5_COPY_CALL {"copy_bytes":12582912,"dst_nb":[4,3145728,3145728,12582912],"dst_ne":[786432,1,4,1],"layout":"contiguous","phase":"measure","rows":4,"sample":9,"src_nb":[4,3145728,3145728,12582912],"src_ne":[786432,1,4,1],"width":786432}
M5_PROFILE {"context":"74e2de0000","graph":99,"cb":1,"original_nodes":3,"gpu_start_s":244743.449289417,"gpu_end_s":244743.449357875,"gpu_ms":0.068458,"valid":true,"completed":true,"op_counts":{"CPY":1,"VIEW":2}}
M5_COPY_RETURN {"copy_bytes":12582912,"dst_nb":[4,3145728,3145728,12582912],"dst_ne":[786432,1,4,1],"layout":"contiguous","phase":"measure","rows":4,"sample":9,"src_nb":[4,3145728,3145728,12582912],"src_ne":[786432,1,4,1],"wall_us":246.125,"width":786432}
M5_COPY_CALL {"copy_bytes":12582912,"dst_nb":[4,3145728,3145728,12582912],"dst_ne":[786432,1,4,1],"layout":"contiguous","phase":"measure","rows":4,"sample":10,"src_nb":[4,3145728,3145728,12582912],"src_ne":[786432,1,4,1],"width":786432}
M5_PROFILE {"context":"74e2de0000","graph":100,"cb":1,"original_nodes":3,"gpu_start_s":244743.449547875,"gpu_end_s":244743.449616500,"gpu_ms":0.068625,"valid":true,"completed":true,"op_counts":{"CPY":1,"VIEW":2}}
M5_COPY_RETURN {"copy_bytes":12582912,"dst_nb":[4,3145728,3145728,12582912],"dst_ne":[786432,1,4,1],"layout":"contiguous","phase":"measure","rows":4,"sample":10,"src_nb":[4,3145728,3145728,12582912],"src_ne":[786432,1,4,1],"wall_us":246.667,"width":786432}
M5_COPY_CALL {"copy_bytes":12582912,"dst_nb":[4,3145728,3145728,12582912],"dst_ne":[786432,1,4,1],"layout":"contiguous","phase":"measure","rows":4,"sample":11,"src_nb":[4,3145728,3145728,12582912],"src_ne":[786432,1,4,1],"width":786432}
M5_PROFILE {"context":"74e2de0000","graph":101,"cb":1,"original_nodes":3,"gpu_start_s":244743.449799792,"gpu_end_s":244743.449868375,"gpu_ms":0.068583,"valid":true,"completed":true,"op_counts":{"CPY":1,"VIEW":2}}
M5_COPY_RETURN {"copy_bytes":12582912,"dst_nb":[4,3145728,3145728,12582912],"dst_ne":[786432,1,4,1],"layout":"contiguous","phase":"measure","rows":4,"sample":11,"src_nb":[4,3145728,3145728,12582912],"src_ne":[786432,1,4,1],"wall_us":243.625,"width":786432}
M5_COPY_CALL {"copy_bytes":12582912,"dst_nb":[4,3145728,3145728,12582912],"dst_ne":[786432,1,4,1],"layout":"contiguous","phase":"measure","rows":4,"sample":12,"src_nb":[4,3145728,3145728,12582912],"src_ne":[786432,1,4,1],"width":786432}
M5_PROFILE {"context":"74e2de0000","graph":102,"cb":1,"original_nodes":3,"gpu_start_s":244743.450062500,"gpu_end_s":244743.450131042,"gpu_ms":0.068542,"valid":true,"completed":true,"op_counts":{"CPY":1,"VIEW":2}}
M5_COPY_RETURN {"copy_bytes":12582912,"dst_nb":[4,3145728,3145728,12582912],"dst_ne":[786432,1,4,1],"layout":"contiguous","phase":"measure","rows":4,"sample":12,"src_nb":[4,3145728,3145728,12582912],"src_ne":[786432,1,4,1],"wall_us":254.083,"width":786432}
M5_COPY_CALL {"copy_bytes":12582912,"dst_nb":[4,3145728,3145728,12582912],"dst_ne":[786432,1,4,1],"layout":"contiguous","phase":"measure","rows":4,"sample":13,"src_nb":[4,3145728,3145728,12582912],"src_ne":[786432,1,4,1],"width":786432}
M5_PROFILE {"context":"74e2de0000","graph":103,"cb":1,"original_nodes":3,"gpu_start_s":244743.450322250,"gpu_end_s":244743.450390750,"gpu_ms":0.068500,"valid":true,"completed":true,"op_counts":{"CPY":1,"VIEW":2}}
M5_COPY_RETURN {"copy_bytes":12582912,"dst_nb":[4,3145728,3145728,12582912],"dst_ne":[786432,1,4,1],"layout":"contiguous","phase":"measure","rows":4,"sample":13,"src_nb":[4,3145728,3145728,12582912],"src_ne":[786432,1,4,1],"wall_us":251.375,"width":786432}
M5_COPY_CALL {"copy_bytes":12582912,"dst_nb":[4,3145728,3145728,12582912],"dst_ne":[786432,1,4,1],"layout":"contiguous","phase":"measure","rows":4,"sample":14,"src_nb":[4,3145728,3145728,12582912],"src_ne":[786432,1,4,1],"width":786432}
M5_PROFILE {"context":"74e2de0000","graph":104,"cb":1,"original_nodes":3,"gpu_start_s":244743.450604500,"gpu_end_s":244743.450673000,"gpu_ms":0.068500,"valid":true,"completed":true,"op_counts":{"CPY":1,"VIEW":2}}
M5_COPY_RETURN {"copy_bytes":12582912,"dst_nb":[4,3145728,3145728,12582912],"dst_ne":[786432,1,4,1],"layout":"contiguous","phase":"measure","rows":4,"sample":14,"src_nb":[4,3145728,3145728,12582912],"src_ne":[786432,1,4,1],"wall_us":277.041,"width":786432}
M5_COPY_CALL {"copy_bytes":12582912,"dst_nb":[4,3145728,3145728,12582912],"dst_ne":[786432,1,4,1],"layout":"contiguous","phase":"measure","rows":4,"sample":15,"src_nb":[4,3145728,3145728,12582912],"src_ne":[786432,1,4,1],"width":786432}
M5_PROFILE {"context":"74e2de0000","graph":105,"cb":1,"original_nodes":3,"gpu_start_s":244743.450856125,"gpu_end_s":244743.450924500,"gpu_ms":0.068375,"valid":true,"completed":true,"op_counts":{"CPY":1,"VIEW":2}}
M5_COPY_RETURN {"copy_bytes":12582912,"dst_nb":[4,3145728,3145728,12582912],"dst_ne":[786432,1,4,1],"layout":"contiguous","phase":"measure","rows":4,"sample":15,"src_nb":[4,3145728,3145728,12582912],"src_ne":[786432,1,4,1],"wall_us":245.792,"width":786432}
M5_COPY_CALL {"copy_bytes":12582912,"dst_nb":[4,3145728,3145728,12582912],"dst_ne":[786432,1,4,1],"layout":"contiguous","phase":"measure","rows":4,"sample":16,"src_nb":[4,3145728,3145728,12582912],"src_ne":[786432,1,4,1],"width":786432}
M5_PROFILE {"context":"74e2de0000","graph":106,"cb":1,"original_nodes":3,"gpu_start_s":244743.451108000,"gpu_end_s":244743.451176542,"gpu_ms":0.068542,"valid":true,"completed":true,"op_counts":{"CPY":1,"VIEW":2}}
M5_COPY_RETURN {"copy_bytes":12582912,"dst_nb":[4,3145728,3145728,12582912],"dst_ne":[786432,1,4,1],"layout":"contiguous","phase":"measure","rows":4,"sample":16,"src_nb":[4,3145728,3145728,12582912],"src_ne":[786432,1,4,1],"wall_us":244.125,"width":786432}
M5_COPY_CALL {"copy_bytes":12582912,"dst_nb":[4,3145728,3145728,12582912],"dst_ne":[786432,1,4,1],"layout":"contiguous","phase":"measure","rows":4,"sample":17,"src_nb":[4,3145728,3145728,12582912],"src_ne":[786432,1,4,1],"width":786432}
M5_PROFILE {"context":"74e2de0000","graph":107,"cb":1,"original_nodes":3,"gpu_start_s":244743.451361417,"gpu_end_s":244743.451430000,"gpu_ms":0.068583,"valid":true,"completed":true,"op_counts":{"CPY":1,"VIEW":2}}
M5_COPY_RETURN {"copy_bytes":12582912,"dst_nb":[4,3145728,3145728,12582912],"dst_ne":[786432,1,4,1],"layout":"contiguous","phase":"measure","rows":4,"sample":17,"src_nb":[4,3145728,3145728,12582912],"src_ne":[786432,1,4,1],"wall_us":253.125,"width":786432}
M5_COPY_CALL {"copy_bytes":12582912,"dst_nb":[4,3145728,3145728,12582912],"dst_ne":[786432,1,4,1],"layout":"contiguous","phase":"measure","rows":4,"sample":18,"src_nb":[4,3145728,3145728,12582912],"src_ne":[786432,1,4,1],"width":786432}
M5_PROFILE {"context":"74e2de0000","graph":108,"cb":1,"original_nodes":3,"gpu_start_s":244743.451631042,"gpu_end_s":244743.451699667,"gpu_ms":0.068625,"valid":true,"completed":true,"op_counts":{"CPY":1,"VIEW":2}}
M5_COPY_RETURN {"copy_bytes":12582912,"dst_nb":[4,3145728,3145728,12582912],"dst_ne":[786432,1,4,1],"layout":"contiguous","phase":"measure","rows":4,"sample":18,"src_nb":[4,3145728,3145728,12582912],"src_ne":[786432,1,4,1],"wall_us":254.333,"width":786432}
M5_COPY_CALL {"copy_bytes":12582912,"dst_nb":[4,3145728,3145728,12582912],"dst_ne":[786432,1,4,1],"layout":"contiguous","phase":"measure","rows":4,"sample":19,"src_nb":[4,3145728,3145728,12582912],"src_ne":[786432,1,4,1],"width":786432}
M5_PROFILE {"context":"74e2de0000","graph":109,"cb":1,"original_nodes":3,"gpu_start_s":244743.451891250,"gpu_end_s":244743.451959875,"gpu_ms":0.068625,"valid":true,"completed":true,"op_counts":{"CPY":1,"VIEW":2}}
M5_COPY_RETURN {"copy_bytes":12582912,"dst_nb":[4,3145728,3145728,12582912],"dst_ne":[786432,1,4,1],"layout":"contiguous","phase":"measure","rows":4,"sample":19,"src_nb":[4,3145728,3145728,12582912],"src_ne":[786432,1,4,1],"wall_us":257.208,"width":786432}
M5_COPY_CALL {"copy_bytes":12582912,"dst_nb":[4,3145728,3145728,12582912],"dst_ne":[786432,1,4,1],"layout":"contiguous","phase":"measure","rows":4,"sample":20,"src_nb":[4,3145728,3145728,12582912],"src_ne":[786432,1,4,1],"width":786432}
M5_PROFILE {"context":"74e2de0000","graph":110,"cb":1,"original_nodes":3,"gpu_start_s":244743.452128625,"gpu_end_s":244743.452197250,"gpu_ms":0.068625,"valid":true,"completed":true,"op_counts":{"CPY":1,"VIEW":2}}
M5_COPY_RETURN {"copy_bytes":12582912,"dst_nb":[4,3145728,3145728,12582912],"dst_ne":[786432,1,4,1],"layout":"contiguous","phase":"measure","rows":4,"sample":20,"src_nb":[4,3145728,3145728,12582912],"src_ne":[786432,1,4,1],"wall_us":232.084,"width":786432}
M5_COPY_CALL {"copy_bytes":12582912,"dst_nb":[4,3145728,3145728,12582912],"dst_ne":[786432,1,4,1],"layout":"contiguous","phase":"measure","rows":4,"sample":21,"src_nb":[4,3145728,3145728,12582912],"src_ne":[786432,1,4,1],"width":786432}
M5_PROFILE {"context":"74e2de0000","graph":111,"cb":1,"original_nodes":3,"gpu_start_s":244743.452403500,"gpu_end_s":244743.452472125,"gpu_ms":0.068625,"valid":true,"completed":true,"op_counts":{"CPY":1,"VIEW":2}}
M5_COPY_RETURN {"copy_bytes":12582912,"dst_nb":[4,3145728,3145728,12582912],"dst_ne":[786432,1,4,1],"layout":"contiguous","phase":"measure","rows":4,"sample":21,"src_nb":[4,3145728,3145728,12582912],"src_ne":[786432,1,4,1],"wall_us":261.125,"width":786432}
M5_COPY_CALL {"copy_bytes":12582912,"dst_nb":[4,3145728,3145728,12582912],"dst_ne":[786432,1,4,1],"layout":"contiguous","phase":"measure","rows":4,"sample":22,"src_nb":[4,3145728,3145728,12582912],"src_ne":[786432,1,4,1],"width":786432}
M5_PROFILE {"context":"74e2de0000","graph":112,"cb":1,"original_nodes":3,"gpu_start_s":244743.452666167,"gpu_end_s":244743.452734667,"gpu_ms":0.068500,"valid":true,"completed":true,"op_counts":{"CPY":1,"VIEW":2}}
M5_COPY_RETURN {"copy_bytes":12582912,"dst_nb":[4,3145728,3145728,12582912],"dst_ne":[786432,1,4,1],"layout":"contiguous","phase":"measure","rows":4,"sample":22,"src_nb":[4,3145728,3145728,12582912],"src_ne":[786432,1,4,1],"wall_us":253.833,"width":786432}
M5_COPY_CALL {"copy_bytes":12582912,"dst_nb":[4,3145728,3145728,12582912],"dst_ne":[786432,1,4,1],"layout":"contiguous","phase":"measure","rows":4,"sample":23,"src_nb":[4,3145728,3145728,12582912],"src_ne":[786432,1,4,1],"width":786432}
M5_PROFILE {"context":"74e2de0000","graph":113,"cb":1,"original_nodes":3,"gpu_start_s":244743.452949250,"gpu_end_s":244743.453017875,"gpu_ms":0.068625,"valid":true,"completed":true,"op_counts":{"CPY":1,"VIEW":2}}
M5_COPY_RETURN {"copy_bytes":12582912,"dst_nb":[4,3145728,3145728,12582912],"dst_ne":[786432,1,4,1],"layout":"contiguous","phase":"measure","rows":4,"sample":23,"src_nb":[4,3145728,3145728,12582912],"src_ne":[786432,1,4,1],"wall_us":278.0,"width":786432}
M5_COPY_CALL {"copy_bytes":12582912,"dst_nb":[4,3145728,3145728,12582912],"dst_ne":[786432,1,4,1],"layout":"contiguous","phase":"measure","rows":4,"sample":24,"src_nb":[4,3145728,3145728,12582912],"src_ne":[786432,1,4,1],"width":786432}
M5_PROFILE {"context":"74e2de0000","graph":114,"cb":1,"original_nodes":3,"gpu_start_s":244743.453211542,"gpu_end_s":244743.453280042,"gpu_ms":0.068500,"valid":true,"completed":true,"op_counts":{"CPY":1,"VIEW":2}}
M5_COPY_RETURN {"copy_bytes":12582912,"dst_nb":[4,3145728,3145728,12582912],"dst_ne":[786432,1,4,1],"layout":"contiguous","phase":"measure","rows":4,"sample":24,"src_nb":[4,3145728,3145728,12582912],"src_ne":[786432,1,4,1],"wall_us":253.916,"width":786432}
M5_COPY_CALL {"copy_bytes":12582912,"dst_nb":[4,3145728,3145728,12582912],"dst_ne":[786432,1,4,1],"layout":"contiguous","phase":"measure","rows":4,"sample":25,"src_nb":[4,3145728,3145728,12582912],"src_ne":[786432,1,4,1],"width":786432}
M5_PROFILE {"context":"74e2de0000","graph":115,"cb":1,"original_nodes":3,"gpu_start_s":244743.453459750,"gpu_end_s":244743.453528375,"gpu_ms":0.068625,"valid":true,"completed":true,"op_counts":{"CPY":1,"VIEW":2}}
M5_COPY_RETURN {"copy_bytes":12582912,"dst_nb":[4,3145728,3145728,12582912],"dst_ne":[786432,1,4,1],"layout":"contiguous","phase":"measure","rows":4,"sample":25,"src_nb":[4,3145728,3145728,12582912],"src_ne":[786432,1,4,1],"wall_us":243.708,"width":786432}
M5_COPY_CALL {"copy_bytes":12582912,"dst_nb":[4,3145728,3145728,12582912],"dst_ne":[786432,1,4,1],"layout":"contiguous","phase":"measure","rows":4,"sample":26,"src_nb":[4,3145728,3145728,12582912],"src_ne":[786432,1,4,1],"width":786432}
M5_PROFILE {"context":"74e2de0000","graph":116,"cb":1,"original_nodes":3,"gpu_start_s":244743.453708875,"gpu_end_s":244743.453777375,"gpu_ms":0.068500,"valid":true,"completed":true,"op_counts":{"CPY":1,"VIEW":2}}
M5_COPY_RETURN {"copy_bytes":12582912,"dst_nb":[4,3145728,3145728,12582912],"dst_ne":[786432,1,4,1],"layout":"contiguous","phase":"measure","rows":4,"sample":26,"src_nb":[4,3145728,3145728,12582912],"src_ne":[786432,1,4,1],"wall_us":245.417,"width":786432}
M5_COPY_CALL {"copy_bytes":12582912,"dst_nb":[4,3145728,3145728,12582912],"dst_ne":[786432,1,4,1],"layout":"contiguous","phase":"measure","rows":4,"sample":27,"src_nb":[4,3145728,3145728,12582912],"src_ne":[786432,1,4,1],"width":786432}
M5_PROFILE {"context":"74e2de0000","graph":117,"cb":1,"original_nodes":3,"gpu_start_s":244743.453943292,"gpu_end_s":244743.454011750,"gpu_ms":0.068458,"valid":true,"completed":true,"op_counts":{"CPY":1,"VIEW":2}}
M5_COPY_RETURN {"copy_bytes":12582912,"dst_nb":[4,3145728,3145728,12582912],"dst_ne":[786432,1,4,1],"layout":"contiguous","phase":"measure","rows":4,"sample":27,"src_nb":[4,3145728,3145728,12582912],"src_ne":[786432,1,4,1],"wall_us":229.875,"width":786432}
M5_COPY_CALL {"copy_bytes":12582912,"dst_nb":[4,3145728,3145728,12582912],"dst_ne":[786432,1,4,1],"layout":"contiguous","phase":"measure","rows":4,"sample":28,"src_nb":[4,3145728,3145728,12582912],"src_ne":[786432,1,4,1],"width":786432}
M5_PROFILE {"context":"74e2de0000","graph":118,"cb":1,"original_nodes":3,"gpu_start_s":244743.454247000,"gpu_end_s":244743.454315500,"gpu_ms":0.068500,"valid":true,"completed":true,"op_counts":{"CPY":1,"VIEW":2}}
M5_COPY_RETURN {"copy_bytes":12582912,"dst_nb":[4,3145728,3145728,12582912],"dst_ne":[786432,1,4,1],"layout":"contiguous","phase":"measure","rows":4,"sample":28,"src_nb":[4,3145728,3145728,12582912],"src_ne":[786432,1,4,1],"wall_us":291.667,"width":786432}
M5_COPY_CALL {"copy_bytes":12582912,"dst_nb":[4,3145728,3145728,12582912],"dst_ne":[786432,1,4,1],"layout":"contiguous","phase":"measure","rows":4,"sample":29,"src_nb":[4,3145728,3145728,12582912],"src_ne":[786432,1,4,1],"width":786432}
M5_PROFILE {"context":"74e2de0000","graph":119,"cb":1,"original_nodes":3,"gpu_start_s":244743.454495417,"gpu_end_s":244743.454564042,"gpu_ms":0.068625,"valid":true,"completed":true,"op_counts":{"CPY":1,"VIEW":2}}
M5_COPY_RETURN {"copy_bytes":12582912,"dst_nb":[4,3145728,3145728,12582912],"dst_ne":[786432,1,4,1],"layout":"contiguous","phase":"measure","rows":4,"sample":29,"src_nb":[4,3145728,3145728,12582912],"src_ne":[786432,1,4,1],"wall_us":241.5,"width":786432}
M5_COPY_CALL {"copy_bytes":12582912,"dst_nb":[4,3145728,3145728,12582912],"dst_ne":[786432,1,4,1],"layout":"contiguous","phase":"measure","rows":4,"sample":30,"src_nb":[4,3145728,3145728,12582912],"src_ne":[786432,1,4,1],"width":786432}
M5_PROFILE {"context":"74e2de0000","graph":120,"cb":1,"original_nodes":3,"gpu_start_s":244743.454746292,"gpu_end_s":244743.454814875,"gpu_ms":0.068583,"valid":true,"completed":true,"op_counts":{"CPY":1,"VIEW":2}}
M5_COPY_RETURN {"copy_bytes":12582912,"dst_nb":[4,3145728,3145728,12582912],"dst_ne":[786432,1,4,1],"layout":"contiguous","phase":"measure","rows":4,"sample":30,"src_nb":[4,3145728,3145728,12582912],"src_ne":[786432,1,4,1],"wall_us":244.583,"width":786432}
M5_COPY_CALL {"copy_bytes":12582912,"dst_nb":[4,3145728,3145728,12582912],"dst_ne":[786432,1,4,1],"layout":"contiguous","phase":"measure","rows":4,"sample":31,"src_nb":[4,3145728,3145728,12582912],"src_ne":[786432,1,4,1],"width":786432}
M5_PROFILE {"context":"74e2de0000","graph":121,"cb":1,"original_nodes":3,"gpu_start_s":244743.454994875,"gpu_end_s":244743.455063417,"gpu_ms":0.068542,"valid":true,"completed":true,"op_counts":{"CPY":1,"VIEW":2}}
M5_COPY_RETURN {"copy_bytes":12582912,"dst_nb":[4,3145728,3145728,12582912],"dst_ne":[786432,1,4,1],"layout":"contiguous","phase":"measure","rows":4,"sample":31,"src_nb":[4,3145728,3145728,12582912],"src_ne":[786432,1,4,1],"wall_us":241.083,"width":786432}
M5_COPY_CALL {"copy_bytes":12582912,"dst_nb":[4,3145728,3145728,12582912],"dst_ne":[786432,1,4,1],"layout":"contiguous","phase":"measure","rows":4,"sample":32,"src_nb":[4,3145728,3145728,12582912],"src_ne":[786432,1,4,1],"width":786432}
M5_PROFILE {"context":"74e2de0000","graph":122,"cb":1,"original_nodes":3,"gpu_start_s":244743.455275000,"gpu_end_s":244743.455343500,"gpu_ms":0.068500,"valid":true,"completed":true,"op_counts":{"CPY":1,"VIEW":2}}
M5_COPY_RETURN {"copy_bytes":12582912,"dst_nb":[4,3145728,3145728,12582912],"dst_ne":[786432,1,4,1],"layout":"contiguous","phase":"measure","rows":4,"sample":32,"src_nb":[4,3145728,3145728,12582912],"src_ne":[786432,1,4,1],"wall_us":270.667,"width":786432}
M5_COPY_CALL {"copy_bytes":12582912,"dst_nb":[4,3145728,3145728,12582912],"dst_ne":[786432,1,4,1],"layout":"contiguous","phase":"measure","rows":4,"sample":33,"src_nb":[4,3145728,3145728,12582912],"src_ne":[786432,1,4,1],"width":786432}
M5_PROFILE {"context":"74e2de0000","graph":123,"cb":1,"original_nodes":3,"gpu_start_s":244743.455533917,"gpu_end_s":244743.455602542,"gpu_ms":0.068625,"valid":true,"completed":true,"op_counts":{"CPY":1,"VIEW":2}}
M5_COPY_RETURN {"copy_bytes":12582912,"dst_nb":[4,3145728,3145728,12582912],"dst_ne":[786432,1,4,1],"layout":"contiguous","phase":"measure","rows":4,"sample":33,"src_nb":[4,3145728,3145728,12582912],"src_ne":[786432,1,4,1],"wall_us":252.542,"width":786432}
M5_COPY_CALL {"copy_bytes":12582912,"dst_nb":[4,3145728,3145728,12582912],"dst_ne":[786432,1,4,1],"layout":"contiguous","phase":"measure","rows":4,"sample":34,"src_nb":[4,3145728,3145728,12582912],"src_ne":[786432,1,4,1],"width":786432}
M5_PROFILE {"context":"74e2de0000","graph":124,"cb":1,"original_nodes":3,"gpu_start_s":244743.455792875,"gpu_end_s":244743.455861625,"gpu_ms":0.068750,"valid":true,"completed":true,"op_counts":{"CPY":1,"VIEW":2}}
M5_COPY_RETURN {"copy_bytes":12582912,"dst_nb":[4,3145728,3145728,12582912],"dst_ne":[786432,1,4,1],"layout":"contiguous","phase":"measure","rows":4,"sample":34,"src_nb":[4,3145728,3145728,12582912],"src_ne":[786432,1,4,1],"wall_us":259.416,"width":786432}
M5_COPY_CALL {"copy_bytes":12582912,"dst_nb":[4,3145728,3145728,12582912],"dst_ne":[786432,1,4,1],"layout":"contiguous","phase":"measure","rows":4,"sample":35,"src_nb":[4,3145728,3145728,12582912],"src_ne":[786432,1,4,1],"width":786432}
M5_PROFILE {"context":"74e2de0000","graph":125,"cb":1,"original_nodes":3,"gpu_start_s":244743.456117417,"gpu_end_s":244743.456186125,"gpu_ms":0.068708,"valid":true,"completed":true,"op_counts":{"CPY":1,"VIEW":2}}
M5_COPY_RETURN {"copy_bytes":12582912,"dst_nb":[4,3145728,3145728,12582912],"dst_ne":[786432,1,4,1],"layout":"contiguous","phase":"measure","rows":4,"sample":35,"src_nb":[4,3145728,3145728,12582912],"src_ne":[786432,1,4,1],"wall_us":323.209,"width":786432}
M5_COPY_CALL {"copy_bytes":12582912,"dst_nb":[4,3145728,3145728,12582912],"dst_ne":[786432,1,4,1],"layout":"contiguous","phase":"measure","rows":4,"sample":36,"src_nb":[4,3145728,3145728,12582912],"src_ne":[786432,1,4,1],"width":786432}
M5_PROFILE {"context":"74e2de0000","graph":126,"cb":1,"original_nodes":3,"gpu_start_s":244743.456379875,"gpu_end_s":244743.456448417,"gpu_ms":0.068542,"valid":true,"completed":true,"op_counts":{"CPY":1,"VIEW":2}}
M5_COPY_RETURN {"copy_bytes":12582912,"dst_nb":[4,3145728,3145728,12582912],"dst_ne":[786432,1,4,1],"layout":"contiguous","phase":"measure","rows":4,"sample":36,"src_nb":[4,3145728,3145728,12582912],"src_ne":[786432,1,4,1],"wall_us":245.042,"width":786432}
M5_COPY_CALL {"copy_bytes":12582912,"dst_nb":[4,3145728,3145728,12582912],"dst_ne":[786432,1,4,1],"layout":"contiguous","phase":"measure","rows":4,"sample":37,"src_nb":[4,3145728,3145728,12582912],"src_ne":[786432,1,4,1],"width":786432}
M5_PROFILE {"context":"74e2de0000","graph":127,"cb":1,"original_nodes":3,"gpu_start_s":244743.456604500,"gpu_end_s":244743.456673042,"gpu_ms":0.068542,"valid":true,"completed":true,"op_counts":{"CPY":1,"VIEW":2}}
M5_COPY_RETURN {"copy_bytes":12582912,"dst_nb":[4,3145728,3145728,12582912],"dst_ne":[786432,1,4,1],"layout":"contiguous","phase":"measure","rows":4,"sample":37,"src_nb":[4,3145728,3145728,12582912],"src_ne":[786432,1,4,1],"wall_us":220.291,"width":786432}
M5_COPY_CALL {"copy_bytes":12582912,"dst_nb":[4,3145728,3145728,12582912],"dst_ne":[786432,1,4,1],"layout":"contiguous","phase":"measure","rows":4,"sample":38,"src_nb":[4,3145728,3145728,12582912],"src_ne":[786432,1,4,1],"width":786432}
M5_PROFILE {"context":"74e2de0000","graph":128,"cb":1,"original_nodes":3,"gpu_start_s":244743.456829917,"gpu_end_s":244743.456898542,"gpu_ms":0.068625,"valid":true,"completed":true,"op_counts":{"CPY":1,"VIEW":2}}
M5_COPY_RETURN {"copy_bytes":12582912,"dst_nb":[4,3145728,3145728,12582912],"dst_ne":[786432,1,4,1],"layout":"contiguous","phase":"measure","rows":4,"sample":38,"src_nb":[4,3145728,3145728,12582912],"src_ne":[786432,1,4,1],"wall_us":212.5,"width":786432}
M5_COPY_CALL {"copy_bytes":12582912,"dst_nb":[4,3145728,3145728,12582912],"dst_ne":[786432,1,4,1],"layout":"contiguous","phase":"measure","rows":4,"sample":39,"src_nb":[4,3145728,3145728,12582912],"src_ne":[786432,1,4,1],"width":786432}
M5_PROFILE {"context":"74e2de0000","graph":129,"cb":1,"original_nodes":3,"gpu_start_s":244743.457061500,"gpu_end_s":244743.457129917,"gpu_ms":0.068417,"valid":true,"completed":true,"op_counts":{"CPY":1,"VIEW":2}}
M5_COPY_RETURN {"copy_bytes":12582912,"dst_nb":[4,3145728,3145728,12582912],"dst_ne":[786432,1,4,1],"layout":"contiguous","phase":"measure","rows":4,"sample":39,"src_nb":[4,3145728,3145728,12582912],"src_ne":[786432,1,4,1],"wall_us":221.041,"width":786432}
M5_COPY_PASS {"copy_bytes":12582912,"dst_nb":[4,3145728,3145728,12582912],"dst_ne":[786432,1,4,1],"layout":"contiguous","rows":4,"src_nb":[4,3145728,3145728,12582912],"src_ne":[786432,1,4,1],"width":786432}
M5_COPY_CALL {"copy_bytes":12582912,"dst_nb":[4,3145728,18874368,75497472],"dst_ne":[786432,1,4,1],"layout":"strided","phase":"warmup","rows":4,"sample":-3,"src_nb":[4,3145728,3145744,12582976],"src_ne":[786432,1,4,1],"width":786432}
M5_PROFILE {"context":"74e2de0000","graph":130,"cb":1,"original_nodes":3,"gpu_start_s":244743.485783792,"gpu_end_s":244743.486140042,"gpu_ms":0.356250,"valid":true,"completed":true,"op_counts":{"CPY":1,"VIEW":2}}
M5_COPY_RETURN {"copy_bytes":12582912,"dst_nb":[4,3145728,18874368,75497472],"dst_ne":[786432,1,4,1],"layout":"strided","phase":"warmup","rows":4,"sample":-3,"src_nb":[4,3145728,3145744,12582976],"src_ne":[786432,1,4,1],"wall_us":1185.334,"width":786432}
M5_COPY_CALL {"copy_bytes":12582912,"dst_nb":[4,3145728,18874368,75497472],"dst_ne":[786432,1,4,1],"layout":"strided","phase":"warmup","rows":4,"sample":-2,"src_nb":[4,3145728,3145744,12582976],"src_ne":[786432,1,4,1],"width":786432}
M5_PROFILE {"context":"74e2de0000","graph":131,"cb":1,"original_nodes":3,"gpu_start_s":244743.486311500,"gpu_end_s":244743.486399250,"gpu_ms":0.087750,"valid":true,"completed":true,"op_counts":{"CPY":1,"VIEW":2}}
M5_COPY_RETURN {"copy_bytes":12582912,"dst_nb":[4,3145728,18874368,75497472],"dst_ne":[786432,1,4,1],"layout":"strided","phase":"warmup","rows":4,"sample":-2,"src_nb":[4,3145728,3145744,12582976],"src_ne":[786432,1,4,1],"wall_us":237.083,"width":786432}
M5_COPY_CALL {"copy_bytes":12582912,"dst_nb":[4,3145728,18874368,75497472],"dst_ne":[786432,1,4,1],"layout":"strided","phase":"warmup","rows":4,"sample":-1,"src_nb":[4,3145728,3145744,12582976],"src_ne":[786432,1,4,1],"width":786432}
M5_PROFILE {"context":"74e2de0000","graph":132,"cb":1,"original_nodes":3,"gpu_start_s":244743.486558125,"gpu_end_s":244743.486640042,"gpu_ms":0.081917,"valid":true,"completed":true,"op_counts":{"CPY":1,"VIEW":2}}
M5_COPY_RETURN {"copy_bytes":12582912,"dst_nb":[4,3145728,18874368,75497472],"dst_ne":[786432,1,4,1],"layout":"strided","phase":"warmup","rows":4,"sample":-1,"src_nb":[4,3145728,3145744,12582976],"src_ne":[786432,1,4,1],"wall_us":232.917,"width":786432}
M5_COPY_CALL {"copy_bytes":12582912,"dst_nb":[4,3145728,18874368,75497472],"dst_ne":[786432,1,4,1],"layout":"strided","phase":"measure","rows":4,"sample":0,"src_nb":[4,3145728,3145744,12582976],"src_ne":[786432,1,4,1],"width":786432}
M5_PROFILE {"context":"74e2de0000","graph":133,"cb":1,"original_nodes":3,"gpu_start_s":244743.486807167,"gpu_end_s":244743.486889250,"gpu_ms":0.082083,"valid":true,"completed":true,"op_counts":{"CPY":1,"VIEW":2}}
M5_COPY_RETURN {"copy_bytes":12582912,"dst_nb":[4,3145728,18874368,75497472],"dst_ne":[786432,1,4,1],"layout":"strided","phase":"measure","rows":4,"sample":0,"src_nb":[4,3145728,3145744,12582976],"src_ne":[786432,1,4,1],"wall_us":243.834,"width":786432}
M5_COPY_CALL {"copy_bytes":12582912,"dst_nb":[4,3145728,18874368,75497472],"dst_ne":[786432,1,4,1],"layout":"strided","phase":"measure","rows":4,"sample":1,"src_nb":[4,3145728,3145744,12582976],"src_ne":[786432,1,4,1],"width":786432}
M5_PROFILE {"context":"74e2de0000","graph":134,"cb":1,"original_nodes":3,"gpu_start_s":244743.487057000,"gpu_end_s":244743.487139000,"gpu_ms":0.082000,"valid":true,"completed":true,"op_counts":{"CPY":1,"VIEW":2}}
M5_COPY_RETURN {"copy_bytes":12582912,"dst_nb":[4,3145728,18874368,75497472],"dst_ne":[786432,1,4,1],"layout":"strided","phase":"measure","rows":4,"sample":1,"src_nb":[4,3145728,3145744,12582976],"src_ne":[786432,1,4,1],"wall_us":234.292,"width":786432}
M5_COPY_CALL {"copy_bytes":12582912,"dst_nb":[4,3145728,18874368,75497472],"dst_ne":[786432,1,4,1],"layout":"strided","phase":"measure","rows":4,"sample":2,"src_nb":[4,3145728,3145744,12582976],"src_ne":[786432,1,4,1],"width":786432}
M5_PROFILE {"context":"74e2de0000","graph":135,"cb":1,"original_nodes":3,"gpu_start_s":244743.487308375,"gpu_end_s":244743.487390500,"gpu_ms":0.082125,"valid":true,"completed":true,"op_counts":{"CPY":1,"VIEW":2}}
M5_COPY_RETURN {"copy_bytes":12582912,"dst_nb":[4,3145728,18874368,75497472],"dst_ne":[786432,1,4,1],"layout":"strided","phase":"measure","rows":4,"sample":2,"src_nb":[4,3145728,3145744,12582976],"src_ne":[786432,1,4,1],"wall_us":241.792,"width":786432}
M5_COPY_CALL {"copy_bytes":12582912,"dst_nb":[4,3145728,18874368,75497472],"dst_ne":[786432,1,4,1],"layout":"strided","phase":"measure","rows":4,"sample":3,"src_nb":[4,3145728,3145744,12582976],"src_ne":[786432,1,4,1],"width":786432}
M5_PROFILE {"context":"74e2de0000","graph":136,"cb":1,"original_nodes":3,"gpu_start_s":244743.487570542,"gpu_end_s":244743.487652500,"gpu_ms":0.081958,"valid":true,"completed":true,"op_counts":{"CPY":1,"VIEW":2}}
M5_COPY_RETURN {"copy_bytes":12582912,"dst_nb":[4,3145728,18874368,75497472],"dst_ne":[786432,1,4,1],"layout":"strided","phase":"measure","rows":4,"sample":3,"src_nb":[4,3145728,3145744,12582976],"src_ne":[786432,1,4,1],"wall_us":252.167,"width":786432}
M5_COPY_CALL {"copy_bytes":12582912,"dst_nb":[4,3145728,18874368,75497472],"dst_ne":[786432,1,4,1],"layout":"strided","phase":"measure","rows":4,"sample":4,"src_nb":[4,3145728,3145744,12582976],"src_ne":[786432,1,4,1],"width":786432}
M5_PROFILE {"context":"74e2de0000","graph":137,"cb":1,"original_nodes":3,"gpu_start_s":244743.487833417,"gpu_end_s":244743.487916417,"gpu_ms":0.083000,"valid":true,"completed":true,"op_counts":{"CPY":1,"VIEW":2}}
M5_COPY_RETURN {"copy_bytes":12582912,"dst_nb":[4,3145728,18874368,75497472],"dst_ne":[786432,1,4,1],"layout":"strided","phase":"measure","rows":4,"sample":4,"src_nb":[4,3145728,3145744,12582976],"src_ne":[786432,1,4,1],"wall_us":257.958,"width":786432}
M5_COPY_CALL {"copy_bytes":12582912,"dst_nb":[4,3145728,18874368,75497472],"dst_ne":[786432,1,4,1],"layout":"strided","phase":"measure","rows":4,"sample":5,"src_nb":[4,3145728,3145744,12582976],"src_ne":[786432,1,4,1],"width":786432}
M5_PROFILE {"context":"74e2de0000","graph":138,"cb":1,"original_nodes":3,"gpu_start_s":244743.488093667,"gpu_end_s":244743.488175500,"gpu_ms":0.081833,"valid":true,"completed":true,"op_counts":{"CPY":1,"VIEW":2}}
M5_COPY_RETURN {"copy_bytes":12582912,"dst_nb":[4,3145728,18874368,75497472],"dst_ne":[786432,1,4,1],"layout":"strided","phase":"measure","rows":4,"sample":5,"src_nb":[4,3145728,3145744,12582976],"src_ne":[786432,1,4,1],"wall_us":253.0,"width":786432}
M5_COPY_CALL {"copy_bytes":12582912,"dst_nb":[4,3145728,18874368,75497472],"dst_ne":[786432,1,4,1],"layout":"strided","phase":"measure","rows":4,"sample":6,"src_nb":[4,3145728,3145744,12582976],"src_ne":[786432,1,4,1],"width":786432}
M5_PROFILE {"context":"74e2de0000","graph":139,"cb":1,"original_nodes":3,"gpu_start_s":244743.488347167,"gpu_end_s":244743.488429042,"gpu_ms":0.081875,"valid":true,"completed":true,"op_counts":{"CPY":1,"VIEW":2}}
M5_COPY_RETURN {"copy_bytes":12582912,"dst_nb":[4,3145728,18874368,75497472],"dst_ne":[786432,1,4,1],"layout":"strided","phase":"measure","rows":4,"sample":6,"src_nb":[4,3145728,3145744,12582976],"src_ne":[786432,1,4,1],"wall_us":253.584,"width":786432}
M5_COPY_CALL {"copy_bytes":12582912,"dst_nb":[4,3145728,18874368,75497472],"dst_ne":[786432,1,4,1],"layout":"strided","phase":"measure","rows":4,"sample":7,"src_nb":[4,3145728,3145744,12582976],"src_ne":[786432,1,4,1],"width":786432}
M5_PROFILE {"context":"74e2de0000","graph":140,"cb":1,"original_nodes":3,"gpu_start_s":244743.488604375,"gpu_end_s":244743.488686417,"gpu_ms":0.082042,"valid":true,"completed":true,"op_counts":{"CPY":1,"VIEW":2}}
M5_COPY_RETURN {"copy_bytes":12582912,"dst_nb":[4,3145728,18874368,75497472],"dst_ne":[786432,1,4,1],"layout":"strided","phase":"measure","rows":4,"sample":7,"src_nb":[4,3145728,3145744,12582976],"src_ne":[786432,1,4,1],"wall_us":246.667,"width":786432}
M5_COPY_CALL {"copy_bytes":12582912,"dst_nb":[4,3145728,18874368,75497472],"dst_ne":[786432,1,4,1],"layout":"strided","phase":"measure","rows":4,"sample":8,"src_nb":[4,3145728,3145744,12582976],"src_ne":[786432,1,4,1],"width":786432}
M5_PROFILE {"context":"74e2de0000","graph":141,"cb":1,"original_nodes":3,"gpu_start_s":244743.488869375,"gpu_end_s":244743.488951250,"gpu_ms":0.081875,"valid":true,"completed":true,"op_counts":{"CPY":1,"VIEW":2}}
M5_COPY_RETURN {"copy_bytes":12582912,"dst_nb":[4,3145728,18874368,75497472],"dst_ne":[786432,1,4,1],"layout":"strided","phase":"measure","rows":4,"sample":8,"src_nb":[4,3145728,3145744,12582976],"src_ne":[786432,1,4,1],"wall_us":260.709,"width":786432}
M5_COPY_CALL {"copy_bytes":12582912,"dst_nb":[4,3145728,18874368,75497472],"dst_ne":[786432,1,4,1],"layout":"strided","phase":"measure","rows":4,"sample":9,"src_nb":[4,3145728,3145744,12582976],"src_ne":[786432,1,4,1],"width":786432}
M5_PROFILE {"context":"74e2de0000","graph":142,"cb":1,"original_nodes":3,"gpu_start_s":244743.489135625,"gpu_end_s":244743.489217750,"gpu_ms":0.082125,"valid":true,"completed":true,"op_counts":{"CPY":1,"VIEW":2}}
M5_COPY_RETURN {"copy_bytes":12582912,"dst_nb":[4,3145728,18874368,75497472],"dst_ne":[786432,1,4,1],"layout":"strided","phase":"measure","rows":4,"sample":9,"src_nb":[4,3145728,3145744,12582976],"src_ne":[786432,1,4,1],"wall_us":262.542,"width":786432}
M5_COPY_CALL {"copy_bytes":12582912,"dst_nb":[4,3145728,18874368,75497472],"dst_ne":[786432,1,4,1],"layout":"strided","phase":"measure","rows":4,"sample":10,"src_nb":[4,3145728,3145744,12582976],"src_ne":[786432,1,4,1],"width":786432}
M5_PROFILE {"context":"74e2de0000","graph":143,"cb":1,"original_nodes":3,"gpu_start_s":244743.489555500,"gpu_end_s":244743.489681500,"gpu_ms":0.126000,"valid":true,"completed":true,"op_counts":{"CPY":1,"VIEW":2}}
M5_COPY_RETURN {"copy_bytes":12582912,"dst_nb":[4,3145728,18874368,75497472],"dst_ne":[786432,1,4,1],"layout":"strided","phase":"measure","rows":4,"sample":10,"src_nb":[4,3145728,3145744,12582976],"src_ne":[786432,1,4,1],"wall_us":452.292,"width":786432}
M5_COPY_CALL {"copy_bytes":12582912,"dst_nb":[4,3145728,18874368,75497472],"dst_ne":[786432,1,4,1],"layout":"strided","phase":"measure","rows":4,"sample":11,"src_nb":[4,3145728,3145744,12582976],"src_ne":[786432,1,4,1],"width":786432}
M5_PROFILE {"context":"74e2de0000","graph":144,"cb":1,"original_nodes":3,"gpu_start_s":244743.489910875,"gpu_end_s":244743.490036750,"gpu_ms":0.125875,"valid":true,"completed":true,"op_counts":{"CPY":1,"VIEW":2}}
M5_COPY_RETURN {"copy_bytes":12582912,"dst_nb":[4,3145728,18874368,75497472],"dst_ne":[786432,1,4,1],"layout":"strided","phase":"measure","rows":4,"sample":11,"src_nb":[4,3145728,3145744,12582976],"src_ne":[786432,1,4,1],"wall_us":344.542,"width":786432}
M5_COPY_CALL {"copy_bytes":12582912,"dst_nb":[4,3145728,18874368,75497472],"dst_ne":[786432,1,4,1],"layout":"strided","phase":"measure","rows":4,"sample":12,"src_nb":[4,3145728,3145744,12582976],"src_ne":[786432,1,4,1],"width":786432}
M5_PROFILE {"context":"74e2de0000","graph":145,"cb":1,"original_nodes":3,"gpu_start_s":244743.490253417,"gpu_end_s":244743.490379375,"gpu_ms":0.125958,"valid":true,"completed":true,"op_counts":{"CPY":1,"VIEW":2}}
M5_COPY_RETURN {"copy_bytes":12582912,"dst_nb":[4,3145728,18874368,75497472],"dst_ne":[786432,1,4,1],"layout":"strided","phase":"measure","rows":4,"sample":12,"src_nb":[4,3145728,3145744,12582976],"src_ne":[786432,1,4,1],"wall_us":331.875,"width":786432}
M5_COPY_CALL {"copy_bytes":12582912,"dst_nb":[4,3145728,18874368,75497472],"dst_ne":[786432,1,4,1],"layout":"strided","phase":"measure","rows":4,"sample":13,"src_nb":[4,3145728,3145744,12582976],"src_ne":[786432,1,4,1],"width":786432}
M5_PROFILE {"context":"74e2de0000","graph":146,"cb":1,"original_nodes":3,"gpu_start_s":244743.490539000,"gpu_end_s":244743.490665000,"gpu_ms":0.126000,"valid":true,"completed":true,"op_counts":{"CPY":1,"VIEW":2}}
M5_COPY_RETURN {"copy_bytes":12582912,"dst_nb":[4,3145728,18874368,75497472],"dst_ne":[786432,1,4,1],"layout":"strided","phase":"measure","rows":4,"sample":13,"src_nb":[4,3145728,3145744,12582976],"src_ne":[786432,1,4,1],"wall_us":283.916,"width":786432}
M5_COPY_CALL {"copy_bytes":12582912,"dst_nb":[4,3145728,18874368,75497472],"dst_ne":[786432,1,4,1],"layout":"strided","phase":"measure","rows":4,"sample":14,"src_nb":[4,3145728,3145744,12582976],"src_ne":[786432,1,4,1],"width":786432}
M5_PROFILE {"context":"74e2de0000","graph":147,"cb":1,"original_nodes":3,"gpu_start_s":244743.490817042,"gpu_end_s":244743.490943250,"gpu_ms":0.126208,"valid":true,"completed":true,"op_counts":{"CPY":1,"VIEW":2}}
M5_COPY_RETURN {"copy_bytes":12582912,"dst_nb":[4,3145728,18874368,75497472],"dst_ne":[786432,1,4,1],"layout":"strided","phase":"measure","rows":4,"sample":14,"src_nb":[4,3145728,3145744,12582976],"src_ne":[786432,1,4,1],"wall_us":288.958,"width":786432}
M5_COPY_CALL {"copy_bytes":12582912,"dst_nb":[4,3145728,18874368,75497472],"dst_ne":[786432,1,4,1],"layout":"strided","phase":"measure","rows":4,"sample":15,"src_nb":[4,3145728,3145744,12582976],"src_ne":[786432,1,4,1],"width":786432}
M5_PROFILE {"context":"74e2de0000","graph":148,"cb":1,"original_nodes":3,"gpu_start_s":244743.491134375,"gpu_end_s":244743.491260750,"gpu_ms":0.126375,"valid":true,"completed":true,"op_counts":{"CPY":1,"VIEW":2}}
M5_COPY_RETURN {"copy_bytes":12582912,"dst_nb":[4,3145728,18874368,75497472],"dst_ne":[786432,1,4,1],"layout":"strided","phase":"measure","rows":4,"sample":15,"src_nb":[4,3145728,3145744,12582976],"src_ne":[786432,1,4,1],"wall_us":293.042,"width":786432}
M5_COPY_CALL {"copy_bytes":12582912,"dst_nb":[4,3145728,18874368,75497472],"dst_ne":[786432,1,4,1],"layout":"strided","phase":"measure","rows":4,"sample":16,"src_nb":[4,3145728,3145744,12582976],"src_ne":[786432,1,4,1],"width":786432}
M5_PROFILE {"context":"74e2de0000","graph":149,"cb":1,"original_nodes":3,"gpu_start_s":244743.491504042,"gpu_end_s":244743.491630250,"gpu_ms":0.126208,"valid":true,"completed":true,"op_counts":{"CPY":1,"VIEW":2}}
M5_COPY_RETURN {"copy_bytes":12582912,"dst_nb":[4,3145728,18874368,75497472],"dst_ne":[786432,1,4,1],"layout":"strided","phase":"measure","rows":4,"sample":16,"src_nb":[4,3145728,3145744,12582976],"src_ne":[786432,1,4,1],"wall_us":356.5,"width":786432}
M5_COPY_CALL {"copy_bytes":12582912,"dst_nb":[4,3145728,18874368,75497472],"dst_ne":[786432,1,4,1],"layout":"strided","phase":"measure","rows":4,"sample":17,"src_nb":[4,3145728,3145744,12582976],"src_ne":[786432,1,4,1],"width":786432}
M5_PROFILE {"context":"74e2de0000","graph":150,"cb":1,"original_nodes":3,"gpu_start_s":244743.491799625,"gpu_end_s":244743.491925875,"gpu_ms":0.126250,"valid":true,"completed":true,"op_counts":{"CPY":1,"VIEW":2}}
M5_COPY_RETURN {"copy_bytes":12582912,"dst_nb":[4,3145728,18874368,75497472],"dst_ne":[786432,1,4,1],"layout":"strided","phase":"measure","rows":4,"sample":17,"src_nb":[4,3145728,3145744,12582976],"src_ne":[786432,1,4,1],"wall_us":291.416,"width":786432}
M5_COPY_CALL {"copy_bytes":12582912,"dst_nb":[4,3145728,18874368,75497472],"dst_ne":[786432,1,4,1],"layout":"strided","phase":"measure","rows":4,"sample":18,"src_nb":[4,3145728,3145744,12582976],"src_ne":[786432,1,4,1],"width":786432}
M5_PROFILE {"context":"74e2de0000","graph":151,"cb":1,"original_nodes":3,"gpu_start_s":244743.492114542,"gpu_end_s":244743.492241000,"gpu_ms":0.126458,"valid":true,"completed":true,"op_counts":{"CPY":1,"VIEW":2}}
M5_COPY_RETURN {"copy_bytes":12582912,"dst_nb":[4,3145728,18874368,75497472],"dst_ne":[786432,1,4,1],"layout":"strided","phase":"measure","rows":4,"sample":18,"src_nb":[4,3145728,3145744,12582976],"src_ne":[786432,1,4,1],"wall_us":296.167,"width":786432}
M5_COPY_CALL {"copy_bytes":12582912,"dst_nb":[4,3145728,18874368,75497472],"dst_ne":[786432,1,4,1],"layout":"strided","phase":"measure","rows":4,"sample":19,"src_nb":[4,3145728,3145744,12582976],"src_ne":[786432,1,4,1],"width":786432}
M5_PROFILE {"context":"74e2de0000","graph":152,"cb":1,"original_nodes":3,"gpu_start_s":244743.492395625,"gpu_end_s":244743.492522000,"gpu_ms":0.126375,"valid":true,"completed":true,"op_counts":{"CPY":1,"VIEW":2}}
M5_COPY_RETURN {"copy_bytes":12582912,"dst_nb":[4,3145728,18874368,75497472],"dst_ne":[786432,1,4,1],"layout":"strided","phase":"measure","rows":4,"sample":19,"src_nb":[4,3145728,3145744,12582976],"src_ne":[786432,1,4,1],"wall_us":275.5,"width":786432}
M5_COPY_CALL {"copy_bytes":12582912,"dst_nb":[4,3145728,18874368,75497472],"dst_ne":[786432,1,4,1],"layout":"strided","phase":"measure","rows":4,"sample":20,"src_nb":[4,3145728,3145744,12582976],"src_ne":[786432,1,4,1],"width":786432}
M5_PROFILE {"context":"74e2de0000","graph":153,"cb":1,"original_nodes":3,"gpu_start_s":244743.492743792,"gpu_end_s":244743.492869875,"gpu_ms":0.126083,"valid":true,"completed":true,"op_counts":{"CPY":1,"VIEW":2}}
M5_COPY_RETURN {"copy_bytes":12582912,"dst_nb":[4,3145728,18874368,75497472],"dst_ne":[786432,1,4,1],"layout":"strided","phase":"measure","rows":4,"sample":20,"src_nb":[4,3145728,3145744,12582976],"src_ne":[786432,1,4,1],"wall_us":342.834,"width":786432}
M5_COPY_CALL {"copy_bytes":12582912,"dst_nb":[4,3145728,18874368,75497472],"dst_ne":[786432,1,4,1],"layout":"strided","phase":"measure","rows":4,"sample":21,"src_nb":[4,3145728,3145744,12582976],"src_ne":[786432,1,4,1],"width":786432}
M5_PROFILE {"context":"74e2de0000","graph":154,"cb":1,"original_nodes":3,"gpu_start_s":244743.493042875,"gpu_end_s":244743.493169167,"gpu_ms":0.126292,"valid":true,"completed":true,"op_counts":{"CPY":1,"VIEW":2}}
M5_COPY_RETURN {"copy_bytes":12582912,"dst_nb":[4,3145728,18874368,75497472],"dst_ne":[786432,1,4,1],"layout":"strided","phase":"measure","rows":4,"sample":21,"src_nb":[4,3145728,3145744,12582976],"src_ne":[786432,1,4,1],"wall_us":288.041,"width":786432}
M5_COPY_CALL {"copy_bytes":12582912,"dst_nb":[4,3145728,18874368,75497472],"dst_ne":[786432,1,4,1],"layout":"strided","phase":"measure","rows":4,"sample":22,"src_nb":[4,3145728,3145744,12582976],"src_ne":[786432,1,4,1],"width":786432}
M5_PROFILE {"context":"74e2de0000","graph":155,"cb":1,"original_nodes":3,"gpu_start_s":244743.493344375,"gpu_end_s":244743.493470750,"gpu_ms":0.126375,"valid":true,"completed":true,"op_counts":{"CPY":1,"VIEW":2}}
M5_COPY_RETURN {"copy_bytes":12582912,"dst_nb":[4,3145728,18874368,75497472],"dst_ne":[786432,1,4,1],"layout":"strided","phase":"measure","rows":4,"sample":22,"src_nb":[4,3145728,3145744,12582976],"src_ne":[786432,1,4,1],"wall_us":298.625,"width":786432}
M5_COPY_CALL {"copy_bytes":12582912,"dst_nb":[4,3145728,18874368,75497472],"dst_ne":[786432,1,4,1],"layout":"strided","phase":"measure","rows":4,"sample":23,"src_nb":[4,3145728,3145744,12582976],"src_ne":[786432,1,4,1],"width":786432}
M5_PROFILE {"context":"74e2de0000","graph":156,"cb":1,"original_nodes":3,"gpu_start_s":244743.493645167,"gpu_end_s":244743.493771417,"gpu_ms":0.126250,"valid":true,"completed":true,"op_counts":{"CPY":1,"VIEW":2}}
M5_COPY_RETURN {"copy_bytes":12582912,"dst_nb":[4,3145728,18874368,75497472],"dst_ne":[786432,1,4,1],"layout":"strided","phase":"measure","rows":4,"sample":23,"src_nb":[4,3145728,3145744,12582976],"src_ne":[786432,1,4,1],"wall_us":298.0,"width":786432}
M5_COPY_CALL {"copy_bytes":12582912,"dst_nb":[4,3145728,18874368,75497472],"dst_ne":[786432,1,4,1],"layout":"strided","phase":"measure","rows":4,"sample":24,"src_nb":[4,3145728,3145744,12582976],"src_ne":[786432,1,4,1],"width":786432}
M5_PROFILE {"context":"74e2de0000","graph":157,"cb":1,"original_nodes":3,"gpu_start_s":244743.493943792,"gpu_end_s":244743.494069917,"gpu_ms":0.126125,"valid":true,"completed":true,"op_counts":{"CPY":1,"VIEW":2}}
M5_COPY_RETURN {"copy_bytes":12582912,"dst_nb":[4,3145728,18874368,75497472],"dst_ne":[786432,1,4,1],"layout":"strided","phase":"measure","rows":4,"sample":24,"src_nb":[4,3145728,3145744,12582976],"src_ne":[786432,1,4,1],"wall_us":283.0,"width":786432}
M5_COPY_CALL {"copy_bytes":12582912,"dst_nb":[4,3145728,18874368,75497472],"dst_ne":[786432,1,4,1],"layout":"strided","phase":"measure","rows":4,"sample":25,"src_nb":[4,3145728,3145744,12582976],"src_ne":[786432,1,4,1],"width":786432}
M5_PROFILE {"context":"74e2de0000","graph":158,"cb":1,"original_nodes":3,"gpu_start_s":244743.494240125,"gpu_end_s":244743.494357542,"gpu_ms":0.117417,"valid":true,"completed":true,"op_counts":{"CPY":1,"VIEW":2}}
M5_COPY_RETURN {"copy_bytes":12582912,"dst_nb":[4,3145728,18874368,75497472],"dst_ne":[786432,1,4,1],"layout":"strided","phase":"measure","rows":4,"sample":25,"src_nb":[4,3145728,3145744,12582976],"src_ne":[786432,1,4,1],"wall_us":280.125,"width":786432}
M5_COPY_CALL {"copy_bytes":12582912,"dst_nb":[4,3145728,18874368,75497472],"dst_ne":[786432,1,4,1],"layout":"strided","phase":"measure","rows":4,"sample":26,"src_nb":[4,3145728,3145744,12582976],"src_ne":[786432,1,4,1],"width":786432}
M5_PROFILE {"context":"74e2de0000","graph":159,"cb":1,"original_nodes":3,"gpu_start_s":244743.494540667,"gpu_end_s":244743.494654125,"gpu_ms":0.113458,"valid":true,"completed":true,"op_counts":{"CPY":1,"VIEW":2}}
M5_COPY_RETURN {"copy_bytes":12582912,"dst_nb":[4,3145728,18874368,75497472],"dst_ne":[786432,1,4,1],"layout":"strided","phase":"measure","rows":4,"sample":26,"src_nb":[4,3145728,3145744,12582976],"src_ne":[786432,1,4,1],"wall_us":292.125,"width":786432}
M5_COPY_CALL {"copy_bytes":12582912,"dst_nb":[4,3145728,18874368,75497472],"dst_ne":[786432,1,4,1],"layout":"strided","phase":"measure","rows":4,"sample":27,"src_nb":[4,3145728,3145744,12582976],"src_ne":[786432,1,4,1],"width":786432}
M5_PROFILE {"context":"74e2de0000","graph":160,"cb":1,"original_nodes":3,"gpu_start_s":244743.494845625,"gpu_end_s":244743.494959125,"gpu_ms":0.113500,"valid":true,"completed":true,"op_counts":{"CPY":1,"VIEW":2}}
M5_COPY_RETURN {"copy_bytes":12582912,"dst_nb":[4,3145728,18874368,75497472],"dst_ne":[786432,1,4,1],"layout":"strided","phase":"measure","rows":4,"sample":27,"src_nb":[4,3145728,3145744,12582976],"src_ne":[786432,1,4,1],"wall_us":297.875,"width":786432}
M5_COPY_CALL {"copy_bytes":12582912,"dst_nb":[4,3145728,18874368,75497472],"dst_ne":[786432,1,4,1],"layout":"strided","phase":"measure","rows":4,"sample":28,"src_nb":[4,3145728,3145744,12582976],"src_ne":[786432,1,4,1],"width":786432}
M5_PROFILE {"context":"74e2de0000","graph":161,"cb":1,"original_nodes":3,"gpu_start_s":244743.495141042,"gpu_end_s":244743.495254542,"gpu_ms":0.113500,"valid":true,"completed":true,"op_counts":{"CPY":1,"VIEW":2}}
M5_COPY_RETURN {"copy_bytes":12582912,"dst_nb":[4,3145728,18874368,75497472],"dst_ne":[786432,1,4,1],"layout":"strided","phase":"measure","rows":4,"sample":28,"src_nb":[4,3145728,3145744,12582976],"src_ne":[786432,1,4,1],"wall_us":288.625,"width":786432}
M5_COPY_CALL {"copy_bytes":12582912,"dst_nb":[4,3145728,18874368,75497472],"dst_ne":[786432,1,4,1],"layout":"strided","phase":"measure","rows":4,"sample":29,"src_nb":[4,3145728,3145744,12582976],"src_ne":[786432,1,4,1],"width":786432}
M5_PROFILE {"context":"74e2de0000","graph":162,"cb":1,"original_nodes":3,"gpu_start_s":244743.495423917,"gpu_end_s":244743.495537292,"gpu_ms":0.113375,"valid":true,"completed":true,"op_counts":{"CPY":1,"VIEW":2}}
M5_COPY_RETURN {"copy_bytes":12582912,"dst_nb":[4,3145728,18874368,75497472],"dst_ne":[786432,1,4,1],"layout":"strided","phase":"measure","rows":4,"sample":29,"src_nb":[4,3145728,3145744,12582976],"src_ne":[786432,1,4,1],"wall_us":280.208,"width":786432}
M5_COPY_CALL {"copy_bytes":12582912,"dst_nb":[4,3145728,18874368,75497472],"dst_ne":[786432,1,4,1],"layout":"strided","phase":"measure","rows":4,"sample":30,"src_nb":[4,3145728,3145744,12582976],"src_ne":[786432,1,4,1],"width":786432}
M5_PROFILE {"context":"74e2de0000","graph":163,"cb":1,"original_nodes":3,"gpu_start_s":244743.495705917,"gpu_end_s":244743.495819375,"gpu_ms":0.113458,"valid":true,"completed":true,"op_counts":{"CPY":1,"VIEW":2}}
M5_COPY_RETURN {"copy_bytes":12582912,"dst_nb":[4,3145728,18874368,75497472],"dst_ne":[786432,1,4,1],"layout":"strided","phase":"measure","rows":4,"sample":30,"src_nb":[4,3145728,3145744,12582976],"src_ne":[786432,1,4,1],"wall_us":270.5,"width":786432}
M5_COPY_CALL {"copy_bytes":12582912,"dst_nb":[4,3145728,18874368,75497472],"dst_ne":[786432,1,4,1],"layout":"strided","phase":"measure","rows":4,"sample":31,"src_nb":[4,3145728,3145744,12582976],"src_ne":[786432,1,4,1],"width":786432}
M5_PROFILE {"context":"74e2de0000","graph":164,"cb":1,"original_nodes":3,"gpu_start_s":244743.495992500,"gpu_end_s":244743.496105875,"gpu_ms":0.113375,"valid":true,"completed":true,"op_counts":{"CPY":1,"VIEW":2}}
M5_COPY_RETURN {"copy_bytes":12582912,"dst_nb":[4,3145728,18874368,75497472],"dst_ne":[786432,1,4,1],"layout":"strided","phase":"measure","rows":4,"sample":31,"src_nb":[4,3145728,3145744,12582976],"src_ne":[786432,1,4,1],"wall_us":284.5,"width":786432}
M5_COPY_CALL {"copy_bytes":12582912,"dst_nb":[4,3145728,18874368,75497472],"dst_ne":[786432,1,4,1],"layout":"strided","phase":"measure","rows":4,"sample":32,"src_nb":[4,3145728,3145744,12582976],"src_ne":[786432,1,4,1],"width":786432}
M5_PROFILE {"context":"74e2de0000","graph":165,"cb":1,"original_nodes":3,"gpu_start_s":244743.496275875,"gpu_end_s":244743.496389375,"gpu_ms":0.113500,"valid":true,"completed":true,"op_counts":{"CPY":1,"VIEW":2}}
M5_COPY_RETURN {"copy_bytes":12582912,"dst_nb":[4,3145728,18874368,75497472],"dst_ne":[786432,1,4,1],"layout":"strided","phase":"measure","rows":4,"sample":32,"src_nb":[4,3145728,3145744,12582976],"src_ne":[786432,1,4,1],"wall_us":273.208,"width":786432}
M5_COPY_CALL {"copy_bytes":12582912,"dst_nb":[4,3145728,18874368,75497472],"dst_ne":[786432,1,4,1],"layout":"strided","phase":"measure","rows":4,"sample":33,"src_nb":[4,3145728,3145744,12582976],"src_ne":[786432,1,4,1],"width":786432}
M5_PROFILE {"context":"74e2de0000","graph":166,"cb":1,"original_nodes":3,"gpu_start_s":244743.496561375,"gpu_end_s":244743.496675125,"gpu_ms":0.113750,"valid":true,"completed":true,"op_counts":{"CPY":1,"VIEW":2}}
M5_COPY_RETURN {"copy_bytes":12582912,"dst_nb":[4,3145728,18874368,75497472],"dst_ne":[786432,1,4,1],"layout":"strided","phase":"measure","rows":4,"sample":33,"src_nb":[4,3145728,3145744,12582976],"src_ne":[786432,1,4,1],"wall_us":279.583,"width":786432}
M5_COPY_CALL {"copy_bytes":12582912,"dst_nb":[4,3145728,18874368,75497472],"dst_ne":[786432,1,4,1],"layout":"strided","phase":"measure","rows":4,"sample":34,"src_nb":[4,3145728,3145744,12582976],"src_ne":[786432,1,4,1],"width":786432}
M5_PROFILE {"context":"74e2de0000","graph":167,"cb":1,"original_nodes":3,"gpu_start_s":244743.496848917,"gpu_end_s":244743.496962500,"gpu_ms":0.113583,"valid":true,"completed":true,"op_counts":{"CPY":1,"VIEW":2}}
M5_COPY_RETURN {"copy_bytes":12582912,"dst_nb":[4,3145728,18874368,75497472],"dst_ne":[786432,1,4,1],"layout":"strided","phase":"measure","rows":4,"sample":34,"src_nb":[4,3145728,3145744,12582976],"src_ne":[786432,1,4,1],"wall_us":279.291,"width":786432}
M5_COPY_CALL {"copy_bytes":12582912,"dst_nb":[4,3145728,18874368,75497472],"dst_ne":[786432,1,4,1],"layout":"strided","phase":"measure","rows":4,"sample":35,"src_nb":[4,3145728,3145744,12582976],"src_ne":[786432,1,4,1],"width":786432}
M5_PROFILE {"context":"74e2de0000","graph":168,"cb":1,"original_nodes":3,"gpu_start_s":244743.497194167,"gpu_end_s":244743.497307667,"gpu_ms":0.113500,"valid":true,"completed":true,"op_counts":{"CPY":1,"VIEW":2}}
M5_COPY_RETURN {"copy_bytes":12582912,"dst_nb":[4,3145728,18874368,75497472],"dst_ne":[786432,1,4,1],"layout":"strided","phase":"measure","rows":4,"sample":35,"src_nb":[4,3145728,3145744,12582976],"src_ne":[786432,1,4,1],"wall_us":341.125,"width":786432}
M5_COPY_CALL {"copy_bytes":12582912,"dst_nb":[4,3145728,18874368,75497472],"dst_ne":[786432,1,4,1],"layout":"strided","phase":"measure","rows":4,"sample":36,"src_nb":[4,3145728,3145744,12582976],"src_ne":[786432,1,4,1],"width":786432}
M5_PROFILE {"context":"74e2de0000","graph":169,"cb":1,"original_nodes":3,"gpu_start_s":244743.497463375,"gpu_end_s":244743.497577000,"gpu_ms":0.113625,"valid":true,"completed":true,"op_counts":{"CPY":1,"VIEW":2}}
M5_COPY_RETURN {"copy_bytes":12582912,"dst_nb":[4,3145728,18874368,75497472],"dst_ne":[786432,1,4,1],"layout":"strided","phase":"measure","rows":4,"sample":36,"src_nb":[4,3145728,3145744,12582976],"src_ne":[786432,1,4,1],"wall_us":265.375,"width":786432}
M5_COPY_CALL {"copy_bytes":12582912,"dst_nb":[4,3145728,18874368,75497472],"dst_ne":[786432,1,4,1],"layout":"strided","phase":"measure","rows":4,"sample":37,"src_nb":[4,3145728,3145744,12582976],"src_ne":[786432,1,4,1],"width":786432}
M5_PROFILE {"context":"74e2de0000","graph":170,"cb":1,"original_nodes":3,"gpu_start_s":244743.497850292,"gpu_end_s":244743.497979292,"gpu_ms":0.129000,"valid":true,"completed":true,"op_counts":{"CPY":1,"VIEW":2}}
M5_COPY_RETURN {"copy_bytes":12582912,"dst_nb":[4,3145728,18874368,75497472],"dst_ne":[786432,1,4,1],"layout":"strided","phase":"measure","rows":4,"sample":37,"src_nb":[4,3145728,3145744,12582976],"src_ne":[786432,1,4,1],"wall_us":475.958,"width":786432}
M5_COPY_CALL {"copy_bytes":12582912,"dst_nb":[4,3145728,18874368,75497472],"dst_ne":[786432,1,4,1],"layout":"strided","phase":"measure","rows":4,"sample":38,"src_nb":[4,3145728,3145744,12582976],"src_ne":[786432,1,4,1],"width":786432}
M5_PROFILE {"context":"74e2de0000","graph":171,"cb":1,"original_nodes":3,"gpu_start_s":244743.498273500,"gpu_end_s":244743.498399750,"gpu_ms":0.126250,"valid":true,"completed":true,"op_counts":{"CPY":1,"VIEW":2}}
M5_COPY_RETURN {"copy_bytes":12582912,"dst_nb":[4,3145728,18874368,75497472],"dst_ne":[786432,1,4,1],"layout":"strided","phase":"measure","rows":4,"sample":38,"src_nb":[4,3145728,3145744,12582976],"src_ne":[786432,1,4,1],"wall_us":313.375,"width":786432}
M5_COPY_CALL {"copy_bytes":12582912,"dst_nb":[4,3145728,18874368,75497472],"dst_ne":[786432,1,4,1],"layout":"strided","phase":"measure","rows":4,"sample":39,"src_nb":[4,3145728,3145744,12582976],"src_ne":[786432,1,4,1],"width":786432}
M5_PROFILE {"context":"74e2de0000","graph":172,"cb":1,"original_nodes":3,"gpu_start_s":244743.498558875,"gpu_end_s":244743.498684875,"gpu_ms":0.126000,"valid":true,"completed":true,"op_counts":{"CPY":1,"VIEW":2}}
M5_COPY_RETURN {"copy_bytes":12582912,"dst_nb":[4,3145728,18874368,75497472],"dst_ne":[786432,1,4,1],"layout":"strided","phase":"measure","rows":4,"sample":39,"src_nb":[4,3145728,3145744,12582976],"src_ne":[786432,1,4,1],"wall_us":274.625,"width":786432}
M5_COPY_PASS {"copy_bytes":12582912,"dst_nb":[4,3145728,18874368,75497472],"dst_ne":[786432,1,4,1],"layout":"strided","rows":4,"src_nb":[4,3145728,3145744,12582976],"src_ne":[786432,1,4,1],"width":786432}
M5_COPY_CALL {"copy_bytes":15728640,"dst_nb":[4,3145728,3145728,15728640],"dst_ne":[786432,1,5,1],"layout":"contiguous","phase":"warmup","rows":5,"sample":-3,"src_nb":[4,3145728,3145728,15728640],"src_ne":[786432,1,5,1],"width":786432}
M5_PROFILE {"context":"74e2de0000","graph":173,"cb":1,"original_nodes":3,"gpu_start_s":244743.526150792,"gpu_end_s":244743.526804667,"gpu_ms":0.653875,"valid":true,"completed":true,"op_counts":{"CPY":1,"VIEW":2}}
M5_COPY_RETURN {"copy_bytes":15728640,"dst_nb":[4,3145728,3145728,15728640],"dst_ne":[786432,1,5,1],"layout":"contiguous","phase":"warmup","rows":5,"sample":-3,"src_nb":[4,3145728,3145728,15728640],"src_ne":[786432,1,5,1],"wall_us":1680.709,"width":786432}
M5_COPY_CALL {"copy_bytes":15728640,"dst_nb":[4,3145728,3145728,15728640],"dst_ne":[786432,1,5,1],"layout":"contiguous","phase":"warmup","rows":5,"sample":-2,"src_nb":[4,3145728,3145728,15728640],"src_ne":[786432,1,5,1],"width":786432}
M5_PROFILE {"context":"74e2de0000","graph":174,"cb":1,"original_nodes":3,"gpu_start_s":244743.527095542,"gpu_end_s":244743.527384792,"gpu_ms":0.289250,"valid":true,"completed":true,"op_counts":{"CPY":1,"VIEW":2}}
M5_COPY_RETURN {"copy_bytes":15728640,"dst_nb":[4,3145728,3145728,15728640],"dst_ne":[786432,1,5,1],"layout":"contiguous","phase":"warmup","rows":5,"sample":-2,"src_nb":[4,3145728,3145728,15728640],"src_ne":[786432,1,5,1],"wall_us":491.542,"width":786432}
M5_COPY_CALL {"copy_bytes":15728640,"dst_nb":[4,3145728,3145728,15728640],"dst_ne":[786432,1,5,1],"layout":"contiguous","phase":"warmup","rows":5,"sample":-1,"src_nb":[4,3145728,3145728,15728640],"src_ne":[786432,1,5,1],"width":786432}
M5_PROFILE {"context":"74e2de0000","graph":175,"cb":1,"original_nodes":3,"gpu_start_s":244743.527583542,"gpu_end_s":244743.527876125,"gpu_ms":0.292583,"valid":true,"completed":true,"op_counts":{"CPY":1,"VIEW":2}}
M5_COPY_RETURN {"copy_bytes":15728640,"dst_nb":[4,3145728,3145728,15728640],"dst_ne":[786432,1,5,1],"layout":"contiguous","phase":"warmup","rows":5,"sample":-1,"src_nb":[4,3145728,3145728,15728640],"src_ne":[786432,1,5,1],"wall_us":555.792,"width":786432}
M5_COPY_CALL {"copy_bytes":15728640,"dst_nb":[4,3145728,3145728,15728640],"dst_ne":[786432,1,5,1],"layout":"contiguous","phase":"measure","rows":5,"sample":0,"src_nb":[4,3145728,3145728,15728640],"src_ne":[786432,1,5,1],"width":786432}
M5_PROFILE {"context":"74e2de0000","graph":176,"cb":1,"original_nodes":3,"gpu_start_s":244743.528182750,"gpu_end_s":244743.528451792,"gpu_ms":0.269042,"valid":true,"completed":true,"op_counts":{"CPY":1,"VIEW":2}}
M5_COPY_RETURN {"copy_bytes":15728640,"dst_nb":[4,3145728,3145728,15728640],"dst_ne":[786432,1,5,1],"layout":"contiguous","phase":"measure","rows":5,"sample":0,"src_nb":[4,3145728,3145728,15728640],"src_ne":[786432,1,5,1],"wall_us":462.291,"width":786432}
M5_COPY_CALL {"copy_bytes":15728640,"dst_nb":[4,3145728,3145728,15728640],"dst_ne":[786432,1,5,1],"layout":"contiguous","phase":"measure","rows":5,"sample":1,"src_nb":[4,3145728,3145728,15728640],"src_ne":[786432,1,5,1],"width":786432}
M5_PROFILE {"context":"74e2de0000","graph":177,"cb":1,"original_nodes":3,"gpu_start_s":244743.528632667,"gpu_end_s":244743.528859042,"gpu_ms":0.226375,"valid":true,"completed":true,"op_counts":{"CPY":1,"VIEW":2}}
M5_COPY_RETURN {"copy_bytes":15728640,"dst_nb":[4,3145728,3145728,15728640],"dst_ne":[786432,1,5,1],"layout":"contiguous","phase":"measure","rows":5,"sample":1,"src_nb":[4,3145728,3145728,15728640],"src_ne":[786432,1,5,1],"wall_us":398.791,"width":786432}
M5_COPY_CALL {"copy_bytes":15728640,"dst_nb":[4,3145728,3145728,15728640],"dst_ne":[786432,1,5,1],"layout":"contiguous","phase":"measure","rows":5,"sample":2,"src_nb":[4,3145728,3145728,15728640],"src_ne":[786432,1,5,1],"width":786432}
M5_PROFILE {"context":"74e2de0000","graph":178,"cb":1,"original_nodes":3,"gpu_start_s":244743.529038500,"gpu_end_s":244743.529255542,"gpu_ms":0.217042,"valid":true,"completed":true,"op_counts":{"CPY":1,"VIEW":2}}
M5_COPY_RETURN {"copy_bytes":15728640,"dst_nb":[4,3145728,3145728,15728640],"dst_ne":[786432,1,5,1],"layout":"contiguous","phase":"measure","rows":5,"sample":2,"src_nb":[4,3145728,3145728,15728640],"src_ne":[786432,1,5,1],"wall_us":388.667,"width":786432}
M5_COPY_CALL {"copy_bytes":15728640,"dst_nb":[4,3145728,3145728,15728640],"dst_ne":[786432,1,5,1],"layout":"contiguous","phase":"measure","rows":5,"sample":3,"src_nb":[4,3145728,3145728,15728640],"src_ne":[786432,1,5,1],"width":786432}
M5_PROFILE {"context":"74e2de0000","graph":179,"cb":1,"original_nodes":3,"gpu_start_s":244743.529488750,"gpu_end_s":244743.529707000,"gpu_ms":0.218250,"valid":true,"completed":true,"op_counts":{"CPY":1,"VIEW":2}}
M5_COPY_RETURN {"copy_bytes":15728640,"dst_nb":[4,3145728,3145728,15728640],"dst_ne":[786432,1,5,1],"layout":"contiguous","phase":"measure","rows":5,"sample":3,"src_nb":[4,3145728,3145728,15728640],"src_ne":[786432,1,5,1],"wall_us":434.625,"width":786432}
M5_COPY_CALL {"copy_bytes":15728640,"dst_nb":[4,3145728,3145728,15728640],"dst_ne":[786432,1,5,1],"layout":"contiguous","phase":"measure","rows":5,"sample":4,"src_nb":[4,3145728,3145728,15728640],"src_ne":[786432,1,5,1],"width":786432}
M5_PROFILE {"context":"74e2de0000","graph":180,"cb":1,"original_nodes":3,"gpu_start_s":244743.529889500,"gpu_end_s":244743.530104875,"gpu_ms":0.215375,"valid":true,"completed":true,"op_counts":{"CPY":1,"VIEW":2}}
M5_COPY_RETURN {"copy_bytes":15728640,"dst_nb":[4,3145728,3145728,15728640],"dst_ne":[786432,1,5,1],"layout":"contiguous","phase":"measure","rows":5,"sample":4,"src_nb":[4,3145728,3145728,15728640],"src_ne":[786432,1,5,1],"wall_us":386.875,"width":786432}
M5_COPY_CALL {"copy_bytes":15728640,"dst_nb":[4,3145728,3145728,15728640],"dst_ne":[786432,1,5,1],"layout":"contiguous","phase":"measure","rows":5,"sample":5,"src_nb":[4,3145728,3145728,15728640],"src_ne":[786432,1,5,1],"width":786432}
M5_PROFILE {"context":"74e2de0000","graph":181,"cb":1,"original_nodes":3,"gpu_start_s":244743.530270375,"gpu_end_s":244743.530485542,"gpu_ms":0.215167,"valid":true,"completed":true,"op_counts":{"CPY":1,"VIEW":2}}
M5_COPY_RETURN {"copy_bytes":15728640,"dst_nb":[4,3145728,3145728,15728640],"dst_ne":[786432,1,5,1],"layout":"contiguous","phase":"measure","rows":5,"sample":5,"src_nb":[4,3145728,3145728,15728640],"src_ne":[786432,1,5,1],"wall_us":478.125,"width":786432}
M5_COPY_CALL {"copy_bytes":15728640,"dst_nb":[4,3145728,3145728,15728640],"dst_ne":[786432,1,5,1],"layout":"contiguous","phase":"measure","rows":5,"sample":6,"src_nb":[4,3145728,3145728,15728640],"src_ne":[786432,1,5,1],"width":786432}
M5_PROFILE {"context":"74e2de0000","graph":182,"cb":1,"original_nodes":3,"gpu_start_s":244743.530805625,"gpu_end_s":244743.531030375,"gpu_ms":0.224750,"valid":true,"completed":true,"op_counts":{"CPY":1,"VIEW":2}}
M5_COPY_RETURN {"copy_bytes":15728640,"dst_nb":[4,3145728,3145728,15728640],"dst_ne":[786432,1,5,1],"layout":"contiguous","phase":"measure","rows":5,"sample":6,"src_nb":[4,3145728,3145728,15728640],"src_ne":[786432,1,5,1],"wall_us":426.417,"width":786432}
M5_COPY_CALL {"copy_bytes":15728640,"dst_nb":[4,3145728,3145728,15728640],"dst_ne":[786432,1,5,1],"layout":"contiguous","phase":"measure","rows":5,"sample":7,"src_nb":[4,3145728,3145728,15728640],"src_ne":[786432,1,5,1],"width":786432}
M5_PROFILE {"context":"74e2de0000","graph":183,"cb":1,"original_nodes":3,"gpu_start_s":244743.531230542,"gpu_end_s":244743.531518500,"gpu_ms":0.287958,"valid":true,"completed":true,"op_counts":{"CPY":1,"VIEW":2}}
M5_COPY_RETURN {"copy_bytes":15728640,"dst_nb":[4,3145728,3145728,15728640],"dst_ne":[786432,1,5,1],"layout":"contiguous","phase":"measure","rows":5,"sample":7,"src_nb":[4,3145728,3145728,15728640],"src_ne":[786432,1,5,1],"wall_us":486.375,"width":786432}
M5_COPY_CALL {"copy_bytes":15728640,"dst_nb":[4,3145728,3145728,15728640],"dst_ne":[786432,1,5,1],"layout":"contiguous","phase":"measure","rows":5,"sample":8,"src_nb":[4,3145728,3145728,15728640],"src_ne":[786432,1,5,1],"width":786432}
M5_PROFILE {"context":"74e2de0000","graph":184,"cb":1,"original_nodes":3,"gpu_start_s":244743.531765000,"gpu_end_s":244743.532052125,"gpu_ms":0.287125,"valid":true,"completed":true,"op_counts":{"CPY":1,"VIEW":2}}
M5_COPY_RETURN {"copy_bytes":15728640,"dst_nb":[4,3145728,3145728,15728640],"dst_ne":[786432,1,5,1],"layout":"contiguous","phase":"measure","rows":5,"sample":8,"src_nb":[4,3145728,3145728,15728640],"src_ne":[786432,1,5,1],"wall_us":523.917,"width":786432}
M5_COPY_CALL {"copy_bytes":15728640,"dst_nb":[4,3145728,3145728,15728640],"dst_ne":[786432,1,5,1],"layout":"contiguous","phase":"measure","rows":5,"sample":9,"src_nb":[4,3145728,3145728,15728640],"src_ne":[786432,1,5,1],"width":786432}
M5_PROFILE {"context":"74e2de0000","graph":185,"cb":1,"original_nodes":3,"gpu_start_s":244743.532243625,"gpu_end_s":244743.532526750,"gpu_ms":0.283125,"valid":true,"completed":true,"op_counts":{"CPY":1,"VIEW":2}}
M5_COPY_RETURN {"copy_bytes":15728640,"dst_nb":[4,3145728,3145728,15728640],"dst_ne":[786432,1,5,1],"layout":"contiguous","phase":"measure","rows":5,"sample":9,"src_nb":[4,3145728,3145728,15728640],"src_ne":[786432,1,5,1],"wall_us":468.0,"width":786432}
M5_COPY_CALL {"copy_bytes":15728640,"dst_nb":[4,3145728,3145728,15728640],"dst_ne":[786432,1,5,1],"layout":"contiguous","phase":"measure","rows":5,"sample":10,"src_nb":[4,3145728,3145728,15728640],"src_ne":[786432,1,5,1],"width":786432}
M5_PROFILE {"context":"74e2de0000","graph":186,"cb":1,"original_nodes":3,"gpu_start_s":244743.532714875,"gpu_end_s":244743.533000250,"gpu_ms":0.285375,"valid":true,"completed":true,"op_counts":{"CPY":1,"VIEW":2}}
M5_COPY_RETURN {"copy_bytes":15728640,"dst_nb":[4,3145728,3145728,15728640],"dst_ne":[786432,1,5,1],"layout":"contiguous","phase":"measure","rows":5,"sample":10,"src_nb":[4,3145728,3145728,15728640],"src_ne":[786432,1,5,1],"wall_us":558.459,"width":786432}
M5_COPY_CALL {"copy_bytes":15728640,"dst_nb":[4,3145728,3145728,15728640],"dst_ne":[786432,1,5,1],"layout":"contiguous","phase":"measure","rows":5,"sample":11,"src_nb":[4,3145728,3145728,15728640],"src_ne":[786432,1,5,1],"width":786432}
M5_PROFILE {"context":"74e2de0000","graph":187,"cb":1,"original_nodes":3,"gpu_start_s":244743.533328500,"gpu_end_s":244743.533616292,"gpu_ms":0.287792,"valid":true,"completed":true,"op_counts":{"CPY":1,"VIEW":2}}
M5_COPY_RETURN {"copy_bytes":15728640,"dst_nb":[4,3145728,3145728,15728640],"dst_ne":[786432,1,5,1],"layout":"contiguous","phase":"measure","rows":5,"sample":11,"src_nb":[4,3145728,3145728,15728640],"src_ne":[786432,1,5,1],"wall_us":500.417,"width":786432}
M5_COPY_CALL {"copy_bytes":15728640,"dst_nb":[4,3145728,3145728,15728640],"dst_ne":[786432,1,5,1],"layout":"contiguous","phase":"measure","rows":5,"sample":12,"src_nb":[4,3145728,3145728,15728640],"src_ne":[786432,1,5,1],"width":786432}
M5_PROFILE {"context":"74e2de0000","graph":188,"cb":1,"original_nodes":3,"gpu_start_s":244743.533810375,"gpu_end_s":244743.534096125,"gpu_ms":0.285750,"valid":true,"completed":true,"op_counts":{"CPY":1,"VIEW":2}}
M5_COPY_RETURN {"copy_bytes":15728640,"dst_nb":[4,3145728,3145728,15728640],"dst_ne":[786432,1,5,1],"layout":"contiguous","phase":"measure","rows":5,"sample":12,"src_nb":[4,3145728,3145728,15728640],"src_ne":[786432,1,5,1],"wall_us":474.416,"width":786432}
M5_COPY_CALL {"copy_bytes":15728640,"dst_nb":[4,3145728,3145728,15728640],"dst_ne":[786432,1,5,1],"layout":"contiguous","phase":"measure","rows":5,"sample":13,"src_nb":[4,3145728,3145728,15728640],"src_ne":[786432,1,5,1],"width":786432}
M5_PROFILE {"context":"74e2de0000","graph":189,"cb":1,"original_nodes":3,"gpu_start_s":244743.534287875,"gpu_end_s":244743.534570625,"gpu_ms":0.282750,"valid":true,"completed":true,"op_counts":{"CPY":1,"VIEW":2}}
M5_COPY_RETURN {"copy_bytes":15728640,"dst_nb":[4,3145728,3145728,15728640],"dst_ne":[786432,1,5,1],"layout":"contiguous","phase":"measure","rows":5,"sample":13,"src_nb":[4,3145728,3145728,15728640],"src_ne":[786432,1,5,1],"wall_us":459.083,"width":786432}
M5_COPY_CALL {"copy_bytes":15728640,"dst_nb":[4,3145728,3145728,15728640],"dst_ne":[786432,1,5,1],"layout":"contiguous","phase":"measure","rows":5,"sample":14,"src_nb":[4,3145728,3145728,15728640],"src_ne":[786432,1,5,1],"width":786432}
M5_PROFILE {"context":"74e2de0000","graph":190,"cb":1,"original_nodes":3,"gpu_start_s":244743.534756167,"gpu_end_s":244743.535041875,"gpu_ms":0.285708,"valid":true,"completed":true,"op_counts":{"CPY":1,"VIEW":2}}
M5_COPY_RETURN {"copy_bytes":15728640,"dst_nb":[4,3145728,3145728,15728640],"dst_ne":[786432,1,5,1],"layout":"contiguous","phase":"measure","rows":5,"sample":14,"src_nb":[4,3145728,3145728,15728640],"src_ne":[786432,1,5,1],"wall_us":464.167,"width":786432}
M5_COPY_CALL {"copy_bytes":15728640,"dst_nb":[4,3145728,3145728,15728640],"dst_ne":[786432,1,5,1],"layout":"contiguous","phase":"measure","rows":5,"sample":15,"src_nb":[4,3145728,3145728,15728640],"src_ne":[786432,1,5,1],"width":786432}
M5_PROFILE {"context":"74e2de0000","graph":191,"cb":1,"original_nodes":3,"gpu_start_s":244743.535342292,"gpu_end_s":244743.535628917,"gpu_ms":0.286625,"valid":true,"completed":true,"op_counts":{"CPY":1,"VIEW":2}}
M5_COPY_RETURN {"copy_bytes":15728640,"dst_nb":[4,3145728,3145728,15728640],"dst_ne":[786432,1,5,1],"layout":"contiguous","phase":"measure","rows":5,"sample":15,"src_nb":[4,3145728,3145728,15728640],"src_ne":[786432,1,5,1],"wall_us":708.5,"width":786432}
M5_COPY_CALL {"copy_bytes":15728640,"dst_nb":[4,3145728,3145728,15728640],"dst_ne":[786432,1,5,1],"layout":"contiguous","phase":"measure","rows":5,"sample":16,"src_nb":[4,3145728,3145728,15728640],"src_ne":[786432,1,5,1],"width":786432}
M5_PROFILE {"context":"74e2de0000","graph":192,"cb":1,"original_nodes":3,"gpu_start_s":244743.535970292,"gpu_end_s":244743.536258292,"gpu_ms":0.288000,"valid":true,"completed":true,"op_counts":{"CPY":1,"VIEW":2}}
M5_COPY_RETURN {"copy_bytes":15728640,"dst_nb":[4,3145728,3145728,15728640],"dst_ne":[786432,1,5,1],"layout":"contiguous","phase":"measure","rows":5,"sample":16,"src_nb":[4,3145728,3145728,15728640],"src_ne":[786432,1,5,1],"wall_us":487.834,"width":786432}
M5_COPY_CALL {"copy_bytes":15728640,"dst_nb":[4,3145728,3145728,15728640],"dst_ne":[786432,1,5,1],"layout":"contiguous","phase":"measure","rows":5,"sample":17,"src_nb":[4,3145728,3145728,15728640],"src_ne":[786432,1,5,1],"width":786432}
M5_PROFILE {"context":"74e2de0000","graph":193,"cb":1,"original_nodes":3,"gpu_start_s":244743.536448750,"gpu_end_s":244743.536728042,"gpu_ms":0.279292,"valid":true,"completed":true,"op_counts":{"CPY":1,"VIEW":2}}
M5_COPY_RETURN {"copy_bytes":15728640,"dst_nb":[4,3145728,3145728,15728640],"dst_ne":[786432,1,5,1],"layout":"contiguous","phase":"measure","rows":5,"sample":17,"src_nb":[4,3145728,3145728,15728640],"src_ne":[786432,1,5,1],"wall_us":473.459,"width":786432}
M5_COPY_CALL {"copy_bytes":15728640,"dst_nb":[4,3145728,3145728,15728640],"dst_ne":[786432,1,5,1],"layout":"contiguous","phase":"measure","rows":5,"sample":18,"src_nb":[4,3145728,3145728,15728640],"src_ne":[786432,1,5,1],"width":786432}
M5_PROFILE {"context":"74e2de0000","graph":194,"cb":1,"original_nodes":3,"gpu_start_s":244743.536930292,"gpu_end_s":244743.537155917,"gpu_ms":0.225625,"valid":true,"completed":true,"op_counts":{"CPY":1,"VIEW":2}}
M5_COPY_RETURN {"copy_bytes":15728640,"dst_nb":[4,3145728,3145728,15728640],"dst_ne":[786432,1,5,1],"layout":"contiguous","phase":"measure","rows":5,"sample":18,"src_nb":[4,3145728,3145728,15728640],"src_ne":[786432,1,5,1],"wall_us":416.166,"width":786432}
M5_COPY_CALL {"copy_bytes":15728640,"dst_nb":[4,3145728,3145728,15728640],"dst_ne":[786432,1,5,1],"layout":"contiguous","phase":"measure","rows":5,"sample":19,"src_nb":[4,3145728,3145728,15728640],"src_ne":[786432,1,5,1],"width":786432}
M5_PROFILE {"context":"74e2de0000","graph":195,"cb":1,"original_nodes":3,"gpu_start_s":244743.537355625,"gpu_end_s":244743.537580917,"gpu_ms":0.225292,"valid":true,"completed":true,"op_counts":{"CPY":1,"VIEW":2}}
M5_COPY_RETURN {"copy_bytes":15728640,"dst_nb":[4,3145728,3145728,15728640],"dst_ne":[786432,1,5,1],"layout":"contiguous","phase":"measure","rows":5,"sample":19,"src_nb":[4,3145728,3145728,15728640],"src_ne":[786432,1,5,1],"wall_us":410.709,"width":786432}
M5_COPY_CALL {"copy_bytes":15728640,"dst_nb":[4,3145728,3145728,15728640],"dst_ne":[786432,1,5,1],"layout":"contiguous","phase":"measure","rows":5,"sample":20,"src_nb":[4,3145728,3145728,15728640],"src_ne":[786432,1,5,1],"width":786432}
M5_PROFILE {"context":"74e2de0000","graph":196,"cb":1,"original_nodes":3,"gpu_start_s":244743.537840500,"gpu_end_s":244743.538064792,"gpu_ms":0.224292,"valid":true,"completed":true,"op_counts":{"CPY":1,"VIEW":2}}
M5_COPY_RETURN {"copy_bytes":15728640,"dst_nb":[4,3145728,3145728,15728640],"dst_ne":[786432,1,5,1],"layout":"contiguous","phase":"measure","rows":5,"sample":20,"src_nb":[4,3145728,3145728,15728640],"src_ne":[786432,1,5,1],"wall_us":475.791,"width":786432}
M5_COPY_CALL {"copy_bytes":15728640,"dst_nb":[4,3145728,3145728,15728640],"dst_ne":[786432,1,5,1],"layout":"contiguous","phase":"measure","rows":5,"sample":21,"src_nb":[4,3145728,3145728,15728640],"src_ne":[786432,1,5,1],"width":786432}
M5_PROFILE {"context":"74e2de0000","graph":197,"cb":1,"original_nodes":3,"gpu_start_s":244743.538272167,"gpu_end_s":244743.538489667,"gpu_ms":0.217500,"valid":true,"completed":true,"op_counts":{"CPY":1,"VIEW":2}}
M5_COPY_RETURN {"copy_bytes":15728640,"dst_nb":[4,3145728,3145728,15728640],"dst_ne":[786432,1,5,1],"layout":"contiguous","phase":"measure","rows":5,"sample":21,"src_nb":[4,3145728,3145728,15728640],"src_ne":[786432,1,5,1],"wall_us":412.75,"width":786432}
M5_COPY_CALL {"copy_bytes":15728640,"dst_nb":[4,3145728,3145728,15728640],"dst_ne":[786432,1,5,1],"layout":"contiguous","phase":"measure","rows":5,"sample":22,"src_nb":[4,3145728,3145728,15728640],"src_ne":[786432,1,5,1],"width":786432}
M5_PROFILE {"context":"74e2de0000","graph":198,"cb":1,"original_nodes":3,"gpu_start_s":244743.538665500,"gpu_end_s":244743.538880750,"gpu_ms":0.215250,"valid":true,"completed":true,"op_counts":{"CPY":1,"VIEW":2}}
M5_COPY_RETURN {"copy_bytes":15728640,"dst_nb":[4,3145728,3145728,15728640],"dst_ne":[786432,1,5,1],"layout":"contiguous","phase":"measure","rows":5,"sample":22,"src_nb":[4,3145728,3145728,15728640],"src_ne":[786432,1,5,1],"wall_us":385.208,"width":786432}
M5_COPY_CALL {"copy_bytes":15728640,"dst_nb":[4,3145728,3145728,15728640],"dst_ne":[786432,1,5,1],"layout":"contiguous","phase":"measure","rows":5,"sample":23,"src_nb":[4,3145728,3145728,15728640],"src_ne":[786432,1,5,1],"width":786432}
M5_PROFILE {"context":"74e2de0000","graph":199,"cb":1,"original_nodes":3,"gpu_start_s":244743.539078125,"gpu_end_s":244743.539299000,"gpu_ms":0.220875,"valid":true,"completed":true,"op_counts":{"CPY":1,"VIEW":2}}
M5_COPY_RETURN {"copy_bytes":15728640,"dst_nb":[4,3145728,3145728,15728640],"dst_ne":[786432,1,5,1],"layout":"contiguous","phase":"measure","rows":5,"sample":23,"src_nb":[4,3145728,3145728,15728640],"src_ne":[786432,1,5,1],"wall_us":494.75,"width":786432}
M5_COPY_CALL {"copy_bytes":15728640,"dst_nb":[4,3145728,3145728,15728640],"dst_ne":[786432,1,5,1],"layout":"contiguous","phase":"measure","rows":5,"sample":24,"src_nb":[4,3145728,3145728,15728640],"src_ne":[786432,1,5,1],"width":786432}
M5_PROFILE {"context":"74e2de0000","graph":200,"cb":1,"original_nodes":3,"gpu_start_s":244743.539603292,"gpu_end_s":244743.539889125,"gpu_ms":0.285833,"valid":true,"completed":true,"op_counts":{"CPY":1,"VIEW":2}}
M5_COPY_RETURN {"copy_bytes":15728640,"dst_nb":[4,3145728,3145728,15728640],"dst_ne":[786432,1,5,1],"layout":"contiguous","phase":"measure","rows":5,"sample":24,"src_nb":[4,3145728,3145728,15728640],"src_ne":[786432,1,5,1],"wall_us":490.791,"width":786432}
M5_COPY_CALL {"copy_bytes":15728640,"dst_nb":[4,3145728,3145728,15728640],"dst_ne":[786432,1,5,1],"layout":"contiguous","phase":"measure","rows":5,"sample":25,"src_nb":[4,3145728,3145728,15728640],"src_ne":[786432,1,5,1],"width":786432}
M5_PROFILE {"context":"74e2de0000","graph":201,"cb":1,"original_nodes":3,"gpu_start_s":244743.540084375,"gpu_end_s":244743.540371125,"gpu_ms":0.286750,"valid":true,"completed":true,"op_counts":{"CPY":1,"VIEW":2}}
M5_COPY_RETURN {"copy_bytes":15728640,"dst_nb":[4,3145728,3145728,15728640],"dst_ne":[786432,1,5,1],"layout":"contiguous","phase":"measure","rows":5,"sample":25,"src_nb":[4,3145728,3145728,15728640],"src_ne":[786432,1,5,1],"wall_us":471.0,"width":786432}
M5_COPY_CALL {"copy_bytes":15728640,"dst_nb":[4,3145728,3145728,15728640],"dst_ne":[786432,1,5,1],"layout":"contiguous","phase":"measure","rows":5,"sample":26,"src_nb":[4,3145728,3145728,15728640],"src_ne":[786432,1,5,1],"width":786432}
M5_PROFILE {"context":"74e2de0000","graph":202,"cb":1,"original_nodes":3,"gpu_start_s":244743.540575667,"gpu_end_s":244743.540858625,"gpu_ms":0.282958,"valid":true,"completed":true,"op_counts":{"CPY":1,"VIEW":2}}
M5_COPY_RETURN {"copy_bytes":15728640,"dst_nb":[4,3145728,3145728,15728640],"dst_ne":[786432,1,5,1],"layout":"contiguous","phase":"measure","rows":5,"sample":26,"src_nb":[4,3145728,3145728,15728640],"src_ne":[786432,1,5,1],"wall_us":483.042,"width":786432}
M5_COPY_CALL {"copy_bytes":15728640,"dst_nb":[4,3145728,3145728,15728640],"dst_ne":[786432,1,5,1],"layout":"contiguous","phase":"measure","rows":5,"sample":27,"src_nb":[4,3145728,3145728,15728640],"src_ne":[786432,1,5,1],"width":786432}
M5_PROFILE {"context":"74e2de0000","graph":203,"cb":1,"original_nodes":3,"gpu_start_s":244743.541067000,"gpu_end_s":244743.541352875,"gpu_ms":0.285875,"valid":true,"completed":true,"op_counts":{"CPY":1,"VIEW":2}}
M5_COPY_RETURN {"copy_bytes":15728640,"dst_nb":[4,3145728,3145728,15728640],"dst_ne":[786432,1,5,1],"layout":"contiguous","phase":"measure","rows":5,"sample":27,"src_nb":[4,3145728,3145728,15728640],"src_ne":[786432,1,5,1],"wall_us":474.083,"width":786432}
M5_COPY_CALL {"copy_bytes":15728640,"dst_nb":[4,3145728,3145728,15728640],"dst_ne":[786432,1,5,1],"layout":"contiguous","phase":"measure","rows":5,"sample":28,"src_nb":[4,3145728,3145728,15728640],"src_ne":[786432,1,5,1],"width":786432}
M5_PROFILE {"context":"74e2de0000","graph":204,"cb":1,"original_nodes":3,"gpu_start_s":244743.541547625,"gpu_end_s":244743.541836000,"gpu_ms":0.288375,"valid":true,"completed":true,"op_counts":{"CPY":1,"VIEW":2}}
M5_COPY_RETURN {"copy_bytes":15728640,"dst_nb":[4,3145728,3145728,15728640],"dst_ne":[786432,1,5,1],"layout":"contiguous","phase":"measure","rows":5,"sample":28,"src_nb":[4,3145728,3145728,15728640],"src_ne":[786432,1,5,1],"wall_us":463.542,"width":786432}
M5_COPY_CALL {"copy_bytes":15728640,"dst_nb":[4,3145728,3145728,15728640],"dst_ne":[786432,1,5,1],"layout":"contiguous","phase":"measure","rows":5,"sample":29,"src_nb":[4,3145728,3145728,15728640],"src_ne":[786432,1,5,1],"width":786432}
M5_PROFILE {"context":"74e2de0000","graph":205,"cb":1,"original_nodes":3,"gpu_start_s":244743.541996292,"gpu_end_s":244743.542283125,"gpu_ms":0.286833,"valid":true,"completed":true,"op_counts":{"CPY":1,"VIEW":2}}
M5_COPY_RETURN {"copy_bytes":15728640,"dst_nb":[4,3145728,3145728,15728640],"dst_ne":[786432,1,5,1],"layout":"contiguous","phase":"measure","rows":5,"sample":29,"src_nb":[4,3145728,3145728,15728640],"src_ne":[786432,1,5,1],"wall_us":444.333,"width":786432}
M5_COPY_CALL {"copy_bytes":15728640,"dst_nb":[4,3145728,3145728,15728640],"dst_ne":[786432,1,5,1],"layout":"contiguous","phase":"measure","rows":5,"sample":30,"src_nb":[4,3145728,3145728,15728640],"src_ne":[786432,1,5,1],"width":786432}
M5_PROFILE {"context":"74e2de0000","graph":206,"cb":1,"original_nodes":3,"gpu_start_s":244743.542579000,"gpu_end_s":244743.542866250,"gpu_ms":0.287250,"valid":true,"completed":true,"op_counts":{"CPY":1,"VIEW":2}}
M5_COPY_RETURN {"copy_bytes":15728640,"dst_nb":[4,3145728,3145728,15728640],"dst_ne":[786432,1,5,1],"layout":"contiguous","phase":"measure","rows":5,"sample":30,"src_nb":[4,3145728,3145728,15728640],"src_ne":[786432,1,5,1],"wall_us":617.833,"width":786432}
M5_COPY_CALL {"copy_bytes":15728640,"dst_nb":[4,3145728,3145728,15728640],"dst_ne":[786432,1,5,1],"layout":"contiguous","phase":"measure","rows":5,"sample":31,"src_nb":[4,3145728,3145728,15728640],"src_ne":[786432,1,5,1],"width":786432}
M5_PROFILE {"context":"74e2de0000","graph":207,"cb":1,"original_nodes":3,"gpu_start_s":244743.543138375,"gpu_end_s":244743.543427500,"gpu_ms":0.289125,"valid":true,"completed":true,"op_counts":{"CPY":1,"VIEW":2}}
M5_COPY_RETURN {"copy_bytes":15728640,"dst_nb":[4,3145728,3145728,15728640],"dst_ne":[786432,1,5,1],"layout":"contiguous","phase":"measure","rows":5,"sample":31,"src_nb":[4,3145728,3145728,15728640],"src_ne":[786432,1,5,1],"wall_us":514.834,"width":786432}
M5_COPY_CALL {"copy_bytes":15728640,"dst_nb":[4,3145728,3145728,15728640],"dst_ne":[786432,1,5,1],"layout":"contiguous","phase":"measure","rows":5,"sample":32,"src_nb":[4,3145728,3145728,15728640],"src_ne":[786432,1,5,1],"width":786432}
M5_PROFILE {"context":"74e2de0000","graph":208,"cb":1,"original_nodes":3,"gpu_start_s":244743.543608000,"gpu_end_s":244743.543900500,"gpu_ms":0.292500,"valid":true,"completed":true,"op_counts":{"CPY":1,"VIEW":2}}
M5_COPY_RETURN {"copy_bytes":15728640,"dst_nb":[4,3145728,3145728,15728640],"dst_ne":[786432,1,5,1],"layout":"contiguous","phase":"measure","rows":5,"sample":32,"src_nb":[4,3145728,3145728,15728640],"src_ne":[786432,1,5,1],"wall_us":470.833,"width":786432}
M5_COPY_CALL {"copy_bytes":15728640,"dst_nb":[4,3145728,3145728,15728640],"dst_ne":[786432,1,5,1],"layout":"contiguous","phase":"measure","rows":5,"sample":33,"src_nb":[4,3145728,3145728,15728640],"src_ne":[786432,1,5,1],"width":786432}
M5_PROFILE {"context":"74e2de0000","graph":209,"cb":1,"original_nodes":3,"gpu_start_s":244743.544180000,"gpu_end_s":244743.544468750,"gpu_ms":0.288750,"valid":true,"completed":true,"op_counts":{"CPY":1,"VIEW":2}}
M5_COPY_RETURN {"copy_bytes":15728640,"dst_nb":[4,3145728,3145728,15728640],"dst_ne":[786432,1,5,1],"layout":"contiguous","phase":"measure","rows":5,"sample":33,"src_nb":[4,3145728,3145728,15728640],"src_ne":[786432,1,5,1],"wall_us":595.542,"width":786432}
M5_COPY_CALL {"copy_bytes":15728640,"dst_nb":[4,3145728,3145728,15728640],"dst_ne":[786432,1,5,1],"layout":"contiguous","phase":"measure","rows":5,"sample":34,"src_nb":[4,3145728,3145728,15728640],"src_ne":[786432,1,5,1],"width":786432}
M5_PROFILE {"context":"74e2de0000","graph":210,"cb":1,"original_nodes":3,"gpu_start_s":244743.544708000,"gpu_end_s":244743.544995500,"gpu_ms":0.287500,"valid":true,"completed":true,"op_counts":{"CPY":1,"VIEW":2}}
M5_COPY_RETURN {"copy_bytes":15728640,"dst_nb":[4,3145728,3145728,15728640],"dst_ne":[786432,1,5,1],"layout":"contiguous","phase":"measure","rows":5,"sample":34,"src_nb":[4,3145728,3145728,15728640],"src_ne":[786432,1,5,1],"wall_us":480.541,"width":786432}
M5_COPY_CALL {"copy_bytes":15728640,"dst_nb":[4,3145728,3145728,15728640],"dst_ne":[786432,1,5,1],"layout":"contiguous","phase":"measure","rows":5,"sample":35,"src_nb":[4,3145728,3145728,15728640],"src_ne":[786432,1,5,1],"width":786432}
M5_PROFILE {"context":"74e2de0000","graph":211,"cb":1,"original_nodes":3,"gpu_start_s":244743.545185625,"gpu_end_s":244743.545411542,"gpu_ms":0.225917,"valid":true,"completed":true,"op_counts":{"CPY":1,"VIEW":2}}
M5_COPY_RETURN {"copy_bytes":15728640,"dst_nb":[4,3145728,3145728,15728640],"dst_ne":[786432,1,5,1],"layout":"contiguous","phase":"measure","rows":5,"sample":35,"src_nb":[4,3145728,3145728,15728640],"src_ne":[786432,1,5,1],"wall_us":478.667,"width":786432}
M5_COPY_CALL {"copy_bytes":15728640,"dst_nb":[4,3145728,3145728,15728640],"dst_ne":[786432,1,5,1],"layout":"contiguous","phase":"measure","rows":5,"sample":36,"src_nb":[4,3145728,3145728,15728640],"src_ne":[786432,1,5,1],"width":786432}
M5_PROFILE {"context":"74e2de0000","graph":212,"cb":1,"original_nodes":3,"gpu_start_s":244743.545684375,"gpu_end_s":244743.545904792,"gpu_ms":0.220417,"valid":true,"completed":true,"op_counts":{"CPY":1,"VIEW":2}}
M5_COPY_RETURN {"copy_bytes":15728640,"dst_nb":[4,3145728,3145728,15728640],"dst_ne":[786432,1,5,1],"layout":"contiguous","phase":"measure","rows":5,"sample":36,"src_nb":[4,3145728,3145728,15728640],"src_ne":[786432,1,5,1],"wall_us":412.958,"width":786432}
M5_COPY_CALL {"copy_bytes":15728640,"dst_nb":[4,3145728,3145728,15728640],"dst_ne":[786432,1,5,1],"layout":"contiguous","phase":"measure","rows":5,"sample":37,"src_nb":[4,3145728,3145728,15728640],"src_ne":[786432,1,5,1],"width":786432}
M5_PROFILE {"context":"74e2de0000","graph":213,"cb":1,"original_nodes":3,"gpu_start_s":244743.546115625,"gpu_end_s":244743.546342667,"gpu_ms":0.227042,"valid":true,"completed":true,"op_counts":{"CPY":1,"VIEW":2}}
M5_COPY_RETURN {"copy_bytes":15728640,"dst_nb":[4,3145728,3145728,15728640],"dst_ne":[786432,1,5,1],"layout":"contiguous","phase":"measure","rows":5,"sample":37,"src_nb":[4,3145728,3145728,15728640],"src_ne":[786432,1,5,1],"wall_us":418.208,"width":786432}
M5_COPY_CALL {"copy_bytes":15728640,"dst_nb":[4,3145728,3145728,15728640],"dst_ne":[786432,1,5,1],"layout":"contiguous","phase":"measure","rows":5,"sample":38,"src_nb":[4,3145728,3145728,15728640],"src_ne":[786432,1,5,1],"width":786432}
M5_PROFILE {"context":"74e2de0000","graph":214,"cb":1,"original_nodes":3,"gpu_start_s":244743.546532917,"gpu_end_s":244743.546760125,"gpu_ms":0.227208,"valid":true,"completed":true,"op_counts":{"CPY":1,"VIEW":2}}
M5_COPY_RETURN {"copy_bytes":15728640,"dst_nb":[4,3145728,3145728,15728640],"dst_ne":[786432,1,5,1],"layout":"contiguous","phase":"measure","rows":5,"sample":38,"src_nb":[4,3145728,3145728,15728640],"src_ne":[786432,1,5,1],"wall_us":412.375,"width":786432}
M5_COPY_CALL {"copy_bytes":15728640,"dst_nb":[4,3145728,3145728,15728640],"dst_ne":[786432,1,5,1],"layout":"contiguous","phase":"measure","rows":5,"sample":39,"src_nb":[4,3145728,3145728,15728640],"src_ne":[786432,1,5,1],"width":786432}
M5_PROFILE {"context":"74e2de0000","graph":215,"cb":1,"original_nodes":3,"gpu_start_s":244743.546957750,"gpu_end_s":244743.547184792,"gpu_ms":0.227042,"valid":true,"completed":true,"op_counts":{"CPY":1,"VIEW":2}}
M5_COPY_RETURN {"copy_bytes":15728640,"dst_nb":[4,3145728,3145728,15728640],"dst_ne":[786432,1,5,1],"layout":"contiguous","phase":"measure","rows":5,"sample":39,"src_nb":[4,3145728,3145728,15728640],"src_ne":[786432,1,5,1],"wall_us":415.417,"width":786432}
M5_COPY_PASS {"copy_bytes":15728640,"dst_nb":[4,3145728,3145728,15728640],"dst_ne":[786432,1,5,1],"layout":"contiguous","rows":5,"src_nb":[4,3145728,3145728,15728640],"src_ne":[786432,1,5,1],"width":786432}
M5_COPY_CALL {"copy_bytes":15728640,"dst_nb":[4,3145728,18874368,94371840],"dst_ne":[786432,1,5,1],"layout":"strided","phase":"warmup","rows":5,"sample":-3,"src_nb":[4,3145728,3145744,15728720],"src_ne":[786432,1,5,1],"width":786432}
M5_PROFILE {"context":"74e2de0000","graph":216,"cb":1,"original_nodes":3,"gpu_start_s":244743.582747500,"gpu_end_s":244743.582985042,"gpu_ms":0.237542,"valid":true,"completed":true,"op_counts":{"CPY":1,"VIEW":2}}
M5_COPY_RETURN {"copy_bytes":15728640,"dst_nb":[4,3145728,18874368,94371840],"dst_ne":[786432,1,5,1],"layout":"strided","phase":"warmup","rows":5,"sample":-3,"src_nb":[4,3145728,3145744,15728720],"src_ne":[786432,1,5,1],"wall_us":1127.583,"width":786432}
M5_COPY_CALL {"copy_bytes":15728640,"dst_nb":[4,3145728,18874368,94371840],"dst_ne":[786432,1,5,1],"layout":"strided","phase":"warmup","rows":5,"sample":-2,"src_nb":[4,3145728,3145744,15728720],"src_ne":[786432,1,5,1],"width":786432}
M5_PROFILE {"context":"74e2de0000","graph":217,"cb":1,"original_nodes":3,"gpu_start_s":244743.583191542,"gpu_end_s":244743.583364125,"gpu_ms":0.172583,"valid":true,"completed":true,"op_counts":{"CPY":1,"VIEW":2}}
M5_COPY_RETURN {"copy_bytes":15728640,"dst_nb":[4,3145728,18874368,94371840],"dst_ne":[786432,1,5,1],"layout":"strided","phase":"warmup","rows":5,"sample":-2,"src_nb":[4,3145728,3145744,15728720],"src_ne":[786432,1,5,1],"wall_us":361.791,"width":786432}
M5_COPY_CALL {"copy_bytes":15728640,"dst_nb":[4,3145728,18874368,94371840],"dst_ne":[786432,1,5,1],"layout":"strided","phase":"warmup","rows":5,"sample":-1,"src_nb":[4,3145728,3145744,15728720],"src_ne":[786432,1,5,1],"width":786432}
M5_PROFILE {"context":"74e2de0000","graph":218,"cb":1,"original_nodes":3,"gpu_start_s":244743.583539542,"gpu_end_s":244743.583711917,"gpu_ms":0.172375,"valid":true,"completed":true,"op_counts":{"CPY":1,"VIEW":2}}
M5_COPY_RETURN {"copy_bytes":15728640,"dst_nb":[4,3145728,18874368,94371840],"dst_ne":[786432,1,5,1],"layout":"strided","phase":"warmup","rows":5,"sample":-1,"src_nb":[4,3145728,3145744,15728720],"src_ne":[786432,1,5,1],"wall_us":348.958,"width":786432}
M5_COPY_CALL {"copy_bytes":15728640,"dst_nb":[4,3145728,18874368,94371840],"dst_ne":[786432,1,5,1],"layout":"strided","phase":"measure","rows":5,"sample":0,"src_nb":[4,3145728,3145744,15728720],"src_ne":[786432,1,5,1],"width":786432}
M5_PROFILE {"context":"74e2de0000","graph":219,"cb":1,"original_nodes":3,"gpu_start_s":244743.583923625,"gpu_end_s":244743.584169125,"gpu_ms":0.245500,"valid":true,"completed":true,"op_counts":{"CPY":1,"VIEW":2}}
M5_COPY_RETURN {"copy_bytes":15728640,"dst_nb":[4,3145728,18874368,94371840],"dst_ne":[786432,1,5,1],"layout":"strided","phase":"measure","rows":5,"sample":0,"src_nb":[4,3145728,3145744,15728720],"src_ne":[786432,1,5,1],"wall_us":517.875,"width":786432}
M5_COPY_CALL {"copy_bytes":15728640,"dst_nb":[4,3145728,18874368,94371840],"dst_ne":[786432,1,5,1],"layout":"strided","phase":"measure","rows":5,"sample":1,"src_nb":[4,3145728,3145744,15728720],"src_ne":[786432,1,5,1],"width":786432}
M5_PROFILE {"context":"74e2de0000","graph":220,"cb":1,"original_nodes":3,"gpu_start_s":244743.584489167,"gpu_end_s":244743.584681125,"gpu_ms":0.191958,"valid":true,"completed":true,"op_counts":{"CPY":1,"VIEW":2}}
M5_COPY_RETURN {"copy_bytes":15728640,"dst_nb":[4,3145728,18874368,94371840],"dst_ne":[786432,1,5,1],"layout":"strided","phase":"measure","rows":5,"sample":1,"src_nb":[4,3145728,3145744,15728720],"src_ne":[786432,1,5,1],"wall_us":396.417,"width":786432}
M5_COPY_CALL {"copy_bytes":15728640,"dst_nb":[4,3145728,18874368,94371840],"dst_ne":[786432,1,5,1],"layout":"strided","phase":"measure","rows":5,"sample":2,"src_nb":[4,3145728,3145744,15728720],"src_ne":[786432,1,5,1],"width":786432}
M5_PROFILE {"context":"74e2de0000","graph":221,"cb":1,"original_nodes":3,"gpu_start_s":244743.584854250,"gpu_end_s":244743.585008917,"gpu_ms":0.154667,"valid":true,"completed":true,"op_counts":{"CPY":1,"VIEW":2}}
M5_COPY_RETURN {"copy_bytes":15728640,"dst_nb":[4,3145728,18874368,94371840],"dst_ne":[786432,1,5,1],"layout":"strided","phase":"measure","rows":5,"sample":2,"src_nb":[4,3145728,3145744,15728720],"src_ne":[786432,1,5,1],"wall_us":320.083,"width":786432}
M5_COPY_CALL {"copy_bytes":15728640,"dst_nb":[4,3145728,18874368,94371840],"dst_ne":[786432,1,5,1],"layout":"strided","phase":"measure","rows":5,"sample":3,"src_nb":[4,3145728,3145744,15728720],"src_ne":[786432,1,5,1],"width":786432}
M5_PROFILE {"context":"74e2de0000","graph":222,"cb":1,"original_nodes":3,"gpu_start_s":244743.585236750,"gpu_end_s":244743.585394292,"gpu_ms":0.157542,"valid":true,"completed":true,"op_counts":{"CPY":1,"VIEW":2}}
M5_COPY_RETURN {"copy_bytes":15728640,"dst_nb":[4,3145728,18874368,94371840],"dst_ne":[786432,1,5,1],"layout":"strided","phase":"measure","rows":5,"sample":3,"src_nb":[4,3145728,3145744,15728720],"src_ne":[786432,1,5,1],"wall_us":373.5,"width":786432}
M5_COPY_CALL {"copy_bytes":15728640,"dst_nb":[4,3145728,18874368,94371840],"dst_ne":[786432,1,5,1],"layout":"strided","phase":"measure","rows":5,"sample":4,"src_nb":[4,3145728,3145744,15728720],"src_ne":[786432,1,5,1],"width":786432}
M5_PROFILE {"context":"74e2de0000","graph":223,"cb":1,"original_nodes":3,"gpu_start_s":244743.585585292,"gpu_end_s":244743.585742542,"gpu_ms":0.157250,"valid":true,"completed":true,"op_counts":{"CPY":1,"VIEW":2}}
M5_COPY_RETURN {"copy_bytes":15728640,"dst_nb":[4,3145728,18874368,94371840],"dst_ne":[786432,1,5,1],"layout":"strided","phase":"measure","rows":5,"sample":4,"src_nb":[4,3145728,3145744,15728720],"src_ne":[786432,1,5,1],"wall_us":336.916,"width":786432}
M5_COPY_CALL {"copy_bytes":15728640,"dst_nb":[4,3145728,18874368,94371840],"dst_ne":[786432,1,5,1],"layout":"strided","phase":"measure","rows":5,"sample":5,"src_nb":[4,3145728,3145744,15728720],"src_ne":[786432,1,5,1],"width":786432}
M5_PROFILE {"context":"74e2de0000","graph":224,"cb":1,"original_nodes":3,"gpu_start_s":244743.585951625,"gpu_end_s":244743.586109125,"gpu_ms":0.157500,"valid":true,"completed":true,"op_counts":{"CPY":1,"VIEW":2}}
M5_COPY_RETURN {"copy_bytes":15728640,"dst_nb":[4,3145728,18874368,94371840],"dst_ne":[786432,1,5,1],"layout":"strided","phase":"measure","rows":5,"sample":5,"src_nb":[4,3145728,3145744,15728720],"src_ne":[786432,1,5,1],"wall_us":356.416,"width":786432}
M5_COPY_CALL {"copy_bytes":15728640,"dst_nb":[4,3145728,18874368,94371840],"dst_ne":[786432,1,5,1],"layout":"strided","phase":"measure","rows":5,"sample":6,"src_nb":[4,3145728,3145744,15728720],"src_ne":[786432,1,5,1],"width":786432}
M5_PROFILE {"context":"74e2de0000","graph":225,"cb":1,"original_nodes":3,"gpu_start_s":244743.586298375,"gpu_end_s":244743.586455875,"gpu_ms":0.157500,"valid":true,"completed":true,"op_counts":{"CPY":1,"VIEW":2}}
M5_COPY_RETURN {"copy_bytes":15728640,"dst_nb":[4,3145728,18874368,94371840],"dst_ne":[786432,1,5,1],"layout":"strided","phase":"measure","rows":5,"sample":6,"src_nb":[4,3145728,3145744,15728720],"src_ne":[786432,1,5,1],"wall_us":339.75,"width":786432}
M5_COPY_CALL {"copy_bytes":15728640,"dst_nb":[4,3145728,18874368,94371840],"dst_ne":[786432,1,5,1],"layout":"strided","phase":"measure","rows":5,"sample":7,"src_nb":[4,3145728,3145744,15728720],"src_ne":[786432,1,5,1],"width":786432}
M5_PROFILE {"context":"74e2de0000","graph":226,"cb":1,"original_nodes":3,"gpu_start_s":244743.586662000,"gpu_end_s":244743.586829375,"gpu_ms":0.167375,"valid":true,"completed":true,"op_counts":{"CPY":1,"VIEW":2}}
M5_COPY_RETURN {"copy_bytes":15728640,"dst_nb":[4,3145728,18874368,94371840],"dst_ne":[786432,1,5,1],"layout":"strided","phase":"measure","rows":5,"sample":7,"src_nb":[4,3145728,3145744,15728720],"src_ne":[786432,1,5,1],"wall_us":356.292,"width":786432}
M5_COPY_CALL {"copy_bytes":15728640,"dst_nb":[4,3145728,18874368,94371840],"dst_ne":[786432,1,5,1],"layout":"strided","phase":"measure","rows":5,"sample":8,"src_nb":[4,3145728,3145744,15728720],"src_ne":[786432,1,5,1],"width":786432}
M5_PROFILE {"context":"74e2de0000","graph":227,"cb":1,"original_nodes":3,"gpu_start_s":244743.587063375,"gpu_end_s":244743.587217750,"gpu_ms":0.154375,"valid":true,"completed":true,"op_counts":{"CPY":1,"VIEW":2}}
M5_COPY_RETURN {"copy_bytes":15728640,"dst_nb":[4,3145728,18874368,94371840],"dst_ne":[786432,1,5,1],"layout":"strided","phase":"measure","rows":5,"sample":8,"src_nb":[4,3145728,3145744,15728720],"src_ne":[786432,1,5,1],"wall_us":377.375,"width":786432}
M5_COPY_CALL {"copy_bytes":15728640,"dst_nb":[4,3145728,18874368,94371840],"dst_ne":[786432,1,5,1],"layout":"strided","phase":"measure","rows":5,"sample":9,"src_nb":[4,3145728,3145744,15728720],"src_ne":[786432,1,5,1],"width":786432}
M5_PROFILE {"context":"74e2de0000","graph":228,"cb":1,"original_nodes":3,"gpu_start_s":244743.587401417,"gpu_end_s":244743.587555875,"gpu_ms":0.154458,"valid":true,"completed":true,"op_counts":{"CPY":1,"VIEW":2}}
M5_COPY_RETURN {"copy_bytes":15728640,"dst_nb":[4,3145728,18874368,94371840],"dst_ne":[786432,1,5,1],"layout":"strided","phase":"measure","rows":5,"sample":9,"src_nb":[4,3145728,3145744,15728720],"src_ne":[786432,1,5,1],"wall_us":332.708,"width":786432}
M5_COPY_CALL {"copy_bytes":15728640,"dst_nb":[4,3145728,18874368,94371840],"dst_ne":[786432,1,5,1],"layout":"strided","phase":"measure","rows":5,"sample":10,"src_nb":[4,3145728,3145744,15728720],"src_ne":[786432,1,5,1],"width":786432}
M5_PROFILE {"context":"74e2de0000","graph":229,"cb":1,"original_nodes":3,"gpu_start_s":244743.587762417,"gpu_end_s":244743.587929292,"gpu_ms":0.166875,"valid":true,"completed":true,"op_counts":{"CPY":1,"VIEW":2}}
M5_COPY_RETURN {"copy_bytes":15728640,"dst_nb":[4,3145728,18874368,94371840],"dst_ne":[786432,1,5,1],"layout":"strided","phase":"measure","rows":5,"sample":10,"src_nb":[4,3145728,3145744,15728720],"src_ne":[786432,1,5,1],"wall_us":368.666,"width":786432}
M5_COPY_CALL {"copy_bytes":15728640,"dst_nb":[4,3145728,18874368,94371840],"dst_ne":[786432,1,5,1],"layout":"strided","phase":"measure","rows":5,"sample":11,"src_nb":[4,3145728,3145744,15728720],"src_ne":[786432,1,5,1],"width":786432}
M5_PROFILE {"context":"74e2de0000","graph":230,"cb":1,"original_nodes":3,"gpu_start_s":244743.588119042,"gpu_end_s":244743.588286500,"gpu_ms":0.167458,"valid":true,"completed":true,"op_counts":{"CPY":1,"VIEW":2}}
M5_COPY_RETURN {"copy_bytes":15728640,"dst_nb":[4,3145728,18874368,94371840],"dst_ne":[786432,1,5,1],"layout":"strided","phase":"measure","rows":5,"sample":11,"src_nb":[4,3145728,3145744,15728720],"src_ne":[786432,1,5,1],"wall_us":344.75,"width":786432}
M5_COPY_CALL {"copy_bytes":15728640,"dst_nb":[4,3145728,18874368,94371840],"dst_ne":[786432,1,5,1],"layout":"strided","phase":"measure","rows":5,"sample":12,"src_nb":[4,3145728,3145744,15728720],"src_ne":[786432,1,5,1],"width":786432}
M5_PROFILE {"context":"74e2de0000","graph":231,"cb":1,"original_nodes":3,"gpu_start_s":244743.588467625,"gpu_end_s":244743.588622000,"gpu_ms":0.154375,"valid":true,"completed":true,"op_counts":{"CPY":1,"VIEW":2}}
M5_COPY_RETURN {"copy_bytes":15728640,"dst_nb":[4,3145728,18874368,94371840],"dst_ne":[786432,1,5,1],"layout":"strided","phase":"measure","rows":5,"sample":12,"src_nb":[4,3145728,3145744,15728720],"src_ne":[786432,1,5,1],"wall_us":328.958,"width":786432}
M5_COPY_CALL {"copy_bytes":15728640,"dst_nb":[4,3145728,18874368,94371840],"dst_ne":[786432,1,5,1],"layout":"strided","phase":"measure","rows":5,"sample":13,"src_nb":[4,3145728,3145744,15728720],"src_ne":[786432,1,5,1],"width":786432}
M5_PROFILE {"context":"74e2de0000","graph":232,"cb":1,"original_nodes":3,"gpu_start_s":244743.588822750,"gpu_end_s":244743.588977250,"gpu_ms":0.154500,"valid":true,"completed":true,"op_counts":{"CPY":1,"VIEW":2}}
M5_COPY_RETURN {"copy_bytes":15728640,"dst_nb":[4,3145728,18874368,94371840],"dst_ne":[786432,1,5,1],"layout":"strided","phase":"measure","rows":5,"sample":13,"src_nb":[4,3145728,3145744,15728720],"src_ne":[786432,1,5,1],"wall_us":346.167,"width":786432}
M5_COPY_CALL {"copy_bytes":15728640,"dst_nb":[4,3145728,18874368,94371840],"dst_ne":[786432,1,5,1],"layout":"strided","phase":"measure","rows":5,"sample":14,"src_nb":[4,3145728,3145744,15728720],"src_ne":[786432,1,5,1],"width":786432}
M5_PROFILE {"context":"74e2de0000","graph":233,"cb":1,"original_nodes":3,"gpu_start_s":244743.589147250,"gpu_end_s":244743.589301542,"gpu_ms":0.154292,"valid":true,"completed":true,"op_counts":{"CPY":1,"VIEW":2}}
M5_COPY_RETURN {"copy_bytes":15728640,"dst_nb":[4,3145728,18874368,94371840],"dst_ne":[786432,1,5,1],"layout":"strided","phase":"measure","rows":5,"sample":14,"src_nb":[4,3145728,3145744,15728720],"src_ne":[786432,1,5,1],"wall_us":322.209,"width":786432}
M5_COPY_CALL {"copy_bytes":15728640,"dst_nb":[4,3145728,18874368,94371840],"dst_ne":[786432,1,5,1],"layout":"strided","phase":"measure","rows":5,"sample":15,"src_nb":[4,3145728,3145744,15728720],"src_ne":[786432,1,5,1],"width":786432}
M5_PROFILE {"context":"74e2de0000","graph":234,"cb":1,"original_nodes":3,"gpu_start_s":244743.589498792,"gpu_end_s":244743.589659042,"gpu_ms":0.160250,"valid":true,"completed":true,"op_counts":{"CPY":1,"VIEW":2}}
M5_COPY_RETURN {"copy_bytes":15728640,"dst_nb":[4,3145728,18874368,94371840],"dst_ne":[786432,1,5,1],"layout":"strided","phase":"measure","rows":5,"sample":15,"src_nb":[4,3145728,3145744,15728720],"src_ne":[786432,1,5,1],"wall_us":345.333,"width":786432}
M5_COPY_CALL {"copy_bytes":15728640,"dst_nb":[4,3145728,18874368,94371840],"dst_ne":[786432,1,5,1],"layout":"strided","phase":"measure","rows":5,"sample":16,"src_nb":[4,3145728,3145744,15728720],"src_ne":[786432,1,5,1],"width":786432}
M5_PROFILE {"context":"74e2de0000","graph":235,"cb":1,"original_nodes":3,"gpu_start_s":244743.589872125,"gpu_end_s":244743.590055667,"gpu_ms":0.183542,"valid":true,"completed":true,"op_counts":{"CPY":1,"VIEW":2}}
M5_COPY_RETURN {"copy_bytes":15728640,"dst_nb":[4,3145728,18874368,94371840],"dst_ne":[786432,1,5,1],"layout":"strided","phase":"measure","rows":5,"sample":16,"src_nb":[4,3145728,3145744,15728720],"src_ne":[786432,1,5,1],"wall_us":487.875,"width":786432}
M5_COPY_CALL {"copy_bytes":15728640,"dst_nb":[4,3145728,18874368,94371840],"dst_ne":[786432,1,5,1],"layout":"strided","phase":"measure","rows":5,"sample":17,"src_nb":[4,3145728,3145744,15728720],"src_ne":[786432,1,5,1],"width":786432}
M5_PROFILE {"context":"74e2de0000","graph":236,"cb":1,"original_nodes":3,"gpu_start_s":244743.590366542,"gpu_end_s":244743.590538625,"gpu_ms":0.172083,"valid":true,"completed":true,"op_counts":{"CPY":1,"VIEW":2}}
M5_COPY_RETURN {"copy_bytes":15728640,"dst_nb":[4,3145728,18874368,94371840],"dst_ne":[786432,1,5,1],"layout":"strided","phase":"measure","rows":5,"sample":17,"src_nb":[4,3145728,3145744,15728720],"src_ne":[786432,1,5,1],"wall_us":368.416,"width":786432}
M5_COPY_CALL {"copy_bytes":15728640,"dst_nb":[4,3145728,18874368,94371840],"dst_ne":[786432,1,5,1],"layout":"strided","phase":"measure","rows":5,"sample":18,"src_nb":[4,3145728,3145744,15728720],"src_ne":[786432,1,5,1],"width":786432}
M5_PROFILE {"context":"74e2de0000","graph":237,"cb":1,"original_nodes":3,"gpu_start_s":244743.590714375,"gpu_end_s":244743.590886625,"gpu_ms":0.172250,"valid":true,"completed":true,"op_counts":{"CPY":1,"VIEW":2}}
M5_COPY_RETURN {"copy_bytes":15728640,"dst_nb":[4,3145728,18874368,94371840],"dst_ne":[786432,1,5,1],"layout":"strided","phase":"measure","rows":5,"sample":18,"src_nb":[4,3145728,3145744,15728720],"src_ne":[786432,1,5,1],"wall_us":342.625,"width":786432}
M5_COPY_CALL {"copy_bytes":15728640,"dst_nb":[4,3145728,18874368,94371840],"dst_ne":[786432,1,5,1],"layout":"strided","phase":"measure","rows":5,"sample":19,"src_nb":[4,3145728,3145744,15728720],"src_ne":[786432,1,5,1],"width":786432}
M5_PROFILE {"context":"74e2de0000","graph":238,"cb":1,"original_nodes":3,"gpu_start_s":244743.591065625,"gpu_end_s":244743.591237667,"gpu_ms":0.172042,"valid":true,"completed":true,"op_counts":{"CPY":1,"VIEW":2}}
M5_COPY_RETURN {"copy_bytes":15728640,"dst_nb":[4,3145728,18874368,94371840],"dst_ne":[786432,1,5,1],"layout":"strided","phase":"measure","rows":5,"sample":19,"src_nb":[4,3145728,3145744,15728720],"src_ne":[786432,1,5,1],"wall_us":336.833,"width":786432}
M5_COPY_CALL {"copy_bytes":15728640,"dst_nb":[4,3145728,18874368,94371840],"dst_ne":[786432,1,5,1],"layout":"strided","phase":"measure","rows":5,"sample":20,"src_nb":[4,3145728,3145744,15728720],"src_ne":[786432,1,5,1],"width":786432}
M5_PROFILE {"context":"74e2de0000","graph":239,"cb":1,"original_nodes":3,"gpu_start_s":244743.591433125,"gpu_end_s":244743.591605125,"gpu_ms":0.172000,"valid":true,"completed":true,"op_counts":{"CPY":1,"VIEW":2}}
M5_COPY_RETURN {"copy_bytes":15728640,"dst_nb":[4,3145728,18874368,94371840],"dst_ne":[786432,1,5,1],"layout":"strided","phase":"measure","rows":5,"sample":20,"src_nb":[4,3145728,3145744,15728720],"src_ne":[786432,1,5,1],"wall_us":360.917,"width":786432}
M5_COPY_CALL {"copy_bytes":15728640,"dst_nb":[4,3145728,18874368,94371840],"dst_ne":[786432,1,5,1],"layout":"strided","phase":"measure","rows":5,"sample":21,"src_nb":[4,3145728,3145744,15728720],"src_ne":[786432,1,5,1],"width":786432}
M5_PROFILE {"context":"74e2de0000","graph":240,"cb":1,"original_nodes":3,"gpu_start_s":244743.591804125,"gpu_end_s":244743.591977875,"gpu_ms":0.173750,"valid":true,"completed":true,"op_counts":{"CPY":1,"VIEW":2}}
M5_COPY_RETURN {"copy_bytes":15728640,"dst_nb":[4,3145728,18874368,94371840],"dst_ne":[786432,1,5,1],"layout":"strided","phase":"measure","rows":5,"sample":21,"src_nb":[4,3145728,3145744,15728720],"src_ne":[786432,1,5,1],"wall_us":371.708,"width":786432}
M5_COPY_CALL {"copy_bytes":15728640,"dst_nb":[4,3145728,18874368,94371840],"dst_ne":[786432,1,5,1],"layout":"strided","phase":"measure","rows":5,"sample":22,"src_nb":[4,3145728,3145744,15728720],"src_ne":[786432,1,5,1],"width":786432}
M5_PROFILE {"context":"74e2de0000","graph":241,"cb":1,"original_nodes":3,"gpu_start_s":244743.592179917,"gpu_end_s":244743.592359167,"gpu_ms":0.179250,"valid":true,"completed":true,"op_counts":{"CPY":1,"VIEW":2}}
M5_COPY_RETURN {"copy_bytes":15728640,"dst_nb":[4,3145728,18874368,94371840],"dst_ne":[786432,1,5,1],"layout":"strided","phase":"measure","rows":5,"sample":22,"src_nb":[4,3145728,3145744,15728720],"src_ne":[786432,1,5,1],"wall_us":371.083,"width":786432}
M5_COPY_CALL {"copy_bytes":15728640,"dst_nb":[4,3145728,18874368,94371840],"dst_ne":[786432,1,5,1],"layout":"strided","phase":"measure","rows":5,"sample":23,"src_nb":[4,3145728,3145744,15728720],"src_ne":[786432,1,5,1],"width":786432}
M5_PROFILE {"context":"74e2de0000","graph":242,"cb":1,"original_nodes":3,"gpu_start_s":244743.592553125,"gpu_end_s":244743.592729250,"gpu_ms":0.176125,"valid":true,"completed":true,"op_counts":{"CPY":1,"VIEW":2}}
M5_COPY_RETURN {"copy_bytes":15728640,"dst_nb":[4,3145728,18874368,94371840],"dst_ne":[786432,1,5,1],"layout":"strided","phase":"measure","rows":5,"sample":23,"src_nb":[4,3145728,3145744,15728720],"src_ne":[786432,1,5,1],"wall_us":364.584,"width":786432}
M5_COPY_CALL {"copy_bytes":15728640,"dst_nb":[4,3145728,18874368,94371840],"dst_ne":[786432,1,5,1],"layout":"strided","phase":"measure","rows":5,"sample":24,"src_nb":[4,3145728,3145744,15728720],"src_ne":[786432,1,5,1],"width":786432}
M5_PROFILE {"context":"74e2de0000","graph":243,"cb":1,"original_nodes":3,"gpu_start_s":244743.592902875,"gpu_end_s":244743.593069375,"gpu_ms":0.166500,"valid":true,"completed":true,"op_counts":{"CPY":1,"VIEW":2}}
M5_COPY_RETURN {"copy_bytes":15728640,"dst_nb":[4,3145728,18874368,94371840],"dst_ne":[786432,1,5,1],"layout":"strided","phase":"measure","rows":5,"sample":24,"src_nb":[4,3145728,3145744,15728720],"src_ne":[786432,1,5,1],"wall_us":330.125,"width":786432}
M5_COPY_CALL {"copy_bytes":15728640,"dst_nb":[4,3145728,18874368,94371840],"dst_ne":[786432,1,5,1],"layout":"strided","phase":"measure","rows":5,"sample":25,"src_nb":[4,3145728,3145744,15728720],"src_ne":[786432,1,5,1],"width":786432}
M5_PROFILE {"context":"74e2de0000","graph":244,"cb":1,"original_nodes":3,"gpu_start_s":244743.593319417,"gpu_end_s":244743.593482250,"gpu_ms":0.162833,"valid":true,"completed":true,"op_counts":{"CPY":1,"VIEW":2}}
M5_COPY_RETURN {"copy_bytes":15728640,"dst_nb":[4,3145728,18874368,94371840],"dst_ne":[786432,1,5,1],"layout":"strided","phase":"measure","rows":5,"sample":25,"src_nb":[4,3145728,3145744,15728720],"src_ne":[786432,1,5,1],"wall_us":399.792,"width":786432}
M5_COPY_CALL {"copy_bytes":15728640,"dst_nb":[4,3145728,18874368,94371840],"dst_ne":[786432,1,5,1],"layout":"strided","phase":"measure","rows":5,"sample":26,"src_nb":[4,3145728,3145744,15728720],"src_ne":[786432,1,5,1],"width":786432}
M5_PROFILE {"context":"74e2de0000","graph":245,"cb":1,"original_nodes":3,"gpu_start_s":244743.593658125,"gpu_end_s":244743.593812625,"gpu_ms":0.154500,"valid":true,"completed":true,"op_counts":{"CPY":1,"VIEW":2}}
M5_COPY_RETURN {"copy_bytes":15728640,"dst_nb":[4,3145728,18874368,94371840],"dst_ne":[786432,1,5,1],"layout":"strided","phase":"measure","rows":5,"sample":26,"src_nb":[4,3145728,3145744,15728720],"src_ne":[786432,1,5,1],"wall_us":328.75,"width":786432}
M5_COPY_CALL {"copy_bytes":15728640,"dst_nb":[4,3145728,18874368,94371840],"dst_ne":[786432,1,5,1],"layout":"strided","phase":"measure","rows":5,"sample":27,"src_nb":[4,3145728,3145744,15728720],"src_ne":[786432,1,5,1],"width":786432}
M5_PROFILE {"context":"74e2de0000","graph":246,"cb":1,"original_nodes":3,"gpu_start_s":244743.594001625,"gpu_end_s":244743.594165667,"gpu_ms":0.164042,"valid":true,"completed":true,"op_counts":{"CPY":1,"VIEW":2}}
M5_COPY_RETURN {"copy_bytes":15728640,"dst_nb":[4,3145728,18874368,94371840],"dst_ne":[786432,1,5,1],"layout":"strided","phase":"measure","rows":5,"sample":27,"src_nb":[4,3145728,3145744,15728720],"src_ne":[786432,1,5,1],"wall_us":351.916,"width":786432}
M5_COPY_CALL {"copy_bytes":15728640,"dst_nb":[4,3145728,18874368,94371840],"dst_ne":[786432,1,5,1],"layout":"strided","phase":"measure","rows":5,"sample":28,"src_nb":[4,3145728,3145744,15728720],"src_ne":[786432,1,5,1],"width":786432}
M5_PROFILE {"context":"74e2de0000","graph":247,"cb":1,"original_nodes":3,"gpu_start_s":244743.594374250,"gpu_end_s":244743.594541667,"gpu_ms":0.167417,"valid":true,"completed":true,"op_counts":{"CPY":1,"VIEW":2}}
M5_COPY_RETURN {"copy_bytes":15728640,"dst_nb":[4,3145728,18874368,94371840],"dst_ne":[786432,1,5,1],"layout":"strided","phase":"measure","rows":5,"sample":28,"src_nb":[4,3145728,3145744,15728720],"src_ne":[786432,1,5,1],"wall_us":363.084,"width":786432}
M5_COPY_CALL {"copy_bytes":15728640,"dst_nb":[4,3145728,18874368,94371840],"dst_ne":[786432,1,5,1],"layout":"strided","phase":"measure","rows":5,"sample":29,"src_nb":[4,3145728,3145744,15728720],"src_ne":[786432,1,5,1],"width":786432}
M5_PROFILE {"context":"74e2de0000","graph":248,"cb":1,"original_nodes":3,"gpu_start_s":244743.594745125,"gpu_end_s":244743.594909250,"gpu_ms":0.164125,"valid":true,"completed":true,"op_counts":{"CPY":1,"VIEW":2}}
M5_COPY_RETURN {"copy_bytes":15728640,"dst_nb":[4,3145728,18874368,94371840],"dst_ne":[786432,1,5,1],"layout":"strided","phase":"measure","rows":5,"sample":29,"src_nb":[4,3145728,3145744,15728720],"src_ne":[786432,1,5,1],"wall_us":367.375,"width":786432}
M5_COPY_CALL {"copy_bytes":15728640,"dst_nb":[4,3145728,18874368,94371840],"dst_ne":[786432,1,5,1],"layout":"strided","phase":"measure","rows":5,"sample":30,"src_nb":[4,3145728,3145744,15728720],"src_ne":[786432,1,5,1],"width":786432}
M5_PROFILE {"context":"74e2de0000","graph":249,"cb":1,"original_nodes":3,"gpu_start_s":244743.595161167,"gpu_end_s":244743.595321625,"gpu_ms":0.160458,"valid":true,"completed":true,"op_counts":{"CPY":1,"VIEW":2}}
M5_COPY_RETURN {"copy_bytes":15728640,"dst_nb":[4,3145728,18874368,94371840],"dst_ne":[786432,1,5,1],"layout":"strided","phase":"measure","rows":5,"sample":30,"src_nb":[4,3145728,3145744,15728720],"src_ne":[786432,1,5,1],"wall_us":402.375,"width":786432}
M5_COPY_CALL {"copy_bytes":15728640,"dst_nb":[4,3145728,18874368,94371840],"dst_ne":[786432,1,5,1],"layout":"strided","phase":"measure","rows":5,"sample":31,"src_nb":[4,3145728,3145744,15728720],"src_ne":[786432,1,5,1],"width":786432}
M5_PROFILE {"context":"74e2de0000","graph":250,"cb":1,"original_nodes":3,"gpu_start_s":244743.595503875,"gpu_end_s":244743.595658375,"gpu_ms":0.154500,"valid":true,"completed":true,"op_counts":{"CPY":1,"VIEW":2}}
M5_COPY_RETURN {"copy_bytes":15728640,"dst_nb":[4,3145728,18874368,94371840],"dst_ne":[786432,1,5,1],"layout":"strided","phase":"measure","rows":5,"sample":31,"src_nb":[4,3145728,3145744,15728720],"src_ne":[786432,1,5,1],"wall_us":325.209,"width":786432}
M5_COPY_CALL {"copy_bytes":15728640,"dst_nb":[4,3145728,18874368,94371840],"dst_ne":[786432,1,5,1],"layout":"strided","phase":"measure","rows":5,"sample":32,"src_nb":[4,3145728,3145744,15728720],"src_ne":[786432,1,5,1],"width":786432}
M5_PROFILE {"context":"74e2de0000","graph":251,"cb":1,"original_nodes":3,"gpu_start_s":244743.595890792,"gpu_end_s":244743.596045250,"gpu_ms":0.154458,"valid":true,"completed":true,"op_counts":{"CPY":1,"VIEW":2}}
M5_COPY_RETURN {"copy_bytes":15728640,"dst_nb":[4,3145728,18874368,94371840],"dst_ne":[786432,1,5,1],"layout":"strided","phase":"measure","rows":5,"sample":32,"src_nb":[4,3145728,3145744,15728720],"src_ne":[786432,1,5,1],"wall_us":389.333,"width":786432}
M5_COPY_CALL {"copy_bytes":15728640,"dst_nb":[4,3145728,18874368,94371840],"dst_ne":[786432,1,5,1],"layout":"strided","phase":"measure","rows":5,"sample":33,"src_nb":[4,3145728,3145744,15728720],"src_ne":[786432,1,5,1],"width":786432}
M5_PROFILE {"context":"74e2de0000","graph":252,"cb":1,"original_nodes":3,"gpu_start_s":244743.596255917,"gpu_end_s":244743.596420292,"gpu_ms":0.164375,"valid":true,"completed":true,"op_counts":{"CPY":1,"VIEW":2}}
M5_COPY_RETURN {"copy_bytes":15728640,"dst_nb":[4,3145728,18874368,94371840],"dst_ne":[786432,1,5,1],"layout":"strided","phase":"measure","rows":5,"sample":33,"src_nb":[4,3145728,3145744,15728720],"src_ne":[786432,1,5,1],"wall_us":367.709,"width":786432}
M5_COPY_CALL {"copy_bytes":15728640,"dst_nb":[4,3145728,18874368,94371840],"dst_ne":[786432,1,5,1],"layout":"strided","phase":"measure","rows":5,"sample":34,"src_nb":[4,3145728,3145744,15728720],"src_ne":[786432,1,5,1],"width":786432}
M5_PROFILE {"context":"74e2de0000","graph":253,"cb":1,"original_nodes":3,"gpu_start_s":244743.596627042,"gpu_end_s":244743.596793292,"gpu_ms":0.166250,"valid":true,"completed":true,"op_counts":{"CPY":1,"VIEW":2}}
M5_COPY_RETURN {"copy_bytes":15728640,"dst_nb":[4,3145728,18874368,94371840],"dst_ne":[786432,1,5,1],"layout":"strided","phase":"measure","rows":5,"sample":34,"src_nb":[4,3145728,3145744,15728720],"src_ne":[786432,1,5,1],"wall_us":368.666,"width":786432}
M5_COPY_CALL {"copy_bytes":15728640,"dst_nb":[4,3145728,18874368,94371840],"dst_ne":[786432,1,5,1],"layout":"strided","phase":"measure","rows":5,"sample":35,"src_nb":[4,3145728,3145744,15728720],"src_ne":[786432,1,5,1],"width":786432}
M5_PROFILE {"context":"74e2de0000","graph":254,"cb":1,"original_nodes":3,"gpu_start_s":244743.596998375,"gpu_end_s":244743.597161542,"gpu_ms":0.163167,"valid":true,"completed":true,"op_counts":{"CPY":1,"VIEW":2}}
M5_COPY_RETURN {"copy_bytes":15728640,"dst_nb":[4,3145728,18874368,94371840],"dst_ne":[786432,1,5,1],"layout":"strided","phase":"measure","rows":5,"sample":35,"src_nb":[4,3145728,3145744,15728720],"src_ne":[786432,1,5,1],"wall_us":358.375,"width":786432}
M5_COPY_CALL {"copy_bytes":15728640,"dst_nb":[4,3145728,18874368,94371840],"dst_ne":[786432,1,5,1],"layout":"strided","phase":"measure","rows":5,"sample":36,"src_nb":[4,3145728,3145744,15728720],"src_ne":[786432,1,5,1],"width":786432}
M5_PROFILE {"context":"74e2de0000","graph":255,"cb":1,"original_nodes":3,"gpu_start_s":244743.597367625,"gpu_end_s":244743.597533625,"gpu_ms":0.166000,"valid":true,"completed":true,"op_counts":{"CPY":1,"VIEW":2}}
M5_COPY_RETURN {"copy_bytes":15728640,"dst_nb":[4,3145728,18874368,94371840],"dst_ne":[786432,1,5,1],"layout":"strided","phase":"measure","rows":5,"sample":36,"src_nb":[4,3145728,3145744,15728720],"src_ne":[786432,1,5,1],"wall_us":469.917,"width":786432}
M5_COPY_CALL {"copy_bytes":15728640,"dst_nb":[4,3145728,18874368,94371840],"dst_ne":[786432,1,5,1],"layout":"strided","phase":"measure","rows":5,"sample":37,"src_nb":[4,3145728,3145744,15728720],"src_ne":[786432,1,5,1],"width":786432}
M5_PROFILE {"context":"74e2de0000","graph":256,"cb":1,"original_nodes":3,"gpu_start_s":244743.597919750,"gpu_end_s":244743.598006500,"gpu_ms":0.086750,"valid":true,"completed":true,"op_counts":{"CPY":1,"VIEW":2}}
M5_COPY_RETURN {"copy_bytes":15728640,"dst_nb":[4,3145728,18874368,94371840],"dst_ne":[786432,1,5,1],"layout":"strided","phase":"measure","rows":5,"sample":37,"src_nb":[4,3145728,3145744,15728720],"src_ne":[786432,1,5,1],"wall_us":337.916,"width":786432}
M5_COPY_CALL {"copy_bytes":15728640,"dst_nb":[4,3145728,18874368,94371840],"dst_ne":[786432,1,5,1],"layout":"strided","phase":"measure","rows":5,"sample":38,"src_nb":[4,3145728,3145744,15728720],"src_ne":[786432,1,5,1],"width":786432}
M5_PROFILE {"context":"74e2de0000","graph":257,"cb":1,"original_nodes":3,"gpu_start_s":244743.598308375,"gpu_end_s":244743.598394000,"gpu_ms":0.085625,"valid":true,"completed":true,"op_counts":{"CPY":1,"VIEW":2}}
M5_COPY_RETURN {"copy_bytes":15728640,"dst_nb":[4,3145728,18874368,94371840],"dst_ne":[786432,1,5,1],"layout":"strided","phase":"measure","rows":5,"sample":38,"src_nb":[4,3145728,3145744,15728720],"src_ne":[786432,1,5,1],"wall_us":374.417,"width":786432}
M5_COPY_CALL {"copy_bytes":15728640,"dst_nb":[4,3145728,18874368,94371840],"dst_ne":[786432,1,5,1],"layout":"strided","phase":"measure","rows":5,"sample":39,"src_nb":[4,3145728,3145744,15728720],"src_ne":[786432,1,5,1],"width":786432}
M5_PROFILE {"context":"74e2de0000","graph":258,"cb":1,"original_nodes":3,"gpu_start_s":244743.598582000,"gpu_end_s":244743.598667542,"gpu_ms":0.085542,"valid":true,"completed":true,"op_counts":{"CPY":1,"VIEW":2}}
M5_COPY_RETURN {"copy_bytes":15728640,"dst_nb":[4,3145728,18874368,94371840],"dst_ne":[786432,1,5,1],"layout":"strided","phase":"measure","rows":5,"sample":39,"src_nb":[4,3145728,3145744,15728720],"src_ne":[786432,1,5,1],"wall_us":270.792,"width":786432}
M5_COPY_PASS {"copy_bytes":15728640,"dst_nb":[4,3145728,18874368,94371840],"dst_ne":[786432,1,5,1],"layout":"strided","rows":5,"src_nb":[4,3145728,3145744,15728720],"src_ne":[786432,1,5,1],"width":786432}
ggml_metal_free: deallocating
M5_COPY_DONE {"mode":"perf","passed":6}
