ggml_metal_device_init: testing tensor API for f16 support
ggml_metal_library_compile_pipeline: compiling pipeline: base = 'dummy_kernel', name = 'dummy_kernel'
ggml_metal_library_compile_pipeline: loaded dummy_kernel                                  0x102a99010 | th_max = 1024 | th_width =   32
ggml_metal_device_init: testing tensor API for bfloat support
ggml_metal_library_compile_pipeline: compiling pipeline: base = 'dummy_kernel', name = 'dummy_kernel'
ggml_metal_library_compile_pipeline: loaded dummy_kernel                                  0x102a98fd0 | th_max = 1024 | th_width =   32
ggml_metal_library_init: using embedded metal library
ggml_metal_library_compile_all: compiled 'fa_aux' library in 0.000 sec
ggml_metal_library_compile_all: compiled 'fa_f16' library in 0.001 sec
ggml_metal_library_compile_all: compiled 'fa_f32' library in 0.007 sec
ggml_metal_library_compile_all: compiled 'fa_q4_0' library in 0.001 sec
ggml_metal_library_compile_all: compiled 'fa_q4_1' library in 0.001 sec
ggml_metal_library_compile_all: compiled 'fa_q5_0' library in 0.001 sec
ggml_metal_library_compile_all: compiled 'fa_q5_1' library in 0.003 sec
ggml_metal_library_compile_all: compiled 'fa_q8_0' library in 0.003 sec
ggml_metal_library_compile_all: compiled 'fa_vec_f16' library in 0.002 sec
ggml_metal_library_compile_all: compiled 'fa_vec_f32' library in 0.006 sec
ggml_metal_library_compile_all: compiled 'fa_vec_q4_0' library in 0.010 sec
ggml_metal_library_compile_all: compiled 'fa_vec_q4_1' library in 0.008 sec
ggml_metal_library_compile_all: compiled 'fa_vec_q5_0' library in 0.007 sec
ggml_metal_library_compile_all: compiled 'fa_vec_q5_1' library in 0.004 sec
ggml_metal_library_compile_all: compiled 'fa_vec_q8_0' library in 0.005 sec
ggml_metal_library_compile_all: compiled 'mul_mv' library in 0.003 sec
ggml_metal_library_compile_all: compiled 'mul_mv_mma' library in 0.011 sec
ggml_metal_library_compile_all: compiled 'mul_mm' library in 0.009 sec
ggml_metal_library_compile_all: compiled 'quantize' library in 0.006 sec
ggml_metal_library_compile_all: compiled 'softmax' library in 0.009 sec
ggml_metal_library_compile_all: compiled 'norm' library in 0.005 sec
ggml_metal_library_compile_all: compiled 'unary' library in 0.005 sec
ggml_metal_library_compile_all: compiled 'binbcast' library in 0.011 sec
ggml_metal_library_compile_all: compiled 'reduce' library in 0.009 sec
ggml_metal_library_compile_all: compiled 'tri' library in 0.009 sec
ggml_metal_library_compile_all: compiled 'ssm' library in 0.005 sec
ggml_metal_library_compile_all: compiled 'wkv' library in 0.005 sec
ggml_metal_library_compile_all: compiled 'gated_delta_net' library in 0.005 sec
ggml_metal_library_compile_all: compiled 'solve_tri' library in 0.005 sec
ggml_metal_library_compile_all: compiled 'rope' library in 0.006 sec
ggml_metal_library_compile_all: compiled 'conv' library in 0.011 sec
ggml_metal_library_compile_all: compiled 'upscale' library in 0.005 sec
ggml_metal_library_compile_all: compiled 'argsort' library in 0.011 sec
ggml_metal_library_compile_all: compiled 'pool' library in 0.005 sec
ggml_metal_library_compile_all: compiled 'misc' library in 0.005 sec
ggml_metal_library_compile_all: loaded 35 libraries from embedded data in 0.012 sec (max single = 0.011 sec)
ggml_metal_rsets_init: creating a residency set collection (keep_alive = 180 s)
ggml_metal_device_init: GPU name:   MTL0 (Apple M5 Pro)
ggml_metal_device_init: GPU family: MTLGPUFamilyApple10  (1010)
ggml_metal_device_init: GPU family: MTLGPUFamilyMetal4  (5002)
ggml_metal_device_init: simdgroup reduction   = true
ggml_metal_device_init: simdgroup matrix mul. = true
ggml_metal_device_init: has unified memory    = true
ggml_metal_device_init: has bfloat            = true
ggml_metal_device_init: has tensor            = true
ggml_metal_device_init: use residency sets    = true
ggml_metal_device_init: use shared buffers    = true
ggml_metal_device_init: recommendedMaxWorkingSetSize  = 40200.90 MB
ggml_metal_init: allocating
ggml_metal_init: found device: Apple M5 Pro
ggml_metal_init: picking default device: Apple M5 Pro
ggml_metal_init: use fusion         = true
ggml_metal_init: use concurrency    = true
ggml_metal_init: use graph optimize = true
M5_OP_SHAPE {"dst":[248320,5,1,1],"family":"head","routing":"none","rows":5,"src0":[2560,248320,1,1],"src1":[2560,5,1,1],"type":"q5_K"}
M5_OP_SHAPE {"dst":[248320,4,1,1],"family":"head","routing":"none","rows":4,"src0":[2560,248320,1,1],"src1":[2560,4,1,1],"type":"q5_K"}
M5_OP_SHAPE {"dst":[248320,3,1,1],"family":"head","routing":"none","rows":3,"src0":[2560,248320,1,1],"src1":[2560,3,1,1],"type":"q5_K"}
M5_OP_SHAPE {"dst":[248320,2,1,1],"family":"head","routing":"none","rows":2,"src0":[2560,248320,1,1],"src1":[2560,2,1,1],"type":"q5_K"}
M5_OP_SHAPE {"dst":[248320,1,1,1],"family":"head","routing":"none","rows":1,"src0":[2560,248320,1,1],"src1":[2560,1,1,1],"type":"q5_K"}
M5_OP_CALL {"cache":"unflushed","family":"head","graph":1,"phase":"warmup","routing":"none","rows":5,"sample":-3,"unique_experts":0}
ggml_metal_library_compile_pipeline: compiling pipeline: base = 'kernel_mul_mv_mma_q5_K_f32_nt4_rt1', name = 'kernel_mul_mv_mma_q5_K_f32_nt4_rt1_nsg=8_ne12=1_r2=1_r3=1_ne00=2560_add=0'
ggml_metal_library_compile_pipeline: loaded kernel_mul_mv_mma_q5_K_f32_nt4_rt1_nsg=8_ne12=1_r2=1_r3=1_ne00=2560_add=0      0x102aa4910 | th_max = 1024 | th_width =   32
M5_PROFILE {"context":"77f31e0300","graph":1,"cb":1,"original_nodes":1,"gpu_start_s":92269.397507875,"gpu_end_s":92269.406636750,"gpu_ms":9.128875,"valid":true,"completed":true,"op_counts":{"MUL_MAT":1}}
M5_OP_CALL {"cache":"unflushed","family":"head","graph":2,"phase":"warmup","routing":"none","rows":5,"sample":-2,"unique_experts":0}
M5_PROFILE {"context":"77f31e0300","graph":2,"cb":1,"original_nodes":1,"gpu_start_s":92269.407001250,"gpu_end_s":92269.410890875,"gpu_ms":3.889625,"valid":true,"completed":true,"op_counts":{"MUL_MAT":1}}
M5_OP_CALL {"cache":"unflushed","family":"head","graph":3,"phase":"warmup","routing":"none","rows":5,"sample":-1,"unique_experts":0}
M5_PROFILE {"context":"77f31e0300","graph":3,"cb":1,"original_nodes":1,"gpu_start_s":92269.411176917,"gpu_end_s":92269.413481125,"gpu_ms":2.304208,"valid":true,"completed":true,"op_counts":{"MUL_MAT":1}}
M5_OP_CALL {"cache":"unflushed","family":"head","graph":4,"phase":"measure","routing":"none","rows":5,"sample":0,"unique_experts":0}
M5_PROFILE {"context":"77f31e0300","graph":4,"cb":1,"original_nodes":1,"gpu_start_s":92269.413757000,"gpu_end_s":92269.415905500,"gpu_ms":2.148500,"valid":true,"completed":true,"op_counts":{"MUL_MAT":1}}
M5_OP_CALL {"cache":"unflushed","family":"head","graph":5,"phase":"measure","routing":"none","rows":5,"sample":1,"unique_experts":0}
M5_PROFILE {"context":"77f31e0300","graph":5,"cb":1,"original_nodes":1,"gpu_start_s":92269.416150500,"gpu_end_s":92269.418292750,"gpu_ms":2.142250,"valid":true,"completed":true,"op_counts":{"MUL_MAT":1}}
M5_OP_CALL {"cache":"unflushed","family":"head","graph":6,"phase":"measure","routing":"none","rows":5,"sample":2,"unique_experts":0}
M5_PROFILE {"context":"77f31e0300","graph":6,"cb":1,"original_nodes":1,"gpu_start_s":92269.418539125,"gpu_end_s":92269.420686500,"gpu_ms":2.147375,"valid":true,"completed":true,"op_counts":{"MUL_MAT":1}}
M5_OP_CALL {"cache":"unflushed","family":"head","graph":7,"phase":"measure","routing":"none","rows":5,"sample":3,"unique_experts":0}
M5_PROFILE {"context":"77f31e0300","graph":7,"cb":1,"original_nodes":1,"gpu_start_s":92269.420920917,"gpu_end_s":92269.423068875,"gpu_ms":2.147958,"valid":true,"completed":true,"op_counts":{"MUL_MAT":1}}
M5_OP_CALL {"cache":"unflushed","family":"head","graph":8,"phase":"measure","routing":"none","rows":5,"sample":4,"unique_experts":0}
M5_PROFILE {"context":"77f31e0300","graph":8,"cb":1,"original_nodes":1,"gpu_start_s":92269.423328500,"gpu_end_s":92269.425475000,"gpu_ms":2.146500,"valid":true,"completed":true,"op_counts":{"MUL_MAT":1}}
M5_OP_CALL {"cache":"unflushed","family":"head","graph":9,"phase":"measure","routing":"none","rows":5,"sample":5,"unique_experts":0}
M5_PROFILE {"context":"77f31e0300","graph":9,"cb":1,"original_nodes":1,"gpu_start_s":92269.425774417,"gpu_end_s":92269.427915000,"gpu_ms":2.140583,"valid":true,"completed":true,"op_counts":{"MUL_MAT":1}}
M5_OP_CALL {"cache":"unflushed","family":"head","graph":10,"phase":"measure","routing":"none","rows":5,"sample":6,"unique_experts":0}
M5_PROFILE {"context":"77f31e0300","graph":10,"cb":1,"original_nodes":1,"gpu_start_s":92269.428085375,"gpu_end_s":92269.430233875,"gpu_ms":2.148500,"valid":true,"completed":true,"op_counts":{"MUL_MAT":1}}
M5_OP_CALL {"cache":"unflushed","family":"head","graph":11,"phase":"measure","routing":"none","rows":5,"sample":7,"unique_experts":0}
M5_PROFILE {"context":"77f31e0300","graph":11,"cb":1,"original_nodes":1,"gpu_start_s":92269.430475500,"gpu_end_s":92269.432619417,"gpu_ms":2.143917,"valid":true,"completed":true,"op_counts":{"MUL_MAT":1}}
M5_OP_CALL {"cache":"unflushed","family":"head","graph":12,"phase":"measure","routing":"none","rows":5,"sample":8,"unique_experts":0}
M5_PROFILE {"context":"77f31e0300","graph":12,"cb":1,"original_nodes":1,"gpu_start_s":92269.432796292,"gpu_end_s":92269.434946000,"gpu_ms":2.149708,"valid":true,"completed":true,"op_counts":{"MUL_MAT":1}}
M5_OP_CALL {"cache":"unflushed","family":"head","graph":13,"phase":"measure","routing":"none","rows":5,"sample":9,"unique_experts":0}
M5_PROFILE {"context":"77f31e0300","graph":13,"cb":1,"original_nodes":1,"gpu_start_s":92269.435245125,"gpu_end_s":92269.437392792,"gpu_ms":2.147667,"valid":true,"completed":true,"op_counts":{"MUL_MAT":1}}
M5_OP_CALL {"cache":"unflushed","family":"head","graph":14,"phase":"measure","routing":"none","rows":5,"sample":10,"unique_experts":0}
M5_PROFILE {"context":"77f31e0300","graph":14,"cb":1,"original_nodes":1,"gpu_start_s":92269.437635792,"gpu_end_s":92269.439781000,"gpu_ms":2.145208,"valid":true,"completed":true,"op_counts":{"MUL_MAT":1}}
M5_OP_CALL {"cache":"unflushed","family":"head","graph":15,"phase":"measure","routing":"none","rows":5,"sample":11,"unique_experts":0}
M5_PROFILE {"context":"77f31e0300","graph":15,"cb":1,"original_nodes":1,"gpu_start_s":92269.440018000,"gpu_end_s":92269.442164417,"gpu_ms":2.146417,"valid":true,"completed":true,"op_counts":{"MUL_MAT":1}}
M5_OP_CALL {"cache":"unflushed","family":"head","graph":16,"phase":"measure","routing":"none","rows":5,"sample":12,"unique_experts":0}
M5_PROFILE {"context":"77f31e0300","graph":16,"cb":1,"original_nodes":1,"gpu_start_s":92269.442322500,"gpu_end_s":92269.444469667,"gpu_ms":2.147167,"valid":true,"completed":true,"op_counts":{"MUL_MAT":1}}
M5_OP_CALL {"cache":"unflushed","family":"head","graph":17,"phase":"measure","routing":"none","rows":5,"sample":13,"unique_experts":0}
M5_PROFILE {"context":"77f31e0300","graph":17,"cb":1,"original_nodes":1,"gpu_start_s":92269.444655667,"gpu_end_s":92269.446810750,"gpu_ms":2.155083,"valid":true,"completed":true,"op_counts":{"MUL_MAT":1}}
M5_OP_CALL {"cache":"unflushed","family":"head","graph":18,"phase":"measure","routing":"none","rows":5,"sample":14,"unique_experts":0}
M5_PROFILE {"context":"77f31e0300","graph":18,"cb":1,"original_nodes":1,"gpu_start_s":92269.447041125,"gpu_end_s":92269.449181875,"gpu_ms":2.140750,"valid":true,"completed":true,"op_counts":{"MUL_MAT":1}}
M5_OP_CALL {"cache":"unflushed","family":"head","graph":19,"phase":"measure","routing":"none","rows":5,"sample":15,"unique_experts":0}
M5_PROFILE {"context":"77f31e0300","graph":19,"cb":1,"original_nodes":1,"gpu_start_s":92269.449411375,"gpu_end_s":92269.451565125,"gpu_ms":2.153750,"valid":true,"completed":true,"op_counts":{"MUL_MAT":1}}
M5_OP_CALL {"cache":"unflushed","family":"head","graph":20,"phase":"measure","routing":"none","rows":5,"sample":16,"unique_experts":0}
M5_PROFILE {"context":"77f31e0300","graph":20,"cb":1,"original_nodes":1,"gpu_start_s":92269.451725500,"gpu_end_s":92269.453869917,"gpu_ms":2.144417,"valid":true,"completed":true,"op_counts":{"MUL_MAT":1}}
M5_OP_CALL {"cache":"unflushed","family":"head","graph":21,"phase":"measure","routing":"none","rows":5,"sample":17,"unique_experts":0}
M5_PROFILE {"context":"77f31e0300","graph":21,"cb":1,"original_nodes":1,"gpu_start_s":92269.454086917,"gpu_end_s":92269.456233667,"gpu_ms":2.146750,"valid":true,"completed":true,"op_counts":{"MUL_MAT":1}}
M5_OP_CALL {"cache":"unflushed","family":"head","graph":22,"phase":"measure","routing":"none","rows":5,"sample":18,"unique_experts":0}
M5_PROFILE {"context":"77f31e0300","graph":22,"cb":1,"original_nodes":1,"gpu_start_s":92269.456471000,"gpu_end_s":92269.458615250,"gpu_ms":2.144250,"valid":true,"completed":true,"op_counts":{"MUL_MAT":1}}
M5_OP_CALL {"cache":"unflushed","family":"head","graph":23,"phase":"measure","routing":"none","rows":5,"sample":19,"unique_experts":0}
M5_PROFILE {"context":"77f31e0300","graph":23,"cb":1,"original_nodes":1,"gpu_start_s":92269.458784750,"gpu_end_s":92269.460933125,"gpu_ms":2.148375,"valid":true,"completed":true,"op_counts":{"MUL_MAT":1}}
M5_OP_CALL {"cache":"unflushed","family":"head","graph":24,"phase":"measure","routing":"none","rows":5,"sample":20,"unique_experts":0}
M5_PROFILE {"context":"77f31e0300","graph":24,"cb":1,"original_nodes":1,"gpu_start_s":92269.461166875,"gpu_end_s":92269.463338375,"gpu_ms":2.171500,"valid":true,"completed":true,"op_counts":{"MUL_MAT":1}}
M5_OP_CALL {"cache":"unflushed","family":"head","graph":25,"phase":"measure","routing":"none","rows":5,"sample":21,"unique_experts":0}
M5_PROFILE {"context":"77f31e0300","graph":25,"cb":1,"original_nodes":1,"gpu_start_s":92269.463568042,"gpu_end_s":92269.465712500,"gpu_ms":2.144458,"valid":true,"completed":true,"op_counts":{"MUL_MAT":1}}
M5_OP_CALL {"cache":"unflushed","family":"head","graph":26,"phase":"measure","routing":"none","rows":5,"sample":22,"unique_experts":0}
M5_PROFILE {"context":"77f31e0300","graph":26,"cb":1,"original_nodes":1,"gpu_start_s":92269.465868250,"gpu_end_s":92269.468018417,"gpu_ms":2.150167,"valid":true,"completed":true,"op_counts":{"MUL_MAT":1}}
M5_OP_CALL {"cache":"unflushed","family":"head","graph":27,"phase":"measure","routing":"none","rows":5,"sample":23,"unique_experts":0}
M5_PROFILE {"context":"77f31e0300","graph":27,"cb":1,"original_nodes":1,"gpu_start_s":92269.468242667,"gpu_end_s":92269.470385375,"gpu_ms":2.142708,"valid":true,"completed":true,"op_counts":{"MUL_MAT":1}}
M5_OP_CALL {"cache":"unflushed","family":"head","graph":28,"phase":"measure","routing":"none","rows":5,"sample":24,"unique_experts":0}
M5_PROFILE {"context":"77f31e0300","graph":28,"cb":1,"original_nodes":1,"gpu_start_s":92269.470610542,"gpu_end_s":92269.472749042,"gpu_ms":2.138500,"valid":true,"completed":true,"op_counts":{"MUL_MAT":1}}
M5_OP_CALL {"cache":"unflushed","family":"head","graph":29,"phase":"measure","routing":"none","rows":5,"sample":25,"unique_experts":0}
M5_PROFILE {"context":"77f31e0300","graph":29,"cb":1,"original_nodes":1,"gpu_start_s":92269.472927500,"gpu_end_s":92269.475070417,"gpu_ms":2.142917,"valid":true,"completed":true,"op_counts":{"MUL_MAT":1}}
M5_OP_CALL {"cache":"unflushed","family":"head","graph":30,"phase":"measure","routing":"none","rows":5,"sample":26,"unique_experts":0}
M5_PROFILE {"context":"77f31e0300","graph":30,"cb":1,"original_nodes":1,"gpu_start_s":92269.475244375,"gpu_end_s":92269.477397167,"gpu_ms":2.152792,"valid":true,"completed":true,"op_counts":{"MUL_MAT":1}}
M5_OP_CALL {"cache":"unflushed","family":"head","graph":31,"phase":"measure","routing":"none","rows":5,"sample":27,"unique_experts":0}
M5_PROFILE {"context":"77f31e0300","graph":31,"cb":1,"original_nodes":1,"gpu_start_s":92269.477620125,"gpu_end_s":92269.479767417,"gpu_ms":2.147292,"valid":true,"completed":true,"op_counts":{"MUL_MAT":1}}
M5_OP_CALL {"cache":"unflushed","family":"head","graph":32,"phase":"measure","routing":"none","rows":5,"sample":28,"unique_experts":0}
M5_PROFILE {"context":"77f31e0300","graph":32,"cb":1,"original_nodes":1,"gpu_start_s":92269.479991875,"gpu_end_s":92269.482140375,"gpu_ms":2.148500,"valid":true,"completed":true,"op_counts":{"MUL_MAT":1}}
M5_OP_CALL {"cache":"unflushed","family":"head","graph":33,"phase":"measure","routing":"none","rows":5,"sample":29,"unique_experts":0}
M5_PROFILE {"context":"77f31e0300","graph":33,"cb":1,"original_nodes":1,"gpu_start_s":92269.482312750,"gpu_end_s":92269.484462417,"gpu_ms":2.149667,"valid":true,"completed":true,"op_counts":{"MUL_MAT":1}}
M5_OP_CALL {"cache":"unflushed","family":"head","graph":34,"phase":"measure","routing":"none","rows":5,"sample":30,"unique_experts":0}
M5_PROFILE {"context":"77f31e0300","graph":34,"cb":1,"original_nodes":1,"gpu_start_s":92269.484623292,"gpu_end_s":92269.486768042,"gpu_ms":2.144750,"valid":true,"completed":true,"op_counts":{"MUL_MAT":1}}
M5_OP_CALL {"cache":"unflushed","family":"head","graph":35,"phase":"measure","routing":"none","rows":5,"sample":31,"unique_experts":0}
M5_PROFILE {"context":"77f31e0300","graph":35,"cb":1,"original_nodes":1,"gpu_start_s":92269.486918375,"gpu_end_s":92269.489062625,"gpu_ms":2.144250,"valid":true,"completed":true,"op_counts":{"MUL_MAT":1}}
M5_OP_CALL {"cache":"unflushed","family":"head","graph":36,"phase":"measure","routing":"none","rows":5,"sample":32,"unique_experts":0}
M5_PROFILE {"context":"77f31e0300","graph":36,"cb":1,"original_nodes":1,"gpu_start_s":92269.489284750,"gpu_end_s":92269.491424167,"gpu_ms":2.139417,"valid":true,"completed":true,"op_counts":{"MUL_MAT":1}}
M5_OP_CALL {"cache":"unflushed","family":"head","graph":37,"phase":"measure","routing":"none","rows":5,"sample":33,"unique_experts":0}
M5_PROFILE {"context":"77f31e0300","graph":37,"cb":1,"original_nodes":1,"gpu_start_s":92269.491654125,"gpu_end_s":92269.493800125,"gpu_ms":2.146000,"valid":true,"completed":true,"op_counts":{"MUL_MAT":1}}
M5_OP_CALL {"cache":"unflushed","family":"head","graph":38,"phase":"measure","routing":"none","rows":5,"sample":34,"unique_experts":0}
M5_PROFILE {"context":"77f31e0300","graph":38,"cb":1,"original_nodes":1,"gpu_start_s":92269.493959542,"gpu_end_s":92269.496108792,"gpu_ms":2.149250,"valid":true,"completed":true,"op_counts":{"MUL_MAT":1}}
M5_OP_CALL {"cache":"unflushed","family":"head","graph":39,"phase":"measure","routing":"none","rows":5,"sample":35,"unique_experts":0}
M5_PROFILE {"context":"77f31e0300","graph":39,"cb":1,"original_nodes":1,"gpu_start_s":92269.496284000,"gpu_end_s":92269.498427667,"gpu_ms":2.143667,"valid":true,"completed":true,"op_counts":{"MUL_MAT":1}}
M5_OP_CALL {"cache":"unflushed","family":"head","graph":40,"phase":"measure","routing":"none","rows":5,"sample":36,"unique_experts":0}
M5_PROFILE {"context":"77f31e0300","graph":40,"cb":1,"original_nodes":1,"gpu_start_s":92269.498697667,"gpu_end_s":92269.500846000,"gpu_ms":2.148333,"valid":true,"completed":true,"op_counts":{"MUL_MAT":1}}
M5_OP_CALL {"cache":"unflushed","family":"head","graph":41,"phase":"measure","routing":"none","rows":5,"sample":37,"unique_experts":0}
M5_PROFILE {"context":"77f31e0300","graph":41,"cb":1,"original_nodes":1,"gpu_start_s":92269.501077125,"gpu_end_s":92269.503224875,"gpu_ms":2.147750,"valid":true,"completed":true,"op_counts":{"MUL_MAT":1}}
M5_OP_CALL {"cache":"unflushed","family":"head","graph":42,"phase":"measure","routing":"none","rows":5,"sample":38,"unique_experts":0}
M5_PROFILE {"context":"77f31e0300","graph":42,"cb":1,"original_nodes":1,"gpu_start_s":92269.503382250,"gpu_end_s":92269.505529667,"gpu_ms":2.147417,"valid":true,"completed":true,"op_counts":{"MUL_MAT":1}}
M5_OP_CALL {"cache":"unflushed","family":"head","graph":43,"phase":"measure","routing":"none","rows":5,"sample":39,"unique_experts":0}
M5_PROFILE {"context":"77f31e0300","graph":43,"cb":1,"original_nodes":1,"gpu_start_s":92269.505770375,"gpu_end_s":92269.507913417,"gpu_ms":2.143042,"valid":true,"completed":true,"op_counts":{"MUL_MAT":1}}
M5_OP_CALL {"family":"head","graph":44,"phase":"cache-pressure","rows":5}
ggml_metal_library_compile_pipeline: compiling pipeline: base = 'kernel_unary_f32_f32_4', name = 'kernel_unary_f32_f32_4_op=13_cnt=0'
ggml_metal_library_compile_pipeline: loaded kernel_unary_f32_f32_4_op=13_cnt=0           0x77f3240700 | th_max = 1024 | th_width =   32
M5_PROFILE {"context":"77f31e0300","graph":44,"cb":1,"original_nodes":1,"gpu_start_s":92269.508373292,"gpu_end_s":92269.509331500,"gpu_ms":0.958208,"valid":true,"completed":true,"op_counts":{"SQR":1}}
M5_OP_CALL {"cache":"pressure-128MiB","family":"head","graph":45,"phase":"warmup","routing":"none","rows":5,"sample":-3,"unique_experts":0}
M5_PROFILE {"context":"77f31e0300","graph":45,"cb":1,"original_nodes":1,"gpu_start_s":92269.509524375,"gpu_end_s":92269.511672375,"gpu_ms":2.148000,"valid":true,"completed":true,"op_counts":{"MUL_MAT":1}}
M5_OP_CALL {"family":"head","graph":46,"phase":"cache-pressure","rows":5}
M5_PROFILE {"context":"77f31e0300","graph":46,"cb":1,"original_nodes":1,"gpu_start_s":92269.511871375,"gpu_end_s":92269.512827292,"gpu_ms":0.955917,"valid":true,"completed":true,"op_counts":{"SQR":1}}
M5_OP_CALL {"cache":"pressure-128MiB","family":"head","graph":47,"phase":"warmup","routing":"none","rows":5,"sample":-2,"unique_experts":0}
M5_PROFILE {"context":"77f31e0300","graph":47,"cb":1,"original_nodes":1,"gpu_start_s":92269.513031750,"gpu_end_s":92269.515176000,"gpu_ms":2.144250,"valid":true,"completed":true,"op_counts":{"MUL_MAT":1}}
M5_OP_CALL {"family":"head","graph":48,"phase":"cache-pressure","rows":5}
M5_PROFILE {"context":"77f31e0300","graph":48,"cb":1,"original_nodes":1,"gpu_start_s":92269.515409417,"gpu_end_s":92269.516373417,"gpu_ms":0.964000,"valid":true,"completed":true,"op_counts":{"SQR":1}}
M5_OP_CALL {"cache":"pressure-128MiB","family":"head","graph":49,"phase":"warmup","routing":"none","rows":5,"sample":-1,"unique_experts":0}
M5_PROFILE {"context":"77f31e0300","graph":49,"cb":1,"original_nodes":1,"gpu_start_s":92269.516663875,"gpu_end_s":92269.518814750,"gpu_ms":2.150875,"valid":true,"completed":true,"op_counts":{"MUL_MAT":1}}
M5_OP_CALL {"family":"head","graph":50,"phase":"cache-pressure","rows":5}
M5_PROFILE {"context":"77f31e0300","graph":50,"cb":1,"original_nodes":1,"gpu_start_s":92269.519093792,"gpu_end_s":92269.520055750,"gpu_ms":0.961958,"valid":true,"completed":true,"op_counts":{"SQR":1}}
M5_OP_CALL {"cache":"pressure-128MiB","family":"head","graph":51,"phase":"measure","routing":"none","rows":5,"sample":0,"unique_experts":0}
M5_PROFILE {"context":"77f31e0300","graph":51,"cb":1,"original_nodes":1,"gpu_start_s":92269.520293000,"gpu_end_s":92269.522444000,"gpu_ms":2.151000,"valid":true,"completed":true,"op_counts":{"MUL_MAT":1}}
M5_OP_CALL {"family":"head","graph":52,"phase":"cache-pressure","rows":5}
M5_PROFILE {"context":"77f31e0300","graph":52,"cb":1,"original_nodes":1,"gpu_start_s":92269.522672375,"gpu_end_s":92269.523632875,"gpu_ms":0.960500,"valid":true,"completed":true,"op_counts":{"SQR":1}}
M5_OP_CALL {"cache":"pressure-128MiB","family":"head","graph":53,"phase":"measure","routing":"none","rows":5,"sample":1,"unique_experts":0}
M5_PROFILE {"context":"77f31e0300","graph":53,"cb":1,"original_nodes":1,"gpu_start_s":92269.523875667,"gpu_end_s":92269.526025417,"gpu_ms":2.149750,"valid":true,"completed":true,"op_counts":{"MUL_MAT":1}}
M5_OP_CALL {"family":"head","graph":54,"phase":"cache-pressure","rows":5}
M5_PROFILE {"context":"77f31e0300","graph":54,"cb":1,"original_nodes":1,"gpu_start_s":92269.526205250,"gpu_end_s":92269.527161875,"gpu_ms":0.956625,"valid":true,"completed":true,"op_counts":{"SQR":1}}
M5_OP_CALL {"cache":"pressure-128MiB","family":"head","graph":55,"phase":"measure","routing":"none","rows":5,"sample":2,"unique_experts":0}
M5_PROFILE {"context":"77f31e0300","graph":55,"cb":1,"original_nodes":1,"gpu_start_s":92269.527407000,"gpu_end_s":92269.529557875,"gpu_ms":2.150875,"valid":true,"completed":true,"op_counts":{"MUL_MAT":1}}
M5_OP_CALL {"family":"head","graph":56,"phase":"cache-pressure","rows":5}
M5_PROFILE {"context":"77f31e0300","graph":56,"cb":1,"original_nodes":1,"gpu_start_s":92269.529753625,"gpu_end_s":92269.530709667,"gpu_ms":0.956042,"valid":true,"completed":true,"op_counts":{"SQR":1}}
M5_OP_CALL {"cache":"pressure-128MiB","family":"head","graph":57,"phase":"measure","routing":"none","rows":5,"sample":3,"unique_experts":0}
M5_PROFILE {"context":"77f31e0300","graph":57,"cb":1,"original_nodes":1,"gpu_start_s":92269.530897375,"gpu_end_s":92269.533046667,"gpu_ms":2.149292,"valid":true,"completed":true,"op_counts":{"MUL_MAT":1}}
M5_OP_CALL {"family":"head","graph":58,"phase":"cache-pressure","rows":5}
M5_PROFILE {"context":"77f31e0300","graph":58,"cb":1,"original_nodes":1,"gpu_start_s":92269.533284125,"gpu_end_s":92269.534239250,"gpu_ms":0.955125,"valid":true,"completed":true,"op_counts":{"SQR":1}}
M5_OP_CALL {"cache":"pressure-128MiB","family":"head","graph":59,"phase":"measure","routing":"none","rows":5,"sample":4,"unique_experts":0}
M5_PROFILE {"context":"77f31e0300","graph":59,"cb":1,"original_nodes":1,"gpu_start_s":92269.534461417,"gpu_end_s":92269.536623292,"gpu_ms":2.161875,"valid":true,"completed":true,"op_counts":{"MUL_MAT":1}}
M5_OP_CALL {"family":"head","graph":60,"phase":"cache-pressure","rows":5}
M5_PROFILE {"context":"77f31e0300","graph":60,"cb":1,"original_nodes":1,"gpu_start_s":92269.536861542,"gpu_end_s":92269.537828417,"gpu_ms":0.966875,"valid":true,"completed":true,"op_counts":{"SQR":1}}
M5_OP_CALL {"cache":"pressure-128MiB","family":"head","graph":61,"phase":"measure","routing":"none","rows":5,"sample":5,"unique_experts":0}
M5_PROFILE {"context":"77f31e0300","graph":61,"cb":1,"original_nodes":1,"gpu_start_s":92269.538026750,"gpu_end_s":92269.540171417,"gpu_ms":2.144667,"valid":true,"completed":true,"op_counts":{"MUL_MAT":1}}
M5_OP_CALL {"family":"head","graph":62,"phase":"cache-pressure","rows":5}
M5_PROFILE {"context":"77f31e0300","graph":62,"cb":1,"original_nodes":1,"gpu_start_s":92269.540402667,"gpu_end_s":92269.541363125,"gpu_ms":0.960458,"valid":true,"completed":true,"op_counts":{"SQR":1}}
M5_OP_CALL {"cache":"pressure-128MiB","family":"head","graph":63,"phase":"measure","routing":"none","rows":5,"sample":6,"unique_experts":0}
M5_PROFILE {"context":"77f31e0300","graph":63,"cb":1,"original_nodes":1,"gpu_start_s":92269.541550250,"gpu_end_s":92269.543696875,"gpu_ms":2.146625,"valid":true,"completed":true,"op_counts":{"MUL_MAT":1}}
M5_OP_CALL {"family":"head","graph":64,"phase":"cache-pressure","rows":5}
M5_PROFILE {"context":"77f31e0300","graph":64,"cb":1,"original_nodes":1,"gpu_start_s":92269.543970250,"gpu_end_s":92269.544937750,"gpu_ms":0.967500,"valid":true,"completed":true,"op_counts":{"SQR":1}}
M5_OP_CALL {"cache":"pressure-128MiB","family":"head","graph":65,"phase":"measure","routing":"none","rows":5,"sample":7,"unique_experts":0}
M5_PROFILE {"context":"77f31e0300","graph":65,"cb":1,"original_nodes":1,"gpu_start_s":92269.545169042,"gpu_end_s":92269.547318750,"gpu_ms":2.149708,"valid":true,"completed":true,"op_counts":{"MUL_MAT":1}}
M5_OP_CALL {"family":"head","graph":66,"phase":"cache-pressure","rows":5}
M5_PROFILE {"context":"77f31e0300","graph":66,"cb":1,"original_nodes":1,"gpu_start_s":92269.547519250,"gpu_end_s":92269.548476792,"gpu_ms":0.957542,"valid":true,"completed":true,"op_counts":{"SQR":1}}
M5_OP_CALL {"cache":"pressure-128MiB","family":"head","graph":67,"phase":"measure","routing":"none","rows":5,"sample":8,"unique_experts":0}
M5_PROFILE {"context":"77f31e0300","graph":67,"cb":1,"original_nodes":1,"gpu_start_s":92269.548715750,"gpu_end_s":92269.550865875,"gpu_ms":2.150125,"valid":true,"completed":true,"op_counts":{"MUL_MAT":1}}
M5_OP_CALL {"family":"head","graph":68,"phase":"cache-pressure","rows":5}
M5_PROFILE {"context":"77f31e0300","graph":68,"cb":1,"original_nodes":1,"gpu_start_s":92269.551089000,"gpu_end_s":92269.552043417,"gpu_ms":0.954417,"valid":true,"completed":true,"op_counts":{"SQR":1}}
M5_OP_CALL {"cache":"pressure-128MiB","family":"head","graph":69,"phase":"measure","routing":"none","rows":5,"sample":9,"unique_experts":0}
M5_PROFILE {"context":"77f31e0300","graph":69,"cb":1,"original_nodes":1,"gpu_start_s":92269.552230250,"gpu_end_s":92269.554377292,"gpu_ms":2.147042,"valid":true,"completed":true,"op_counts":{"MUL_MAT":1}}
M5_OP_CALL {"family":"head","graph":70,"phase":"cache-pressure","rows":5}
M5_PROFILE {"context":"77f31e0300","graph":70,"cb":1,"original_nodes":1,"gpu_start_s":92269.554601125,"gpu_end_s":92269.555556500,"gpu_ms":0.955375,"valid":true,"completed":true,"op_counts":{"SQR":1}}
M5_OP_CALL {"cache":"pressure-128MiB","family":"head","graph":71,"phase":"measure","routing":"none","rows":5,"sample":10,"unique_experts":0}
M5_PROFILE {"context":"77f31e0300","graph":71,"cb":1,"original_nodes":1,"gpu_start_s":92269.555741875,"gpu_end_s":92269.557888292,"gpu_ms":2.146417,"valid":true,"completed":true,"op_counts":{"MUL_MAT":1}}
M5_OP_CALL {"family":"head","graph":72,"phase":"cache-pressure","rows":5}
M5_PROFILE {"context":"77f31e0300","graph":72,"cb":1,"original_nodes":1,"gpu_start_s":92269.558119500,"gpu_end_s":92269.559091750,"gpu_ms":0.972250,"valid":true,"completed":true,"op_counts":{"SQR":1}}
M5_OP_CALL {"cache":"pressure-128MiB","family":"head","graph":73,"phase":"measure","routing":"none","rows":5,"sample":11,"unique_experts":0}
M5_PROFILE {"context":"77f31e0300","graph":73,"cb":1,"original_nodes":1,"gpu_start_s":92269.559340125,"gpu_end_s":92269.561509167,"gpu_ms":2.169042,"valid":true,"completed":true,"op_counts":{"MUL_MAT":1}}
M5_OP_CALL {"family":"head","graph":74,"phase":"cache-pressure","rows":5}
M5_PROFILE {"context":"77f31e0300","graph":74,"cb":1,"original_nodes":1,"gpu_start_s":92269.561685375,"gpu_end_s":92269.562660000,"gpu_ms":0.974625,"valid":true,"completed":true,"op_counts":{"SQR":1}}
M5_OP_CALL {"cache":"pressure-128MiB","family":"head","graph":75,"phase":"measure","routing":"none","rows":5,"sample":12,"unique_experts":0}
M5_PROFILE {"context":"77f31e0300","graph":75,"cb":1,"original_nodes":1,"gpu_start_s":92269.562884250,"gpu_end_s":92269.565043167,"gpu_ms":2.158917,"valid":true,"completed":true,"op_counts":{"MUL_MAT":1}}
M5_OP_CALL {"family":"head","graph":76,"phase":"cache-pressure","rows":5}
M5_PROFILE {"context":"77f31e0300","graph":76,"cb":1,"original_nodes":1,"gpu_start_s":92269.565271917,"gpu_end_s":92269.566232000,"gpu_ms":0.960083,"valid":true,"completed":true,"op_counts":{"SQR":1}}
M5_OP_CALL {"cache":"pressure-128MiB","family":"head","graph":77,"phase":"measure","routing":"none","rows":5,"sample":13,"unique_experts":0}
M5_PROFILE {"context":"77f31e0300","graph":77,"cb":1,"original_nodes":1,"gpu_start_s":92269.566439500,"gpu_end_s":92269.568588625,"gpu_ms":2.149125,"valid":true,"completed":true,"op_counts":{"MUL_MAT":1}}
M5_OP_CALL {"family":"head","graph":78,"phase":"cache-pressure","rows":5}
M5_PROFILE {"context":"77f31e0300","graph":78,"cb":1,"original_nodes":1,"gpu_start_s":92269.568783500,"gpu_end_s":92269.569739750,"gpu_ms":0.956250,"valid":true,"completed":true,"op_counts":{"SQR":1}}
M5_OP_CALL {"cache":"pressure-128MiB","family":"head","graph":79,"phase":"measure","routing":"none","rows":5,"sample":14,"unique_experts":0}
M5_PROFILE {"context":"77f31e0300","graph":79,"cb":1,"original_nodes":1,"gpu_start_s":92269.569983625,"gpu_end_s":92269.572136375,"gpu_ms":2.152750,"valid":true,"completed":true,"op_counts":{"MUL_MAT":1}}
M5_OP_CALL {"family":"head","graph":80,"phase":"cache-pressure","rows":5}
M5_PROFILE {"context":"77f31e0300","graph":80,"cb":1,"original_nodes":1,"gpu_start_s":92269.572371167,"gpu_end_s":92269.573325375,"gpu_ms":0.954208,"valid":true,"completed":true,"op_counts":{"SQR":1}}
M5_OP_CALL {"cache":"pressure-128MiB","family":"head","graph":81,"phase":"measure","routing":"none","rows":5,"sample":15,"unique_experts":0}
M5_PROFILE {"context":"77f31e0300","graph":81,"cb":1,"original_nodes":1,"gpu_start_s":92269.573626375,"gpu_end_s":92269.575774875,"gpu_ms":2.148500,"valid":true,"completed":true,"op_counts":{"MUL_MAT":1}}
M5_OP_CALL {"family":"head","graph":82,"phase":"cache-pressure","rows":5}
M5_PROFILE {"context":"77f31e0300","graph":82,"cb":1,"original_nodes":1,"gpu_start_s":92269.575952250,"gpu_end_s":92269.576922625,"gpu_ms":0.970375,"valid":true,"completed":true,"op_counts":{"SQR":1}}
M5_OP_CALL {"cache":"pressure-128MiB","family":"head","graph":83,"phase":"measure","routing":"none","rows":5,"sample":16,"unique_experts":0}
M5_PROFILE {"context":"77f31e0300","graph":83,"cb":1,"original_nodes":1,"gpu_start_s":92269.577119750,"gpu_end_s":92269.579274417,"gpu_ms":2.154667,"valid":true,"completed":true,"op_counts":{"MUL_MAT":1}}
M5_OP_CALL {"family":"head","graph":84,"phase":"cache-pressure","rows":5}
M5_PROFILE {"context":"77f31e0300","graph":84,"cb":1,"original_nodes":1,"gpu_start_s":92269.579502292,"gpu_end_s":92269.580466917,"gpu_ms":0.964625,"valid":true,"completed":true,"op_counts":{"SQR":1}}
M5_OP_CALL {"cache":"pressure-128MiB","family":"head","graph":85,"phase":"measure","routing":"none","rows":5,"sample":17,"unique_experts":0}
M5_PROFILE {"context":"77f31e0300","graph":85,"cb":1,"original_nodes":1,"gpu_start_s":92269.580669000,"gpu_end_s":92269.582814292,"gpu_ms":2.145292,"valid":true,"completed":true,"op_counts":{"MUL_MAT":1}}
M5_OP_CALL {"family":"head","graph":86,"phase":"cache-pressure","rows":5}
M5_PROFILE {"context":"77f31e0300","graph":86,"cb":1,"original_nodes":1,"gpu_start_s":92269.583036500,"gpu_end_s":92269.583991417,"gpu_ms":0.954917,"valid":true,"completed":true,"op_counts":{"SQR":1}}
M5_OP_CALL {"cache":"pressure-128MiB","family":"head","graph":87,"phase":"measure","routing":"none","rows":5,"sample":18,"unique_experts":0}
M5_PROFILE {"context":"77f31e0300","graph":87,"cb":1,"original_nodes":1,"gpu_start_s":92269.584244042,"gpu_end_s":92269.586397375,"gpu_ms":2.153333,"valid":true,"completed":true,"op_counts":{"MUL_MAT":1}}
M5_OP_CALL {"family":"head","graph":88,"phase":"cache-pressure","rows":5}
M5_PROFILE {"context":"77f31e0300","graph":88,"cb":1,"original_nodes":1,"gpu_start_s":92269.586617292,"gpu_end_s":92269.587572250,"gpu_ms":0.954958,"valid":true,"completed":true,"op_counts":{"SQR":1}}
M5_OP_CALL {"cache":"pressure-128MiB","family":"head","graph":89,"phase":"measure","routing":"none","rows":5,"sample":19,"unique_experts":0}
M5_PROFILE {"context":"77f31e0300","graph":89,"cb":1,"original_nodes":1,"gpu_start_s":92269.587876917,"gpu_end_s":92269.590025500,"gpu_ms":2.148583,"valid":true,"completed":true,"op_counts":{"MUL_MAT":1}}
M5_OP_CALL {"family":"head","graph":90,"phase":"cache-pressure","rows":5}
M5_PROFILE {"context":"77f31e0300","graph":90,"cb":1,"original_nodes":1,"gpu_start_s":92269.590225542,"gpu_end_s":92269.591181125,"gpu_ms":0.955583,"valid":true,"completed":true,"op_counts":{"SQR":1}}
M5_OP_CALL {"cache":"pressure-128MiB","family":"head","graph":91,"phase":"measure","routing":"none","rows":5,"sample":20,"unique_experts":0}
M5_PROFILE {"context":"77f31e0300","graph":91,"cb":1,"original_nodes":1,"gpu_start_s":92269.591514292,"gpu_end_s":92269.593660375,"gpu_ms":2.146083,"valid":true,"completed":true,"op_counts":{"MUL_MAT":1}}
M5_OP_CALL {"family":"head","graph":92,"phase":"cache-pressure","rows":5}
M5_PROFILE {"context":"77f31e0300","graph":92,"cb":1,"original_nodes":1,"gpu_start_s":92269.593885250,"gpu_end_s":92269.594840417,"gpu_ms":0.955167,"valid":true,"completed":true,"op_counts":{"SQR":1}}
M5_OP_CALL {"cache":"pressure-128MiB","family":"head","graph":93,"phase":"measure","routing":"none","rows":5,"sample":21,"unique_experts":0}
M5_PROFILE {"context":"77f31e0300","graph":93,"cb":1,"original_nodes":1,"gpu_start_s":92269.595138417,"gpu_end_s":92269.597286250,"gpu_ms":2.147833,"valid":true,"completed":true,"op_counts":{"MUL_MAT":1}}
M5_OP_CALL {"family":"head","graph":94,"phase":"cache-pressure","rows":5}
M5_PROFILE {"context":"77f31e0300","graph":94,"cb":1,"original_nodes":1,"gpu_start_s":92269.597572917,"gpu_end_s":92269.598527500,"gpu_ms":0.954583,"valid":true,"completed":true,"op_counts":{"SQR":1}}
M5_OP_CALL {"cache":"pressure-128MiB","family":"head","graph":95,"phase":"measure","routing":"none","rows":5,"sample":22,"unique_experts":0}
M5_PROFILE {"context":"77f31e0300","graph":95,"cb":1,"original_nodes":1,"gpu_start_s":92269.598703000,"gpu_end_s":92269.600853917,"gpu_ms":2.150917,"valid":true,"completed":true,"op_counts":{"MUL_MAT":1}}
M5_OP_CALL {"family":"head","graph":96,"phase":"cache-pressure","rows":5}
M5_PROFILE {"context":"77f31e0300","graph":96,"cb":1,"original_nodes":1,"gpu_start_s":92269.601101625,"gpu_end_s":92269.602064375,"gpu_ms":0.962750,"valid":true,"completed":true,"op_counts":{"SQR":1}}
M5_OP_CALL {"cache":"pressure-128MiB","family":"head","graph":97,"phase":"measure","routing":"none","rows":5,"sample":23,"unique_experts":0}
M5_PROFILE {"context":"77f31e0300","graph":97,"cb":1,"original_nodes":1,"gpu_start_s":92269.602254750,"gpu_end_s":92269.604407000,"gpu_ms":2.152250,"valid":true,"completed":true,"op_counts":{"MUL_MAT":1}}
M5_OP_CALL {"family":"head","graph":98,"phase":"cache-pressure","rows":5}
M5_PROFILE {"context":"77f31e0300","graph":98,"cb":1,"original_nodes":1,"gpu_start_s":92269.604567042,"gpu_end_s":92269.605528625,"gpu_ms":0.961583,"valid":true,"completed":true,"op_counts":{"SQR":1}}
M5_OP_CALL {"cache":"pressure-128MiB","family":"head","graph":99,"phase":"measure","routing":"none","rows":5,"sample":24,"unique_experts":0}
M5_PROFILE {"context":"77f31e0300","graph":99,"cb":1,"original_nodes":1,"gpu_start_s":92269.605708417,"gpu_end_s":92269.607860250,"gpu_ms":2.151833,"valid":true,"completed":true,"op_counts":{"MUL_MAT":1}}
M5_OP_CALL {"family":"head","graph":100,"phase":"cache-pressure","rows":5}
M5_PROFILE {"context":"77f31e0300","graph":100,"cb":1,"original_nodes":1,"gpu_start_s":92269.608153125,"gpu_end_s":92269.609107875,"gpu_ms":0.954750,"valid":true,"completed":true,"op_counts":{"SQR":1}}
M5_OP_CALL {"cache":"pressure-128MiB","family":"head","graph":101,"phase":"measure","routing":"none","rows":5,"sample":25,"unique_experts":0}
M5_PROFILE {"context":"77f31e0300","graph":101,"cb":1,"original_nodes":1,"gpu_start_s":92269.609404375,"gpu_end_s":92269.611551125,"gpu_ms":2.146750,"valid":true,"completed":true,"op_counts":{"MUL_MAT":1}}
M5_OP_CALL {"family":"head","graph":102,"phase":"cache-pressure","rows":5}
M5_PROFILE {"context":"77f31e0300","graph":102,"cb":1,"original_nodes":1,"gpu_start_s":92269.611785167,"gpu_end_s":92269.612740792,"gpu_ms":0.955625,"valid":true,"completed":true,"op_counts":{"SQR":1}}
M5_OP_CALL {"cache":"pressure-128MiB","family":"head","graph":103,"phase":"measure","routing":"none","rows":5,"sample":26,"unique_experts":0}
M5_PROFILE {"context":"77f31e0300","graph":103,"cb":1,"original_nodes":1,"gpu_start_s":92269.612939625,"gpu_end_s":92269.615089167,"gpu_ms":2.149542,"valid":true,"completed":true,"op_counts":{"MUL_MAT":1}}
M5_OP_CALL {"family":"head","graph":104,"phase":"cache-pressure","rows":5}
M5_PROFILE {"context":"77f31e0300","graph":104,"cb":1,"original_nodes":1,"gpu_start_s":92269.615344625,"gpu_end_s":92269.616303625,"gpu_ms":0.959000,"valid":true,"completed":true,"op_counts":{"SQR":1}}
M5_OP_CALL {"cache":"pressure-128MiB","family":"head","graph":105,"phase":"measure","routing":"none","rows":5,"sample":27,"unique_experts":0}
M5_PROFILE {"context":"77f31e0300","graph":105,"cb":1,"original_nodes":1,"gpu_start_s":92269.616511875,"gpu_end_s":92269.618668000,"gpu_ms":2.156125,"valid":true,"completed":true,"op_counts":{"MUL_MAT":1}}
M5_OP_CALL {"family":"head","graph":106,"phase":"cache-pressure","rows":5}
M5_PROFILE {"context":"77f31e0300","graph":106,"cb":1,"original_nodes":1,"gpu_start_s":92269.618863917,"gpu_end_s":92269.619822875,"gpu_ms":0.958958,"valid":true,"completed":true,"op_counts":{"SQR":1}}
M5_OP_CALL {"cache":"pressure-128MiB","family":"head","graph":107,"phase":"measure","routing":"none","rows":5,"sample":28,"unique_experts":0}
M5_PROFILE {"context":"77f31e0300","graph":107,"cb":1,"original_nodes":1,"gpu_start_s":92269.620051000,"gpu_end_s":92269.622201375,"gpu_ms":2.150375,"valid":true,"completed":true,"op_counts":{"MUL_MAT":1}}
M5_OP_CALL {"family":"head","graph":108,"phase":"cache-pressure","rows":5}
M5_PROFILE {"context":"77f31e0300","graph":108,"cb":1,"original_nodes":1,"gpu_start_s":92269.622365125,"gpu_end_s":92269.623318875,"gpu_ms":0.953750,"valid":true,"completed":true,"op_counts":{"SQR":1}}
M5_OP_CALL {"cache":"pressure-128MiB","family":"head","graph":109,"phase":"measure","routing":"none","rows":5,"sample":29,"unique_experts":0}
M5_PROFILE {"context":"77f31e0300","graph":109,"cb":1,"original_nodes":1,"gpu_start_s":92269.623583250,"gpu_end_s":92269.625738875,"gpu_ms":2.155625,"valid":true,"completed":true,"op_counts":{"MUL_MAT":1}}
M5_OP_CALL {"family":"head","graph":110,"phase":"cache-pressure","rows":5}
M5_PROFILE {"context":"77f31e0300","graph":110,"cb":1,"original_nodes":1,"gpu_start_s":92269.625949500,"gpu_end_s":92269.626903500,"gpu_ms":0.954000,"valid":true,"completed":true,"op_counts":{"SQR":1}}
M5_OP_CALL {"cache":"pressure-128MiB","family":"head","graph":111,"phase":"measure","routing":"none","rows":5,"sample":30,"unique_experts":0}
M5_PROFILE {"context":"77f31e0300","graph":111,"cb":1,"original_nodes":1,"gpu_start_s":92269.627138000,"gpu_end_s":92269.629288542,"gpu_ms":2.150542,"valid":true,"completed":true,"op_counts":{"MUL_MAT":1}}
M5_OP_CALL {"family":"head","graph":112,"phase":"cache-pressure","rows":5}
M5_PROFILE {"context":"77f31e0300","graph":112,"cb":1,"original_nodes":1,"gpu_start_s":92269.629515750,"gpu_end_s":92269.630471292,"gpu_ms":0.955542,"valid":true,"completed":true,"op_counts":{"SQR":1}}
M5_OP_CALL {"cache":"pressure-128MiB","family":"head","graph":113,"phase":"measure","routing":"none","rows":5,"sample":31,"unique_experts":0}
M5_PROFILE {"context":"77f31e0300","graph":113,"cb":1,"original_nodes":1,"gpu_start_s":92269.630682125,"gpu_end_s":92269.632836000,"gpu_ms":2.153875,"valid":true,"completed":true,"op_counts":{"MUL_MAT":1}}
M5_OP_CALL {"family":"head","graph":114,"phase":"cache-pressure","rows":5}
M5_PROFILE {"context":"77f31e0300","graph":114,"cb":1,"original_nodes":1,"gpu_start_s":92269.633066167,"gpu_end_s":92269.634020667,"gpu_ms":0.954500,"valid":true,"completed":true,"op_counts":{"SQR":1}}
M5_OP_CALL {"cache":"pressure-128MiB","family":"head","graph":115,"phase":"measure","routing":"none","rows":5,"sample":32,"unique_experts":0}
M5_PROFILE {"context":"77f31e0300","graph":115,"cb":1,"original_nodes":1,"gpu_start_s":92269.634281375,"gpu_end_s":92269.636429667,"gpu_ms":2.148292,"valid":true,"completed":true,"op_counts":{"MUL_MAT":1}}
M5_OP_CALL {"family":"head","graph":116,"phase":"cache-pressure","rows":5}
M5_PROFILE {"context":"77f31e0300","graph":116,"cb":1,"original_nodes":1,"gpu_start_s":92269.636618667,"gpu_end_s":92269.637588750,"gpu_ms":0.970083,"valid":true,"completed":true,"op_counts":{"SQR":1}}
M5_OP_CALL {"cache":"pressure-128MiB","family":"head","graph":117,"phase":"measure","routing":"none","rows":5,"sample":33,"unique_experts":0}
M5_PROFILE {"context":"77f31e0300","graph":117,"cb":1,"original_nodes":1,"gpu_start_s":92269.637828500,"gpu_end_s":92269.639978417,"gpu_ms":2.149917,"valid":true,"completed":true,"op_counts":{"MUL_MAT":1}}
M5_OP_CALL {"family":"head","graph":118,"phase":"cache-pressure","rows":5}
M5_PROFILE {"context":"77f31e0300","graph":118,"cb":1,"original_nodes":1,"gpu_start_s":92269.640267750,"gpu_end_s":92269.641222500,"gpu_ms":0.954750,"valid":true,"completed":true,"op_counts":{"SQR":1}}
M5_OP_CALL {"cache":"pressure-128MiB","family":"head","graph":119,"phase":"measure","routing":"none","rows":5,"sample":34,"unique_experts":0}
M5_PROFILE {"context":"77f31e0300","graph":119,"cb":1,"original_nodes":1,"gpu_start_s":92269.641431375,"gpu_end_s":92269.643582750,"gpu_ms":2.151375,"valid":true,"completed":true,"op_counts":{"MUL_MAT":1}}
M5_OP_CALL {"family":"head","graph":120,"phase":"cache-pressure","rows":5}
M5_PROFILE {"context":"77f31e0300","graph":120,"cb":1,"original_nodes":1,"gpu_start_s":92269.643760750,"gpu_end_s":92269.644721625,"gpu_ms":0.960875,"valid":true,"completed":true,"op_counts":{"SQR":1}}
M5_OP_CALL {"cache":"pressure-128MiB","family":"head","graph":121,"phase":"measure","routing":"none","rows":5,"sample":35,"unique_experts":0}
M5_PROFILE {"context":"77f31e0300","graph":121,"cb":1,"original_nodes":1,"gpu_start_s":92269.644984292,"gpu_end_s":92269.647132292,"gpu_ms":2.148000,"valid":true,"completed":true,"op_counts":{"MUL_MAT":1}}
M5_OP_CALL {"family":"head","graph":122,"phase":"cache-pressure","rows":5}
M5_PROFILE {"context":"77f31e0300","graph":122,"cb":1,"original_nodes":1,"gpu_start_s":92269.647358875,"gpu_end_s":92269.648320875,"gpu_ms":0.962000,"valid":true,"completed":true,"op_counts":{"SQR":1}}
M5_OP_CALL {"cache":"pressure-128MiB","family":"head","graph":123,"phase":"measure","routing":"none","rows":5,"sample":36,"unique_experts":0}
M5_PROFILE {"context":"77f31e0300","graph":123,"cb":1,"original_nodes":1,"gpu_start_s":92269.648614500,"gpu_end_s":92269.650757000,"gpu_ms":2.142500,"valid":true,"completed":true,"op_counts":{"MUL_MAT":1}}
M5_OP_CALL {"family":"head","graph":124,"phase":"cache-pressure","rows":5}
M5_PROFILE {"context":"77f31e0300","graph":124,"cb":1,"original_nodes":1,"gpu_start_s":92269.650939000,"gpu_end_s":92269.651894250,"gpu_ms":0.955250,"valid":true,"completed":true,"op_counts":{"SQR":1}}
M5_OP_CALL {"cache":"pressure-128MiB","family":"head","graph":125,"phase":"measure","routing":"none","rows":5,"sample":37,"unique_experts":0}
M5_PROFILE {"context":"77f31e0300","graph":125,"cb":1,"original_nodes":1,"gpu_start_s":92269.652100375,"gpu_end_s":92269.654252250,"gpu_ms":2.151875,"valid":true,"completed":true,"op_counts":{"MUL_MAT":1}}
M5_OP_CALL {"family":"head","graph":126,"phase":"cache-pressure","rows":5}
M5_PROFILE {"context":"77f31e0300","graph":126,"cb":1,"original_nodes":1,"gpu_start_s":92269.654481542,"gpu_end_s":92269.655435500,"gpu_ms":0.953958,"valid":true,"completed":true,"op_counts":{"SQR":1}}
M5_OP_CALL {"cache":"pressure-128MiB","family":"head","graph":127,"phase":"measure","routing":"none","rows":5,"sample":38,"unique_experts":0}
M5_PROFILE {"context":"77f31e0300","graph":127,"cb":1,"original_nodes":1,"gpu_start_s":92269.655675292,"gpu_end_s":92269.657824167,"gpu_ms":2.148875,"valid":true,"completed":true,"op_counts":{"MUL_MAT":1}}
M5_OP_CALL {"family":"head","graph":128,"phase":"cache-pressure","rows":5}
M5_PROFILE {"context":"77f31e0300","graph":128,"cb":1,"original_nodes":1,"gpu_start_s":92269.658114125,"gpu_end_s":92269.659069250,"gpu_ms":0.955125,"valid":true,"completed":true,"op_counts":{"SQR":1}}
M5_OP_CALL {"cache":"pressure-128MiB","family":"head","graph":129,"phase":"measure","routing":"none","rows":5,"sample":39,"unique_experts":0}
M5_PROFILE {"context":"77f31e0300","graph":129,"cb":1,"original_nodes":1,"gpu_start_s":92269.659279000,"gpu_end_s":92269.661433292,"gpu_ms":2.154292,"valid":true,"completed":true,"op_counts":{"MUL_MAT":1}}
M5_OP_CALL {"cache":"unflushed","family":"head","graph":130,"phase":"warmup","routing":"none","rows":4,"sample":-3,"unique_experts":0}
M5_PROFILE {"context":"77f31e0300","graph":130,"cb":1,"original_nodes":1,"gpu_start_s":92269.661671000,"gpu_end_s":92269.663833000,"gpu_ms":2.162000,"valid":true,"completed":true,"op_counts":{"MUL_MAT":1}}
M5_OP_CALL {"cache":"unflushed","family":"head","graph":131,"phase":"warmup","routing":"none","rows":4,"sample":-2,"unique_experts":0}
M5_PROFILE {"context":"77f31e0300","graph":131,"cb":1,"original_nodes":1,"gpu_start_s":92269.664074125,"gpu_end_s":92269.666208875,"gpu_ms":2.134750,"valid":true,"completed":true,"op_counts":{"MUL_MAT":1}}
M5_OP_CALL {"cache":"unflushed","family":"head","graph":132,"phase":"warmup","routing":"none","rows":4,"sample":-1,"unique_experts":0}
M5_PROFILE {"context":"77f31e0300","graph":132,"cb":1,"original_nodes":1,"gpu_start_s":92269.666445417,"gpu_end_s":92269.668585042,"gpu_ms":2.139625,"valid":true,"completed":true,"op_counts":{"MUL_MAT":1}}
M5_OP_CALL {"cache":"unflushed","family":"head","graph":133,"phase":"measure","routing":"none","rows":4,"sample":0,"unique_experts":0}
M5_PROFILE {"context":"77f31e0300","graph":133,"cb":1,"original_nodes":1,"gpu_start_s":92269.668795375,"gpu_end_s":92269.670935375,"gpu_ms":2.140000,"valid":true,"completed":true,"op_counts":{"MUL_MAT":1}}
M5_OP_CALL {"cache":"unflushed","family":"head","graph":134,"phase":"measure","routing":"none","rows":4,"sample":1,"unique_experts":0}
M5_PROFILE {"context":"77f31e0300","graph":134,"cb":1,"original_nodes":1,"gpu_start_s":92269.671189500,"gpu_end_s":92269.673324667,"gpu_ms":2.135167,"valid":true,"completed":true,"op_counts":{"MUL_MAT":1}}
M5_OP_CALL {"cache":"unflushed","family":"head","graph":135,"phase":"measure","routing":"none","rows":4,"sample":2,"unique_experts":0}
M5_PROFILE {"context":"77f31e0300","graph":135,"cb":1,"original_nodes":1,"gpu_start_s":92269.673578500,"gpu_end_s":92269.675716417,"gpu_ms":2.137917,"valid":true,"completed":true,"op_counts":{"MUL_MAT":1}}
M5_OP_CALL {"cache":"unflushed","family":"head","graph":136,"phase":"measure","routing":"none","rows":4,"sample":3,"unique_experts":0}
M5_PROFILE {"context":"77f31e0300","graph":136,"cb":1,"original_nodes":1,"gpu_start_s":92269.675937250,"gpu_end_s":92269.678075125,"gpu_ms":2.137875,"valid":true,"completed":true,"op_counts":{"MUL_MAT":1}}
M5_OP_CALL {"cache":"unflushed","family":"head","graph":137,"phase":"measure","routing":"none","rows":4,"sample":4,"unique_experts":0}
M5_PROFILE {"context":"77f31e0300","graph":137,"cb":1,"original_nodes":1,"gpu_start_s":92269.678337750,"gpu_end_s":92269.680476792,"gpu_ms":2.139042,"valid":true,"completed":true,"op_counts":{"MUL_MAT":1}}
M5_OP_CALL {"cache":"unflushed","family":"head","graph":138,"phase":"measure","routing":"none","rows":4,"sample":5,"unique_experts":0}
M5_PROFILE {"context":"77f31e0300","graph":138,"cb":1,"original_nodes":1,"gpu_start_s":92269.680671250,"gpu_end_s":92269.682814292,"gpu_ms":2.143042,"valid":true,"completed":true,"op_counts":{"MUL_MAT":1}}
M5_OP_CALL {"cache":"unflushed","family":"head","graph":139,"phase":"measure","routing":"none","rows":4,"sample":6,"unique_experts":0}
M5_PROFILE {"context":"77f31e0300","graph":139,"cb":1,"original_nodes":1,"gpu_start_s":92269.683074792,"gpu_end_s":92269.685219750,"gpu_ms":2.144958,"valid":true,"completed":true,"op_counts":{"MUL_MAT":1}}
M5_OP_CALL {"cache":"unflushed","family":"head","graph":140,"phase":"measure","routing":"none","rows":4,"sample":7,"unique_experts":0}
M5_PROFILE {"context":"77f31e0300","graph":140,"cb":1,"original_nodes":1,"gpu_start_s":92269.685446042,"gpu_end_s":92269.687584875,"gpu_ms":2.138833,"valid":true,"completed":true,"op_counts":{"MUL_MAT":1}}
M5_OP_CALL {"cache":"unflushed","family":"head","graph":141,"phase":"measure","routing":"none","rows":4,"sample":8,"unique_experts":0}
M5_PROFILE {"context":"77f31e0300","graph":141,"cb":1,"original_nodes":1,"gpu_start_s":92269.687815500,"gpu_end_s":92269.689957625,"gpu_ms":2.142125,"valid":true,"completed":true,"op_counts":{"MUL_MAT":1}}
M5_OP_CALL {"cache":"unflushed","family":"head","graph":142,"phase":"measure","routing":"none","rows":4,"sample":9,"unique_experts":0}
M5_PROFILE {"context":"77f31e0300","graph":142,"cb":1,"original_nodes":1,"gpu_start_s":92269.690137750,"gpu_end_s":92269.692277250,"gpu_ms":2.139500,"valid":true,"completed":true,"op_counts":{"MUL_MAT":1}}
M5_OP_CALL {"cache":"unflushed","family":"head","graph":143,"phase":"measure","routing":"none","rows":4,"sample":10,"unique_experts":0}
M5_PROFILE {"context":"77f31e0300","graph":143,"cb":1,"original_nodes":1,"gpu_start_s":92269.692480250,"gpu_end_s":92269.694615125,"gpu_ms":2.134875,"valid":true,"completed":true,"op_counts":{"MUL_MAT":1}}
M5_OP_CALL {"cache":"unflushed","family":"head","graph":144,"phase":"measure","routing":"none","rows":4,"sample":11,"unique_experts":0}
M5_PROFILE {"context":"77f31e0300","graph":144,"cb":1,"original_nodes":1,"gpu_start_s":92269.694844792,"gpu_end_s":92269.696984375,"gpu_ms":2.139583,"valid":true,"completed":true,"op_counts":{"MUL_MAT":1}}
M5_OP_CALL {"cache":"unflushed","family":"head","graph":145,"phase":"measure","routing":"none","rows":4,"sample":12,"unique_experts":0}
M5_PROFILE {"context":"77f31e0300","graph":145,"cb":1,"original_nodes":1,"gpu_start_s":92269.697213500,"gpu_end_s":92269.699353167,"gpu_ms":2.139667,"valid":true,"completed":true,"op_counts":{"MUL_MAT":1}}
M5_OP_CALL {"cache":"unflushed","family":"head","graph":146,"phase":"measure","routing":"none","rows":4,"sample":13,"unique_experts":0}
M5_PROFILE {"context":"77f31e0300","graph":146,"cb":1,"original_nodes":1,"gpu_start_s":92269.699644625,"gpu_end_s":92269.701786500,"gpu_ms":2.141875,"valid":true,"completed":true,"op_counts":{"MUL_MAT":1}}
M5_OP_CALL {"cache":"unflushed","family":"head","graph":147,"phase":"measure","routing":"none","rows":4,"sample":14,"unique_experts":0}
M5_PROFILE {"context":"77f31e0300","graph":147,"cb":1,"original_nodes":1,"gpu_start_s":92269.701934542,"gpu_end_s":92269.704071167,"gpu_ms":2.136625,"valid":true,"completed":true,"op_counts":{"MUL_MAT":1}}
M5_OP_CALL {"cache":"unflushed","family":"head","graph":148,"phase":"measure","routing":"none","rows":4,"sample":15,"unique_experts":0}
M5_PROFILE {"context":"77f31e0300","graph":148,"cb":1,"original_nodes":1,"gpu_start_s":92269.704279500,"gpu_end_s":92269.706426500,"gpu_ms":2.147000,"valid":true,"completed":true,"op_counts":{"MUL_MAT":1}}
M5_OP_CALL {"cache":"unflushed","family":"head","graph":149,"phase":"measure","routing":"none","rows":4,"sample":16,"unique_experts":0}
M5_PROFILE {"context":"77f31e0300","graph":149,"cb":1,"original_nodes":1,"gpu_start_s":92269.706634000,"gpu_end_s":92269.708769875,"gpu_ms":2.135875,"valid":true,"completed":true,"op_counts":{"MUL_MAT":1}}
M5_OP_CALL {"cache":"unflushed","family":"head","graph":150,"phase":"measure","routing":"none","rows":4,"sample":17,"unique_experts":0}
M5_PROFILE {"context":"77f31e0300","graph":150,"cb":1,"original_nodes":1,"gpu_start_s":92269.708985625,"gpu_end_s":92269.711133625,"gpu_ms":2.148000,"valid":true,"completed":true,"op_counts":{"MUL_MAT":1}}
M5_OP_CALL {"cache":"unflushed","family":"head","graph":151,"phase":"measure","routing":"none","rows":4,"sample":18,"unique_experts":0}
M5_PROFILE {"context":"77f31e0300","graph":151,"cb":1,"original_nodes":1,"gpu_start_s":92269.711335042,"gpu_end_s":92269.713477500,"gpu_ms":2.142458,"valid":true,"completed":true,"op_counts":{"MUL_MAT":1}}
M5_OP_CALL {"cache":"unflushed","family":"head","graph":152,"phase":"measure","routing":"none","rows":4,"sample":19,"unique_experts":0}
M5_PROFILE {"context":"77f31e0300","graph":152,"cb":1,"original_nodes":1,"gpu_start_s":92269.713677167,"gpu_end_s":92269.715819500,"gpu_ms":2.142333,"valid":true,"completed":true,"op_counts":{"MUL_MAT":1}}
M5_OP_CALL {"cache":"unflushed","family":"head","graph":153,"phase":"measure","routing":"none","rows":4,"sample":20,"unique_experts":0}
M5_PROFILE {"context":"77f31e0300","graph":153,"cb":1,"original_nodes":1,"gpu_start_s":92269.716028500,"gpu_end_s":92269.718176250,"gpu_ms":2.147750,"valid":true,"completed":true,"op_counts":{"MUL_MAT":1}}
M5_OP_CALL {"cache":"unflushed","family":"head","graph":154,"phase":"measure","routing":"none","rows":4,"sample":21,"unique_experts":0}
M5_PROFILE {"context":"77f31e0300","graph":154,"cb":1,"original_nodes":1,"gpu_start_s":92269.718371250,"gpu_end_s":92269.720511750,"gpu_ms":2.140500,"valid":true,"completed":true,"op_counts":{"MUL_MAT":1}}
M5_OP_CALL {"cache":"unflushed","family":"head","graph":155,"phase":"measure","routing":"none","rows":4,"sample":22,"unique_experts":0}
M5_PROFILE {"context":"77f31e0300","graph":155,"cb":1,"original_nodes":1,"gpu_start_s":92269.720720125,"gpu_end_s":92269.722857500,"gpu_ms":2.137375,"valid":true,"completed":true,"op_counts":{"MUL_MAT":1}}
M5_OP_CALL {"cache":"unflushed","family":"head","graph":156,"phase":"measure","routing":"none","rows":4,"sample":23,"unique_experts":0}
M5_PROFILE {"context":"77f31e0300","graph":156,"cb":1,"original_nodes":1,"gpu_start_s":92269.723046542,"gpu_end_s":92269.725187875,"gpu_ms":2.141333,"valid":true,"completed":true,"op_counts":{"MUL_MAT":1}}
M5_OP_CALL {"cache":"unflushed","family":"head","graph":157,"phase":"measure","routing":"none","rows":4,"sample":24,"unique_experts":0}
M5_PROFILE {"context":"77f31e0300","graph":157,"cb":1,"original_nodes":1,"gpu_start_s":92269.725402000,"gpu_end_s":92269.727543792,"gpu_ms":2.141792,"valid":true,"completed":true,"op_counts":{"MUL_MAT":1}}
M5_OP_CALL {"cache":"unflushed","family":"head","graph":158,"phase":"measure","routing":"none","rows":4,"sample":25,"unique_experts":0}
M5_PROFILE {"context":"77f31e0300","graph":158,"cb":1,"original_nodes":1,"gpu_start_s":92269.727733042,"gpu_end_s":92269.729878375,"gpu_ms":2.145333,"valid":true,"completed":true,"op_counts":{"MUL_MAT":1}}
M5_OP_CALL {"cache":"unflushed","family":"head","graph":159,"phase":"measure","routing":"none","rows":4,"sample":26,"unique_experts":0}
M5_PROFILE {"context":"77f31e0300","graph":159,"cb":1,"original_nodes":1,"gpu_start_s":92269.730166875,"gpu_end_s":92269.732306500,"gpu_ms":2.139625,"valid":true,"completed":true,"op_counts":{"MUL_MAT":1}}
M5_OP_CALL {"cache":"unflushed","family":"head","graph":160,"phase":"measure","routing":"none","rows":4,"sample":27,"unique_experts":0}
M5_PROFILE {"context":"77f31e0300","graph":160,"cb":1,"original_nodes":1,"gpu_start_s":92269.732532292,"gpu_end_s":92269.734677167,"gpu_ms":2.144875,"valid":true,"completed":true,"op_counts":{"MUL_MAT":1}}
M5_OP_CALL {"cache":"unflushed","family":"head","graph":161,"phase":"measure","routing":"none","rows":4,"sample":28,"unique_experts":0}
M5_PROFILE {"context":"77f31e0300","graph":161,"cb":1,"original_nodes":1,"gpu_start_s":92269.734896542,"gpu_end_s":92269.737039875,"gpu_ms":2.143333,"valid":true,"completed":true,"op_counts":{"MUL_MAT":1}}
M5_OP_CALL {"cache":"unflushed","family":"head","graph":162,"phase":"measure","routing":"none","rows":4,"sample":29,"unique_experts":0}
M5_PROFILE {"context":"77f31e0300","graph":162,"cb":1,"original_nodes":1,"gpu_start_s":92269.737271375,"gpu_end_s":92269.739417125,"gpu_ms":2.145750,"valid":true,"completed":true,"op_counts":{"MUL_MAT":1}}
M5_OP_CALL {"cache":"unflushed","family":"head","graph":163,"phase":"measure","routing":"none","rows":4,"sample":30,"unique_experts":0}
M5_PROFILE {"context":"77f31e0300","graph":163,"cb":1,"original_nodes":1,"gpu_start_s":92269.739579750,"gpu_end_s":92269.741730125,"gpu_ms":2.150375,"valid":true,"completed":true,"op_counts":{"MUL_MAT":1}}
M5_OP_CALL {"cache":"unflushed","family":"head","graph":164,"phase":"measure","routing":"none","rows":4,"sample":31,"unique_experts":0}
M5_PROFILE {"context":"77f31e0300","graph":164,"cb":1,"original_nodes":1,"gpu_start_s":92269.741896250,"gpu_end_s":92269.744038625,"gpu_ms":2.142375,"valid":true,"completed":true,"op_counts":{"MUL_MAT":1}}
M5_OP_CALL {"cache":"unflushed","family":"head","graph":165,"phase":"measure","routing":"none","rows":4,"sample":32,"unique_experts":0}
M5_PROFILE {"context":"77f31e0300","graph":165,"cb":1,"original_nodes":1,"gpu_start_s":92269.744226125,"gpu_end_s":92269.746363542,"gpu_ms":2.137417,"valid":true,"completed":true,"op_counts":{"MUL_MAT":1}}
M5_OP_CALL {"cache":"unflushed","family":"head","graph":166,"phase":"measure","routing":"none","rows":4,"sample":33,"unique_experts":0}
M5_PROFILE {"context":"77f31e0300","graph":166,"cb":1,"original_nodes":1,"gpu_start_s":92269.746595875,"gpu_end_s":92269.748737375,"gpu_ms":2.141500,"valid":true,"completed":true,"op_counts":{"MUL_MAT":1}}
M5_OP_CALL {"cache":"unflushed","family":"head","graph":167,"phase":"measure","routing":"none","rows":4,"sample":34,"unique_experts":0}
M5_PROFILE {"context":"77f31e0300","graph":167,"cb":1,"original_nodes":1,"gpu_start_s":92269.748974917,"gpu_end_s":92269.751124375,"gpu_ms":2.149458,"valid":true,"completed":true,"op_counts":{"MUL_MAT":1}}
M5_OP_CALL {"cache":"unflushed","family":"head","graph":168,"phase":"measure","routing":"none","rows":4,"sample":35,"unique_experts":0}
M5_PROFILE {"context":"77f31e0300","graph":168,"cb":1,"original_nodes":1,"gpu_start_s":92269.751304875,"gpu_end_s":92269.753448375,"gpu_ms":2.143500,"valid":true,"completed":true,"op_counts":{"MUL_MAT":1}}
M5_OP_CALL {"cache":"unflushed","family":"head","graph":169,"phase":"measure","routing":"none","rows":4,"sample":36,"unique_experts":0}
M5_PROFILE {"context":"77f31e0300","graph":169,"cb":1,"original_nodes":1,"gpu_start_s":92269.753618250,"gpu_end_s":92269.755764500,"gpu_ms":2.146250,"valid":true,"completed":true,"op_counts":{"MUL_MAT":1}}
M5_OP_CALL {"cache":"unflushed","family":"head","graph":170,"phase":"measure","routing":"none","rows":4,"sample":37,"unique_experts":0}
M5_PROFILE {"context":"77f31e0300","graph":170,"cb":1,"original_nodes":1,"gpu_start_s":92269.755934417,"gpu_end_s":92269.758096750,"gpu_ms":2.162333,"valid":true,"completed":true,"op_counts":{"MUL_MAT":1}}
M5_OP_CALL {"cache":"unflushed","family":"head","graph":171,"phase":"measure","routing":"none","rows":4,"sample":38,"unique_experts":0}
M5_PROFILE {"context":"77f31e0300","graph":171,"cb":1,"original_nodes":1,"gpu_start_s":92269.758304875,"gpu_end_s":92269.760455375,"gpu_ms":2.150500,"valid":true,"completed":true,"op_counts":{"MUL_MAT":1}}
M5_OP_CALL {"cache":"unflushed","family":"head","graph":172,"phase":"measure","routing":"none","rows":4,"sample":39,"unique_experts":0}
M5_PROFILE {"context":"77f31e0300","graph":172,"cb":1,"original_nodes":1,"gpu_start_s":92269.760647167,"gpu_end_s":92269.762799792,"gpu_ms":2.152625,"valid":true,"completed":true,"op_counts":{"MUL_MAT":1}}
M5_OP_CALL {"family":"head","graph":173,"phase":"cache-pressure","rows":4}
M5_PROFILE {"context":"77f31e0300","graph":173,"cb":1,"original_nodes":1,"gpu_start_s":92269.763009042,"gpu_end_s":92269.763980417,"gpu_ms":0.971375,"valid":true,"completed":true,"op_counts":{"SQR":1}}
M5_OP_CALL {"cache":"pressure-128MiB","family":"head","graph":174,"phase":"warmup","routing":"none","rows":4,"sample":-3,"unique_experts":0}
M5_PROFILE {"context":"77f31e0300","graph":174,"cb":1,"original_nodes":1,"gpu_start_s":92269.764183000,"gpu_end_s":92269.766330542,"gpu_ms":2.147542,"valid":true,"completed":true,"op_counts":{"MUL_MAT":1}}
M5_OP_CALL {"family":"head","graph":175,"phase":"cache-pressure","rows":4}
M5_PROFILE {"context":"77f31e0300","graph":175,"cb":1,"original_nodes":1,"gpu_start_s":92269.766514750,"gpu_end_s":92269.767506500,"gpu_ms":0.991750,"valid":true,"completed":true,"op_counts":{"SQR":1}}
M5_OP_CALL {"cache":"pressure-128MiB","family":"head","graph":176,"phase":"warmup","routing":"none","rows":4,"sample":-2,"unique_experts":0}
M5_PROFILE {"context":"77f31e0300","graph":176,"cb":1,"original_nodes":1,"gpu_start_s":92269.767681750,"gpu_end_s":92269.769851167,"gpu_ms":2.169417,"valid":true,"completed":true,"op_counts":{"MUL_MAT":1}}
M5_OP_CALL {"family":"head","graph":177,"phase":"cache-pressure","rows":4}
M5_PROFILE {"context":"77f31e0300","graph":177,"cb":1,"original_nodes":1,"gpu_start_s":92269.770068292,"gpu_end_s":92269.771049125,"gpu_ms":0.980833,"valid":true,"completed":true,"op_counts":{"SQR":1}}
M5_OP_CALL {"cache":"pressure-128MiB","family":"head","graph":178,"phase":"warmup","routing":"none","rows":4,"sample":-1,"unique_experts":0}
M5_PROFILE {"context":"77f31e0300","graph":178,"cb":1,"original_nodes":1,"gpu_start_s":92269.771228542,"gpu_end_s":92269.773393792,"gpu_ms":2.165250,"valid":true,"completed":true,"op_counts":{"MUL_MAT":1}}
M5_OP_CALL {"family":"head","graph":179,"phase":"cache-pressure","rows":4}
M5_PROFILE {"context":"77f31e0300","graph":179,"cb":1,"original_nodes":1,"gpu_start_s":92269.773549417,"gpu_end_s":92269.774521250,"gpu_ms":0.971833,"valid":true,"completed":true,"op_counts":{"SQR":1}}
M5_OP_CALL {"cache":"pressure-128MiB","family":"head","graph":180,"phase":"measure","routing":"none","rows":4,"sample":0,"unique_experts":0}
M5_PROFILE {"context":"77f31e0300","graph":180,"cb":1,"original_nodes":1,"gpu_start_s":92269.774713125,"gpu_end_s":92269.776866542,"gpu_ms":2.153417,"valid":true,"completed":true,"op_counts":{"MUL_MAT":1}}
M5_OP_CALL {"family":"head","graph":181,"phase":"cache-pressure","rows":4}
M5_PROFILE {"context":"77f31e0300","graph":181,"cb":1,"original_nodes":1,"gpu_start_s":92269.777108917,"gpu_end_s":92269.778081667,"gpu_ms":0.972750,"valid":true,"completed":true,"op_counts":{"SQR":1}}
M5_OP_CALL {"cache":"pressure-128MiB","family":"head","graph":182,"phase":"measure","routing":"none","rows":4,"sample":1,"unique_experts":0}
M5_PROFILE {"context":"77f31e0300","graph":182,"cb":1,"original_nodes":1,"gpu_start_s":92269.778382667,"gpu_end_s":92269.780535625,"gpu_ms":2.152958,"valid":true,"completed":true,"op_counts":{"MUL_MAT":1}}
M5_OP_CALL {"family":"head","graph":183,"phase":"cache-pressure","rows":4}
M5_PROFILE {"context":"77f31e0300","graph":183,"cb":1,"original_nodes":1,"gpu_start_s":92269.780709375,"gpu_end_s":92269.781701500,"gpu_ms":0.992125,"valid":true,"completed":true,"op_counts":{"SQR":1}}
M5_OP_CALL {"cache":"pressure-128MiB","family":"head","graph":184,"phase":"measure","routing":"none","rows":4,"sample":2,"unique_experts":0}
M5_PROFILE {"context":"77f31e0300","graph":184,"cb":1,"original_nodes":1,"gpu_start_s":92269.781904250,"gpu_end_s":92269.784069250,"gpu_ms":2.165000,"valid":true,"completed":true,"op_counts":{"MUL_MAT":1}}
M5_OP_CALL {"family":"head","graph":185,"phase":"cache-pressure","rows":4}
M5_PROFILE {"context":"77f31e0300","graph":185,"cb":1,"original_nodes":1,"gpu_start_s":92269.784256125,"gpu_end_s":92269.785238875,"gpu_ms":0.982750,"valid":true,"completed":true,"op_counts":{"SQR":1}}
M5_OP_CALL {"cache":"pressure-128MiB","family":"head","graph":186,"phase":"measure","routing":"none","rows":4,"sample":3,"unique_experts":0}
M5_PROFILE {"context":"77f31e0300","graph":186,"cb":1,"original_nodes":1,"gpu_start_s":92269.785445417,"gpu_end_s":92269.787615000,"gpu_ms":2.169583,"valid":true,"completed":true,"op_counts":{"MUL_MAT":1}}
M5_OP_CALL {"family":"head","graph":187,"phase":"cache-pressure","rows":4}
M5_PROFILE {"context":"77f31e0300","graph":187,"cb":1,"original_nodes":1,"gpu_start_s":92269.787787250,"gpu_end_s":92269.788765375,"gpu_ms":0.978125,"valid":true,"completed":true,"op_counts":{"SQR":1}}
M5_OP_CALL {"cache":"pressure-128MiB","family":"head","graph":188,"phase":"measure","routing":"none","rows":4,"sample":4,"unique_experts":0}
M5_PROFILE {"context":"77f31e0300","graph":188,"cb":1,"original_nodes":1,"gpu_start_s":92269.788943375,"gpu_end_s":92269.791099625,"gpu_ms":2.156250,"valid":true,"completed":true,"op_counts":{"MUL_MAT":1}}
M5_OP_CALL {"family":"head","graph":189,"phase":"cache-pressure","rows":4}
M5_PROFILE {"context":"77f31e0300","graph":189,"cb":1,"original_nodes":1,"gpu_start_s":92269.791260500,"gpu_end_s":92269.792254250,"gpu_ms":0.993750,"valid":true,"completed":true,"op_counts":{"SQR":1}}
M5_OP_CALL {"cache":"pressure-128MiB","family":"head","graph":190,"phase":"measure","routing":"none","rows":4,"sample":5,"unique_experts":0}
M5_PROFILE {"context":"77f31e0300","graph":190,"cb":1,"original_nodes":1,"gpu_start_s":92269.792412000,"gpu_end_s":92269.794622875,"gpu_ms":2.210875,"valid":true,"completed":true,"op_counts":{"MUL_MAT":1}}
M5_OP_CALL {"family":"head","graph":191,"phase":"cache-pressure","rows":4}
M5_PROFILE {"context":"77f31e0300","graph":191,"cb":1,"original_nodes":1,"gpu_start_s":92269.794962500,"gpu_end_s":92269.795948875,"gpu_ms":0.986375,"valid":true,"completed":true,"op_counts":{"SQR":1}}
M5_OP_CALL {"cache":"pressure-128MiB","family":"head","graph":192,"phase":"measure","routing":"none","rows":4,"sample":6,"unique_experts":0}
M5_PROFILE {"context":"77f31e0300","graph":192,"cb":1,"original_nodes":1,"gpu_start_s":92269.796183375,"gpu_end_s":92269.798520000,"gpu_ms":2.336625,"valid":true,"completed":true,"op_counts":{"MUL_MAT":1}}
M5_OP_CALL {"family":"head","graph":193,"phase":"cache-pressure","rows":4}
M5_PROFILE {"context":"77f31e0300","graph":193,"cb":1,"original_nodes":1,"gpu_start_s":92269.798816292,"gpu_end_s":92269.799784125,"gpu_ms":0.967833,"valid":true,"completed":true,"op_counts":{"SQR":1}}
M5_OP_CALL {"cache":"pressure-128MiB","family":"head","graph":194,"phase":"measure","routing":"none","rows":4,"sample":7,"unique_experts":0}
M5_PROFILE {"context":"77f31e0300","graph":194,"cb":1,"original_nodes":1,"gpu_start_s":92269.800034750,"gpu_end_s":92269.802185375,"gpu_ms":2.150625,"valid":true,"completed":true,"op_counts":{"MUL_MAT":1}}
M5_OP_CALL {"family":"head","graph":195,"phase":"cache-pressure","rows":4}
M5_PROFILE {"context":"77f31e0300","graph":195,"cb":1,"original_nodes":1,"gpu_start_s":92269.802422292,"gpu_end_s":92269.803385750,"gpu_ms":0.963458,"valid":true,"completed":true,"op_counts":{"SQR":1}}
M5_OP_CALL {"cache":"pressure-128MiB","family":"head","graph":196,"phase":"measure","routing":"none","rows":4,"sample":8,"unique_experts":0}
M5_PROFILE {"context":"77f31e0300","graph":196,"cb":1,"original_nodes":1,"gpu_start_s":92269.803582500,"gpu_end_s":92269.805725500,"gpu_ms":2.143000,"valid":true,"completed":true,"op_counts":{"MUL_MAT":1}}
M5_OP_CALL {"family":"head","graph":197,"phase":"cache-pressure","rows":4}
M5_PROFILE {"context":"77f31e0300","graph":197,"cb":1,"original_nodes":1,"gpu_start_s":92269.805891917,"gpu_end_s":92269.806845875,"gpu_ms":0.953958,"valid":true,"completed":true,"op_counts":{"SQR":1}}
M5_OP_CALL {"cache":"pressure-128MiB","family":"head","graph":198,"phase":"measure","routing":"none","rows":4,"sample":9,"unique_experts":0}
M5_PROFILE {"context":"77f31e0300","graph":198,"cb":1,"original_nodes":1,"gpu_start_s":92269.807027167,"gpu_end_s":92269.809173375,"gpu_ms":2.146208,"valid":true,"completed":true,"op_counts":{"MUL_MAT":1}}
M5_OP_CALL {"family":"head","graph":199,"phase":"cache-pressure","rows":4}
M5_PROFILE {"context":"77f31e0300","graph":199,"cb":1,"original_nodes":1,"gpu_start_s":92269.809440500,"gpu_end_s":92269.810395042,"gpu_ms":0.954542,"valid":true,"completed":true,"op_counts":{"SQR":1}}
M5_OP_CALL {"cache":"pressure-128MiB","family":"head","graph":200,"phase":"measure","routing":"none","rows":4,"sample":10,"unique_experts":0}
M5_PROFILE {"context":"77f31e0300","graph":200,"cb":1,"original_nodes":1,"gpu_start_s":92269.810666250,"gpu_end_s":92269.812813625,"gpu_ms":2.147375,"valid":true,"completed":true,"op_counts":{"MUL_MAT":1}}
M5_OP_CALL {"family":"head","graph":201,"phase":"cache-pressure","rows":4}
M5_PROFILE {"context":"77f31e0300","graph":201,"cb":1,"original_nodes":1,"gpu_start_s":92269.812983375,"gpu_end_s":92269.813953375,"gpu_ms":0.970000,"valid":true,"completed":true,"op_counts":{"SQR":1}}
M5_OP_CALL {"cache":"pressure-128MiB","family":"head","graph":202,"phase":"measure","routing":"none","rows":4,"sample":11,"unique_experts":0}
M5_PROFILE {"context":"77f31e0300","graph":202,"cb":1,"original_nodes":1,"gpu_start_s":92269.814166000,"gpu_end_s":92269.816321125,"gpu_ms":2.155125,"valid":true,"completed":true,"op_counts":{"MUL_MAT":1}}
M5_OP_CALL {"family":"head","graph":203,"phase":"cache-pressure","rows":4}
M5_PROFILE {"context":"77f31e0300","graph":203,"cb":1,"original_nodes":1,"gpu_start_s":92269.816606500,"gpu_end_s":92269.817568750,"gpu_ms":0.962250,"valid":true,"completed":true,"op_counts":{"SQR":1}}
M5_OP_CALL {"cache":"pressure-128MiB","family":"head","graph":204,"phase":"measure","routing":"none","rows":4,"sample":12,"unique_experts":0}
M5_PROFILE {"context":"77f31e0300","graph":204,"cb":1,"original_nodes":1,"gpu_start_s":92269.817769375,"gpu_end_s":92269.819921875,"gpu_ms":2.152500,"valid":true,"completed":true,"op_counts":{"MUL_MAT":1}}
M5_OP_CALL {"family":"head","graph":205,"phase":"cache-pressure","rows":4}
M5_PROFILE {"context":"77f31e0300","graph":205,"cb":1,"original_nodes":1,"gpu_start_s":92269.820114792,"gpu_end_s":92269.821083875,"gpu_ms":0.969083,"valid":true,"completed":true,"op_counts":{"SQR":1}}
M5_OP_CALL {"cache":"pressure-128MiB","family":"head","graph":206,"phase":"measure","routing":"none","rows":4,"sample":13,"unique_experts":0}
M5_PROFILE {"context":"77f31e0300","graph":206,"cb":1,"original_nodes":1,"gpu_start_s":92269.821320875,"gpu_end_s":92269.823469750,"gpu_ms":2.148875,"valid":true,"completed":true,"op_counts":{"MUL_MAT":1}}
M5_OP_CALL {"family":"head","graph":207,"phase":"cache-pressure","rows":4}
M5_PROFILE {"context":"77f31e0300","graph":207,"cb":1,"original_nodes":1,"gpu_start_s":92269.823635875,"gpu_end_s":92269.824600917,"gpu_ms":0.965042,"valid":true,"completed":true,"op_counts":{"SQR":1}}
M5_OP_CALL {"cache":"pressure-128MiB","family":"head","graph":208,"phase":"measure","routing":"none","rows":4,"sample":14,"unique_experts":0}
M5_PROFILE {"context":"77f31e0300","graph":208,"cb":1,"original_nodes":1,"gpu_start_s":92269.824809167,"gpu_end_s":92269.826957000,"gpu_ms":2.147833,"valid":true,"completed":true,"op_counts":{"MUL_MAT":1}}
M5_OP_CALL {"family":"head","graph":209,"phase":"cache-pressure","rows":4}
M5_PROFILE {"context":"77f31e0300","graph":209,"cb":1,"original_nodes":1,"gpu_start_s":92269.827146375,"gpu_end_s":92269.828109500,"gpu_ms":0.963125,"valid":true,"completed":true,"op_counts":{"SQR":1}}
M5_OP_CALL {"cache":"pressure-128MiB","family":"head","graph":210,"phase":"measure","routing":"none","rows":4,"sample":15,"unique_experts":0}
M5_PROFILE {"context":"77f31e0300","graph":210,"cb":1,"original_nodes":1,"gpu_start_s":92269.828342625,"gpu_end_s":92269.830491625,"gpu_ms":2.149000,"valid":true,"completed":true,"op_counts":{"MUL_MAT":1}}
M5_OP_CALL {"family":"head","graph":211,"phase":"cache-pressure","rows":4}
M5_PROFILE {"context":"77f31e0300","graph":211,"cb":1,"original_nodes":1,"gpu_start_s":92269.830718875,"gpu_end_s":92269.831686417,"gpu_ms":0.967542,"valid":true,"completed":true,"op_counts":{"SQR":1}}
M5_OP_CALL {"cache":"pressure-128MiB","family":"head","graph":212,"phase":"measure","routing":"none","rows":4,"sample":16,"unique_experts":0}
M5_PROFILE {"context":"77f31e0300","graph":212,"cb":1,"original_nodes":1,"gpu_start_s":92269.831924250,"gpu_end_s":92269.834073875,"gpu_ms":2.149625,"valid":true,"completed":true,"op_counts":{"MUL_MAT":1}}
M5_OP_CALL {"family":"head","graph":213,"phase":"cache-pressure","rows":4}
M5_PROFILE {"context":"77f31e0300","graph":213,"cb":1,"original_nodes":1,"gpu_start_s":92269.834270417,"gpu_end_s":92269.835235417,"gpu_ms":0.965000,"valid":true,"completed":true,"op_counts":{"SQR":1}}
M5_OP_CALL {"cache":"pressure-128MiB","family":"head","graph":214,"phase":"measure","routing":"none","rows":4,"sample":17,"unique_experts":0}
M5_PROFILE {"context":"77f31e0300","graph":214,"cb":1,"original_nodes":1,"gpu_start_s":92269.835476625,"gpu_end_s":92269.837627000,"gpu_ms":2.150375,"valid":true,"completed":true,"op_counts":{"MUL_MAT":1}}
M5_OP_CALL {"family":"head","graph":215,"phase":"cache-pressure","rows":4}
M5_PROFILE {"context":"77f31e0300","graph":215,"cb":1,"original_nodes":1,"gpu_start_s":92269.837832792,"gpu_end_s":92269.838800625,"gpu_ms":0.967833,"valid":true,"completed":true,"op_counts":{"SQR":1}}
M5_OP_CALL {"cache":"pressure-128MiB","family":"head","graph":216,"phase":"measure","routing":"none","rows":4,"sample":18,"unique_experts":0}
M5_PROFILE {"context":"77f31e0300","graph":216,"cb":1,"original_nodes":1,"gpu_start_s":92269.839038625,"gpu_end_s":92269.841190875,"gpu_ms":2.152250,"valid":true,"completed":true,"op_counts":{"MUL_MAT":1}}
M5_OP_CALL {"family":"head","graph":217,"phase":"cache-pressure","rows":4}
M5_PROFILE {"context":"77f31e0300","graph":217,"cb":1,"original_nodes":1,"gpu_start_s":92269.841375750,"gpu_end_s":92269.842341500,"gpu_ms":0.965750,"valid":true,"completed":true,"op_counts":{"SQR":1}}
M5_OP_CALL {"cache":"pressure-128MiB","family":"head","graph":218,"phase":"measure","routing":"none","rows":4,"sample":19,"unique_experts":0}
M5_PROFILE {"context":"77f31e0300","graph":218,"cb":1,"original_nodes":1,"gpu_start_s":92269.842586500,"gpu_end_s":92269.844736750,"gpu_ms":2.150250,"valid":true,"completed":true,"op_counts":{"MUL_MAT":1}}
M5_OP_CALL {"family":"head","graph":219,"phase":"cache-pressure","rows":4}
M5_PROFILE {"context":"77f31e0300","graph":219,"cb":1,"original_nodes":1,"gpu_start_s":92269.844973417,"gpu_end_s":92269.845939167,"gpu_ms":0.965750,"valid":true,"completed":true,"op_counts":{"SQR":1}}
M5_OP_CALL {"cache":"pressure-128MiB","family":"head","graph":220,"phase":"measure","routing":"none","rows":4,"sample":20,"unique_experts":0}
M5_PROFILE {"context":"77f31e0300","graph":220,"cb":1,"original_nodes":1,"gpu_start_s":92269.846175417,"gpu_end_s":92269.848332417,"gpu_ms":2.157000,"valid":true,"completed":true,"op_counts":{"MUL_MAT":1}}
M5_OP_CALL {"family":"head","graph":221,"phase":"cache-pressure","rows":4}
M5_PROFILE {"context":"77f31e0300","graph":221,"cb":1,"original_nodes":1,"gpu_start_s":92269.848564125,"gpu_end_s":92269.849530417,"gpu_ms":0.966292,"valid":true,"completed":true,"op_counts":{"SQR":1}}
M5_OP_CALL {"cache":"pressure-128MiB","family":"head","graph":222,"phase":"measure","routing":"none","rows":4,"sample":21,"unique_experts":0}
M5_PROFILE {"context":"77f31e0300","graph":222,"cb":1,"original_nodes":1,"gpu_start_s":92269.849721917,"gpu_end_s":92269.851879125,"gpu_ms":2.157208,"valid":true,"completed":true,"op_counts":{"MUL_MAT":1}}
M5_OP_CALL {"family":"head","graph":223,"phase":"cache-pressure","rows":4}
M5_PROFILE {"context":"77f31e0300","graph":223,"cb":1,"original_nodes":1,"gpu_start_s":92269.852117625,"gpu_end_s":92269.853086375,"gpu_ms":0.968750,"valid":true,"completed":true,"op_counts":{"SQR":1}}
M5_OP_CALL {"cache":"pressure-128MiB","family":"head","graph":224,"phase":"measure","routing":"none","rows":4,"sample":22,"unique_experts":0}
M5_PROFILE {"context":"77f31e0300","graph":224,"cb":1,"original_nodes":1,"gpu_start_s":92269.853310042,"gpu_end_s":92269.855472875,"gpu_ms":2.162833,"valid":true,"completed":true,"op_counts":{"MUL_MAT":1}}
M5_OP_CALL {"family":"head","graph":225,"phase":"cache-pressure","rows":4}
M5_PROFILE {"context":"77f31e0300","graph":225,"cb":1,"original_nodes":1,"gpu_start_s":92269.855641292,"gpu_end_s":92269.856622750,"gpu_ms":0.981458,"valid":true,"completed":true,"op_counts":{"SQR":1}}
M5_OP_CALL {"cache":"pressure-128MiB","family":"head","graph":226,"phase":"measure","routing":"none","rows":4,"sample":23,"unique_experts":0}
M5_PROFILE {"context":"77f31e0300","graph":226,"cb":1,"original_nodes":1,"gpu_start_s":92269.856792625,"gpu_end_s":92269.858950250,"gpu_ms":2.157625,"valid":true,"completed":true,"op_counts":{"MUL_MAT":1}}
M5_OP_CALL {"family":"head","graph":227,"phase":"cache-pressure","rows":4}
M5_PROFILE {"context":"77f31e0300","graph":227,"cb":1,"original_nodes":1,"gpu_start_s":92269.859241000,"gpu_end_s":92269.860204375,"gpu_ms":0.963375,"valid":true,"completed":true,"op_counts":{"SQR":1}}
M5_OP_CALL {"cache":"pressure-128MiB","family":"head","graph":228,"phase":"measure","routing":"none","rows":4,"sample":24,"unique_experts":0}
M5_PROFILE {"context":"77f31e0300","graph":228,"cb":1,"original_nodes":1,"gpu_start_s":92269.860362375,"gpu_end_s":92269.862519417,"gpu_ms":2.157042,"valid":true,"completed":true,"op_counts":{"MUL_MAT":1}}
M5_OP_CALL {"family":"head","graph":229,"phase":"cache-pressure","rows":4}
M5_PROFILE {"context":"77f31e0300","graph":229,"cb":1,"original_nodes":1,"gpu_start_s":92269.862741417,"gpu_end_s":92269.863722875,"gpu_ms":0.981458,"valid":true,"completed":true,"op_counts":{"SQR":1}}
M5_OP_CALL {"cache":"pressure-128MiB","family":"head","graph":230,"phase":"measure","routing":"none","rows":4,"sample":25,"unique_experts":0}
M5_PROFILE {"context":"77f31e0300","graph":230,"cb":1,"original_nodes":1,"gpu_start_s":92269.863927417,"gpu_end_s":92269.866081792,"gpu_ms":2.154375,"valid":true,"completed":true,"op_counts":{"MUL_MAT":1}}
M5_OP_CALL {"family":"head","graph":231,"phase":"cache-pressure","rows":4}
M5_PROFILE {"context":"77f31e0300","graph":231,"cb":1,"original_nodes":1,"gpu_start_s":92269.866318500,"gpu_end_s":92269.867297917,"gpu_ms":0.979417,"valid":true,"completed":true,"op_counts":{"SQR":1}}
M5_OP_CALL {"cache":"pressure-128MiB","family":"head","graph":232,"phase":"measure","routing":"none","rows":4,"sample":26,"unique_experts":0}
M5_PROFILE {"context":"77f31e0300","graph":232,"cb":1,"original_nodes":1,"gpu_start_s":92269.867482125,"gpu_end_s":92269.869638292,"gpu_ms":2.156167,"valid":true,"completed":true,"op_counts":{"MUL_MAT":1}}
M5_OP_CALL {"family":"head","graph":233,"phase":"cache-pressure","rows":4}
M5_PROFILE {"context":"77f31e0300","graph":233,"cb":1,"original_nodes":1,"gpu_start_s":92269.869815792,"gpu_end_s":92269.870775500,"gpu_ms":0.959708,"valid":true,"completed":true,"op_counts":{"SQR":1}}
M5_OP_CALL {"cache":"pressure-128MiB","family":"head","graph":234,"phase":"measure","routing":"none","rows":4,"sample":27,"unique_experts":0}
M5_PROFILE {"context":"77f31e0300","graph":234,"cb":1,"original_nodes":1,"gpu_start_s":92269.871010542,"gpu_end_s":92269.873166375,"gpu_ms":2.155833,"valid":true,"completed":true,"op_counts":{"MUL_MAT":1}}
M5_OP_CALL {"family":"head","graph":235,"phase":"cache-pressure","rows":4}
M5_PROFILE {"context":"77f31e0300","graph":235,"cb":1,"original_nodes":1,"gpu_start_s":92269.873364750,"gpu_end_s":92269.874327542,"gpu_ms":0.962792,"valid":true,"completed":true,"op_counts":{"SQR":1}}
M5_OP_CALL {"cache":"pressure-128MiB","family":"head","graph":236,"phase":"measure","routing":"none","rows":4,"sample":28,"unique_experts":0}
M5_PROFILE {"context":"77f31e0300","graph":236,"cb":1,"original_nodes":1,"gpu_start_s":92269.874560000,"gpu_end_s":92269.876712250,"gpu_ms":2.152250,"valid":true,"completed":true,"op_counts":{"MUL_MAT":1}}
M5_OP_CALL {"family":"head","graph":237,"phase":"cache-pressure","rows":4}
M5_PROFILE {"context":"77f31e0300","graph":237,"cb":1,"original_nodes":1,"gpu_start_s":92269.876950250,"gpu_end_s":92269.877913250,"gpu_ms":0.963000,"valid":true,"completed":true,"op_counts":{"SQR":1}}
M5_OP_CALL {"cache":"pressure-128MiB","family":"head","graph":238,"phase":"measure","routing":"none","rows":4,"sample":29,"unique_experts":0}
M5_PROFILE {"context":"77f31e0300","graph":238,"cb":1,"original_nodes":1,"gpu_start_s":92269.878092500,"gpu_end_s":92269.880245750,"gpu_ms":2.153250,"valid":true,"completed":true,"op_counts":{"MUL_MAT":1}}
M5_OP_CALL {"family":"head","graph":239,"phase":"cache-pressure","rows":4}
M5_PROFILE {"context":"77f31e0300","graph":239,"cb":1,"original_nodes":1,"gpu_start_s":92269.880470792,"gpu_end_s":92269.881436125,"gpu_ms":0.965333,"valid":true,"completed":true,"op_counts":{"SQR":1}}
M5_OP_CALL {"cache":"pressure-128MiB","family":"head","graph":240,"phase":"measure","routing":"none","rows":4,"sample":30,"unique_experts":0}
M5_PROFILE {"context":"77f31e0300","graph":240,"cb":1,"original_nodes":1,"gpu_start_s":92269.881725167,"gpu_end_s":92269.883879625,"gpu_ms":2.154458,"valid":true,"completed":true,"op_counts":{"MUL_MAT":1}}
M5_OP_CALL {"family":"head","graph":241,"phase":"cache-pressure","rows":4}
M5_PROFILE {"context":"77f31e0300","graph":241,"cb":1,"original_nodes":1,"gpu_start_s":92269.884062250,"gpu_end_s":92269.885027125,"gpu_ms":0.964875,"valid":true,"completed":true,"op_counts":{"SQR":1}}
M5_OP_CALL {"cache":"pressure-128MiB","family":"head","graph":242,"phase":"measure","routing":"none","rows":4,"sample":31,"unique_experts":0}
M5_PROFILE {"context":"77f31e0300","graph":242,"cb":1,"original_nodes":1,"gpu_start_s":92269.885256250,"gpu_end_s":92269.887411875,"gpu_ms":2.155625,"valid":true,"completed":true,"op_counts":{"MUL_MAT":1}}
M5_OP_CALL {"family":"head","graph":243,"phase":"cache-pressure","rows":4}
M5_PROFILE {"context":"77f31e0300","graph":243,"cb":1,"original_nodes":1,"gpu_start_s":92269.887634125,"gpu_end_s":92269.888601542,"gpu_ms":0.967417,"valid":true,"completed":true,"op_counts":{"SQR":1}}
M5_OP_CALL {"cache":"pressure-128MiB","family":"head","graph":244,"phase":"measure","routing":"none","rows":4,"sample":32,"unique_experts":0}
M5_PROFILE {"context":"77f31e0300","graph":244,"cb":1,"original_nodes":1,"gpu_start_s":92269.888838167,"gpu_end_s":92269.890990625,"gpu_ms":2.152458,"valid":true,"completed":true,"op_counts":{"MUL_MAT":1}}
M5_OP_CALL {"family":"head","graph":245,"phase":"cache-pressure","rows":4}
M5_PROFILE {"context":"77f31e0300","graph":245,"cb":1,"original_nodes":1,"gpu_start_s":92269.891137667,"gpu_end_s":92269.892137000,"gpu_ms":0.999333,"valid":true,"completed":true,"op_counts":{"SQR":1}}
M5_OP_CALL {"cache":"pressure-128MiB","family":"head","graph":246,"phase":"measure","routing":"none","rows":4,"sample":33,"unique_experts":0}
M5_PROFILE {"context":"77f31e0300","graph":246,"cb":1,"original_nodes":1,"gpu_start_s":92269.892312250,"gpu_end_s":92269.894475292,"gpu_ms":2.163042,"valid":true,"completed":true,"op_counts":{"MUL_MAT":1}}
M5_OP_CALL {"family":"head","graph":247,"phase":"cache-pressure","rows":4}
M5_PROFILE {"context":"77f31e0300","graph":247,"cb":1,"original_nodes":1,"gpu_start_s":92269.894733167,"gpu_end_s":92269.895696167,"gpu_ms":0.963000,"valid":true,"completed":true,"op_counts":{"SQR":1}}
M5_OP_CALL {"cache":"pressure-128MiB","family":"head","graph":248,"phase":"measure","routing":"none","rows":4,"sample":34,"unique_experts":0}
M5_PROFILE {"context":"77f31e0300","graph":248,"cb":1,"original_nodes":1,"gpu_start_s":92269.895943417,"gpu_end_s":92269.898100167,"gpu_ms":2.156750,"valid":true,"completed":true,"op_counts":{"MUL_MAT":1}}
M5_OP_CALL {"family":"head","graph":249,"phase":"cache-pressure","rows":4}
M5_PROFILE {"context":"77f31e0300","graph":249,"cb":1,"original_nodes":1,"gpu_start_s":92269.898308625,"gpu_end_s":92269.899272292,"gpu_ms":0.963667,"valid":true,"completed":true,"op_counts":{"SQR":1}}
M5_OP_CALL {"cache":"pressure-128MiB","family":"head","graph":250,"phase":"measure","routing":"none","rows":4,"sample":35,"unique_experts":0}
M5_PROFILE {"context":"77f31e0300","graph":250,"cb":1,"original_nodes":1,"gpu_start_s":92269.899501792,"gpu_end_s":92269.901654000,"gpu_ms":2.152208,"valid":true,"completed":true,"op_counts":{"MUL_MAT":1}}
M5_OP_CALL {"family":"head","graph":251,"phase":"cache-pressure","rows":4}
M5_PROFILE {"context":"77f31e0300","graph":251,"cb":1,"original_nodes":1,"gpu_start_s":92269.901832042,"gpu_end_s":92269.902796750,"gpu_ms":0.964708,"valid":true,"completed":true,"op_counts":{"SQR":1}}
M5_OP_CALL {"cache":"pressure-128MiB","family":"head","graph":252,"phase":"measure","routing":"none","rows":4,"sample":36,"unique_experts":0}
M5_PROFILE {"context":"77f31e0300","graph":252,"cb":1,"original_nodes":1,"gpu_start_s":92269.903092125,"gpu_end_s":92269.905248375,"gpu_ms":2.156250,"valid":true,"completed":true,"op_counts":{"MUL_MAT":1}}
M5_OP_CALL {"family":"head","graph":253,"phase":"cache-pressure","rows":4}
M5_PROFILE {"context":"77f31e0300","graph":253,"cb":1,"original_nodes":1,"gpu_start_s":92269.905478792,"gpu_end_s":92269.906444250,"gpu_ms":0.965458,"valid":true,"completed":true,"op_counts":{"SQR":1}}
M5_OP_CALL {"cache":"pressure-128MiB","family":"head","graph":254,"phase":"measure","routing":"none","rows":4,"sample":37,"unique_experts":0}
M5_PROFILE {"context":"77f31e0300","graph":254,"cb":1,"original_nodes":1,"gpu_start_s":92269.906643625,"gpu_end_s":92269.908803750,"gpu_ms":2.160125,"valid":true,"completed":true,"op_counts":{"MUL_MAT":1}}
M5_OP_CALL {"family":"head","graph":255,"phase":"cache-pressure","rows":4}
M5_PROFILE {"context":"77f31e0300","graph":255,"cb":1,"original_nodes":1,"gpu_start_s":92269.908991000,"gpu_end_s":92269.910078792,"gpu_ms":1.087792,"valid":true,"completed":true,"op_counts":{"SQR":1}}
M5_OP_CALL {"cache":"pressure-128MiB","family":"head","graph":256,"phase":"measure","routing":"none","rows":4,"sample":38,"unique_experts":0}
M5_PROFILE {"context":"77f31e0300","graph":256,"cb":1,"original_nodes":1,"gpu_start_s":92269.910278417,"gpu_end_s":92269.912438042,"gpu_ms":2.159625,"valid":true,"completed":true,"op_counts":{"MUL_MAT":1}}
M5_OP_CALL {"family":"head","graph":257,"phase":"cache-pressure","rows":4}
M5_PROFILE {"context":"77f31e0300","graph":257,"cb":1,"original_nodes":1,"gpu_start_s":92269.912637000,"gpu_end_s":92269.913817542,"gpu_ms":1.180542,"valid":true,"completed":true,"op_counts":{"SQR":1}}
M5_OP_CALL {"cache":"pressure-128MiB","family":"head","graph":258,"phase":"measure","routing":"none","rows":4,"sample":39,"unique_experts":0}
M5_PROFILE {"context":"77f31e0300","graph":258,"cb":1,"original_nodes":1,"gpu_start_s":92269.914068000,"gpu_end_s":92269.916220000,"gpu_ms":2.152000,"valid":true,"completed":true,"op_counts":{"MUL_MAT":1}}
M5_OP_CALL {"cache":"unflushed","family":"head","graph":259,"phase":"warmup","routing":"none","rows":3,"sample":-3,"unique_experts":0}
M5_PROFILE {"context":"77f31e0300","graph":259,"cb":1,"original_nodes":1,"gpu_start_s":92269.916380375,"gpu_end_s":92269.918681500,"gpu_ms":2.301125,"valid":true,"completed":true,"op_counts":{"MUL_MAT":1}}
M5_OP_CALL {"cache":"unflushed","family":"head","graph":260,"phase":"warmup","routing":"none","rows":3,"sample":-2,"unique_experts":0}
M5_PROFILE {"context":"77f31e0300","graph":260,"cb":1,"original_nodes":1,"gpu_start_s":92269.919015167,"gpu_end_s":92269.921159542,"gpu_ms":2.144375,"valid":true,"completed":true,"op_counts":{"MUL_MAT":1}}
M5_OP_CALL {"cache":"unflushed","family":"head","graph":261,"phase":"warmup","routing":"none","rows":3,"sample":-1,"unique_experts":0}
M5_PROFILE {"context":"77f31e0300","graph":261,"cb":1,"original_nodes":1,"gpu_start_s":92269.921394542,"gpu_end_s":92269.923732042,"gpu_ms":2.337500,"valid":true,"completed":true,"op_counts":{"MUL_MAT":1}}
M5_OP_CALL {"cache":"unflushed","family":"head","graph":262,"phase":"measure","routing":"none","rows":3,"sample":0,"unique_experts":0}
M5_PROFILE {"context":"77f31e0300","graph":262,"cb":1,"original_nodes":1,"gpu_start_s":92269.923970125,"gpu_end_s":92269.926117625,"gpu_ms":2.147500,"valid":true,"completed":true,"op_counts":{"MUL_MAT":1}}
M5_OP_CALL {"cache":"unflushed","family":"head","graph":263,"phase":"measure","routing":"none","rows":3,"sample":1,"unique_experts":0}
M5_PROFILE {"context":"77f31e0300","graph":263,"cb":1,"original_nodes":1,"gpu_start_s":92269.926308625,"gpu_end_s":92269.928453000,"gpu_ms":2.144375,"valid":true,"completed":true,"op_counts":{"MUL_MAT":1}}
M5_OP_CALL {"cache":"unflushed","family":"head","graph":264,"phase":"measure","routing":"none","rows":3,"sample":2,"unique_experts":0}
M5_PROFILE {"context":"77f31e0300","graph":264,"cb":1,"original_nodes":1,"gpu_start_s":92269.928625000,"gpu_end_s":92269.930774625,"gpu_ms":2.149625,"valid":true,"completed":true,"op_counts":{"MUL_MAT":1}}
M5_OP_CALL {"cache":"unflushed","family":"head","graph":265,"phase":"measure","routing":"none","rows":3,"sample":3,"unique_experts":0}
M5_PROFILE {"context":"77f31e0300","graph":265,"cb":1,"original_nodes":1,"gpu_start_s":92269.931002125,"gpu_end_s":92269.933352000,"gpu_ms":2.349875,"valid":true,"completed":true,"op_counts":{"MUL_MAT":1}}
M5_OP_CALL {"cache":"unflushed","family":"head","graph":266,"phase":"measure","routing":"none","rows":3,"sample":4,"unique_experts":0}
M5_PROFILE {"context":"77f31e0300","graph":266,"cb":1,"original_nodes":1,"gpu_start_s":92269.933584667,"gpu_end_s":92269.935725625,"gpu_ms":2.140958,"valid":true,"completed":true,"op_counts":{"MUL_MAT":1}}
M5_OP_CALL {"cache":"unflushed","family":"head","graph":267,"phase":"measure","routing":"none","rows":3,"sample":5,"unique_experts":0}
M5_PROFILE {"context":"77f31e0300","graph":267,"cb":1,"original_nodes":1,"gpu_start_s":92269.935956000,"gpu_end_s":92269.938105000,"gpu_ms":2.149000,"valid":true,"completed":true,"op_counts":{"MUL_MAT":1}}
M5_OP_CALL {"cache":"unflushed","family":"head","graph":268,"phase":"measure","routing":"none","rows":3,"sample":6,"unique_experts":0}
M5_PROFILE {"context":"77f31e0300","graph":268,"cb":1,"original_nodes":1,"gpu_start_s":92269.938343375,"gpu_end_s":92269.940671500,"gpu_ms":2.328125,"valid":true,"completed":true,"op_counts":{"MUL_MAT":1}}
M5_OP_CALL {"cache":"unflushed","family":"head","graph":269,"phase":"measure","routing":"none","rows":3,"sample":7,"unique_experts":0}
M5_PROFILE {"context":"77f31e0300","graph":269,"cb":1,"original_nodes":1,"gpu_start_s":92269.940827417,"gpu_end_s":92269.942966500,"gpu_ms":2.139083,"valid":true,"completed":true,"op_counts":{"MUL_MAT":1}}
M5_OP_CALL {"cache":"unflushed","family":"head","graph":270,"phase":"measure","routing":"none","rows":3,"sample":8,"unique_experts":0}
M5_PROFILE {"context":"77f31e0300","graph":270,"cb":1,"original_nodes":1,"gpu_start_s":92269.943135000,"gpu_end_s":92269.945286250,"gpu_ms":2.151250,"valid":true,"completed":true,"op_counts":{"MUL_MAT":1}}
M5_OP_CALL {"cache":"unflushed","family":"head","graph":271,"phase":"measure","routing":"none","rows":3,"sample":9,"unique_experts":0}
M5_PROFILE {"context":"77f31e0300","graph":271,"cb":1,"original_nodes":1,"gpu_start_s":92269.945445750,"gpu_end_s":92269.947784417,"gpu_ms":2.338667,"valid":true,"completed":true,"op_counts":{"MUL_MAT":1}}
M5_OP_CALL {"cache":"unflushed","family":"head","graph":272,"phase":"measure","routing":"none","rows":3,"sample":10,"unique_experts":0}
M5_PROFILE {"context":"77f31e0300","graph":272,"cb":1,"original_nodes":1,"gpu_start_s":92269.948002792,"gpu_end_s":92269.950156167,"gpu_ms":2.153375,"valid":true,"completed":true,"op_counts":{"MUL_MAT":1}}
M5_OP_CALL {"cache":"unflushed","family":"head","graph":273,"phase":"measure","routing":"none","rows":3,"sample":11,"unique_experts":0}
M5_PROFILE {"context":"77f31e0300","graph":273,"cb":1,"original_nodes":1,"gpu_start_s":92269.950407667,"gpu_end_s":92269.952549625,"gpu_ms":2.141958,"valid":true,"completed":true,"op_counts":{"MUL_MAT":1}}
M5_OP_CALL {"cache":"unflushed","family":"head","graph":274,"phase":"measure","routing":"none","rows":3,"sample":12,"unique_experts":0}
M5_PROFILE {"context":"77f31e0300","graph":274,"cb":1,"original_nodes":1,"gpu_start_s":92269.952843542,"gpu_end_s":92269.954995042,"gpu_ms":2.151500,"valid":true,"completed":true,"op_counts":{"MUL_MAT":1}}
M5_OP_CALL {"cache":"unflushed","family":"head","graph":275,"phase":"measure","routing":"none","rows":3,"sample":13,"unique_experts":0}
M5_PROFILE {"context":"77f31e0300","graph":275,"cb":1,"original_nodes":1,"gpu_start_s":92269.955229125,"gpu_end_s":92269.957559292,"gpu_ms":2.330167,"valid":true,"completed":true,"op_counts":{"MUL_MAT":1}}
M5_OP_CALL {"cache":"unflushed","family":"head","graph":276,"phase":"measure","routing":"none","rows":3,"sample":14,"unique_experts":0}
M5_PROFILE {"context":"77f31e0300","graph":276,"cb":1,"original_nodes":1,"gpu_start_s":92269.957794125,"gpu_end_s":92269.959935042,"gpu_ms":2.140917,"valid":true,"completed":true,"op_counts":{"MUL_MAT":1}}
M5_OP_CALL {"cache":"unflushed","family":"head","graph":277,"phase":"measure","routing":"none","rows":3,"sample":15,"unique_experts":0}
M5_PROFILE {"context":"77f31e0300","graph":277,"cb":1,"original_nodes":1,"gpu_start_s":92269.960225542,"gpu_end_s":92269.962364875,"gpu_ms":2.139333,"valid":true,"completed":true,"op_counts":{"MUL_MAT":1}}
M5_OP_CALL {"cache":"unflushed","family":"head","graph":278,"phase":"measure","routing":"none","rows":3,"sample":16,"unique_experts":0}
M5_PROFILE {"context":"77f31e0300","graph":278,"cb":1,"original_nodes":1,"gpu_start_s":92269.962599250,"gpu_end_s":92269.964937500,"gpu_ms":2.338250,"valid":true,"completed":true,"op_counts":{"MUL_MAT":1}}
M5_OP_CALL {"cache":"unflushed","family":"head","graph":279,"phase":"measure","routing":"none","rows":3,"sample":17,"unique_experts":0}
M5_PROFILE {"context":"77f31e0300","graph":279,"cb":1,"original_nodes":1,"gpu_start_s":92269.965180375,"gpu_end_s":92269.967323000,"gpu_ms":2.142625,"valid":true,"completed":true,"op_counts":{"MUL_MAT":1}}
M5_OP_CALL {"cache":"unflushed","family":"head","graph":280,"phase":"measure","routing":"none","rows":3,"sample":18,"unique_experts":0}
M5_PROFILE {"context":"77f31e0300","graph":280,"cb":1,"original_nodes":1,"gpu_start_s":92269.967619292,"gpu_end_s":92269.969764125,"gpu_ms":2.144833,"valid":true,"completed":true,"op_counts":{"MUL_MAT":1}}
M5_OP_CALL {"cache":"unflushed","family":"head","graph":281,"phase":"measure","routing":"none","rows":3,"sample":19,"unique_experts":0}
M5_PROFILE {"context":"77f31e0300","graph":281,"cb":1,"original_nodes":1,"gpu_start_s":92269.969979750,"gpu_end_s":92269.972129375,"gpu_ms":2.149625,"valid":true,"completed":true,"op_counts":{"MUL_MAT":1}}
M5_OP_CALL {"cache":"unflushed","family":"head","graph":282,"phase":"measure","routing":"none","rows":3,"sample":20,"unique_experts":0}
M5_PROFILE {"context":"77f31e0300","graph":282,"cb":1,"original_nodes":1,"gpu_start_s":92269.972292375,"gpu_end_s":92269.974615667,"gpu_ms":2.323292,"valid":true,"completed":true,"op_counts":{"MUL_MAT":1}}
M5_OP_CALL {"cache":"unflushed","family":"head","graph":283,"phase":"measure","routing":"none","rows":3,"sample":21,"unique_experts":0}
M5_PROFILE {"context":"77f31e0300","graph":283,"cb":1,"original_nodes":1,"gpu_start_s":92269.974914917,"gpu_end_s":92269.977055917,"gpu_ms":2.141000,"valid":true,"completed":true,"op_counts":{"MUL_MAT":1}}
M5_OP_CALL {"cache":"unflushed","family":"head","graph":284,"phase":"measure","routing":"none","rows":3,"sample":22,"unique_experts":0}
M5_PROFILE {"context":"77f31e0300","graph":284,"cb":1,"original_nodes":1,"gpu_start_s":92269.977292917,"gpu_end_s":92269.979448000,"gpu_ms":2.155083,"valid":true,"completed":true,"op_counts":{"MUL_MAT":1}}
M5_OP_CALL {"cache":"unflushed","family":"head","graph":285,"phase":"measure","routing":"none","rows":3,"sample":23,"unique_experts":0}
M5_PROFILE {"context":"77f31e0300","graph":285,"cb":1,"original_nodes":1,"gpu_start_s":92269.979622875,"gpu_end_s":92269.981972250,"gpu_ms":2.349375,"valid":true,"completed":true,"op_counts":{"MUL_MAT":1}}
M5_OP_CALL {"cache":"unflushed","family":"head","graph":286,"phase":"measure","routing":"none","rows":3,"sample":24,"unique_experts":0}
M5_PROFILE {"context":"77f31e0300","graph":286,"cb":1,"original_nodes":1,"gpu_start_s":92269.982153292,"gpu_end_s":92269.984317667,"gpu_ms":2.164375,"valid":true,"completed":true,"op_counts":{"MUL_MAT":1}}
M5_OP_CALL {"cache":"unflushed","family":"head","graph":287,"phase":"measure","routing":"none","rows":3,"sample":25,"unique_experts":0}
M5_PROFILE {"context":"77f31e0300","graph":287,"cb":1,"original_nodes":1,"gpu_start_s":92269.984540250,"gpu_end_s":92269.986682750,"gpu_ms":2.142500,"valid":true,"completed":true,"op_counts":{"MUL_MAT":1}}
M5_OP_CALL {"cache":"unflushed","family":"head","graph":288,"phase":"measure","routing":"none","rows":3,"sample":26,"unique_experts":0}
M5_PROFILE {"context":"77f31e0300","graph":288,"cb":1,"original_nodes":1,"gpu_start_s":92269.986912042,"gpu_end_s":92269.989252542,"gpu_ms":2.340500,"valid":true,"completed":true,"op_counts":{"MUL_MAT":1}}
M5_OP_CALL {"cache":"unflushed","family":"head","graph":289,"phase":"measure","routing":"none","rows":3,"sample":27,"unique_experts":0}
M5_PROFILE {"context":"77f31e0300","graph":289,"cb":1,"original_nodes":1,"gpu_start_s":92269.989468917,"gpu_end_s":92269.991611250,"gpu_ms":2.142333,"valid":true,"completed":true,"op_counts":{"MUL_MAT":1}}
M5_OP_CALL {"cache":"unflushed","family":"head","graph":290,"phase":"measure","routing":"none","rows":3,"sample":28,"unique_experts":0}
M5_PROFILE {"context":"77f31e0300","graph":290,"cb":1,"original_nodes":1,"gpu_start_s":92269.991802042,"gpu_end_s":92269.993945667,"gpu_ms":2.143625,"valid":true,"completed":true,"op_counts":{"MUL_MAT":1}}
M5_OP_CALL {"cache":"unflushed","family":"head","graph":291,"phase":"measure","routing":"none","rows":3,"sample":29,"unique_experts":0}
M5_PROFILE {"context":"77f31e0300","graph":291,"cb":1,"original_nodes":1,"gpu_start_s":92269.994242125,"gpu_end_s":92269.996399667,"gpu_ms":2.157542,"valid":true,"completed":true,"op_counts":{"MUL_MAT":1}}
M5_OP_CALL {"cache":"unflushed","family":"head","graph":292,"phase":"measure","routing":"none","rows":3,"sample":30,"unique_experts":0}
M5_PROFILE {"context":"77f31e0300","graph":292,"cb":1,"original_nodes":1,"gpu_start_s":92269.996635250,"gpu_end_s":92269.998962792,"gpu_ms":2.327542,"valid":true,"completed":true,"op_counts":{"MUL_MAT":1}}
M5_OP_CALL {"cache":"unflushed","family":"head","graph":293,"phase":"measure","routing":"none","rows":3,"sample":31,"unique_experts":0}
M5_PROFILE {"context":"77f31e0300","graph":293,"cb":1,"original_nodes":1,"gpu_start_s":92269.999194042,"gpu_end_s":92270.001342375,"gpu_ms":2.148333,"valid":true,"completed":true,"op_counts":{"MUL_MAT":1}}
M5_OP_CALL {"cache":"unflushed","family":"head","graph":294,"phase":"measure","routing":"none","rows":3,"sample":32,"unique_experts":0}
M5_PROFILE {"context":"77f31e0300","graph":294,"cb":1,"original_nodes":1,"gpu_start_s":92270.001516125,"gpu_end_s":92270.003660667,"gpu_ms":2.144542,"valid":true,"completed":true,"op_counts":{"MUL_MAT":1}}
M5_OP_CALL {"cache":"unflushed","family":"head","graph":295,"phase":"measure","routing":"none","rows":3,"sample":33,"unique_experts":0}
M5_PROFILE {"context":"77f31e0300","graph":295,"cb":1,"original_nodes":1,"gpu_start_s":92270.003810917,"gpu_end_s":92270.006152167,"gpu_ms":2.341250,"valid":true,"completed":true,"op_counts":{"MUL_MAT":1}}
M5_OP_CALL {"cache":"unflushed","family":"head","graph":296,"phase":"measure","routing":"none","rows":3,"sample":34,"unique_experts":0}
M5_PROFILE {"context":"77f31e0300","graph":296,"cb":1,"original_nodes":1,"gpu_start_s":92270.006372250,"gpu_end_s":92270.008519500,"gpu_ms":2.147250,"valid":true,"completed":true,"op_counts":{"MUL_MAT":1}}
M5_OP_CALL {"cache":"unflushed","family":"head","graph":297,"phase":"measure","routing":"none","rows":3,"sample":35,"unique_experts":0}
M5_PROFILE {"context":"77f31e0300","graph":297,"cb":1,"original_nodes":1,"gpu_start_s":92270.008768042,"gpu_end_s":92270.010912625,"gpu_ms":2.144583,"valid":true,"completed":true,"op_counts":{"MUL_MAT":1}}
M5_OP_CALL {"cache":"unflushed","family":"head","graph":298,"phase":"measure","routing":"none","rows":3,"sample":36,"unique_experts":0}
M5_PROFILE {"context":"77f31e0300","graph":298,"cb":1,"original_nodes":1,"gpu_start_s":92270.011073250,"gpu_end_s":92270.013218542,"gpu_ms":2.145292,"valid":true,"completed":true,"op_counts":{"MUL_MAT":1}}
M5_OP_CALL {"cache":"unflushed","family":"head","graph":299,"phase":"measure","routing":"none","rows":3,"sample":37,"unique_experts":0}
M5_PROFILE {"context":"77f31e0300","graph":299,"cb":1,"original_nodes":1,"gpu_start_s":92270.013456667,"gpu_end_s":92270.015775125,"gpu_ms":2.318458,"valid":true,"completed":true,"op_counts":{"MUL_MAT":1}}
M5_OP_CALL {"cache":"unflushed","family":"head","graph":300,"phase":"measure","routing":"none","rows":3,"sample":38,"unique_experts":0}
M5_PROFILE {"context":"77f31e0300","graph":300,"cb":1,"original_nodes":1,"gpu_start_s":92270.016018000,"gpu_end_s":92270.018155542,"gpu_ms":2.137542,"valid":true,"completed":true,"op_counts":{"MUL_MAT":1}}
M5_OP_CALL {"cache":"unflushed","family":"head","graph":301,"phase":"measure","routing":"none","rows":3,"sample":39,"unique_experts":0}
M5_PROFILE {"context":"77f31e0300","graph":301,"cb":1,"original_nodes":1,"gpu_start_s":92270.018428250,"gpu_end_s":92270.020574750,"gpu_ms":2.146500,"valid":true,"completed":true,"op_counts":{"MUL_MAT":1}}
M5_OP_CALL {"family":"head","graph":302,"phase":"cache-pressure","rows":3}
M5_PROFILE {"context":"77f31e0300","graph":302,"cb":1,"original_nodes":1,"gpu_start_s":92270.020801667,"gpu_end_s":92270.021782042,"gpu_ms":0.980375,"valid":true,"completed":true,"op_counts":{"SQR":1}}
M5_OP_CALL {"cache":"pressure-128MiB","family":"head","graph":303,"phase":"warmup","routing":"none","rows":3,"sample":-3,"unique_experts":0}
M5_PROFILE {"context":"77f31e0300","graph":303,"cb":1,"original_nodes":1,"gpu_start_s":92270.021989250,"gpu_end_s":92270.024315500,"gpu_ms":2.326250,"valid":true,"completed":true,"op_counts":{"MUL_MAT":1}}
M5_OP_CALL {"family":"head","graph":304,"phase":"cache-pressure","rows":3}
M5_PROFILE {"context":"77f31e0300","graph":304,"cb":1,"original_nodes":1,"gpu_start_s":92270.024553125,"gpu_end_s":92270.025526375,"gpu_ms":0.973250,"valid":true,"completed":true,"op_counts":{"SQR":1}}
M5_OP_CALL {"cache":"pressure-128MiB","family":"head","graph":305,"phase":"warmup","routing":"none","rows":3,"sample":-2,"unique_experts":0}
M5_PROFILE {"context":"77f31e0300","graph":305,"cb":1,"original_nodes":1,"gpu_start_s":92270.025720000,"gpu_end_s":92270.027869292,"gpu_ms":2.149292,"valid":true,"completed":true,"op_counts":{"MUL_MAT":1}}
M5_OP_CALL {"family":"head","graph":306,"phase":"cache-pressure","rows":3}
M5_PROFILE {"context":"77f31e0300","graph":306,"cb":1,"original_nodes":1,"gpu_start_s":92270.028127042,"gpu_end_s":92270.029096875,"gpu_ms":0.969833,"valid":true,"completed":true,"op_counts":{"SQR":1}}
M5_OP_CALL {"cache":"pressure-128MiB","family":"head","graph":307,"phase":"warmup","routing":"none","rows":3,"sample":-1,"unique_experts":0}
M5_PROFILE {"context":"77f31e0300","graph":307,"cb":1,"original_nodes":1,"gpu_start_s":92270.029330625,"gpu_end_s":92270.031670500,"gpu_ms":2.339875,"valid":true,"completed":true,"op_counts":{"MUL_MAT":1}}
M5_OP_CALL {"family":"head","graph":308,"phase":"cache-pressure","rows":3}
M5_PROFILE {"context":"77f31e0300","graph":308,"cb":1,"original_nodes":1,"gpu_start_s":92270.031901875,"gpu_end_s":92270.032868500,"gpu_ms":0.966625,"valid":true,"completed":true,"op_counts":{"SQR":1}}
M5_OP_CALL {"cache":"pressure-128MiB","family":"head","graph":309,"phase":"measure","routing":"none","rows":3,"sample":0,"unique_experts":0}
M5_PROFILE {"context":"77f31e0300","graph":309,"cb":1,"original_nodes":1,"gpu_start_s":92270.033170125,"gpu_end_s":92270.035316250,"gpu_ms":2.146125,"valid":true,"completed":true,"op_counts":{"MUL_MAT":1}}
M5_OP_CALL {"family":"head","graph":310,"phase":"cache-pressure","rows":3}
M5_PROFILE {"context":"77f31e0300","graph":310,"cb":1,"original_nodes":1,"gpu_start_s":92270.035556125,"gpu_end_s":92270.036527167,"gpu_ms":0.971042,"valid":true,"completed":true,"op_counts":{"SQR":1}}
M5_OP_CALL {"cache":"pressure-128MiB","family":"head","graph":311,"phase":"measure","routing":"none","rows":3,"sample":1,"unique_experts":0}
M5_PROFILE {"context":"77f31e0300","graph":311,"cb":1,"original_nodes":1,"gpu_start_s":92270.036764125,"gpu_end_s":92270.038917917,"gpu_ms":2.153792,"valid":true,"completed":true,"op_counts":{"MUL_MAT":1}}
M5_OP_CALL {"family":"head","graph":312,"phase":"cache-pressure","rows":3}
M5_PROFILE {"context":"77f31e0300","graph":312,"cb":1,"original_nodes":1,"gpu_start_s":92270.039121292,"gpu_end_s":92270.040144250,"gpu_ms":1.022958,"valid":true,"completed":true,"op_counts":{"SQR":1}}
M5_OP_CALL {"cache":"pressure-128MiB","family":"head","graph":313,"phase":"measure","routing":"none","rows":3,"sample":2,"unique_experts":0}
M5_PROFILE {"context":"77f31e0300","graph":313,"cb":1,"original_nodes":1,"gpu_start_s":92270.040386917,"gpu_end_s":92270.042536250,"gpu_ms":2.149333,"valid":true,"completed":true,"op_counts":{"MUL_MAT":1}}
M5_OP_CALL {"family":"head","graph":314,"phase":"cache-pressure","rows":3}
M5_PROFILE {"context":"77f31e0300","graph":314,"cb":1,"original_nodes":1,"gpu_start_s":92270.042815750,"gpu_end_s":92270.043779167,"gpu_ms":0.963417,"valid":true,"completed":true,"op_counts":{"SQR":1}}
M5_OP_CALL {"cache":"pressure-128MiB","family":"head","graph":315,"phase":"measure","routing":"none","rows":3,"sample":3,"unique_experts":0}
M5_PROFILE {"context":"77f31e0300","graph":315,"cb":1,"original_nodes":1,"gpu_start_s":92270.043954625,"gpu_end_s":92270.046103542,"gpu_ms":2.148917,"valid":true,"completed":true,"op_counts":{"MUL_MAT":1}}
M5_OP_CALL {"family":"head","graph":316,"phase":"cache-pressure","rows":3}
M5_PROFILE {"context":"77f31e0300","graph":316,"cb":1,"original_nodes":1,"gpu_start_s":92270.046330792,"gpu_end_s":92270.047310167,"gpu_ms":0.979375,"valid":true,"completed":true,"op_counts":{"SQR":1}}
M5_OP_CALL {"cache":"pressure-128MiB","family":"head","graph":317,"phase":"measure","routing":"none","rows":3,"sample":4,"unique_experts":0}
M5_PROFILE {"context":"77f31e0300","graph":317,"cb":1,"original_nodes":1,"gpu_start_s":92270.047536500,"gpu_end_s":92270.049879667,"gpu_ms":2.343167,"valid":true,"completed":true,"op_counts":{"MUL_MAT":1}}
M5_OP_CALL {"family":"head","graph":318,"phase":"cache-pressure","rows":3}
M5_PROFILE {"context":"77f31e0300","graph":318,"cb":1,"original_nodes":1,"gpu_start_s":92270.050096292,"gpu_end_s":92270.051091750,"gpu_ms":0.995458,"valid":true,"completed":true,"op_counts":{"SQR":1}}
M5_OP_CALL {"cache":"pressure-128MiB","family":"head","graph":319,"phase":"measure","routing":"none","rows":3,"sample":5,"unique_experts":0}
M5_PROFILE {"context":"77f31e0300","graph":319,"cb":1,"original_nodes":1,"gpu_start_s":92270.051272125,"gpu_end_s":92270.053434125,"gpu_ms":2.162000,"valid":true,"completed":true,"op_counts":{"MUL_MAT":1}}
M5_OP_CALL {"family":"head","graph":320,"phase":"cache-pressure","rows":3}
M5_PROFILE {"context":"77f31e0300","graph":320,"cb":1,"original_nodes":1,"gpu_start_s":92270.053615500,"gpu_end_s":92270.054596875,"gpu_ms":0.981375,"valid":true,"completed":true,"op_counts":{"SQR":1}}
M5_OP_CALL {"cache":"pressure-128MiB","family":"head","graph":321,"phase":"measure","routing":"none","rows":3,"sample":6,"unique_experts":0}
M5_PROFILE {"context":"77f31e0300","graph":321,"cb":1,"original_nodes":1,"gpu_start_s":92270.054818500,"gpu_end_s":92270.057165875,"gpu_ms":2.347375,"valid":true,"completed":true,"op_counts":{"MUL_MAT":1}}
M5_OP_CALL {"family":"head","graph":322,"phase":"cache-pressure","rows":3}
M5_PROFILE {"context":"77f31e0300","graph":322,"cb":1,"original_nodes":1,"gpu_start_s":92270.057466625,"gpu_end_s":92270.058448875,"gpu_ms":0.982250,"valid":true,"completed":true,"op_counts":{"SQR":1}}
M5_OP_CALL {"cache":"pressure-128MiB","family":"head","graph":323,"phase":"measure","routing":"none","rows":3,"sample":7,"unique_experts":0}
M5_PROFILE {"context":"77f31e0300","graph":323,"cb":1,"original_nodes":1,"gpu_start_s":92270.058619750,"gpu_end_s":92270.060771417,"gpu_ms":2.151667,"valid":true,"completed":true,"op_counts":{"MUL_MAT":1}}
M5_OP_CALL {"family":"head","graph":324,"phase":"cache-pressure","rows":3}
M5_PROFILE {"context":"77f31e0300","graph":324,"cb":1,"original_nodes":1,"gpu_start_s":92270.061075750,"gpu_end_s":92270.062048125,"gpu_ms":0.972375,"valid":true,"completed":true,"op_counts":{"SQR":1}}
M5_OP_CALL {"cache":"pressure-128MiB","family":"head","graph":325,"phase":"measure","routing":"none","rows":3,"sample":8,"unique_experts":0}
M5_PROFILE {"context":"77f31e0300","graph":325,"cb":1,"original_nodes":1,"gpu_start_s":92270.062226500,"gpu_end_s":92270.064584875,"gpu_ms":2.358375,"valid":true,"completed":true,"op_counts":{"MUL_MAT":1}}
M5_OP_CALL {"family":"head","graph":326,"phase":"cache-pressure","rows":3}
M5_PROFILE {"context":"77f31e0300","graph":326,"cb":1,"original_nodes":1,"gpu_start_s":92270.064821500,"gpu_end_s":92270.065787667,"gpu_ms":0.966167,"valid":true,"completed":true,"op_counts":{"SQR":1}}
M5_OP_CALL {"cache":"pressure-128MiB","family":"head","graph":327,"phase":"measure","routing":"none","rows":3,"sample":9,"unique_experts":0}
M5_PROFILE {"context":"77f31e0300","graph":327,"cb":1,"original_nodes":1,"gpu_start_s":92270.066042750,"gpu_end_s":92270.068189250,"gpu_ms":2.146500,"valid":true,"completed":true,"op_counts":{"MUL_MAT":1}}
M5_OP_CALL {"family":"head","graph":328,"phase":"cache-pressure","rows":3}
M5_PROFILE {"context":"77f31e0300","graph":328,"cb":1,"original_nodes":1,"gpu_start_s":92270.068426500,"gpu_end_s":92270.069392875,"gpu_ms":0.966375,"valid":true,"completed":true,"op_counts":{"SQR":1}}
M5_OP_CALL {"cache":"pressure-128MiB","family":"head","graph":329,"phase":"measure","routing":"none","rows":3,"sample":10,"unique_experts":0}
M5_PROFILE {"context":"77f31e0300","graph":329,"cb":1,"original_nodes":1,"gpu_start_s":92270.069626667,"gpu_end_s":92270.071782500,"gpu_ms":2.155833,"valid":true,"completed":true,"op_counts":{"MUL_MAT":1}}
M5_OP_CALL {"family":"head","graph":330,"phase":"cache-pressure","rows":3}
M5_PROFILE {"context":"77f31e0300","graph":330,"cb":1,"original_nodes":1,"gpu_start_s":92270.072002625,"gpu_end_s":92270.073155250,"gpu_ms":1.152625,"valid":true,"completed":true,"op_counts":{"SQR":1}}
M5_OP_CALL {"cache":"pressure-128MiB","family":"head","graph":331,"phase":"measure","routing":"none","rows":3,"sample":11,"unique_experts":0}
M5_PROFILE {"context":"77f31e0300","graph":331,"cb":1,"original_nodes":1,"gpu_start_s":92270.073398375,"gpu_end_s":92270.075555542,"gpu_ms":2.157167,"valid":true,"completed":true,"op_counts":{"MUL_MAT":1}}
M5_OP_CALL {"family":"head","graph":332,"phase":"cache-pressure","rows":3}
M5_PROFILE {"context":"77f31e0300","graph":332,"cb":1,"original_nodes":1,"gpu_start_s":92270.075725375,"gpu_end_s":92270.076691917,"gpu_ms":0.966542,"valid":true,"completed":true,"op_counts":{"SQR":1}}
M5_OP_CALL {"cache":"pressure-128MiB","family":"head","graph":333,"phase":"measure","routing":"none","rows":3,"sample":12,"unique_experts":0}
M5_PROFILE {"context":"77f31e0300","graph":333,"cb":1,"original_nodes":1,"gpu_start_s":92270.076929250,"gpu_end_s":92270.079077625,"gpu_ms":2.148375,"valid":true,"completed":true,"op_counts":{"MUL_MAT":1}}
M5_OP_CALL {"family":"head","graph":334,"phase":"cache-pressure","rows":3}
M5_PROFILE {"context":"77f31e0300","graph":334,"cb":1,"original_nodes":1,"gpu_start_s":92270.079288000,"gpu_end_s":92270.080266375,"gpu_ms":0.978375,"valid":true,"completed":true,"op_counts":{"SQR":1}}
M5_OP_CALL {"cache":"pressure-128MiB","family":"head","graph":335,"phase":"measure","routing":"none","rows":3,"sample":13,"unique_experts":0}
M5_PROFILE {"context":"77f31e0300","graph":335,"cb":1,"original_nodes":1,"gpu_start_s":92270.080502542,"gpu_end_s":92270.082826667,"gpu_ms":2.324125,"valid":true,"completed":true,"op_counts":{"MUL_MAT":1}}
M5_OP_CALL {"family":"head","graph":336,"phase":"cache-pressure","rows":3}
M5_PROFILE {"context":"77f31e0300","graph":336,"cb":1,"original_nodes":1,"gpu_start_s":92270.083052000,"gpu_end_s":92270.084026375,"gpu_ms":0.974375,"valid":true,"completed":true,"op_counts":{"SQR":1}}
M5_OP_CALL {"cache":"pressure-128MiB","family":"head","graph":337,"phase":"measure","routing":"none","rows":3,"sample":14,"unique_experts":0}
M5_PROFILE {"context":"77f31e0300","graph":337,"cb":1,"original_nodes":1,"gpu_start_s":92270.084267250,"gpu_end_s":92270.086421375,"gpu_ms":2.154125,"valid":true,"completed":true,"op_counts":{"MUL_MAT":1}}
M5_OP_CALL {"family":"head","graph":338,"phase":"cache-pressure","rows":3}
M5_PROFILE {"context":"77f31e0300","graph":338,"cb":1,"original_nodes":1,"gpu_start_s":92270.086645500,"gpu_end_s":92270.087617417,"gpu_ms":0.971917,"valid":true,"completed":true,"op_counts":{"SQR":1}}
M5_OP_CALL {"cache":"pressure-128MiB","family":"head","graph":339,"phase":"measure","routing":"none","rows":3,"sample":15,"unique_experts":0}
M5_PROFILE {"context":"77f31e0300","graph":339,"cb":1,"original_nodes":1,"gpu_start_s":92270.087881875,"gpu_end_s":92270.090214500,"gpu_ms":2.332625,"valid":true,"completed":true,"op_counts":{"MUL_MAT":1}}
M5_OP_CALL {"family":"head","graph":340,"phase":"cache-pressure","rows":3}
M5_PROFILE {"context":"77f31e0300","graph":340,"cb":1,"original_nodes":1,"gpu_start_s":92270.090446417,"gpu_end_s":92270.091411917,"gpu_ms":0.965500,"valid":true,"completed":true,"op_counts":{"SQR":1}}
M5_OP_CALL {"cache":"pressure-128MiB","family":"head","graph":341,"phase":"measure","routing":"none","rows":3,"sample":16,"unique_experts":0}
M5_PROFILE {"context":"77f31e0300","graph":341,"cb":1,"original_nodes":1,"gpu_start_s":92270.091599500,"gpu_end_s":92270.093746167,"gpu_ms":2.146667,"valid":true,"completed":true,"op_counts":{"MUL_MAT":1}}
M5_OP_CALL {"family":"head","graph":342,"phase":"cache-pressure","rows":3}
M5_PROFILE {"context":"77f31e0300","graph":342,"cb":1,"original_nodes":1,"gpu_start_s":92270.094036875,"gpu_end_s":92270.095006375,"gpu_ms":0.969500,"valid":true,"completed":true,"op_counts":{"SQR":1}}
M5_OP_CALL {"cache":"pressure-128MiB","family":"head","graph":343,"phase":"measure","routing":"none","rows":3,"sample":17,"unique_experts":0}
M5_PROFILE {"context":"77f31e0300","graph":343,"cb":1,"original_nodes":1,"gpu_start_s":92270.095241875,"gpu_end_s":92270.097577125,"gpu_ms":2.335250,"valid":true,"completed":true,"op_counts":{"MUL_MAT":1}}
M5_OP_CALL {"family":"head","graph":344,"phase":"cache-pressure","rows":3}
M5_PROFILE {"context":"77f31e0300","graph":344,"cb":1,"original_nodes":1,"gpu_start_s":92270.097769500,"gpu_end_s":92270.098742167,"gpu_ms":0.972667,"valid":true,"completed":true,"op_counts":{"SQR":1}}
M5_OP_CALL {"cache":"pressure-128MiB","family":"head","graph":345,"phase":"measure","routing":"none","rows":3,"sample":18,"unique_experts":0}
M5_PROFILE {"context":"77f31e0300","graph":345,"cb":1,"original_nodes":1,"gpu_start_s":92270.098981125,"gpu_end_s":92270.101126625,"gpu_ms":2.145500,"valid":true,"completed":true,"op_counts":{"MUL_MAT":1}}
M5_OP_CALL {"family":"head","graph":346,"phase":"cache-pressure","rows":3}
M5_PROFILE {"context":"77f31e0300","graph":346,"cb":1,"original_nodes":1,"gpu_start_s":92270.101308125,"gpu_end_s":92270.102273875,"gpu_ms":0.965750,"valid":true,"completed":true,"op_counts":{"SQR":1}}
M5_OP_CALL {"cache":"pressure-128MiB","family":"head","graph":347,"phase":"measure","routing":"none","rows":3,"sample":19,"unique_experts":0}
M5_PROFILE {"context":"77f31e0300","graph":347,"cb":1,"original_nodes":1,"gpu_start_s":92270.102509625,"gpu_end_s":92270.104661167,"gpu_ms":2.151542,"valid":true,"completed":true,"op_counts":{"MUL_MAT":1}}
M5_OP_CALL {"family":"head","graph":348,"phase":"cache-pressure","rows":3}
M5_PROFILE {"context":"77f31e0300","graph":348,"cb":1,"original_nodes":1,"gpu_start_s":92270.104899542,"gpu_end_s":92270.106050500,"gpu_ms":1.150958,"valid":true,"completed":true,"op_counts":{"SQR":1}}
M5_OP_CALL {"cache":"pressure-128MiB","family":"head","graph":349,"phase":"measure","routing":"none","rows":3,"sample":20,"unique_experts":0}
M5_PROFILE {"context":"77f31e0300","graph":349,"cb":1,"original_nodes":1,"gpu_start_s":92270.106309750,"gpu_end_s":92270.108458250,"gpu_ms":2.148500,"valid":true,"completed":true,"op_counts":{"MUL_MAT":1}}
M5_OP_CALL {"family":"head","graph":350,"phase":"cache-pressure","rows":3}
M5_PROFILE {"context":"77f31e0300","graph":350,"cb":1,"original_nodes":1,"gpu_start_s":92270.108721917,"gpu_end_s":92270.109686750,"gpu_ms":0.964833,"valid":true,"completed":true,"op_counts":{"SQR":1}}
M5_OP_CALL {"cache":"pressure-128MiB","family":"head","graph":351,"phase":"measure","routing":"none","rows":3,"sample":21,"unique_experts":0}
M5_PROFILE {"context":"77f31e0300","graph":351,"cb":1,"original_nodes":1,"gpu_start_s":92270.109874875,"gpu_end_s":92270.112017375,"gpu_ms":2.142500,"valid":true,"completed":true,"op_counts":{"MUL_MAT":1}}
M5_OP_CALL {"family":"head","graph":352,"phase":"cache-pressure","rows":3}
M5_PROFILE {"context":"77f31e0300","graph":352,"cb":1,"original_nodes":1,"gpu_start_s":92270.112240000,"gpu_end_s":92270.113217875,"gpu_ms":0.977875,"valid":true,"completed":true,"op_counts":{"SQR":1}}
M5_OP_CALL {"cache":"pressure-128MiB","family":"head","graph":353,"phase":"measure","routing":"none","rows":3,"sample":22,"unique_experts":0}
M5_PROFILE {"context":"77f31e0300","graph":353,"cb":1,"original_nodes":1,"gpu_start_s":92270.113435500,"gpu_end_s":92270.115767625,"gpu_ms":2.332125,"valid":true,"completed":true,"op_counts":{"MUL_MAT":1}}
M5_OP_CALL {"family":"head","graph":354,"phase":"cache-pressure","rows":3}
M5_PROFILE {"context":"77f31e0300","graph":354,"cb":1,"original_nodes":1,"gpu_start_s":92270.115943750,"gpu_end_s":92270.116915375,"gpu_ms":0.971625,"valid":true,"completed":true,"op_counts":{"SQR":1}}
M5_OP_CALL {"cache":"pressure-128MiB","family":"head","graph":355,"phase":"measure","routing":"none","rows":3,"sample":23,"unique_experts":0}
M5_PROFILE {"context":"77f31e0300","graph":355,"cb":1,"original_nodes":1,"gpu_start_s":92270.117160125,"gpu_end_s":92270.119312125,"gpu_ms":2.152000,"valid":true,"completed":true,"op_counts":{"MUL_MAT":1}}
M5_OP_CALL {"family":"head","graph":356,"phase":"cache-pressure","rows":3}
M5_PROFILE {"context":"77f31e0300","graph":356,"cb":1,"original_nodes":1,"gpu_start_s":92270.119591417,"gpu_end_s":92270.120565417,"gpu_ms":0.974000,"valid":true,"completed":true,"op_counts":{"SQR":1}}
M5_OP_CALL {"cache":"pressure-128MiB","family":"head","graph":357,"phase":"measure","routing":"none","rows":3,"sample":24,"unique_experts":0}
M5_PROFILE {"context":"77f31e0300","graph":357,"cb":1,"original_nodes":1,"gpu_start_s":92270.120742250,"gpu_end_s":92270.123077625,"gpu_ms":2.335375,"valid":true,"completed":true,"op_counts":{"MUL_MAT":1}}
M5_OP_CALL {"family":"head","graph":358,"phase":"cache-pressure","rows":3}
M5_PROFILE {"context":"77f31e0300","graph":358,"cb":1,"original_nodes":1,"gpu_start_s":92270.123325750,"gpu_end_s":92270.124291750,"gpu_ms":0.966000,"valid":true,"completed":true,"op_counts":{"SQR":1}}
M5_OP_CALL {"cache":"pressure-128MiB","family":"head","graph":359,"phase":"measure","routing":"none","rows":3,"sample":25,"unique_experts":0}
M5_PROFILE {"context":"77f31e0300","graph":359,"cb":1,"original_nodes":1,"gpu_start_s":92270.124528042,"gpu_end_s":92270.126674250,"gpu_ms":2.146208,"valid":true,"completed":true,"op_counts":{"MUL_MAT":1}}
M5_OP_CALL {"family":"head","graph":360,"phase":"cache-pressure","rows":3}
M5_PROFILE {"context":"77f31e0300","graph":360,"cb":1,"original_nodes":1,"gpu_start_s":92270.126901500,"gpu_end_s":92270.127866375,"gpu_ms":0.964875,"valid":true,"completed":true,"op_counts":{"SQR":1}}
M5_OP_CALL {"cache":"pressure-128MiB","family":"head","graph":361,"phase":"measure","routing":"none","rows":3,"sample":26,"unique_experts":0}
M5_PROFILE {"context":"77f31e0300","graph":361,"cb":1,"original_nodes":1,"gpu_start_s":92270.128090875,"gpu_end_s":92270.130244167,"gpu_ms":2.153292,"valid":true,"completed":true,"op_counts":{"MUL_MAT":1}}
M5_OP_CALL {"family":"head","graph":362,"phase":"cache-pressure","rows":3}
M5_PROFILE {"context":"77f31e0300","graph":362,"cb":1,"original_nodes":1,"gpu_start_s":92270.130465792,"gpu_end_s":92270.131617375,"gpu_ms":1.151583,"valid":true,"completed":true,"op_counts":{"SQR":1}}
M5_OP_CALL {"cache":"pressure-128MiB","family":"head","graph":363,"phase":"measure","routing":"none","rows":3,"sample":27,"unique_experts":0}
M5_PROFILE {"context":"77f31e0300","graph":363,"cb":1,"original_nodes":1,"gpu_start_s":92270.131848125,"gpu_end_s":92270.134005417,"gpu_ms":2.157292,"valid":true,"completed":true,"op_counts":{"MUL_MAT":1}}
M5_OP_CALL {"family":"head","graph":364,"phase":"cache-pressure","rows":3}
M5_PROFILE {"context":"77f31e0300","graph":364,"cb":1,"original_nodes":1,"gpu_start_s":92270.134246750,"gpu_end_s":92270.135213625,"gpu_ms":0.966875,"valid":true,"completed":true,"op_counts":{"SQR":1}}
M5_OP_CALL {"cache":"pressure-128MiB","family":"head","graph":365,"phase":"measure","routing":"none","rows":3,"sample":28,"unique_experts":0}
M5_PROFILE {"context":"77f31e0300","graph":365,"cb":1,"original_nodes":1,"gpu_start_s":92270.135406000,"gpu_end_s":92270.137557167,"gpu_ms":2.151167,"valid":true,"completed":true,"op_counts":{"MUL_MAT":1}}
M5_OP_CALL {"family":"head","graph":366,"phase":"cache-pressure","rows":3}
M5_PROFILE {"context":"77f31e0300","graph":366,"cb":1,"original_nodes":1,"gpu_start_s":92270.137787000,"gpu_end_s":92270.138766917,"gpu_ms":0.979917,"valid":true,"completed":true,"op_counts":{"SQR":1}}
M5_OP_CALL {"cache":"pressure-128MiB","family":"head","graph":367,"phase":"measure","routing":"none","rows":3,"sample":29,"unique_experts":0}
M5_PROFILE {"context":"77f31e0300","graph":367,"cb":1,"original_nodes":1,"gpu_start_s":92270.138952750,"gpu_end_s":92270.141278125,"gpu_ms":2.325375,"valid":true,"completed":true,"op_counts":{"MUL_MAT":1}}
M5_OP_CALL {"family":"head","graph":368,"phase":"cache-pressure","rows":3}
M5_PROFILE {"context":"77f31e0300","graph":368,"cb":1,"original_nodes":1,"gpu_start_s":92270.141479292,"gpu_end_s":92270.142455792,"gpu_ms":0.976500,"valid":true,"completed":true,"op_counts":{"SQR":1}}
M5_OP_CALL {"cache":"pressure-128MiB","family":"head","graph":369,"phase":"measure","routing":"none","rows":3,"sample":30,"unique_experts":0}
M5_PROFILE {"context":"77f31e0300","graph":369,"cb":1,"original_nodes":1,"gpu_start_s":92270.142695750,"gpu_end_s":92270.144841625,"gpu_ms":2.145875,"valid":true,"completed":true,"op_counts":{"MUL_MAT":1}}
M5_OP_CALL {"family":"head","graph":370,"phase":"cache-pressure","rows":3}
M5_PROFILE {"context":"77f31e0300","graph":370,"cb":1,"original_nodes":1,"gpu_start_s":92270.145009792,"gpu_end_s":92270.145986167,"gpu_ms":0.976375,"valid":true,"completed":true,"op_counts":{"SQR":1}}
M5_OP_CALL {"cache":"pressure-128MiB","family":"head","graph":371,"phase":"measure","routing":"none","rows":3,"sample":31,"unique_experts":0}
M5_PROFILE {"context":"77f31e0300","graph":371,"cb":1,"original_nodes":1,"gpu_start_s":92270.146209625,"gpu_end_s":92270.148544375,"gpu_ms":2.334750,"valid":true,"completed":true,"op_counts":{"MUL_MAT":1}}
M5_OP_CALL {"family":"head","graph":372,"phase":"cache-pressure","rows":3}
M5_PROFILE {"context":"77f31e0300","graph":372,"cb":1,"original_nodes":1,"gpu_start_s":92270.148760750,"gpu_end_s":92270.149726625,"gpu_ms":0.965875,"valid":true,"completed":true,"op_counts":{"SQR":1}}
M5_OP_CALL {"cache":"pressure-128MiB","family":"head","graph":373,"phase":"measure","routing":"none","rows":3,"sample":32,"unique_experts":0}
M5_PROFILE {"context":"77f31e0300","graph":373,"cb":1,"original_nodes":1,"gpu_start_s":92270.149965667,"gpu_end_s":92270.152110625,"gpu_ms":2.144958,"valid":true,"completed":true,"op_counts":{"MUL_MAT":1}}
M5_OP_CALL {"family":"head","graph":374,"phase":"cache-pressure","rows":3}
M5_PROFILE {"context":"77f31e0300","graph":374,"cb":1,"original_nodes":1,"gpu_start_s":92270.152342500,"gpu_end_s":92270.153308292,"gpu_ms":0.965792,"valid":true,"completed":true,"op_counts":{"SQR":1}}
M5_OP_CALL {"cache":"pressure-128MiB","family":"head","graph":375,"phase":"measure","routing":"none","rows":3,"sample":33,"unique_experts":0}
M5_PROFILE {"context":"77f31e0300","graph":375,"cb":1,"original_nodes":1,"gpu_start_s":92270.153530250,"gpu_end_s":92270.155868542,"gpu_ms":2.338292,"valid":true,"completed":true,"op_counts":{"MUL_MAT":1}}
M5_OP_CALL {"family":"head","graph":376,"phase":"cache-pressure","rows":3}
M5_PROFILE {"context":"77f31e0300","graph":376,"cb":1,"original_nodes":1,"gpu_start_s":92270.156099250,"gpu_end_s":92270.157074042,"gpu_ms":0.974792,"valid":true,"completed":true,"op_counts":{"SQR":1}}
M5_OP_CALL {"cache":"pressure-128MiB","family":"head","graph":377,"phase":"measure","routing":"none","rows":3,"sample":34,"unique_experts":0}
M5_PROFILE {"context":"77f31e0300","graph":377,"cb":1,"original_nodes":1,"gpu_start_s":92270.157370375,"gpu_end_s":92270.159517917,"gpu_ms":2.147542,"valid":true,"completed":true,"op_counts":{"MUL_MAT":1}}
M5_OP_CALL {"family":"head","graph":378,"phase":"cache-pressure","rows":3}
M5_PROFILE {"context":"77f31e0300","graph":378,"cb":1,"original_nodes":1,"gpu_start_s":92270.159761750,"gpu_end_s":92270.160726000,"gpu_ms":0.964250,"valid":true,"completed":true,"op_counts":{"SQR":1}}
M5_OP_CALL {"cache":"pressure-128MiB","family":"head","graph":379,"phase":"measure","routing":"none","rows":3,"sample":35,"unique_experts":0}
M5_PROFILE {"context":"77f31e0300","graph":379,"cb":1,"original_nodes":1,"gpu_start_s":92270.160910792,"gpu_end_s":92270.163069000,"gpu_ms":2.158208,"valid":true,"completed":true,"op_counts":{"MUL_MAT":1}}
M5_OP_CALL {"family":"head","graph":380,"phase":"cache-pressure","rows":3}
M5_PROFILE {"context":"77f31e0300","graph":380,"cb":1,"original_nodes":1,"gpu_start_s":92270.163295792,"gpu_end_s":92270.164447500,"gpu_ms":1.151708,"valid":true,"completed":true,"op_counts":{"SQR":1}}
M5_OP_CALL {"cache":"pressure-128MiB","family":"head","graph":381,"phase":"measure","routing":"none","rows":3,"sample":36,"unique_experts":0}
M5_PROFILE {"context":"77f31e0300","graph":381,"cb":1,"original_nodes":1,"gpu_start_s":92270.164690125,"gpu_end_s":92270.166843875,"gpu_ms":2.153750,"valid":true,"completed":true,"op_counts":{"MUL_MAT":1}}
M5_OP_CALL {"family":"head","graph":382,"phase":"cache-pressure","rows":3}
M5_PROFILE {"context":"77f31e0300","graph":382,"cb":1,"original_nodes":1,"gpu_start_s":92270.167075625,"gpu_end_s":92270.168041167,"gpu_ms":0.965542,"valid":true,"completed":true,"op_counts":{"SQR":1}}
M5_OP_CALL {"cache":"pressure-128MiB","family":"head","graph":383,"phase":"measure","routing":"none","rows":3,"sample":37,"unique_experts":0}
M5_PROFILE {"context":"77f31e0300","graph":383,"cb":1,"original_nodes":1,"gpu_start_s":92270.168233500,"gpu_end_s":92270.170383125,"gpu_ms":2.149625,"valid":true,"completed":true,"op_counts":{"MUL_MAT":1}}
M5_OP_CALL {"family":"head","graph":384,"phase":"cache-pressure","rows":3}
M5_PROFILE {"context":"77f31e0300","graph":384,"cb":1,"original_nodes":1,"gpu_start_s":92270.170605000,"gpu_end_s":92270.171595875,"gpu_ms":0.990875,"valid":true,"completed":true,"op_counts":{"SQR":1}}
M5_OP_CALL {"cache":"pressure-128MiB","family":"head","graph":385,"phase":"measure","routing":"none","rows":3,"sample":38,"unique_experts":0}
M5_PROFILE {"context":"77f31e0300","graph":385,"cb":1,"original_nodes":1,"gpu_start_s":92270.171772500,"gpu_end_s":92270.174111542,"gpu_ms":2.339042,"valid":true,"completed":true,"op_counts":{"MUL_MAT":1}}
M5_OP_CALL {"family":"head","graph":386,"phase":"cache-pressure","rows":3}
M5_PROFILE {"context":"77f31e0300","graph":386,"cb":1,"original_nodes":1,"gpu_start_s":92270.174333125,"gpu_end_s":92270.175307292,"gpu_ms":0.974167,"valid":true,"completed":true,"op_counts":{"SQR":1}}
M5_OP_CALL {"cache":"pressure-128MiB","family":"head","graph":387,"phase":"measure","routing":"none","rows":3,"sample":39,"unique_experts":0}
M5_PROFILE {"context":"77f31e0300","graph":387,"cb":1,"original_nodes":1,"gpu_start_s":92270.175513417,"gpu_end_s":92270.177661375,"gpu_ms":2.147958,"valid":true,"completed":true,"op_counts":{"MUL_MAT":1}}
M5_OP_CALL {"cache":"unflushed","family":"head","graph":388,"phase":"warmup","routing":"none","rows":2,"sample":-3,"unique_experts":0}
M5_PROFILE {"context":"77f31e0300","graph":388,"cb":1,"original_nodes":1,"gpu_start_s":92270.177890417,"gpu_end_s":92270.180035625,"gpu_ms":2.145208,"valid":true,"completed":true,"op_counts":{"MUL_MAT":1}}
M5_OP_CALL {"cache":"unflushed","family":"head","graph":389,"phase":"warmup","routing":"none","rows":2,"sample":-2,"unique_experts":0}
M5_PROFILE {"context":"77f31e0300","graph":389,"cb":1,"original_nodes":1,"gpu_start_s":92270.180262792,"gpu_end_s":92270.182584917,"gpu_ms":2.322125,"valid":true,"completed":true,"op_counts":{"MUL_MAT":1}}
M5_OP_CALL {"cache":"unflushed","family":"head","graph":390,"phase":"warmup","routing":"none","rows":2,"sample":-1,"unique_experts":0}
M5_PROFILE {"context":"77f31e0300","graph":390,"cb":1,"original_nodes":1,"gpu_start_s":92270.182823750,"gpu_end_s":92270.184965542,"gpu_ms":2.141792,"valid":true,"completed":true,"op_counts":{"MUL_MAT":1}}
M5_OP_CALL {"cache":"unflushed","family":"head","graph":391,"phase":"measure","routing":"none","rows":2,"sample":0,"unique_experts":0}
M5_PROFILE {"context":"77f31e0300","graph":391,"cb":1,"original_nodes":1,"gpu_start_s":92270.185267750,"gpu_end_s":92270.187404375,"gpu_ms":2.136625,"valid":true,"completed":true,"op_counts":{"MUL_MAT":1}}
M5_OP_CALL {"cache":"unflushed","family":"head","graph":392,"phase":"measure","routing":"none","rows":2,"sample":1,"unique_experts":0}
M5_PROFILE {"context":"77f31e0300","graph":392,"cb":1,"original_nodes":1,"gpu_start_s":92270.187629500,"gpu_end_s":92270.189954292,"gpu_ms":2.324792,"valid":true,"completed":true,"op_counts":{"MUL_MAT":1}}
M5_OP_CALL {"cache":"unflushed","family":"head","graph":393,"phase":"measure","routing":"none","rows":2,"sample":2,"unique_experts":0}
M5_PROFILE {"context":"77f31e0300","graph":393,"cb":1,"original_nodes":1,"gpu_start_s":92270.190115417,"gpu_end_s":92270.192261417,"gpu_ms":2.146000,"valid":true,"completed":true,"op_counts":{"MUL_MAT":1}}
M5_OP_CALL {"cache":"unflushed","family":"head","graph":394,"phase":"measure","routing":"none","rows":2,"sample":3,"unique_experts":0}
M5_PROFILE {"context":"77f31e0300","graph":394,"cb":1,"original_nodes":1,"gpu_start_s":92270.192432125,"gpu_end_s":92270.194577500,"gpu_ms":2.145375,"valid":true,"completed":true,"op_counts":{"MUL_MAT":1}}
M5_OP_CALL {"cache":"unflushed","family":"head","graph":395,"phase":"measure","routing":"none","rows":2,"sample":4,"unique_experts":0}
M5_PROFILE {"context":"77f31e0300","graph":395,"cb":1,"original_nodes":1,"gpu_start_s":92270.194810375,"gpu_end_s":92270.196964417,"gpu_ms":2.154042,"valid":true,"completed":true,"op_counts":{"MUL_MAT":1}}
M5_OP_CALL {"cache":"unflushed","family":"head","graph":396,"phase":"measure","routing":"none","rows":2,"sample":5,"unique_experts":0}
M5_PROFILE {"context":"77f31e0300","graph":396,"cb":1,"original_nodes":1,"gpu_start_s":92270.197153917,"gpu_end_s":92270.199467375,"gpu_ms":2.313458,"valid":true,"completed":true,"op_counts":{"MUL_MAT":1}}
M5_OP_CALL {"cache":"unflushed","family":"head","graph":397,"phase":"measure","routing":"none","rows":2,"sample":6,"unique_experts":0}
M5_PROFILE {"context":"77f31e0300","graph":397,"cb":1,"original_nodes":1,"gpu_start_s":92270.199699250,"gpu_end_s":92270.201840292,"gpu_ms":2.141042,"valid":true,"completed":true,"op_counts":{"MUL_MAT":1}}
M5_OP_CALL {"cache":"unflushed","family":"head","graph":398,"phase":"measure","routing":"none","rows":2,"sample":7,"unique_experts":0}
M5_PROFILE {"context":"77f31e0300","graph":398,"cb":1,"original_nodes":1,"gpu_start_s":92270.202138875,"gpu_end_s":92270.204276000,"gpu_ms":2.137125,"valid":true,"completed":true,"op_counts":{"MUL_MAT":1}}
M5_OP_CALL {"cache":"unflushed","family":"head","graph":399,"phase":"measure","routing":"none","rows":2,"sample":8,"unique_experts":0}
M5_PROFILE {"context":"77f31e0300","graph":399,"cb":1,"original_nodes":1,"gpu_start_s":92270.204516792,"gpu_end_s":92270.206841250,"gpu_ms":2.324458,"valid":true,"completed":true,"op_counts":{"MUL_MAT":1}}
M5_OP_CALL {"cache":"unflushed","family":"head","graph":400,"phase":"measure","routing":"none","rows":2,"sample":9,"unique_experts":0}
M5_PROFILE {"context":"77f31e0300","graph":400,"cb":1,"original_nodes":1,"gpu_start_s":92270.207013875,"gpu_end_s":92270.209153667,"gpu_ms":2.139792,"valid":true,"completed":true,"op_counts":{"MUL_MAT":1}}
M5_OP_CALL {"cache":"unflushed","family":"head","graph":401,"phase":"measure","routing":"none","rows":2,"sample":10,"unique_experts":0}
M5_PROFILE {"context":"77f31e0300","graph":401,"cb":1,"original_nodes":1,"gpu_start_s":92270.209367792,"gpu_end_s":92270.211509500,"gpu_ms":2.141708,"valid":true,"completed":true,"op_counts":{"MUL_MAT":1}}
M5_OP_CALL {"cache":"unflushed","family":"head","graph":402,"phase":"measure","routing":"none","rows":2,"sample":11,"unique_experts":0}
M5_PROFILE {"context":"77f31e0300","graph":402,"cb":1,"original_nodes":1,"gpu_start_s":92270.211733000,"gpu_end_s":92270.214057375,"gpu_ms":2.324375,"valid":true,"completed":true,"op_counts":{"MUL_MAT":1}}
M5_OP_CALL {"cache":"unflushed","family":"head","graph":403,"phase":"measure","routing":"none","rows":2,"sample":12,"unique_experts":0}
M5_PROFILE {"context":"77f31e0300","graph":403,"cb":1,"original_nodes":1,"gpu_start_s":92270.214233625,"gpu_end_s":92270.216373250,"gpu_ms":2.139625,"valid":true,"completed":true,"op_counts":{"MUL_MAT":1}}
M5_OP_CALL {"cache":"unflushed","family":"head","graph":404,"phase":"measure","routing":"none","rows":2,"sample":13,"unique_experts":0}
M5_PROFILE {"context":"77f31e0300","graph":404,"cb":1,"original_nodes":1,"gpu_start_s":92270.216608292,"gpu_end_s":92270.218743125,"gpu_ms":2.134833,"valid":true,"completed":true,"op_counts":{"MUL_MAT":1}}
M5_OP_CALL {"cache":"unflushed","family":"head","graph":405,"phase":"measure","routing":"none","rows":2,"sample":14,"unique_experts":0}
M5_PROFILE {"context":"77f31e0300","graph":405,"cb":1,"original_nodes":1,"gpu_start_s":92270.218968667,"gpu_end_s":92270.221114875,"gpu_ms":2.146208,"valid":true,"completed":true,"op_counts":{"MUL_MAT":1}}
M5_OP_CALL {"cache":"unflushed","family":"head","graph":406,"phase":"measure","routing":"none","rows":2,"sample":15,"unique_experts":0}
M5_PROFILE {"context":"77f31e0300","graph":406,"cb":1,"original_nodes":1,"gpu_start_s":92270.221345417,"gpu_end_s":92270.223694292,"gpu_ms":2.348875,"valid":true,"completed":true,"op_counts":{"MUL_MAT":1}}
M5_OP_CALL {"cache":"unflushed","family":"head","graph":407,"phase":"measure","routing":"none","rows":2,"sample":16,"unique_experts":0}
M5_PROFILE {"context":"77f31e0300","graph":407,"cb":1,"original_nodes":1,"gpu_start_s":92270.223941250,"gpu_end_s":92270.226089167,"gpu_ms":2.147917,"valid":true,"completed":true,"op_counts":{"MUL_MAT":1}}
M5_OP_CALL {"cache":"unflushed","family":"head","graph":408,"phase":"measure","routing":"none","rows":2,"sample":17,"unique_experts":0}
M5_PROFILE {"context":"77f31e0300","graph":408,"cb":1,"original_nodes":1,"gpu_start_s":92270.226253167,"gpu_end_s":92270.228398375,"gpu_ms":2.145208,"valid":true,"completed":true,"op_counts":{"MUL_MAT":1}}
M5_OP_CALL {"cache":"unflushed","family":"head","graph":409,"phase":"measure","routing":"none","rows":2,"sample":18,"unique_experts":0}
M5_PROFILE {"context":"77f31e0300","graph":409,"cb":1,"original_nodes":1,"gpu_start_s":92270.228626125,"gpu_end_s":92270.230953875,"gpu_ms":2.327750,"valid":true,"completed":true,"op_counts":{"MUL_MAT":1}}
M5_OP_CALL {"cache":"unflushed","family":"head","graph":410,"phase":"measure","routing":"none","rows":2,"sample":19,"unique_experts":0}
M5_PROFILE {"context":"77f31e0300","graph":410,"cb":1,"original_nodes":1,"gpu_start_s":92270.231181250,"gpu_end_s":92270.233324417,"gpu_ms":2.143167,"valid":true,"completed":true,"op_counts":{"MUL_MAT":1}}
M5_OP_CALL {"cache":"unflushed","family":"head","graph":411,"phase":"measure","routing":"none","rows":2,"sample":20,"unique_experts":0}
M5_PROFILE {"context":"77f31e0300","graph":411,"cb":1,"original_nodes":1,"gpu_start_s":92270.233578375,"gpu_end_s":92270.235722125,"gpu_ms":2.143750,"valid":true,"completed":true,"op_counts":{"MUL_MAT":1}}
M5_OP_CALL {"cache":"unflushed","family":"head","graph":412,"phase":"measure","routing":"none","rows":2,"sample":21,"unique_experts":0}
M5_PROFILE {"context":"77f31e0300","graph":412,"cb":1,"original_nodes":1,"gpu_start_s":92270.235955875,"gpu_end_s":92270.238098250,"gpu_ms":2.142375,"valid":true,"completed":true,"op_counts":{"MUL_MAT":1}}
M5_OP_CALL {"cache":"unflushed","family":"head","graph":413,"phase":"measure","routing":"none","rows":2,"sample":22,"unique_experts":0}
M5_PROFILE {"context":"77f31e0300","graph":413,"cb":1,"original_nodes":1,"gpu_start_s":92270.238274625,"gpu_end_s":92270.240603667,"gpu_ms":2.329042,"valid":true,"completed":true,"op_counts":{"MUL_MAT":1}}
M5_OP_CALL {"cache":"unflushed","family":"head","graph":414,"phase":"measure","routing":"none","rows":2,"sample":23,"unique_experts":0}
M5_PROFILE {"context":"77f31e0300","graph":414,"cb":1,"original_nodes":1,"gpu_start_s":92270.240832625,"gpu_end_s":92270.243048750,"gpu_ms":2.216125,"valid":true,"completed":true,"op_counts":{"MUL_MAT":1}}
M5_OP_CALL {"cache":"unflushed","family":"head","graph":415,"phase":"measure","routing":"none","rows":2,"sample":24,"unique_experts":0}
M5_PROFILE {"context":"77f31e0300","graph":415,"cb":1,"original_nodes":1,"gpu_start_s":92270.243219625,"gpu_end_s":92270.245365000,"gpu_ms":2.145375,"valid":true,"completed":true,"op_counts":{"MUL_MAT":1}}
M5_OP_CALL {"cache":"unflushed","family":"head","graph":416,"phase":"measure","routing":"none","rows":2,"sample":25,"unique_experts":0}
M5_PROFILE {"context":"77f31e0300","graph":416,"cb":1,"original_nodes":1,"gpu_start_s":92270.245536542,"gpu_end_s":92270.247866875,"gpu_ms":2.330333,"valid":true,"completed":true,"op_counts":{"MUL_MAT":1}}
M5_OP_CALL {"cache":"unflushed","family":"head","graph":417,"phase":"measure","routing":"none","rows":2,"sample":26,"unique_experts":0}
M5_PROFILE {"context":"77f31e0300","graph":417,"cb":1,"original_nodes":1,"gpu_start_s":92270.248038375,"gpu_end_s":92270.250191250,"gpu_ms":2.152875,"valid":true,"completed":true,"op_counts":{"MUL_MAT":1}}
M5_OP_CALL {"cache":"unflushed","family":"head","graph":418,"phase":"measure","routing":"none","rows":2,"sample":27,"unique_experts":0}
M5_PROFILE {"context":"77f31e0300","graph":418,"cb":1,"original_nodes":1,"gpu_start_s":92270.250406417,"gpu_end_s":92270.252553292,"gpu_ms":2.146875,"valid":true,"completed":true,"op_counts":{"MUL_MAT":1}}
M5_OP_CALL {"cache":"unflushed","family":"head","graph":419,"phase":"measure","routing":"none","rows":2,"sample":28,"unique_experts":0}
M5_PROFILE {"context":"77f31e0300","graph":419,"cb":1,"original_nodes":1,"gpu_start_s":92270.252721000,"gpu_end_s":92270.254871125,"gpu_ms":2.150125,"valid":true,"completed":true,"op_counts":{"MUL_MAT":1}}
M5_OP_CALL {"cache":"unflushed","family":"head","graph":420,"phase":"measure","routing":"none","rows":2,"sample":29,"unique_experts":0}
M5_PROFILE {"context":"77f31e0300","graph":420,"cb":1,"original_nodes":1,"gpu_start_s":92270.255007542,"gpu_end_s":92270.257262625,"gpu_ms":2.255083,"valid":true,"completed":true,"op_counts":{"MUL_MAT":1}}
M5_OP_CALL {"cache":"unflushed","family":"head","graph":421,"phase":"measure","routing":"none","rows":2,"sample":30,"unique_experts":0}
M5_PROFILE {"context":"77f31e0300","graph":421,"cb":1,"original_nodes":1,"gpu_start_s":92270.257438792,"gpu_end_s":92270.259586875,"gpu_ms":2.148083,"valid":true,"completed":true,"op_counts":{"MUL_MAT":1}}
M5_OP_CALL {"cache":"unflushed","family":"head","graph":422,"phase":"measure","routing":"none","rows":2,"sample":31,"unique_experts":0}
M5_PROFILE {"context":"77f31e0300","graph":422,"cb":1,"original_nodes":1,"gpu_start_s":92270.259875875,"gpu_end_s":92270.262015000,"gpu_ms":2.139125,"valid":true,"completed":true,"op_counts":{"MUL_MAT":1}}
M5_OP_CALL {"cache":"unflushed","family":"head","graph":423,"phase":"measure","routing":"none","rows":2,"sample":32,"unique_experts":0}
M5_PROFILE {"context":"77f31e0300","graph":423,"cb":1,"original_nodes":1,"gpu_start_s":92270.262240917,"gpu_end_s":92270.264596042,"gpu_ms":2.355125,"valid":true,"completed":true,"op_counts":{"MUL_MAT":1}}
M5_OP_CALL {"cache":"unflushed","family":"head","graph":424,"phase":"measure","routing":"none","rows":2,"sample":33,"unique_experts":0}
M5_PROFILE {"context":"77f31e0300","graph":424,"cb":1,"original_nodes":1,"gpu_start_s":92270.264827250,"gpu_end_s":92270.266973500,"gpu_ms":2.146250,"valid":true,"completed":true,"op_counts":{"MUL_MAT":1}}
M5_OP_CALL {"cache":"unflushed","family":"head","graph":425,"phase":"measure","routing":"none","rows":2,"sample":34,"unique_experts":0}
M5_PROFILE {"context":"77f31e0300","graph":425,"cb":1,"original_nodes":1,"gpu_start_s":92270.267141375,"gpu_end_s":92270.269285125,"gpu_ms":2.143750,"valid":true,"completed":true,"op_counts":{"MUL_MAT":1}}
M5_OP_CALL {"cache":"unflushed","family":"head","graph":426,"phase":"measure","routing":"none","rows":2,"sample":35,"unique_experts":0}
M5_PROFILE {"context":"77f31e0300","graph":426,"cb":1,"original_nodes":1,"gpu_start_s":92270.269505750,"gpu_end_s":92270.271650875,"gpu_ms":2.145125,"valid":true,"completed":true,"op_counts":{"MUL_MAT":1}}
M5_OP_CALL {"cache":"unflushed","family":"head","graph":427,"phase":"measure","routing":"none","rows":2,"sample":36,"unique_experts":0}
M5_PROFILE {"context":"77f31e0300","graph":427,"cb":1,"original_nodes":1,"gpu_start_s":92270.271891125,"gpu_end_s":92270.274207500,"gpu_ms":2.316375,"valid":true,"completed":true,"op_counts":{"MUL_MAT":1}}
M5_OP_CALL {"cache":"unflushed","family":"head","graph":428,"phase":"measure","routing":"none","rows":2,"sample":37,"unique_experts":0}
M5_PROFILE {"context":"77f31e0300","graph":428,"cb":1,"original_nodes":1,"gpu_start_s":92270.274443125,"gpu_end_s":92270.276581167,"gpu_ms":2.138042,"valid":true,"completed":true,"op_counts":{"MUL_MAT":1}}
M5_OP_CALL {"cache":"unflushed","family":"head","graph":429,"phase":"measure","routing":"none","rows":2,"sample":38,"unique_experts":0}
M5_PROFILE {"context":"77f31e0300","graph":429,"cb":1,"original_nodes":1,"gpu_start_s":92270.276809875,"gpu_end_s":92270.278947375,"gpu_ms":2.137500,"valid":true,"completed":true,"op_counts":{"MUL_MAT":1}}
M5_OP_CALL {"cache":"unflushed","family":"head","graph":430,"phase":"measure","routing":"none","rows":2,"sample":39,"unique_experts":0}
M5_PROFILE {"context":"77f31e0300","graph":430,"cb":1,"original_nodes":1,"gpu_start_s":92270.279171375,"gpu_end_s":92270.281500667,"gpu_ms":2.329292,"valid":true,"completed":true,"op_counts":{"MUL_MAT":1}}
M5_OP_CALL {"family":"head","graph":431,"phase":"cache-pressure","rows":2}
M5_PROFILE {"context":"77f31e0300","graph":431,"cb":1,"original_nodes":1,"gpu_start_s":92270.281656250,"gpu_end_s":92270.282623500,"gpu_ms":0.967250,"valid":true,"completed":true,"op_counts":{"SQR":1}}
M5_OP_CALL {"cache":"pressure-128MiB","family":"head","graph":432,"phase":"warmup","routing":"none","rows":2,"sample":-3,"unique_experts":0}
M5_PROFILE {"context":"77f31e0300","graph":432,"cb":1,"original_nodes":1,"gpu_start_s":92270.282861000,"gpu_end_s":92270.285029125,"gpu_ms":2.168125,"valid":true,"completed":true,"op_counts":{"MUL_MAT":1}}
M5_OP_CALL {"family":"head","graph":433,"phase":"cache-pressure","rows":2}
M5_PROFILE {"context":"77f31e0300","graph":433,"cb":1,"original_nodes":1,"gpu_start_s":92270.285230750,"gpu_end_s":92270.286333417,"gpu_ms":1.102667,"valid":true,"completed":true,"op_counts":{"SQR":1}}
M5_OP_CALL {"cache":"pressure-128MiB","family":"head","graph":434,"phase":"warmup","routing":"none","rows":2,"sample":-2,"unique_experts":0}
M5_PROFILE {"context":"77f31e0300","graph":434,"cb":1,"original_nodes":1,"gpu_start_s":92270.286579000,"gpu_end_s":92270.288742375,"gpu_ms":2.163375,"valid":true,"completed":true,"op_counts":{"MUL_MAT":1}}
M5_OP_CALL {"family":"head","graph":435,"phase":"cache-pressure","rows":2}
M5_PROFILE {"context":"77f31e0300","graph":435,"cb":1,"original_nodes":1,"gpu_start_s":92270.288943750,"gpu_end_s":92270.290095917,"gpu_ms":1.152167,"valid":true,"completed":true,"op_counts":{"SQR":1}}
M5_OP_CALL {"cache":"pressure-128MiB","family":"head","graph":436,"phase":"warmup","routing":"none","rows":2,"sample":-1,"unique_experts":0}
M5_PROFILE {"context":"77f31e0300","graph":436,"cb":1,"original_nodes":1,"gpu_start_s":92270.290321375,"gpu_end_s":92270.292510375,"gpu_ms":2.189000,"valid":true,"completed":true,"op_counts":{"MUL_MAT":1}}
M5_OP_CALL {"family":"head","graph":437,"phase":"cache-pressure","rows":2}
M5_PROFILE {"context":"77f31e0300","graph":437,"cb":1,"original_nodes":1,"gpu_start_s":92270.292705125,"gpu_end_s":92270.293690875,"gpu_ms":0.985750,"valid":true,"completed":true,"op_counts":{"SQR":1}}
M5_OP_CALL {"cache":"pressure-128MiB","family":"head","graph":438,"phase":"measure","routing":"none","rows":2,"sample":0,"unique_experts":0}
M5_PROFILE {"context":"77f31e0300","graph":438,"cb":1,"original_nodes":1,"gpu_start_s":92270.293920750,"gpu_end_s":92270.296069667,"gpu_ms":2.148917,"valid":true,"completed":true,"op_counts":{"MUL_MAT":1}}
M5_OP_CALL {"family":"head","graph":439,"phase":"cache-pressure","rows":2}
M5_PROFILE {"context":"77f31e0300","graph":439,"cb":1,"original_nodes":1,"gpu_start_s":92270.296295625,"gpu_end_s":92270.297286000,"gpu_ms":0.990375,"valid":true,"completed":true,"op_counts":{"SQR":1}}
M5_OP_CALL {"cache":"pressure-128MiB","family":"head","graph":440,"phase":"measure","routing":"none","rows":2,"sample":1,"unique_experts":0}
M5_PROFILE {"context":"77f31e0300","graph":440,"cb":1,"original_nodes":1,"gpu_start_s":92270.297499000,"gpu_end_s":92270.299862625,"gpu_ms":2.363625,"valid":true,"completed":true,"op_counts":{"MUL_MAT":1}}
M5_OP_CALL {"family":"head","graph":441,"phase":"cache-pressure","rows":2}
M5_PROFILE {"context":"77f31e0300","graph":441,"cb":1,"original_nodes":1,"gpu_start_s":92270.300122875,"gpu_end_s":92270.301217875,"gpu_ms":1.095000,"valid":true,"completed":true,"op_counts":{"SQR":1}}
M5_OP_CALL {"cache":"pressure-128MiB","family":"head","graph":442,"phase":"measure","routing":"none","rows":2,"sample":2,"unique_experts":0}
M5_PROFILE {"context":"77f31e0300","graph":442,"cb":1,"original_nodes":1,"gpu_start_s":92270.301523250,"gpu_end_s":92270.303673250,"gpu_ms":2.150000,"valid":true,"completed":true,"op_counts":{"MUL_MAT":1}}
M5_OP_CALL {"family":"head","graph":443,"phase":"cache-pressure","rows":2}
M5_PROFILE {"context":"77f31e0300","graph":443,"cb":1,"original_nodes":1,"gpu_start_s":92270.303912500,"gpu_end_s":92270.304893917,"gpu_ms":0.981417,"valid":true,"completed":true,"op_counts":{"SQR":1}}
M5_OP_CALL {"cache":"pressure-128MiB","family":"head","graph":444,"phase":"measure","routing":"none","rows":2,"sample":3,"unique_experts":0}
M5_PROFILE {"context":"77f31e0300","graph":444,"cb":1,"original_nodes":1,"gpu_start_s":92270.305083292,"gpu_end_s":92270.307409042,"gpu_ms":2.325750,"valid":true,"completed":true,"op_counts":{"MUL_MAT":1}}
M5_OP_CALL {"family":"head","graph":445,"phase":"cache-pressure","rows":2}
M5_PROFILE {"context":"77f31e0300","graph":445,"cb":1,"original_nodes":1,"gpu_start_s":92270.307640417,"gpu_end_s":92270.308615000,"gpu_ms":0.974583,"valid":true,"completed":true,"op_counts":{"SQR":1}}
M5_OP_CALL {"cache":"pressure-128MiB","family":"head","graph":446,"phase":"measure","routing":"none","rows":2,"sample":4,"unique_experts":0}
M5_PROFILE {"context":"77f31e0300","graph":446,"cb":1,"original_nodes":1,"gpu_start_s":92270.308811375,"gpu_end_s":92270.310958875,"gpu_ms":2.147500,"valid":true,"completed":true,"op_counts":{"MUL_MAT":1}}
M5_OP_CALL {"family":"head","graph":447,"phase":"cache-pressure","rows":2}
M5_PROFILE {"context":"77f31e0300","graph":447,"cb":1,"original_nodes":1,"gpu_start_s":92270.311176625,"gpu_end_s":92270.312144250,"gpu_ms":0.967625,"valid":true,"completed":true,"op_counts":{"SQR":1}}
M5_OP_CALL {"cache":"pressure-128MiB","family":"head","graph":448,"phase":"measure","routing":"none","rows":2,"sample":5,"unique_experts":0}
M5_PROFILE {"context":"77f31e0300","graph":448,"cb":1,"original_nodes":1,"gpu_start_s":92270.312368375,"gpu_end_s":92270.314711750,"gpu_ms":2.343375,"valid":true,"completed":true,"op_counts":{"MUL_MAT":1}}
M5_OP_CALL {"family":"head","graph":449,"phase":"cache-pressure","rows":2}
M5_PROFILE {"context":"77f31e0300","graph":449,"cb":1,"original_nodes":1,"gpu_start_s":92270.314947875,"gpu_end_s":92270.315913500,"gpu_ms":0.965625,"valid":true,"completed":true,"op_counts":{"SQR":1}}
M5_OP_CALL {"cache":"pressure-128MiB","family":"head","graph":450,"phase":"measure","routing":"none","rows":2,"sample":6,"unique_experts":0}
M5_PROFILE {"context":"77f31e0300","graph":450,"cb":1,"original_nodes":1,"gpu_start_s":92270.316141417,"gpu_end_s":92270.318291250,"gpu_ms":2.149833,"valid":true,"completed":true,"op_counts":{"MUL_MAT":1}}
M5_OP_CALL {"family":"head","graph":451,"phase":"cache-pressure","rows":2}
M5_PROFILE {"context":"77f31e0300","graph":451,"cb":1,"original_nodes":1,"gpu_start_s":92270.318554667,"gpu_end_s":92270.319518375,"gpu_ms":0.963708,"valid":true,"completed":true,"op_counts":{"SQR":1}}
M5_OP_CALL {"cache":"pressure-128MiB","family":"head","graph":452,"phase":"measure","routing":"none","rows":2,"sample":7,"unique_experts":0}
M5_PROFILE {"context":"77f31e0300","graph":452,"cb":1,"original_nodes":1,"gpu_start_s":92270.319719125,"gpu_end_s":92270.321873375,"gpu_ms":2.154250,"valid":true,"completed":true,"op_counts":{"MUL_MAT":1}}
M5_OP_CALL {"family":"head","graph":453,"phase":"cache-pressure","rows":2}
M5_PROFILE {"context":"77f31e0300","graph":453,"cb":1,"original_nodes":1,"gpu_start_s":92270.322100917,"gpu_end_s":92270.323221000,"gpu_ms":1.120083,"valid":true,"completed":true,"op_counts":{"SQR":1}}
M5_OP_CALL {"cache":"pressure-128MiB","family":"head","graph":454,"phase":"measure","routing":"none","rows":2,"sample":8,"unique_experts":0}
M5_PROFILE {"context":"77f31e0300","graph":454,"cb":1,"original_nodes":1,"gpu_start_s":92270.323510875,"gpu_end_s":92270.325658167,"gpu_ms":2.147292,"valid":true,"completed":true,"op_counts":{"MUL_MAT":1}}
M5_OP_CALL {"family":"head","graph":455,"phase":"cache-pressure","rows":2}
M5_PROFILE {"context":"77f31e0300","graph":455,"cb":1,"original_nodes":1,"gpu_start_s":92270.325879417,"gpu_end_s":92270.326841500,"gpu_ms":0.962083,"valid":true,"completed":true,"op_counts":{"SQR":1}}
M5_OP_CALL {"cache":"pressure-128MiB","family":"head","graph":456,"phase":"measure","routing":"none","rows":2,"sample":9,"unique_experts":0}
M5_PROFILE {"context":"77f31e0300","graph":456,"cb":1,"original_nodes":1,"gpu_start_s":92270.327137250,"gpu_end_s":92270.329278375,"gpu_ms":2.141125,"valid":true,"completed":true,"op_counts":{"MUL_MAT":1}}
M5_OP_CALL {"family":"head","graph":457,"phase":"cache-pressure","rows":2}
M5_PROFILE {"context":"77f31e0300","graph":457,"cb":1,"original_nodes":1,"gpu_start_s":92270.329501417,"gpu_end_s":92270.330478667,"gpu_ms":0.977250,"valid":true,"completed":true,"op_counts":{"SQR":1}}
M5_OP_CALL {"cache":"pressure-128MiB","family":"head","graph":458,"phase":"measure","routing":"none","rows":2,"sample":10,"unique_experts":0}
M5_PROFILE {"context":"77f31e0300","graph":458,"cb":1,"original_nodes":1,"gpu_start_s":92270.330727250,"gpu_end_s":92270.333061500,"gpu_ms":2.334250,"valid":true,"completed":true,"op_counts":{"MUL_MAT":1}}
M5_OP_CALL {"family":"head","graph":459,"phase":"cache-pressure","rows":2}
M5_PROFILE {"context":"77f31e0300","graph":459,"cb":1,"original_nodes":1,"gpu_start_s":92270.333276125,"gpu_end_s":92270.334250042,"gpu_ms":0.973917,"valid":true,"completed":true,"op_counts":{"SQR":1}}
M5_OP_CALL {"cache":"pressure-128MiB","family":"head","graph":460,"phase":"measure","routing":"none","rows":2,"sample":11,"unique_experts":0}
M5_PROFILE {"context":"77f31e0300","graph":460,"cb":1,"original_nodes":1,"gpu_start_s":92270.334521125,"gpu_end_s":92270.336671375,"gpu_ms":2.150250,"valid":true,"completed":true,"op_counts":{"MUL_MAT":1}}
M5_OP_CALL {"family":"head","graph":461,"phase":"cache-pressure","rows":2}
M5_PROFILE {"context":"77f31e0300","graph":461,"cb":1,"original_nodes":1,"gpu_start_s":92270.336897417,"gpu_end_s":92270.337877375,"gpu_ms":0.979958,"valid":true,"completed":true,"op_counts":{"SQR":1}}
M5_OP_CALL {"cache":"pressure-128MiB","family":"head","graph":462,"phase":"measure","routing":"none","rows":2,"sample":12,"unique_experts":0}
M5_PROFILE {"context":"77f31e0300","graph":462,"cb":1,"original_nodes":1,"gpu_start_s":92270.338072250,"gpu_end_s":92270.340407792,"gpu_ms":2.335542,"valid":true,"completed":true,"op_counts":{"MUL_MAT":1}}
M5_OP_CALL {"family":"head","graph":463,"phase":"cache-pressure","rows":2}
M5_PROFILE {"context":"77f31e0300","graph":463,"cb":1,"original_nodes":1,"gpu_start_s":92270.340646917,"gpu_end_s":92270.341612542,"gpu_ms":0.965625,"valid":true,"completed":true,"op_counts":{"SQR":1}}
M5_OP_CALL {"cache":"pressure-128MiB","family":"head","graph":464,"phase":"measure","routing":"none","rows":2,"sample":13,"unique_experts":0}
M5_PROFILE {"context":"77f31e0300","graph":464,"cb":1,"original_nodes":1,"gpu_start_s":92270.341787250,"gpu_end_s":92270.343941500,"gpu_ms":2.154250,"valid":true,"completed":true,"op_counts":{"MUL_MAT":1}}
M5_OP_CALL {"family":"head","graph":465,"phase":"cache-pressure","rows":2}
M5_PROFILE {"context":"77f31e0300","graph":465,"cb":1,"original_nodes":1,"gpu_start_s":92270.344223750,"gpu_end_s":92270.345189375,"gpu_ms":0.965625,"valid":true,"completed":true,"op_counts":{"SQR":1}}
M5_OP_CALL {"cache":"pressure-128MiB","family":"head","graph":466,"phase":"measure","routing":"none","rows":2,"sample":14,"unique_experts":0}
M5_PROFILE {"context":"77f31e0300","graph":466,"cb":1,"original_nodes":1,"gpu_start_s":92270.345413000,"gpu_end_s":92270.347762917,"gpu_ms":2.349917,"valid":true,"completed":true,"op_counts":{"MUL_MAT":1}}
M5_OP_CALL {"family":"head","graph":467,"phase":"cache-pressure","rows":2}
M5_PROFILE {"context":"77f31e0300","graph":467,"cb":1,"original_nodes":1,"gpu_start_s":92270.347988917,"gpu_end_s":92270.348958417,"gpu_ms":0.969500,"valid":true,"completed":true,"op_counts":{"SQR":1}}
M5_OP_CALL {"cache":"pressure-128MiB","family":"head","graph":468,"phase":"measure","routing":"none","rows":2,"sample":15,"unique_experts":0}
M5_PROFILE {"context":"77f31e0300","graph":468,"cb":1,"original_nodes":1,"gpu_start_s":92270.349191875,"gpu_end_s":92270.351338792,"gpu_ms":2.146917,"valid":true,"completed":true,"op_counts":{"MUL_MAT":1}}
M5_OP_CALL {"family":"head","graph":469,"phase":"cache-pressure","rows":2}
M5_PROFILE {"context":"77f31e0300","graph":469,"cb":1,"original_nodes":1,"gpu_start_s":92270.351572292,"gpu_end_s":92270.352536167,"gpu_ms":0.963875,"valid":true,"completed":true,"op_counts":{"SQR":1}}
M5_OP_CALL {"cache":"pressure-128MiB","family":"head","graph":470,"phase":"measure","routing":"none","rows":2,"sample":16,"unique_experts":0}
M5_PROFILE {"context":"77f31e0300","graph":470,"cb":1,"original_nodes":1,"gpu_start_s":92270.352828875,"gpu_end_s":92270.354982500,"gpu_ms":2.153625,"valid":true,"completed":true,"op_counts":{"MUL_MAT":1}}
M5_OP_CALL {"family":"head","graph":471,"phase":"cache-pressure","rows":2}
M5_PROFILE {"context":"77f31e0300","graph":471,"cb":1,"original_nodes":1,"gpu_start_s":92270.355214542,"gpu_end_s":92270.356364292,"gpu_ms":1.149750,"valid":true,"completed":true,"op_counts":{"SQR":1}}
M5_OP_CALL {"cache":"pressure-128MiB","family":"head","graph":472,"phase":"measure","routing":"none","rows":2,"sample":17,"unique_experts":0}
M5_PROFILE {"context":"77f31e0300","graph":472,"cb":1,"original_nodes":1,"gpu_start_s":92270.356561417,"gpu_end_s":92270.358708042,"gpu_ms":2.146625,"valid":true,"completed":true,"op_counts":{"MUL_MAT":1}}
M5_OP_CALL {"family":"head","graph":473,"phase":"cache-pressure","rows":2}
M5_PROFILE {"context":"77f31e0300","graph":473,"cb":1,"original_nodes":1,"gpu_start_s":92270.358882625,"gpu_end_s":92270.359848792,"gpu_ms":0.966167,"valid":true,"completed":true,"op_counts":{"SQR":1}}
M5_OP_CALL {"cache":"pressure-128MiB","family":"head","graph":474,"phase":"measure","routing":"none","rows":2,"sample":18,"unique_experts":0}
M5_PROFILE {"context":"77f31e0300","graph":474,"cb":1,"original_nodes":1,"gpu_start_s":92270.360034125,"gpu_end_s":92270.362179000,"gpu_ms":2.144875,"valid":true,"completed":true,"op_counts":{"MUL_MAT":1}}
M5_OP_CALL {"family":"head","graph":475,"phase":"cache-pressure","rows":2}
M5_PROFILE {"context":"77f31e0300","graph":475,"cb":1,"original_nodes":1,"gpu_start_s":92270.362370167,"gpu_end_s":92270.363351500,"gpu_ms":0.981333,"valid":true,"completed":true,"op_counts":{"SQR":1}}
M5_OP_CALL {"cache":"pressure-128MiB","family":"head","graph":476,"phase":"measure","routing":"none","rows":2,"sample":19,"unique_experts":0}
M5_PROFILE {"context":"77f31e0300","graph":476,"cb":1,"original_nodes":1,"gpu_start_s":92270.363586417,"gpu_end_s":92270.365903375,"gpu_ms":2.316958,"valid":true,"completed":true,"op_counts":{"MUL_MAT":1}}
M5_OP_CALL {"family":"head","graph":477,"phase":"cache-pressure","rows":2}
M5_PROFILE {"context":"77f31e0300","graph":477,"cb":1,"original_nodes":1,"gpu_start_s":92270.366127500,"gpu_end_s":92270.367106417,"gpu_ms":0.978917,"valid":true,"completed":true,"op_counts":{"SQR":1}}
M5_OP_CALL {"cache":"pressure-128MiB","family":"head","graph":478,"phase":"measure","routing":"none","rows":2,"sample":20,"unique_experts":0}
M5_PROFILE {"context":"77f31e0300","graph":478,"cb":1,"original_nodes":1,"gpu_start_s":92270.367310292,"gpu_end_s":92270.369463625,"gpu_ms":2.153333,"valid":true,"completed":true,"op_counts":{"MUL_MAT":1}}
M5_OP_CALL {"family":"head","graph":479,"phase":"cache-pressure","rows":2}
M5_PROFILE {"context":"77f31e0300","graph":479,"cb":1,"original_nodes":1,"gpu_start_s":92270.369665792,"gpu_end_s":92270.370636667,"gpu_ms":0.970875,"valid":true,"completed":true,"op_counts":{"SQR":1}}
M5_OP_CALL {"cache":"pressure-128MiB","family":"head","graph":480,"phase":"measure","routing":"none","rows":2,"sample":21,"unique_experts":0}
M5_PROFILE {"context":"77f31e0300","graph":480,"cb":1,"original_nodes":1,"gpu_start_s":92270.370833417,"gpu_end_s":92270.373165792,"gpu_ms":2.332375,"valid":true,"completed":true,"op_counts":{"MUL_MAT":1}}
M5_OP_CALL {"family":"head","graph":481,"phase":"cache-pressure","rows":2}
M5_PROFILE {"context":"77f31e0300","graph":481,"cb":1,"original_nodes":1,"gpu_start_s":92270.373399500,"gpu_end_s":92270.374365125,"gpu_ms":0.965625,"valid":true,"completed":true,"op_counts":{"SQR":1}}
M5_OP_CALL {"cache":"pressure-128MiB","family":"head","graph":482,"phase":"measure","routing":"none","rows":2,"sample":22,"unique_experts":0}
M5_PROFILE {"context":"77f31e0300","graph":482,"cb":1,"original_nodes":1,"gpu_start_s":92270.374613500,"gpu_end_s":92270.376761167,"gpu_ms":2.147667,"valid":true,"completed":true,"op_counts":{"MUL_MAT":1}}
M5_OP_CALL {"family":"head","graph":483,"phase":"cache-pressure","rows":2}
M5_PROFILE {"context":"77f31e0300","graph":483,"cb":1,"original_nodes":1,"gpu_start_s":92270.376975750,"gpu_end_s":92270.377939500,"gpu_ms":0.963750,"valid":true,"completed":true,"op_counts":{"SQR":1}}
M5_OP_CALL {"cache":"pressure-128MiB","family":"head","graph":484,"phase":"measure","routing":"none","rows":2,"sample":23,"unique_experts":0}
M5_PROFILE {"context":"77f31e0300","graph":484,"cb":1,"original_nodes":1,"gpu_start_s":92270.378178500,"gpu_end_s":92270.380324292,"gpu_ms":2.145792,"valid":true,"completed":true,"op_counts":{"MUL_MAT":1}}
M5_OP_CALL {"family":"head","graph":485,"phase":"cache-pressure","rows":2}
M5_PROFILE {"context":"77f31e0300","graph":485,"cb":1,"original_nodes":1,"gpu_start_s":92270.380543625,"gpu_end_s":92270.381696375,"gpu_ms":1.152750,"valid":true,"completed":true,"op_counts":{"SQR":1}}
M5_OP_CALL {"cache":"pressure-128MiB","family":"head","graph":486,"phase":"measure","routing":"none","rows":2,"sample":24,"unique_experts":0}
M5_PROFILE {"context":"77f31e0300","graph":486,"cb":1,"original_nodes":1,"gpu_start_s":92270.381888625,"gpu_end_s":92270.384045542,"gpu_ms":2.156917,"valid":true,"completed":true,"op_counts":{"MUL_MAT":1}}
M5_OP_CALL {"family":"head","graph":487,"phase":"cache-pressure","rows":2}
M5_PROFILE {"context":"77f31e0300","graph":487,"cb":1,"original_nodes":1,"gpu_start_s":92270.384342875,"gpu_end_s":92270.385305750,"gpu_ms":0.962875,"valid":true,"completed":true,"op_counts":{"SQR":1}}
M5_OP_CALL {"cache":"pressure-128MiB","family":"head","graph":488,"phase":"measure","routing":"none","rows":2,"sample":25,"unique_experts":0}
M5_PROFILE {"context":"77f31e0300","graph":488,"cb":1,"original_nodes":1,"gpu_start_s":92270.385600292,"gpu_end_s":92270.387747417,"gpu_ms":2.147125,"valid":true,"completed":true,"op_counts":{"MUL_MAT":1}}
M5_OP_CALL {"family":"head","graph":489,"phase":"cache-pressure","rows":2}
M5_PROFILE {"context":"77f31e0300","graph":489,"cb":1,"original_nodes":1,"gpu_start_s":92270.387922500,"gpu_end_s":92270.388898000,"gpu_ms":0.975500,"valid":true,"completed":true,"op_counts":{"SQR":1}}
M5_OP_CALL {"cache":"pressure-128MiB","family":"head","graph":490,"phase":"measure","routing":"none","rows":2,"sample":26,"unique_experts":0}
M5_PROFILE {"context":"77f31e0300","graph":490,"cb":1,"original_nodes":1,"gpu_start_s":92270.389107667,"gpu_end_s":92270.391421167,"gpu_ms":2.313500,"valid":true,"completed":true,"op_counts":{"MUL_MAT":1}}
M5_OP_CALL {"family":"head","graph":491,"phase":"cache-pressure","rows":2}
M5_PROFILE {"context":"77f31e0300","graph":491,"cb":1,"original_nodes":1,"gpu_start_s":92270.391682625,"gpu_end_s":92270.392647000,"gpu_ms":0.964375,"valid":true,"completed":true,"op_counts":{"SQR":1}}
M5_OP_CALL {"cache":"pressure-128MiB","family":"head","graph":492,"phase":"measure","routing":"none","rows":2,"sample":27,"unique_experts":0}
M5_PROFILE {"context":"77f31e0300","graph":492,"cb":1,"original_nodes":1,"gpu_start_s":92270.392860125,"gpu_end_s":92270.395014625,"gpu_ms":2.154500,"valid":true,"completed":true,"op_counts":{"MUL_MAT":1}}
M5_OP_CALL {"family":"head","graph":493,"phase":"cache-pressure","rows":2}
M5_PROFILE {"context":"77f31e0300","graph":493,"cb":1,"original_nodes":1,"gpu_start_s":92270.395243000,"gpu_end_s":92270.396220875,"gpu_ms":0.977875,"valid":true,"completed":true,"op_counts":{"SQR":1}}
M5_OP_CALL {"cache":"pressure-128MiB","family":"head","graph":494,"phase":"measure","routing":"none","rows":2,"sample":28,"unique_experts":0}
M5_PROFILE {"context":"77f31e0300","graph":494,"cb":1,"original_nodes":1,"gpu_start_s":92270.396464500,"gpu_end_s":92270.398796000,"gpu_ms":2.331500,"valid":true,"completed":true,"op_counts":{"MUL_MAT":1}}
M5_OP_CALL {"family":"head","graph":495,"phase":"cache-pressure","rows":2}
M5_PROFILE {"context":"77f31e0300","graph":495,"cb":1,"original_nodes":1,"gpu_start_s":92270.399031875,"gpu_end_s":92270.399997375,"gpu_ms":0.965500,"valid":true,"completed":true,"op_counts":{"SQR":1}}
M5_OP_CALL {"cache":"pressure-128MiB","family":"head","graph":496,"phase":"measure","routing":"none","rows":2,"sample":29,"unique_experts":0}
M5_PROFILE {"context":"77f31e0300","graph":496,"cb":1,"original_nodes":1,"gpu_start_s":92270.400360750,"gpu_end_s":92270.402509500,"gpu_ms":2.148750,"valid":true,"completed":true,"op_counts":{"MUL_MAT":1}}
M5_OP_CALL {"family":"head","graph":497,"phase":"cache-pressure","rows":2}
M5_PROFILE {"context":"77f31e0300","graph":497,"cb":1,"original_nodes":1,"gpu_start_s":92270.402726000,"gpu_end_s":92270.403691250,"gpu_ms":0.965250,"valid":true,"completed":true,"op_counts":{"SQR":1}}
M5_OP_CALL {"cache":"pressure-128MiB","family":"head","graph":498,"phase":"measure","routing":"none","rows":2,"sample":30,"unique_experts":0}
M5_PROFILE {"context":"77f31e0300","graph":498,"cb":1,"original_nodes":1,"gpu_start_s":92270.403858417,"gpu_end_s":92270.406186000,"gpu_ms":2.327583,"valid":true,"completed":true,"op_counts":{"MUL_MAT":1}}
M5_OP_CALL {"family":"head","graph":499,"phase":"cache-pressure","rows":2}
M5_PROFILE {"context":"77f31e0300","graph":499,"cb":1,"original_nodes":1,"gpu_start_s":92270.406371125,"gpu_end_s":92270.407344542,"gpu_ms":0.973417,"valid":true,"completed":true,"op_counts":{"SQR":1}}
M5_OP_CALL {"cache":"pressure-128MiB","family":"head","graph":500,"phase":"measure","routing":"none","rows":2,"sample":31,"unique_experts":0}
M5_PROFILE {"context":"77f31e0300","graph":500,"cb":1,"original_nodes":1,"gpu_start_s":92270.407570500,"gpu_end_s":92270.409712625,"gpu_ms":2.142125,"valid":true,"completed":true,"op_counts":{"MUL_MAT":1}}
M5_OP_CALL {"family":"head","graph":501,"phase":"cache-pressure","rows":2}
M5_PROFILE {"context":"77f31e0300","graph":501,"cb":1,"original_nodes":1,"gpu_start_s":92270.410001542,"gpu_end_s":92270.410966250,"gpu_ms":0.964708,"valid":true,"completed":true,"op_counts":{"SQR":1}}
M5_OP_CALL {"cache":"pressure-128MiB","family":"head","graph":502,"phase":"measure","routing":"none","rows":2,"sample":32,"unique_experts":0}
M5_PROFILE {"context":"77f31e0300","graph":502,"cb":1,"original_nodes":1,"gpu_start_s":92270.411293167,"gpu_end_s":92270.413442375,"gpu_ms":2.149208,"valid":true,"completed":true,"op_counts":{"MUL_MAT":1}}
M5_OP_CALL {"family":"head","graph":503,"phase":"cache-pressure","rows":2}
M5_PROFILE {"context":"77f31e0300","graph":503,"cb":1,"original_nodes":1,"gpu_start_s":92270.413657375,"gpu_end_s":92270.414808875,"gpu_ms":1.151500,"valid":true,"completed":true,"op_counts":{"SQR":1}}
M5_OP_CALL {"cache":"pressure-128MiB","family":"head","graph":504,"phase":"measure","routing":"none","rows":2,"sample":33,"unique_experts":0}
M5_PROFILE {"context":"77f31e0300","graph":504,"cb":1,"original_nodes":1,"gpu_start_s":92270.414990917,"gpu_end_s":92270.417133750,"gpu_ms":2.142833,"valid":true,"completed":true,"op_counts":{"MUL_MAT":1}}
M5_OP_CALL {"family":"head","graph":505,"phase":"cache-pressure","rows":2}
M5_PROFILE {"context":"77f31e0300","graph":505,"cb":1,"original_nodes":1,"gpu_start_s":92270.417324750,"gpu_end_s":92270.418289000,"gpu_ms":0.964250,"valid":true,"completed":true,"op_counts":{"SQR":1}}
M5_OP_CALL {"cache":"pressure-128MiB","family":"head","graph":506,"phase":"measure","routing":"none","rows":2,"sample":34,"unique_experts":0}
M5_PROFILE {"context":"77f31e0300","graph":506,"cb":1,"original_nodes":1,"gpu_start_s":92270.418525250,"gpu_end_s":92270.420667042,"gpu_ms":2.141792,"valid":true,"completed":true,"op_counts":{"MUL_MAT":1}}
M5_OP_CALL {"family":"head","graph":507,"phase":"cache-pressure","rows":2}
M5_PROFILE {"context":"77f31e0300","graph":507,"cb":1,"original_nodes":1,"gpu_start_s":92270.420889625,"gpu_end_s":92270.421868292,"gpu_ms":0.978667,"valid":true,"completed":true,"op_counts":{"SQR":1}}
M5_OP_CALL {"cache":"pressure-128MiB","family":"head","graph":508,"phase":"measure","routing":"none","rows":2,"sample":35,"unique_experts":0}
M5_PROFILE {"context":"77f31e0300","graph":508,"cb":1,"original_nodes":1,"gpu_start_s":92270.422052667,"gpu_end_s":92270.424383375,"gpu_ms":2.330708,"valid":true,"completed":true,"op_counts":{"MUL_MAT":1}}
M5_OP_CALL {"family":"head","graph":509,"phase":"cache-pressure","rows":2}
M5_PROFILE {"context":"77f31e0300","graph":509,"cb":1,"original_nodes":1,"gpu_start_s":92270.424593042,"gpu_end_s":92270.425577000,"gpu_ms":0.983958,"valid":true,"completed":true,"op_counts":{"SQR":1}}
M5_OP_CALL {"cache":"pressure-128MiB","family":"head","graph":510,"phase":"measure","routing":"none","rows":2,"sample":36,"unique_experts":0}
M5_PROFILE {"context":"77f31e0300","graph":510,"cb":1,"original_nodes":1,"gpu_start_s":92270.425771667,"gpu_end_s":92270.427922000,"gpu_ms":2.150333,"valid":true,"completed":true,"op_counts":{"MUL_MAT":1}}
M5_OP_CALL {"family":"head","graph":511,"phase":"cache-pressure","rows":2}
M5_PROFILE {"context":"77f31e0300","graph":511,"cb":1,"original_nodes":1,"gpu_start_s":92270.428131792,"gpu_end_s":92270.429101042,"gpu_ms":0.969250,"valid":true,"completed":true,"op_counts":{"SQR":1}}
M5_OP_CALL {"cache":"pressure-128MiB","family":"head","graph":512,"phase":"measure","routing":"none","rows":2,"sample":37,"unique_experts":0}
M5_PROFILE {"context":"77f31e0300","graph":512,"cb":1,"original_nodes":1,"gpu_start_s":92270.429333667,"gpu_end_s":92270.431673417,"gpu_ms":2.339750,"valid":true,"completed":true,"op_counts":{"MUL_MAT":1}}
M5_OP_CALL {"family":"head","graph":513,"phase":"cache-pressure","rows":2}
M5_PROFILE {"context":"77f31e0300","graph":513,"cb":1,"original_nodes":1,"gpu_start_s":92270.431927750,"gpu_end_s":92270.432895250,"gpu_ms":0.967500,"valid":true,"completed":true,"op_counts":{"SQR":1}}
M5_OP_CALL {"cache":"pressure-128MiB","family":"head","graph":514,"phase":"measure","routing":"none","rows":2,"sample":38,"unique_experts":0}
M5_PROFILE {"context":"77f31e0300","graph":514,"cb":1,"original_nodes":1,"gpu_start_s":92270.433086875,"gpu_end_s":92270.435236375,"gpu_ms":2.149500,"valid":true,"completed":true,"op_counts":{"MUL_MAT":1}}
M5_OP_CALL {"family":"head","graph":515,"phase":"cache-pressure","rows":2}
M5_PROFILE {"context":"77f31e0300","graph":515,"cb":1,"original_nodes":1,"gpu_start_s":92270.435417250,"gpu_end_s":92270.436378542,"gpu_ms":0.961292,"valid":true,"completed":true,"op_counts":{"SQR":1}}
M5_OP_CALL {"cache":"pressure-128MiB","family":"head","graph":516,"phase":"measure","routing":"none","rows":2,"sample":39,"unique_experts":0}
M5_PROFILE {"context":"77f31e0300","graph":516,"cb":1,"original_nodes":1,"gpu_start_s":92270.436621375,"gpu_end_s":92270.438770042,"gpu_ms":2.148667,"valid":true,"completed":true,"op_counts":{"MUL_MAT":1}}
M5_OP_CALL {"cache":"unflushed","family":"head","graph":517,"phase":"warmup","routing":"none","rows":1,"sample":-3,"unique_experts":0}
ggml_metal_library_compile_pipeline: compiling pipeline: base = 'kernel_mul_mv_q5_K_f32', name = 'kernel_mul_mv_q5_K_f32_nsg=2_ne12=1_r2=1_r3=1_split=0'
ggml_metal_library_compile_pipeline: loaded kernel_mul_mv_q5_K_f32_nsg=2_ne12=1_r2=1_r3=1_split=0     0x77f3240000 | th_max = 1024 | th_width =   32
M5_PROFILE {"context":"77f31e0300","graph":517,"cb":1,"original_nodes":1,"gpu_start_s":92270.439172750,"gpu_end_s":92270.440688917,"gpu_ms":1.516167,"valid":true,"completed":true,"op_counts":{"MUL_MAT":1}}
M5_OP_CALL {"cache":"unflushed","family":"head","graph":518,"phase":"warmup","routing":"none","rows":1,"sample":-2,"unique_experts":0}
M5_PROFILE {"context":"77f31e0300","graph":518,"cb":1,"original_nodes":1,"gpu_start_s":92270.440919875,"gpu_end_s":92270.442435750,"gpu_ms":1.515875,"valid":true,"completed":true,"op_counts":{"MUL_MAT":1}}
M5_OP_CALL {"cache":"unflushed","family":"head","graph":519,"phase":"warmup","routing":"none","rows":1,"sample":-1,"unique_experts":0}
M5_PROFILE {"context":"77f31e0300","graph":519,"cb":1,"original_nodes":1,"gpu_start_s":92270.442738125,"gpu_end_s":92270.444261875,"gpu_ms":1.523750,"valid":true,"completed":true,"op_counts":{"MUL_MAT":1}}
M5_OP_CALL {"cache":"unflushed","family":"head","graph":520,"phase":"measure","routing":"none","rows":1,"sample":0,"unique_experts":0}
M5_PROFILE {"context":"77f31e0300","graph":520,"cb":1,"original_nodes":1,"gpu_start_s":92270.444512292,"gpu_end_s":92270.446047250,"gpu_ms":1.534958,"valid":true,"completed":true,"op_counts":{"MUL_MAT":1}}
M5_OP_CALL {"cache":"unflushed","family":"head","graph":521,"phase":"measure","routing":"none","rows":1,"sample":1,"unique_experts":0}
M5_PROFILE {"context":"77f31e0300","graph":521,"cb":1,"original_nodes":1,"gpu_start_s":92270.446284125,"gpu_end_s":92270.447998667,"gpu_ms":1.714542,"valid":true,"completed":true,"op_counts":{"MUL_MAT":1}}
M5_OP_CALL {"cache":"unflushed","family":"head","graph":522,"phase":"measure","routing":"none","rows":1,"sample":2,"unique_experts":0}
M5_PROFILE {"context":"77f31e0300","graph":522,"cb":1,"original_nodes":1,"gpu_start_s":92270.448287750,"gpu_end_s":92270.449789500,"gpu_ms":1.501750,"valid":true,"completed":true,"op_counts":{"MUL_MAT":1}}
M5_OP_CALL {"cache":"unflushed","family":"head","graph":523,"phase":"measure","routing":"none","rows":1,"sample":3,"unique_experts":0}
M5_PROFILE {"context":"77f31e0300","graph":523,"cb":1,"original_nodes":1,"gpu_start_s":92270.449970667,"gpu_end_s":92270.451490875,"gpu_ms":1.520208,"valid":true,"completed":true,"op_counts":{"MUL_MAT":1}}
M5_OP_CALL {"cache":"unflushed","family":"head","graph":524,"phase":"measure","routing":"none","rows":1,"sample":4,"unique_experts":0}
M5_PROFILE {"context":"77f31e0300","graph":524,"cb":1,"original_nodes":1,"gpu_start_s":92270.451781917,"gpu_end_s":92270.453289375,"gpu_ms":1.507458,"valid":true,"completed":true,"op_counts":{"MUL_MAT":1}}
M5_OP_CALL {"cache":"unflushed","family":"head","graph":525,"phase":"measure","routing":"none","rows":1,"sample":5,"unique_experts":0}
M5_PROFILE {"context":"77f31e0300","graph":525,"cb":1,"original_nodes":1,"gpu_start_s":92270.453504125,"gpu_end_s":92270.455037167,"gpu_ms":1.533042,"valid":true,"completed":true,"op_counts":{"MUL_MAT":1}}
M5_OP_CALL {"cache":"unflushed","family":"head","graph":526,"phase":"measure","routing":"none","rows":1,"sample":6,"unique_experts":0}
M5_PROFILE {"context":"77f31e0300","graph":526,"cb":1,"original_nodes":1,"gpu_start_s":92270.455196417,"gpu_end_s":92270.456911625,"gpu_ms":1.715208,"valid":true,"completed":true,"op_counts":{"MUL_MAT":1}}
M5_OP_CALL {"cache":"unflushed","family":"head","graph":527,"phase":"measure","routing":"none","rows":1,"sample":7,"unique_experts":0}
M5_PROFILE {"context":"77f31e0300","graph":527,"cb":1,"original_nodes":1,"gpu_start_s":92270.457191667,"gpu_end_s":92270.458709000,"gpu_ms":1.517333,"valid":true,"completed":true,"op_counts":{"MUL_MAT":1}}
M5_OP_CALL {"cache":"unflushed","family":"head","graph":528,"phase":"measure","routing":"none","rows":1,"sample":8,"unique_experts":0}
M5_PROFILE {"context":"77f31e0300","graph":528,"cb":1,"original_nodes":1,"gpu_start_s":92270.458880875,"gpu_end_s":92270.460384875,"gpu_ms":1.504000,"valid":true,"completed":true,"op_counts":{"MUL_MAT":1}}
M5_OP_CALL {"cache":"unflushed","family":"head","graph":529,"phase":"measure","routing":"none","rows":1,"sample":9,"unique_experts":0}
M5_PROFILE {"context":"77f31e0300","graph":529,"cb":1,"original_nodes":1,"gpu_start_s":92270.460612500,"gpu_end_s":92270.462119542,"gpu_ms":1.507042,"valid":true,"completed":true,"op_counts":{"MUL_MAT":1}}
M5_OP_CALL {"cache":"unflushed","family":"head","graph":530,"phase":"measure","routing":"none","rows":1,"sample":10,"unique_experts":0}
M5_PROFILE {"context":"77f31e0300","graph":530,"cb":1,"original_nodes":1,"gpu_start_s":92270.462350875,"gpu_end_s":92270.464082625,"gpu_ms":1.731750,"valid":true,"completed":true,"op_counts":{"MUL_MAT":1}}
M5_OP_CALL {"cache":"unflushed","family":"head","graph":531,"phase":"measure","routing":"none","rows":1,"sample":11,"unique_experts":0}
M5_PROFILE {"context":"77f31e0300","graph":531,"cb":1,"original_nodes":1,"gpu_start_s":92270.464317500,"gpu_end_s":92270.465831792,"gpu_ms":1.514292,"valid":true,"completed":true,"op_counts":{"MUL_MAT":1}}
M5_OP_CALL {"cache":"unflushed","family":"head","graph":532,"phase":"measure","routing":"none","rows":1,"sample":12,"unique_experts":0}
M5_PROFILE {"context":"77f31e0300","graph":532,"cb":1,"original_nodes":1,"gpu_start_s":92270.466005375,"gpu_end_s":92270.467520625,"gpu_ms":1.515250,"valid":true,"completed":true,"op_counts":{"MUL_MAT":1}}
M5_OP_CALL {"cache":"unflushed","family":"head","graph":533,"phase":"measure","routing":"none","rows":1,"sample":13,"unique_experts":0}
M5_PROFILE {"context":"77f31e0300","graph":533,"cb":1,"original_nodes":1,"gpu_start_s":92270.467747625,"gpu_end_s":92270.469255250,"gpu_ms":1.507625,"valid":true,"completed":true,"op_counts":{"MUL_MAT":1}}
M5_OP_CALL {"cache":"unflushed","family":"head","graph":534,"phase":"measure","routing":"none","rows":1,"sample":14,"unique_experts":0}
M5_PROFILE {"context":"77f31e0300","graph":534,"cb":1,"original_nodes":1,"gpu_start_s":92270.469418792,"gpu_end_s":92270.470940375,"gpu_ms":1.521583,"valid":true,"completed":true,"op_counts":{"MUL_MAT":1}}
M5_OP_CALL {"cache":"unflushed","family":"head","graph":535,"phase":"measure","routing":"none","rows":1,"sample":15,"unique_experts":0}
M5_PROFILE {"context":"77f31e0300","graph":535,"cb":1,"original_nodes":1,"gpu_start_s":92270.471172250,"gpu_end_s":92270.472892125,"gpu_ms":1.719875,"valid":true,"completed":true,"op_counts":{"MUL_MAT":1}}
M5_OP_CALL {"cache":"unflushed","family":"head","graph":536,"phase":"measure","routing":"none","rows":1,"sample":16,"unique_experts":0}
M5_PROFILE {"context":"77f31e0300","graph":536,"cb":1,"original_nodes":1,"gpu_start_s":92270.473119625,"gpu_end_s":92270.474625625,"gpu_ms":1.506000,"valid":true,"completed":true,"op_counts":{"MUL_MAT":1}}
M5_OP_CALL {"cache":"unflushed","family":"head","graph":537,"phase":"measure","routing":"none","rows":1,"sample":17,"unique_experts":0}
M5_PROFILE {"context":"77f31e0300","graph":537,"cb":1,"original_nodes":1,"gpu_start_s":92270.474866500,"gpu_end_s":92270.476379667,"gpu_ms":1.513167,"valid":true,"completed":true,"op_counts":{"MUL_MAT":1}}
M5_OP_CALL {"cache":"unflushed","family":"head","graph":538,"phase":"measure","routing":"none","rows":1,"sample":18,"unique_experts":0}
M5_PROFILE {"context":"77f31e0300","graph":538,"cb":1,"original_nodes":1,"gpu_start_s":92270.476607917,"gpu_end_s":92270.478113667,"gpu_ms":1.505750,"valid":true,"completed":true,"op_counts":{"MUL_MAT":1}}
M5_OP_CALL {"cache":"unflushed","family":"head","graph":539,"phase":"measure","routing":"none","rows":1,"sample":19,"unique_experts":0}
M5_PROFILE {"context":"77f31e0300","graph":539,"cb":1,"original_nodes":1,"gpu_start_s":92270.478351625,"gpu_end_s":92270.479878625,"gpu_ms":1.527000,"valid":true,"completed":true,"op_counts":{"MUL_MAT":1}}
M5_OP_CALL {"cache":"unflushed","family":"head","graph":540,"phase":"measure","routing":"none","rows":1,"sample":20,"unique_experts":0}
M5_PROFILE {"context":"77f31e0300","graph":540,"cb":1,"original_nodes":1,"gpu_start_s":92270.480101375,"gpu_end_s":92270.481816167,"gpu_ms":1.714792,"valid":true,"completed":true,"op_counts":{"MUL_MAT":1}}
M5_OP_CALL {"cache":"unflushed","family":"head","graph":541,"phase":"measure","routing":"none","rows":1,"sample":21,"unique_experts":0}
M5_PROFILE {"context":"77f31e0300","graph":541,"cb":1,"original_nodes":1,"gpu_start_s":92270.482047875,"gpu_end_s":92270.483560125,"gpu_ms":1.512250,"valid":true,"completed":true,"op_counts":{"MUL_MAT":1}}
M5_OP_CALL {"cache":"unflushed","family":"head","graph":542,"phase":"measure","routing":"none","rows":1,"sample":22,"unique_experts":0}
M5_PROFILE {"context":"77f31e0300","graph":542,"cb":1,"original_nodes":1,"gpu_start_s":92270.483781625,"gpu_end_s":92270.485286625,"gpu_ms":1.505000,"valid":true,"completed":true,"op_counts":{"MUL_MAT":1}}
M5_OP_CALL {"cache":"unflushed","family":"head","graph":543,"phase":"measure","routing":"none","rows":1,"sample":23,"unique_experts":0}
M5_PROFILE {"context":"77f31e0300","graph":543,"cb":1,"original_nodes":1,"gpu_start_s":92270.485520375,"gpu_end_s":92270.487034917,"gpu_ms":1.514542,"valid":true,"completed":true,"op_counts":{"MUL_MAT":1}}
M5_OP_CALL {"cache":"unflushed","family":"head","graph":544,"phase":"measure","routing":"none","rows":1,"sample":24,"unique_experts":0}
M5_PROFILE {"context":"77f31e0300","graph":544,"cb":1,"original_nodes":1,"gpu_start_s":92270.487215375,"gpu_end_s":92270.488750250,"gpu_ms":1.534875,"valid":true,"completed":true,"op_counts":{"MUL_MAT":1}}
M5_OP_CALL {"cache":"unflushed","family":"head","graph":545,"phase":"measure","routing":"none","rows":1,"sample":25,"unique_experts":0}
M5_PROFILE {"context":"77f31e0300","graph":545,"cb":1,"original_nodes":1,"gpu_start_s":92270.488985750,"gpu_end_s":92270.490687167,"gpu_ms":1.701417,"valid":true,"completed":true,"op_counts":{"MUL_MAT":1}}
M5_OP_CALL {"cache":"unflushed","family":"head","graph":546,"phase":"measure","routing":"none","rows":1,"sample":26,"unique_experts":0}
M5_PROFILE {"context":"77f31e0300","graph":546,"cb":1,"original_nodes":1,"gpu_start_s":92270.490909875,"gpu_end_s":92270.492424375,"gpu_ms":1.514500,"valid":true,"completed":true,"op_counts":{"MUL_MAT":1}}
M5_OP_CALL {"cache":"unflushed","family":"head","graph":547,"phase":"measure","routing":"none","rows":1,"sample":27,"unique_experts":0}
M5_PROFILE {"context":"77f31e0300","graph":547,"cb":1,"original_nodes":1,"gpu_start_s":92270.492648042,"gpu_end_s":92270.494167125,"gpu_ms":1.519083,"valid":true,"completed":true,"op_counts":{"MUL_MAT":1}}
M5_OP_CALL {"cache":"unflushed","family":"head","graph":548,"phase":"measure","routing":"none","rows":1,"sample":28,"unique_experts":0}
M5_PROFILE {"context":"77f31e0300","graph":548,"cb":1,"original_nodes":1,"gpu_start_s":92270.494372125,"gpu_end_s":92270.495886042,"gpu_ms":1.513917,"valid":true,"completed":true,"op_counts":{"MUL_MAT":1}}
M5_OP_CALL {"cache":"unflushed","family":"head","graph":549,"phase":"measure","routing":"none","rows":1,"sample":29,"unique_experts":0}
M5_PROFILE {"context":"77f31e0300","graph":549,"cb":1,"original_nodes":1,"gpu_start_s":92270.496105000,"gpu_end_s":92270.497827625,"gpu_ms":1.722625,"valid":true,"completed":true,"op_counts":{"MUL_MAT":1}}
M5_OP_CALL {"cache":"unflushed","family":"head","graph":550,"phase":"measure","routing":"none","rows":1,"sample":30,"unique_experts":0}
M5_PROFILE {"context":"77f31e0300","graph":550,"cb":1,"original_nodes":1,"gpu_start_s":92270.498028625,"gpu_end_s":92270.499576250,"gpu_ms":1.547625,"valid":true,"completed":true,"op_counts":{"MUL_MAT":1}}
M5_OP_CALL {"cache":"unflushed","family":"head","graph":551,"phase":"measure","routing":"none","rows":1,"sample":31,"unique_experts":0}
M5_PROFILE {"context":"77f31e0300","graph":551,"cb":1,"original_nodes":1,"gpu_start_s":92270.499751875,"gpu_end_s":92270.501323542,"gpu_ms":1.571667,"valid":true,"completed":true,"op_counts":{"MUL_MAT":1}}
M5_OP_CALL {"cache":"unflushed","family":"head","graph":552,"phase":"measure","routing":"none","rows":1,"sample":32,"unique_experts":0}
M5_PROFILE {"context":"77f31e0300","graph":552,"cb":1,"original_nodes":1,"gpu_start_s":92270.501501792,"gpu_end_s":92270.503009042,"gpu_ms":1.507250,"valid":true,"completed":true,"op_counts":{"MUL_MAT":1}}
M5_OP_CALL {"cache":"unflushed","family":"head","graph":553,"phase":"measure","routing":"none","rows":1,"sample":33,"unique_experts":0}
M5_PROFILE {"context":"77f31e0300","graph":553,"cb":1,"original_nodes":1,"gpu_start_s":92270.503271917,"gpu_end_s":92270.504810792,"gpu_ms":1.538875,"valid":true,"completed":true,"op_counts":{"MUL_MAT":1}}
M5_OP_CALL {"cache":"unflushed","family":"head","graph":554,"phase":"measure","routing":"none","rows":1,"sample":34,"unique_experts":0}
M5_PROFILE {"context":"77f31e0300","graph":554,"cb":1,"original_nodes":1,"gpu_start_s":92270.505019292,"gpu_end_s":92270.506748250,"gpu_ms":1.728958,"valid":true,"completed":true,"op_counts":{"MUL_MAT":1}}
M5_OP_CALL {"cache":"unflushed","family":"head","graph":555,"phase":"measure","routing":"none","rows":1,"sample":35,"unique_experts":0}
M5_PROFILE {"context":"77f31e0300","graph":555,"cb":1,"original_nodes":1,"gpu_start_s":92270.506968625,"gpu_end_s":92270.508482875,"gpu_ms":1.514250,"valid":true,"completed":true,"op_counts":{"MUL_MAT":1}}
M5_OP_CALL {"cache":"unflushed","family":"head","graph":556,"phase":"measure","routing":"none","rows":1,"sample":36,"unique_experts":0}
M5_PROFILE {"context":"77f31e0300","graph":556,"cb":1,"original_nodes":1,"gpu_start_s":92270.508709792,"gpu_end_s":92270.510238500,"gpu_ms":1.528708,"valid":true,"completed":true,"op_counts":{"MUL_MAT":1}}
M5_OP_CALL {"cache":"unflushed","family":"head","graph":557,"phase":"measure","routing":"none","rows":1,"sample":37,"unique_experts":0}
M5_PROFILE {"context":"77f31e0300","graph":557,"cb":1,"original_nodes":1,"gpu_start_s":92270.510470417,"gpu_end_s":92270.511980875,"gpu_ms":1.510458,"valid":true,"completed":true,"op_counts":{"MUL_MAT":1}}
M5_OP_CALL {"cache":"unflushed","family":"head","graph":558,"phase":"measure","routing":"none","rows":1,"sample":38,"unique_experts":0}
M5_PROFILE {"context":"77f31e0300","graph":558,"cb":1,"original_nodes":1,"gpu_start_s":92270.512166250,"gpu_end_s":92270.513702625,"gpu_ms":1.536375,"valid":true,"completed":true,"op_counts":{"MUL_MAT":1}}
M5_OP_CALL {"cache":"unflushed","family":"head","graph":559,"phase":"measure","routing":"none","rows":1,"sample":39,"unique_experts":0}
M5_PROFILE {"context":"77f31e0300","graph":559,"cb":1,"original_nodes":1,"gpu_start_s":92270.513906125,"gpu_end_s":92270.515613125,"gpu_ms":1.707000,"valid":true,"completed":true,"op_counts":{"MUL_MAT":1}}
M5_OP_CALL {"family":"head","graph":560,"phase":"cache-pressure","rows":1}
M5_PROFILE {"context":"77f31e0300","graph":560,"cb":1,"original_nodes":1,"gpu_start_s":92270.515838125,"gpu_end_s":92270.516810750,"gpu_ms":0.972625,"valid":true,"completed":true,"op_counts":{"SQR":1}}
M5_OP_CALL {"cache":"pressure-128MiB","family":"head","graph":561,"phase":"warmup","routing":"none","rows":1,"sample":-3,"unique_experts":0}
M5_PROFILE {"context":"77f31e0300","graph":561,"cb":1,"original_nodes":1,"gpu_start_s":92270.517077250,"gpu_end_s":92270.518603000,"gpu_ms":1.525750,"valid":true,"completed":true,"op_counts":{"MUL_MAT":1}}
M5_OP_CALL {"family":"head","graph":562,"phase":"cache-pressure","rows":1}
M5_PROFILE {"context":"77f31e0300","graph":562,"cb":1,"original_nodes":1,"gpu_start_s":92270.518757625,"gpu_end_s":92270.519735125,"gpu_ms":0.977500,"valid":true,"completed":true,"op_counts":{"SQR":1}}
M5_OP_CALL {"cache":"pressure-128MiB","family":"head","graph":563,"phase":"warmup","routing":"none","rows":1,"sample":-2,"unique_experts":0}
M5_PROFILE {"context":"77f31e0300","graph":563,"cb":1,"original_nodes":1,"gpu_start_s":92270.519971917,"gpu_end_s":92270.521517042,"gpu_ms":1.545125,"valid":true,"completed":true,"op_counts":{"MUL_MAT":1}}
M5_OP_CALL {"family":"head","graph":564,"phase":"cache-pressure","rows":1}
M5_PROFILE {"context":"77f31e0300","graph":564,"cb":1,"original_nodes":1,"gpu_start_s":92270.521713917,"gpu_end_s":92270.522691792,"gpu_ms":0.977875,"valid":true,"completed":true,"op_counts":{"SQR":1}}
M5_OP_CALL {"cache":"pressure-128MiB","family":"head","graph":565,"phase":"warmup","routing":"none","rows":1,"sample":-1,"unique_experts":0}
M5_PROFILE {"context":"77f31e0300","graph":565,"cb":1,"original_nodes":1,"gpu_start_s":92270.522941250,"gpu_end_s":92270.524462500,"gpu_ms":1.521250,"valid":true,"completed":true,"op_counts":{"MUL_MAT":1}}
M5_OP_CALL {"family":"head","graph":566,"phase":"cache-pressure","rows":1}
M5_PROFILE {"context":"77f31e0300","graph":566,"cb":1,"original_nodes":1,"gpu_start_s":92270.524630750,"gpu_end_s":92270.525606875,"gpu_ms":0.976125,"valid":true,"completed":true,"op_counts":{"SQR":1}}
M5_OP_CALL {"cache":"pressure-128MiB","family":"head","graph":567,"phase":"measure","routing":"none","rows":1,"sample":0,"unique_experts":0}
M5_PROFILE {"context":"77f31e0300","graph":567,"cb":1,"original_nodes":1,"gpu_start_s":92270.525902375,"gpu_end_s":92270.527429042,"gpu_ms":1.526667,"valid":true,"completed":true,"op_counts":{"MUL_MAT":1}}
M5_OP_CALL {"family":"head","graph":568,"phase":"cache-pressure","rows":1}
M5_PROFILE {"context":"77f31e0300","graph":568,"cb":1,"original_nodes":1,"gpu_start_s":92270.527718000,"gpu_end_s":92270.528687750,"gpu_ms":0.969750,"valid":true,"completed":true,"op_counts":{"SQR":1}}
M5_OP_CALL {"cache":"pressure-128MiB","family":"head","graph":569,"phase":"measure","routing":"none","rows":1,"sample":1,"unique_experts":0}
M5_PROFILE {"context":"77f31e0300","graph":569,"cb":1,"original_nodes":1,"gpu_start_s":92270.528917625,"gpu_end_s":92270.530463625,"gpu_ms":1.546000,"valid":true,"completed":true,"op_counts":{"MUL_MAT":1}}
M5_OP_CALL {"family":"head","graph":570,"phase":"cache-pressure","rows":1}
M5_PROFILE {"context":"77f31e0300","graph":570,"cb":1,"original_nodes":1,"gpu_start_s":92270.530630917,"gpu_end_s":92270.531784542,"gpu_ms":1.153625,"valid":true,"completed":true,"op_counts":{"SQR":1}}
M5_OP_CALL {"cache":"pressure-128MiB","family":"head","graph":571,"phase":"measure","routing":"none","rows":1,"sample":2,"unique_experts":0}
M5_PROFILE {"context":"77f31e0300","graph":571,"cb":1,"original_nodes":1,"gpu_start_s":92270.531952375,"gpu_end_s":92270.533482375,"gpu_ms":1.530000,"valid":true,"completed":true,"op_counts":{"MUL_MAT":1}}
M5_OP_CALL {"family":"head","graph":572,"phase":"cache-pressure","rows":1}
M5_PROFILE {"context":"77f31e0300","graph":572,"cb":1,"original_nodes":1,"gpu_start_s":92270.533684875,"gpu_end_s":92270.534661000,"gpu_ms":0.976125,"valid":true,"completed":true,"op_counts":{"SQR":1}}
M5_OP_CALL {"cache":"pressure-128MiB","family":"head","graph":573,"phase":"measure","routing":"none","rows":1,"sample":3,"unique_experts":0}
M5_PROFILE {"context":"77f31e0300","graph":573,"cb":1,"original_nodes":1,"gpu_start_s":92270.534881750,"gpu_end_s":92270.536424125,"gpu_ms":1.542375,"valid":true,"completed":true,"op_counts":{"MUL_MAT":1}}
M5_OP_CALL {"family":"head","graph":574,"phase":"cache-pressure","rows":1}
M5_PROFILE {"context":"77f31e0300","graph":574,"cb":1,"original_nodes":1,"gpu_start_s":92270.536590000,"gpu_end_s":92270.537572250,"gpu_ms":0.982250,"valid":true,"completed":true,"op_counts":{"SQR":1}}
M5_OP_CALL {"cache":"pressure-128MiB","family":"head","graph":575,"phase":"measure","routing":"none","rows":1,"sample":4,"unique_experts":0}
M5_PROFILE {"context":"77f31e0300","graph":575,"cb":1,"original_nodes":1,"gpu_start_s":92270.537808667,"gpu_end_s":92270.539547875,"gpu_ms":1.739208,"valid":true,"completed":true,"op_counts":{"MUL_MAT":1}}
M5_OP_CALL {"family":"head","graph":576,"phase":"cache-pressure","rows":1}
M5_PROFILE {"context":"77f31e0300","graph":576,"cb":1,"original_nodes":1,"gpu_start_s":92270.539754750,"gpu_end_s":92270.540738875,"gpu_ms":0.984125,"valid":true,"completed":true,"op_counts":{"SQR":1}}
M5_OP_CALL {"cache":"pressure-128MiB","family":"head","graph":577,"phase":"measure","routing":"none","rows":1,"sample":5,"unique_experts":0}
M5_PROFILE {"context":"77f31e0300","graph":577,"cb":1,"original_nodes":1,"gpu_start_s":92270.540963917,"gpu_end_s":92270.542494875,"gpu_ms":1.530958,"valid":true,"completed":true,"op_counts":{"MUL_MAT":1}}
M5_OP_CALL {"family":"head","graph":578,"phase":"cache-pressure","rows":1}
M5_PROFILE {"context":"77f31e0300","graph":578,"cb":1,"original_nodes":1,"gpu_start_s":92270.542671250,"gpu_end_s":92270.543640417,"gpu_ms":0.969167,"valid":true,"completed":true,"op_counts":{"SQR":1}}
M5_OP_CALL {"cache":"pressure-128MiB","family":"head","graph":579,"phase":"measure","routing":"none","rows":1,"sample":6,"unique_experts":0}
M5_PROFILE {"context":"77f31e0300","graph":579,"cb":1,"original_nodes":1,"gpu_start_s":92270.543862375,"gpu_end_s":92270.545414375,"gpu_ms":1.552000,"valid":true,"completed":true,"op_counts":{"MUL_MAT":1}}
M5_OP_CALL {"family":"head","graph":580,"phase":"cache-pressure","rows":1}
M5_PROFILE {"context":"77f31e0300","graph":580,"cb":1,"original_nodes":1,"gpu_start_s":92270.545576125,"gpu_end_s":92270.546563375,"gpu_ms":0.987250,"valid":true,"completed":true,"op_counts":{"SQR":1}}
M5_OP_CALL {"cache":"pressure-128MiB","family":"head","graph":581,"phase":"measure","routing":"none","rows":1,"sample":7,"unique_experts":0}
M5_PROFILE {"context":"77f31e0300","graph":581,"cb":1,"original_nodes":1,"gpu_start_s":92270.546794750,"gpu_end_s":92270.548532167,"gpu_ms":1.737417,"valid":true,"completed":true,"op_counts":{"MUL_MAT":1}}
M5_OP_CALL {"family":"head","graph":582,"phase":"cache-pressure","rows":1}
M5_PROFILE {"context":"77f31e0300","graph":582,"cb":1,"original_nodes":1,"gpu_start_s":92270.548767125,"gpu_end_s":92270.549735625,"gpu_ms":0.968500,"valid":true,"completed":true,"op_counts":{"SQR":1}}
M5_OP_CALL {"cache":"pressure-128MiB","family":"head","graph":583,"phase":"measure","routing":"none","rows":1,"sample":8,"unique_experts":0}
M5_PROFILE {"context":"77f31e0300","graph":583,"cb":1,"original_nodes":1,"gpu_start_s":92270.549977000,"gpu_end_s":92270.551508375,"gpu_ms":1.531375,"valid":true,"completed":true,"op_counts":{"MUL_MAT":1}}
M5_OP_CALL {"family":"head","graph":584,"phase":"cache-pressure","rows":1}
M5_PROFILE {"context":"77f31e0300","graph":584,"cb":1,"original_nodes":1,"gpu_start_s":92270.551794125,"gpu_end_s":92270.552768500,"gpu_ms":0.974375,"valid":true,"completed":true,"op_counts":{"SQR":1}}
M5_OP_CALL {"cache":"pressure-128MiB","family":"head","graph":585,"phase":"measure","routing":"none","rows":1,"sample":9,"unique_experts":0}
M5_PROFILE {"context":"77f31e0300","graph":585,"cb":1,"original_nodes":1,"gpu_start_s":92270.552985250,"gpu_end_s":92270.554527750,"gpu_ms":1.542500,"valid":true,"completed":true,"op_counts":{"MUL_MAT":1}}
M5_OP_CALL {"family":"head","graph":586,"phase":"cache-pressure","rows":1}
M5_PROFILE {"context":"77f31e0300","graph":586,"cb":1,"original_nodes":1,"gpu_start_s":92270.554688292,"gpu_end_s":92270.555671750,"gpu_ms":0.983458,"valid":true,"completed":true,"op_counts":{"SQR":1}}
M5_OP_CALL {"cache":"pressure-128MiB","family":"head","graph":587,"phase":"measure","routing":"none","rows":1,"sample":10,"unique_experts":0}
M5_PROFILE {"context":"77f31e0300","graph":587,"cb":1,"original_nodes":1,"gpu_start_s":92270.555826375,"gpu_end_s":92270.557551875,"gpu_ms":1.725500,"valid":true,"completed":true,"op_counts":{"MUL_MAT":1}}
M5_OP_CALL {"family":"head","graph":588,"phase":"cache-pressure","rows":1}
M5_PROFILE {"context":"77f31e0300","graph":588,"cb":1,"original_nodes":1,"gpu_start_s":92270.557779625,"gpu_end_s":92270.558754667,"gpu_ms":0.975042,"valid":true,"completed":true,"op_counts":{"SQR":1}}
M5_OP_CALL {"cache":"pressure-128MiB","family":"head","graph":589,"phase":"measure","routing":"none","rows":1,"sample":11,"unique_experts":0}
M5_PROFILE {"context":"77f31e0300","graph":589,"cb":1,"original_nodes":1,"gpu_start_s":92270.558979292,"gpu_end_s":92270.560500792,"gpu_ms":1.521500,"valid":true,"completed":true,"op_counts":{"MUL_MAT":1}}
M5_OP_CALL {"family":"head","graph":590,"phase":"cache-pressure","rows":1}
M5_PROFILE {"context":"77f31e0300","graph":590,"cb":1,"original_nodes":1,"gpu_start_s":92270.560681750,"gpu_end_s":92270.561652125,"gpu_ms":0.970375,"valid":true,"completed":true,"op_counts":{"SQR":1}}
M5_OP_CALL {"cache":"pressure-128MiB","family":"head","graph":591,"phase":"measure","routing":"none","rows":1,"sample":12,"unique_experts":0}
M5_PROFILE {"context":"77f31e0300","graph":591,"cb":1,"original_nodes":1,"gpu_start_s":92270.561887125,"gpu_end_s":92270.563458750,"gpu_ms":1.571625,"valid":true,"completed":true,"op_counts":{"MUL_MAT":1}}
M5_OP_CALL {"family":"head","graph":592,"phase":"cache-pressure","rows":1}
M5_PROFILE {"context":"77f31e0300","graph":592,"cb":1,"original_nodes":1,"gpu_start_s":92270.563665625,"gpu_end_s":92270.564849750,"gpu_ms":1.184125,"valid":true,"completed":true,"op_counts":{"SQR":1}}
M5_OP_CALL {"cache":"pressure-128MiB","family":"head","graph":593,"phase":"measure","routing":"none","rows":1,"sample":13,"unique_experts":0}
M5_PROFILE {"context":"77f31e0300","graph":593,"cb":1,"original_nodes":1,"gpu_start_s":92270.565022292,"gpu_end_s":92270.566548500,"gpu_ms":1.526208,"valid":true,"completed":true,"op_counts":{"MUL_MAT":1}}
M5_OP_CALL {"family":"head","graph":594,"phase":"cache-pressure","rows":1}
M5_PROFILE {"context":"77f31e0300","graph":594,"cb":1,"original_nodes":1,"gpu_start_s":92270.566777750,"gpu_end_s":92270.567755917,"gpu_ms":0.978167,"valid":true,"completed":true,"op_counts":{"SQR":1}}
M5_OP_CALL {"cache":"pressure-128MiB","family":"head","graph":595,"phase":"measure","routing":"none","rows":1,"sample":14,"unique_experts":0}
M5_PROFILE {"context":"77f31e0300","graph":595,"cb":1,"original_nodes":1,"gpu_start_s":92270.568050500,"gpu_end_s":92270.569569417,"gpu_ms":1.518917,"valid":true,"completed":true,"op_counts":{"MUL_MAT":1}}
M5_OP_CALL {"family":"head","graph":596,"phase":"cache-pressure","rows":1}
M5_PROFILE {"context":"77f31e0300","graph":596,"cb":1,"original_nodes":1,"gpu_start_s":92270.569802750,"gpu_end_s":92270.570775042,"gpu_ms":0.972292,"valid":true,"completed":true,"op_counts":{"SQR":1}}
M5_OP_CALL {"cache":"pressure-128MiB","family":"head","graph":597,"phase":"measure","routing":"none","rows":1,"sample":15,"unique_experts":0}
M5_PROFILE {"context":"77f31e0300","graph":597,"cb":1,"original_nodes":1,"gpu_start_s":92270.571008625,"gpu_end_s":92270.572741125,"gpu_ms":1.732500,"valid":true,"completed":true,"op_counts":{"MUL_MAT":1}}
M5_OP_CALL {"family":"head","graph":598,"phase":"cache-pressure","rows":1}
M5_PROFILE {"context":"77f31e0300","graph":598,"cb":1,"original_nodes":1,"gpu_start_s":92270.572961167,"gpu_end_s":92270.573932042,"gpu_ms":0.970875,"valid":true,"completed":true,"op_counts":{"SQR":1}}
M5_OP_CALL {"cache":"pressure-128MiB","family":"head","graph":599,"phase":"measure","routing":"none","rows":1,"sample":16,"unique_experts":0}
M5_PROFILE {"context":"77f31e0300","graph":599,"cb":1,"original_nodes":1,"gpu_start_s":92270.574170417,"gpu_end_s":92270.575706375,"gpu_ms":1.535958,"valid":true,"completed":true,"op_counts":{"MUL_MAT":1}}
M5_OP_CALL {"family":"head","graph":600,"phase":"cache-pressure","rows":1}
M5_PROFILE {"context":"77f31e0300","graph":600,"cb":1,"original_nodes":1,"gpu_start_s":92270.575889875,"gpu_end_s":92270.576858375,"gpu_ms":0.968500,"valid":true,"completed":true,"op_counts":{"SQR":1}}
M5_OP_CALL {"cache":"pressure-128MiB","family":"head","graph":601,"phase":"measure","routing":"none","rows":1,"sample":17,"unique_experts":0}
M5_PROFILE {"context":"77f31e0300","graph":601,"cb":1,"original_nodes":1,"gpu_start_s":92270.577058667,"gpu_end_s":92270.578581125,"gpu_ms":1.522458,"valid":true,"completed":true,"op_counts":{"MUL_MAT":1}}
M5_OP_CALL {"family":"head","graph":602,"phase":"cache-pressure","rows":1}
M5_PROFILE {"context":"77f31e0300","graph":602,"cb":1,"original_nodes":1,"gpu_start_s":92270.578813167,"gpu_end_s":92270.579794667,"gpu_ms":0.981500,"valid":true,"completed":true,"op_counts":{"SQR":1}}
M5_OP_CALL {"cache":"pressure-128MiB","family":"head","graph":603,"phase":"measure","routing":"none","rows":1,"sample":18,"unique_experts":0}
M5_PROFILE {"context":"77f31e0300","graph":603,"cb":1,"original_nodes":1,"gpu_start_s":92270.579973500,"gpu_end_s":92270.581704500,"gpu_ms":1.731000,"valid":true,"completed":true,"op_counts":{"MUL_MAT":1}}
M5_OP_CALL {"family":"head","graph":604,"phase":"cache-pressure","rows":1}
M5_PROFILE {"context":"77f31e0300","graph":604,"cb":1,"original_nodes":1,"gpu_start_s":92270.581932250,"gpu_end_s":92270.582900792,"gpu_ms":0.968542,"valid":true,"completed":true,"op_counts":{"SQR":1}}
M5_OP_CALL {"cache":"pressure-128MiB","family":"head","graph":605,"phase":"measure","routing":"none","rows":1,"sample":19,"unique_experts":0}
M5_PROFILE {"context":"77f31e0300","graph":605,"cb":1,"original_nodes":1,"gpu_start_s":92270.583191250,"gpu_end_s":92270.584721542,"gpu_ms":1.530292,"valid":true,"completed":true,"op_counts":{"MUL_MAT":1}}
M5_OP_CALL {"family":"head","graph":606,"phase":"cache-pressure","rows":1}
M5_PROFILE {"context":"77f31e0300","graph":606,"cb":1,"original_nodes":1,"gpu_start_s":92270.584975750,"gpu_end_s":92270.585943667,"gpu_ms":0.967917,"valid":true,"completed":true,"op_counts":{"SQR":1}}
M5_OP_CALL {"cache":"pressure-128MiB","family":"head","graph":607,"phase":"measure","routing":"none","rows":1,"sample":20,"unique_experts":0}
M5_PROFILE {"context":"77f31e0300","graph":607,"cb":1,"original_nodes":1,"gpu_start_s":92270.586222500,"gpu_end_s":92270.587761792,"gpu_ms":1.539292,"valid":true,"completed":true,"op_counts":{"MUL_MAT":1}}
M5_OP_CALL {"family":"head","graph":608,"phase":"cache-pressure","rows":1}
M5_PROFILE {"context":"77f31e0300","graph":608,"cb":1,"original_nodes":1,"gpu_start_s":92270.588001500,"gpu_end_s":92270.588979750,"gpu_ms":0.978250,"valid":true,"completed":true,"op_counts":{"SQR":1}}
M5_OP_CALL {"cache":"pressure-128MiB","family":"head","graph":609,"phase":"measure","routing":"none","rows":1,"sample":21,"unique_experts":0}
M5_PROFILE {"context":"77f31e0300","graph":609,"cb":1,"original_nodes":1,"gpu_start_s":92270.589185000,"gpu_end_s":92270.590881292,"gpu_ms":1.696292,"valid":true,"completed":true,"op_counts":{"MUL_MAT":1}}
M5_OP_CALL {"family":"head","graph":610,"phase":"cache-pressure","rows":1}
M5_PROFILE {"context":"77f31e0300","graph":610,"cb":1,"original_nodes":1,"gpu_start_s":92270.591108417,"gpu_end_s":92270.592084375,"gpu_ms":0.975958,"valid":true,"completed":true,"op_counts":{"SQR":1}}
M5_OP_CALL {"cache":"pressure-128MiB","family":"head","graph":611,"phase":"measure","routing":"none","rows":1,"sample":22,"unique_experts":0}
M5_PROFILE {"context":"77f31e0300","graph":611,"cb":1,"original_nodes":1,"gpu_start_s":92270.592295792,"gpu_end_s":92270.593830500,"gpu_ms":1.534708,"valid":true,"completed":true,"op_counts":{"MUL_MAT":1}}
M5_OP_CALL {"family":"head","graph":612,"phase":"cache-pressure","rows":1}
M5_PROFILE {"context":"77f31e0300","graph":612,"cb":1,"original_nodes":1,"gpu_start_s":92270.594081125,"gpu_end_s":92270.595051875,"gpu_ms":0.970750,"valid":true,"completed":true,"op_counts":{"SQR":1}}
M5_OP_CALL {"cache":"pressure-128MiB","family":"head","graph":613,"phase":"measure","routing":"none","rows":1,"sample":23,"unique_experts":0}
M5_PROFILE {"context":"77f31e0300","graph":613,"cb":1,"original_nodes":1,"gpu_start_s":92270.595280375,"gpu_end_s":92270.596834125,"gpu_ms":1.553750,"valid":true,"completed":true,"op_counts":{"MUL_MAT":1}}
M5_OP_CALL {"family":"head","graph":614,"phase":"cache-pressure","rows":1}
M5_PROFILE {"context":"77f31e0300","graph":614,"cb":1,"original_nodes":1,"gpu_start_s":92270.597076542,"gpu_end_s":92270.598234792,"gpu_ms":1.158250,"valid":true,"completed":true,"op_counts":{"SQR":1}}
M5_OP_CALL {"cache":"pressure-128MiB","family":"head","graph":615,"phase":"measure","routing":"none","rows":1,"sample":24,"unique_experts":0}
M5_PROFILE {"context":"77f31e0300","graph":615,"cb":1,"original_nodes":1,"gpu_start_s":92270.598394375,"gpu_end_s":92270.599916375,"gpu_ms":1.522000,"valid":true,"completed":true,"op_counts":{"MUL_MAT":1}}
M5_OP_CALL {"family":"head","graph":616,"phase":"cache-pressure","rows":1}
M5_PROFILE {"context":"77f31e0300","graph":616,"cb":1,"original_nodes":1,"gpu_start_s":92270.600123500,"gpu_end_s":92270.601097125,"gpu_ms":0.973625,"valid":true,"completed":true,"op_counts":{"SQR":1}}
M5_OP_CALL {"cache":"pressure-128MiB","family":"head","graph":617,"phase":"measure","routing":"none","rows":1,"sample":25,"unique_experts":0}
M5_PROFILE {"context":"77f31e0300","graph":617,"cb":1,"original_nodes":1,"gpu_start_s":92270.601324000,"gpu_end_s":92270.602843625,"gpu_ms":1.519625,"valid":true,"completed":true,"op_counts":{"MUL_MAT":1}}
M5_OP_CALL {"family":"head","graph":618,"phase":"cache-pressure","rows":1}
M5_PROFILE {"context":"77f31e0300","graph":618,"cb":1,"original_nodes":1,"gpu_start_s":92270.603073625,"gpu_end_s":92270.604049125,"gpu_ms":0.975500,"valid":true,"completed":true,"op_counts":{"SQR":1}}
M5_OP_CALL {"cache":"pressure-128MiB","family":"head","graph":619,"phase":"measure","routing":"none","rows":1,"sample":26,"unique_experts":0}
M5_PROFILE {"context":"77f31e0300","graph":619,"cb":1,"original_nodes":1,"gpu_start_s":92270.604277417,"gpu_end_s":92270.605820625,"gpu_ms":1.543208,"valid":true,"completed":true,"op_counts":{"MUL_MAT":1}}
M5_OP_CALL {"family":"head","graph":620,"phase":"cache-pressure","rows":1}
M5_PROFILE {"context":"77f31e0300","graph":620,"cb":1,"original_nodes":1,"gpu_start_s":92270.606031375,"gpu_end_s":92270.607058542,"gpu_ms":1.027167,"valid":true,"completed":true,"op_counts":{"SQR":1}}
M5_OP_CALL {"cache":"pressure-128MiB","family":"head","graph":621,"phase":"measure","routing":"none","rows":1,"sample":27,"unique_experts":0}
M5_PROFILE {"context":"77f31e0300","graph":621,"cb":1,"original_nodes":1,"gpu_start_s":92270.607288625,"gpu_end_s":92270.608820375,"gpu_ms":1.531750,"valid":true,"completed":true,"op_counts":{"MUL_MAT":1}}
M5_OP_CALL {"family":"head","graph":622,"phase":"cache-pressure","rows":1}
M5_PROFILE {"context":"77f31e0300","graph":622,"cb":1,"original_nodes":1,"gpu_start_s":92270.608972875,"gpu_end_s":92270.609946500,"gpu_ms":0.973625,"valid":true,"completed":true,"op_counts":{"SQR":1}}
M5_OP_CALL {"cache":"pressure-128MiB","family":"head","graph":623,"phase":"measure","routing":"none","rows":1,"sample":28,"unique_experts":0}
M5_PROFILE {"context":"77f31e0300","graph":623,"cb":1,"original_nodes":1,"gpu_start_s":92270.610135875,"gpu_end_s":92270.611657792,"gpu_ms":1.521917,"valid":true,"completed":true,"op_counts":{"MUL_MAT":1}}
M5_OP_CALL {"family":"head","graph":624,"phase":"cache-pressure","rows":1}
M5_PROFILE {"context":"77f31e0300","graph":624,"cb":1,"original_nodes":1,"gpu_start_s":92270.611870500,"gpu_end_s":92270.612850542,"gpu_ms":0.980042,"valid":true,"completed":true,"op_counts":{"SQR":1}}
M5_OP_CALL {"cache":"pressure-128MiB","family":"head","graph":625,"phase":"measure","routing":"none","rows":1,"sample":29,"unique_experts":0}
M5_PROFILE {"context":"77f31e0300","graph":625,"cb":1,"original_nodes":1,"gpu_start_s":92270.613084250,"gpu_end_s":92270.614813167,"gpu_ms":1.728917,"valid":true,"completed":true,"op_counts":{"MUL_MAT":1}}
M5_OP_CALL {"family":"head","graph":626,"phase":"cache-pressure","rows":1}
M5_PROFILE {"context":"77f31e0300","graph":626,"cb":1,"original_nodes":1,"gpu_start_s":92270.614985750,"gpu_end_s":92270.615955167,"gpu_ms":0.969417,"valid":true,"completed":true,"op_counts":{"SQR":1}}
M5_OP_CALL {"cache":"pressure-128MiB","family":"head","graph":627,"phase":"measure","routing":"none","rows":1,"sample":30,"unique_experts":0}
M5_PROFILE {"context":"77f31e0300","graph":627,"cb":1,"original_nodes":1,"gpu_start_s":92270.616192625,"gpu_end_s":92270.617722750,"gpu_ms":1.530125,"valid":true,"completed":true,"op_counts":{"MUL_MAT":1}}
M5_OP_CALL {"family":"head","graph":628,"phase":"cache-pressure","rows":1}
M5_PROFILE {"context":"77f31e0300","graph":628,"cb":1,"original_nodes":1,"gpu_start_s":92270.617951250,"gpu_end_s":92270.618921667,"gpu_ms":0.970417,"valid":true,"completed":true,"op_counts":{"SQR":1}}
M5_OP_CALL {"cache":"pressure-128MiB","family":"head","graph":629,"phase":"measure","routing":"none","rows":1,"sample":31,"unique_experts":0}
M5_PROFILE {"context":"77f31e0300","graph":629,"cb":1,"original_nodes":1,"gpu_start_s":92270.619122000,"gpu_end_s":92270.620653250,"gpu_ms":1.531250,"valid":true,"completed":true,"op_counts":{"MUL_MAT":1}}
M5_OP_CALL {"family":"head","graph":630,"phase":"cache-pressure","rows":1}
M5_PROFILE {"context":"77f31e0300","graph":630,"cb":1,"original_nodes":1,"gpu_start_s":92270.620925000,"gpu_end_s":92270.621909917,"gpu_ms":0.984917,"valid":true,"completed":true,"op_counts":{"SQR":1}}
M5_OP_CALL {"cache":"pressure-128MiB","family":"head","graph":631,"phase":"measure","routing":"none","rows":1,"sample":32,"unique_experts":0}
M5_PROFILE {"context":"77f31e0300","graph":631,"cb":1,"original_nodes":1,"gpu_start_s":92270.622158167,"gpu_end_s":92270.623880000,"gpu_ms":1.721833,"valid":true,"completed":true,"op_counts":{"MUL_MAT":1}}
M5_OP_CALL {"family":"head","graph":632,"phase":"cache-pressure","rows":1}
M5_PROFILE {"context":"77f31e0300","graph":632,"cb":1,"original_nodes":1,"gpu_start_s":92270.624089125,"gpu_end_s":92270.625057917,"gpu_ms":0.968792,"valid":true,"completed":true,"op_counts":{"SQR":1}}
M5_OP_CALL {"cache":"pressure-128MiB","family":"head","graph":633,"phase":"measure","routing":"none","rows":1,"sample":33,"unique_experts":0}
M5_PROFILE {"context":"77f31e0300","graph":633,"cb":1,"original_nodes":1,"gpu_start_s":92270.625313000,"gpu_end_s":92270.626833875,"gpu_ms":1.520875,"valid":true,"completed":true,"op_counts":{"MUL_MAT":1}}
M5_OP_CALL {"family":"head","graph":634,"phase":"cache-pressure","rows":1}
M5_PROFILE {"context":"77f31e0300","graph":634,"cb":1,"original_nodes":1,"gpu_start_s":92270.627028125,"gpu_end_s":92270.627999750,"gpu_ms":0.971625,"valid":true,"completed":true,"op_counts":{"SQR":1}}
M5_OP_CALL {"cache":"pressure-128MiB","family":"head","graph":635,"phase":"measure","routing":"none","rows":1,"sample":34,"unique_experts":0}
M5_PROFILE {"context":"77f31e0300","graph":635,"cb":1,"original_nodes":1,"gpu_start_s":92270.628314542,"gpu_end_s":92270.629854500,"gpu_ms":1.539958,"valid":true,"completed":true,"op_counts":{"MUL_MAT":1}}
M5_OP_CALL {"family":"head","graph":636,"phase":"cache-pressure","rows":1}
M5_PROFILE {"context":"77f31e0300","graph":636,"cb":1,"original_nodes":1,"gpu_start_s":92270.630056875,"gpu_end_s":92270.631213500,"gpu_ms":1.156625,"valid":true,"completed":true,"op_counts":{"SQR":1}}
M5_OP_CALL {"cache":"pressure-128MiB","family":"head","graph":637,"phase":"measure","routing":"none","rows":1,"sample":35,"unique_experts":0}
M5_PROFILE {"context":"77f31e0300","graph":637,"cb":1,"original_nodes":1,"gpu_start_s":92270.631387875,"gpu_end_s":92270.632913250,"gpu_ms":1.525375,"valid":true,"completed":true,"op_counts":{"MUL_MAT":1}}
M5_OP_CALL {"family":"head","graph":638,"phase":"cache-pressure","rows":1}
M5_PROFILE {"context":"77f31e0300","graph":638,"cb":1,"original_nodes":1,"gpu_start_s":92270.633141542,"gpu_end_s":92270.634116625,"gpu_ms":0.975083,"valid":true,"completed":true,"op_counts":{"SQR":1}}
M5_OP_CALL {"cache":"pressure-128MiB","family":"head","graph":639,"phase":"measure","routing":"none","rows":1,"sample":36,"unique_experts":0}
M5_PROFILE {"context":"77f31e0300","graph":639,"cb":1,"original_nodes":1,"gpu_start_s":92270.634311625,"gpu_end_s":92270.635831875,"gpu_ms":1.520250,"valid":true,"completed":true,"op_counts":{"MUL_MAT":1}}
M5_OP_CALL {"family":"head","graph":640,"phase":"cache-pressure","rows":1}
M5_PROFILE {"context":"77f31e0300","graph":640,"cb":1,"original_nodes":1,"gpu_start_s":92270.636118625,"gpu_end_s":92270.637088542,"gpu_ms":0.969917,"valid":true,"completed":true,"op_counts":{"SQR":1}}
M5_OP_CALL {"cache":"pressure-128MiB","family":"head","graph":641,"phase":"measure","routing":"none","rows":1,"sample":37,"unique_experts":0}
M5_PROFILE {"context":"77f31e0300","graph":641,"cb":1,"original_nodes":1,"gpu_start_s":92270.637304875,"gpu_end_s":92270.638850417,"gpu_ms":1.545542,"valid":true,"completed":true,"op_counts":{"MUL_MAT":1}}
M5_OP_CALL {"family":"head","graph":642,"phase":"cache-pressure","rows":1}
M5_PROFILE {"context":"77f31e0300","graph":642,"cb":1,"original_nodes":1,"gpu_start_s":92270.639077542,"gpu_end_s":92270.640230417,"gpu_ms":1.152875,"valid":true,"completed":true,"op_counts":{"SQR":1}}
M5_OP_CALL {"cache":"pressure-128MiB","family":"head","graph":643,"phase":"measure","routing":"none","rows":1,"sample":38,"unique_experts":0}
M5_PROFILE {"context":"77f31e0300","graph":643,"cb":1,"original_nodes":1,"gpu_start_s":92270.640463417,"gpu_end_s":92270.641994167,"gpu_ms":1.530750,"valid":true,"completed":true,"op_counts":{"MUL_MAT":1}}
M5_OP_CALL {"family":"head","graph":644,"phase":"cache-pressure","rows":1}
M5_PROFILE {"context":"77f31e0300","graph":644,"cb":1,"original_nodes":1,"gpu_start_s":92270.642170000,"gpu_end_s":92270.643136500,"gpu_ms":0.966500,"valid":true,"completed":true,"op_counts":{"SQR":1}}
M5_OP_CALL {"cache":"pressure-128MiB","family":"head","graph":645,"phase":"measure","routing":"none","rows":1,"sample":39,"unique_experts":0}
M5_PROFILE {"context":"77f31e0300","graph":645,"cb":1,"original_nodes":1,"gpu_start_s":92270.643349417,"gpu_end_s":92270.644870500,"gpu_ms":1.521083,"valid":true,"completed":true,"op_counts":{"MUL_MAT":1}}
M5_OP_DONE {"family":"head","graphs":645,"samples":40,"scratch_input_bytes":134217728,"weight_bytes":437043200}
ggml_metal_free: deallocating
