ggml_metal_device_init: testing tensor API for f16 support
ggml_metal_library_compile_pipeline: compiling pipeline: base = 'dummy_kernel', name = 'dummy_kernel'
ggml_metal_library_compile_pipeline: loaded dummy_kernel                                  0x104343700 | th_max = 1024 | th_width =   32
ggml_metal_device_init: testing tensor API for bfloat support
ggml_metal_library_compile_pipeline: compiling pipeline: base = 'dummy_kernel', name = 'dummy_kernel'
ggml_metal_library_compile_pipeline: loaded dummy_kernel                                  0x104343a00 | th_max = 1024 | th_width =   32
ggml_metal_library_init: using embedded metal library
ggml_metal_library_compile_all: compiled 'fa_aux' library in 0.002 sec
ggml_metal_library_compile_all: compiled 'fa_f16' library in 0.006 sec
ggml_metal_library_compile_all: compiled 'fa_f32' library in 0.035 sec
ggml_metal_library_compile_all: compiled 'fa_q4_0' library in 0.003 sec
ggml_metal_library_compile_all: compiled 'fa_q4_1' library in 0.004 sec
ggml_metal_library_compile_all: compiled 'fa_q5_0' library in 0.040 sec
ggml_metal_library_compile_all: compiled 'fa_q5_1' library in 0.023 sec
ggml_metal_library_compile_all: compiled 'fa_q8_0' library in 0.009 sec
ggml_metal_library_compile_all: compiled 'fa_vec_f16' library in 0.015 sec
ggml_metal_library_compile_all: compiled 'fa_vec_f32' library in 0.028 sec
ggml_metal_library_compile_all: compiled 'fa_vec_q4_0' library in 0.022 sec
ggml_metal_library_compile_all: compiled 'fa_vec_q4_1' library in 0.008 sec
ggml_metal_library_compile_all: compiled 'fa_vec_q5_0' library in 0.018 sec
ggml_metal_library_compile_all: compiled 'fa_vec_q5_1' library in 0.012 sec
ggml_metal_library_compile_all: compiled 'fa_vec_q8_0' library in 0.030 sec
ggml_metal_library_compile_all: compiled 'mul_mv' library in 0.026 sec
ggml_metal_library_compile_all: compiled 'mul_mv_mma' library in 0.039 sec
ggml_metal_library_compile_all: compiled 'mul_mm' library in 0.034 sec
ggml_metal_library_compile_all: compiled 'quantize' library in 0.025 sec
ggml_metal_library_compile_all: compiled 'softmax' library in 0.033 sec
ggml_metal_library_compile_all: compiled 'norm' library in 0.016 sec
ggml_metal_library_compile_all: compiled 'unary' library in 0.032 sec
ggml_metal_library_compile_all: compiled 'binbcast' library in 0.016 sec
ggml_metal_library_compile_all: compiled 'reduce' library in 0.020 sec
ggml_metal_library_compile_all: compiled 'tri' library in 0.031 sec
ggml_metal_library_compile_all: compiled 'ssm' library in 0.030 sec
ggml_metal_library_compile_all: compiled 'wkv' library in 0.019 sec
ggml_metal_library_compile_all: compiled 'gated_delta_net' library in 0.030 sec
ggml_metal_library_compile_all: compiled 'solve_tri' library in 0.026 sec
ggml_metal_library_compile_all: compiled 'rope' library in 0.027 sec
ggml_metal_library_compile_all: compiled 'conv' library in 0.018 sec
ggml_metal_library_compile_all: compiled 'upscale' library in 0.026 sec
ggml_metal_library_compile_all: compiled 'argsort' library in 0.015 sec
ggml_metal_library_compile_all: compiled 'pool' library in 0.015 sec
ggml_metal_library_compile_all: compiled 'misc' library in 0.015 sec
ggml_metal_library_compile_all: loaded 35 libraries from embedded data in 0.041 sec (max single = 0.040 sec)
ggml_metal_rsets_init: creating a residency set collection (keep_alive = 180 s)
ggml_metal_device_init: GPU name:   MTL0 (Apple M5 Pro)
ggml_metal_device_init: GPU family: MTLGPUFamilyApple10  (1010)
ggml_metal_device_init: GPU family: MTLGPUFamilyMetal4  (5002)
ggml_metal_device_init: simdgroup reduction   = true
ggml_metal_device_init: simdgroup matrix mul. = true
ggml_metal_device_init: has unified memory    = true
ggml_metal_device_init: has bfloat            = true
ggml_metal_device_init: has tensor            = true
ggml_metal_device_init: use residency sets    = true
ggml_metal_device_init: use shared buffers    = true
ggml_metal_device_init: recommendedMaxWorkingSetSize  = 40200.90 MB
ggml_metal_init: allocating
ggml_metal_init: found device: Apple M5 Pro
ggml_metal_init: picking default device: Apple M5 Pro
ggml_metal_init: use fusion         = true
ggml_metal_init: use concurrency    = true
ggml_metal_init: use graph optimize = true
ggml_metal_library_compile_pipeline: compiling pipeline: base = 'kernel_mul_mv_bf16_f32_4', name = 'kernel_mul_mv_bf16_f32_4_nsg=2_ne12=1_r2=1_r3=1_split=0'
ggml_metal_library_compile_pipeline: loaded kernel_mul_mv_bf16_f32_4_nsg=2_ne12=1_r2=1_r3=1_split=0     0x7b3a484000 | th_max = 1024 | th_width =   32
Testing 3 devices

Backend 1/3: MTL0
  Device description: Apple M5 Pro
  Device memory: 38338 MB (38338 MB free)

  MUL_MAT(type_a=bf16,type_b=f32,m=16,n=1,k=256,bs=[1,1],nr=[1,1],per=[0,1,2,3],k_v=0,o=1,src_overlap=0,m_v=0,pad=0): [1;32mOK[0m
ggml_metal_library_compile_pipeline: compiling pipeline: base = 'kernel_mul_mv_ext_bf16_f32_r1_2', name = 'kernel_mul_mv_ext_bf16_f32_r1_2_nsg=2_nxpsg=16_ne12=1_r2=1_r3=1'
ggml_metal_library_compile_pipeline: loaded kernel_mul_mv_ext_bf16_f32_r1_2_nsg=2_nxpsg=16_ne12=1_r2=1_r3=1     0x7b3a484a80 | th_max = 1024 | th_width =   32
  MUL_MAT(type_a=bf16,type_b=f32,m=16,n=2,k=256,bs=[1,1],nr=[1,1],per=[0,1,2,3],k_v=0,o=1,src_overlap=0,m_v=0,pad=0): [1;32mOK[0m
ggml_metal_library_compile_pipeline: compiling pipeline: base = 'kernel_mul_mv_ext_bf16_f32_r1_3', name = 'kernel_mul_mv_ext_bf16_f32_r1_3_nsg=2_nxpsg=8_ne12=1_r2=1_r3=1'
ggml_metal_library_compile_pipeline: loaded kernel_mul_mv_ext_bf16_f32_r1_3_nsg=2_nxpsg=8_ne12=1_r2=1_r3=1     0x7b3a484700 | th_max = 1024 | th_width =   32
  MUL_MAT(type_a=bf16,type_b=f32,m=16,n=3,k=256,bs=[1,1],nr=[1,1],per=[0,1,2,3],k_v=0,o=1,src_overlap=0,m_v=0,pad=0): [1;32mOK[0m
ggml_metal_library_compile_pipeline: compiling pipeline: base = 'kernel_mul_mv_mma_bf16_f32_nt1_rt1', name = 'kernel_mul_mv_mma_bf16_f32_nt1_rt1_nsg=4_ne12=1_r2=1_r3=1_ne00=0_add=0'
ggml_metal_library_compile_pipeline: loaded kernel_mul_mv_mma_bf16_f32_nt1_rt1_nsg=4_ne12=1_r2=1_r3=1_ne00=0_add=0     0x7b3a484380 | th_max = 1024 | th_width =   32
  MUL_MAT(type_a=bf16,type_b=f32,m=16,n=4,k=256,bs=[1,1],nr=[1,1],per=[0,1,2,3],k_v=0,o=1,src_overlap=0,m_v=0,pad=0): [1;32mOK[0m
  MUL_MAT(type_a=bf16,type_b=f32,m=16,n=5,k=256,bs=[1,1],nr=[1,1],per=[0,1,2,3],k_v=0,o=1,src_overlap=0,m_v=0,pad=0): [1;32mOK[0m
  MUL_MAT(type_a=bf16,type_b=f32,m=16,n=6,k=256,bs=[1,1],nr=[1,1],per=[0,1,2,3],k_v=0,o=1,src_overlap=0,m_v=0,pad=0): [1;32mOK[0m
  MUL_MAT(type_a=bf16,type_b=f32,m=16,n=7,k=256,bs=[1,1],nr=[1,1],per=[0,1,2,3],k_v=0,o=1,src_overlap=0,m_v=0,pad=0): [1;32mOK[0m
  MUL_MAT(type_a=bf16,type_b=f32,m=16,n=8,k=256,bs=[1,1],nr=[1,1],per=[0,1,2,3],k_v=0,o=1,src_overlap=0,m_v=0,pad=0): [1;32mOK[0m
ggml_metal_library_compile_pipeline: compiling pipeline: base = 'kernel_mul_mv_mma_bf16_f32_nt1_rt2', name = 'kernel_mul_mv_mma_bf16_f32_nt1_rt2_nsg=4_ne12=1_r2=1_r3=1_ne00=0_add=0'
ggml_metal_library_compile_pipeline: loaded kernel_mul_mv_mma_bf16_f32_nt1_rt2_nsg=4_ne12=1_r2=1_r3=1_ne00=0_add=0     0x7b3a485180 | th_max = 1024 | th_width =   32
  MUL_MAT(type_a=bf16,type_b=f32,m=16,n=9,k=256,bs=[1,1],nr=[1,1],per=[0,1,2,3],k_v=0,o=1,src_overlap=0,m_v=0,pad=0): [1;32mOK[0m
ggml_metal_library_compile_pipeline: compiling pipeline: base = 'kernel_mul_mv_bf16_f32_4', name = 'kernel_mul_mv_bf16_f32_4_nsg=4_ne12=1_r2=1_r3=1_split=0'
ggml_metal_library_compile_pipeline: loaded kernel_mul_mv_bf16_f32_4_nsg=4_ne12=1_r2=1_r3=1_split=0     0x7b3a485500 | th_max = 1024 | th_width =   32
  MUL_MAT(type_a=bf16,type_b=f32,m=16,n=1,k=4096,bs=[1,1],nr=[1,1],per=[0,1,2,3],k_v=0,o=1,src_overlap=0,m_v=0,pad=0): [1;32mOK[0m
ggml_metal_library_compile_pipeline: compiling pipeline: base = 'kernel_mul_mv_mma_bf16_f32_nt1_rt1', name = 'kernel_mul_mv_mma_bf16_f32_nt1_rt1_nsg=32_ne12=1_r2=1_r3=1_ne00=0_add=0'
ggml_metal_library_compile_pipeline: loaded kernel_mul_mv_mma_bf16_f32_nt1_rt1_nsg=32_ne12=1_r2=1_r3=1_ne00=0_add=0     0x7b3a484e00 | th_max = 1024 | th_width =   32
  MUL_MAT(type_a=bf16,type_b=f32,m=16,n=8,k=4096,bs=[1,1],nr=[1,1],per=[0,1,2,3],k_v=0,o=1,src_overlap=0,m_v=0,pad=0): [1;32mOK[0m
ggml_metal_library_compile_pipeline: compiling pipeline: base = 'kernel_mul_mv_q2_0_f32', name = 'kernel_mul_mv_q2_0_f32_nsg=2_ne12=1_r2=1_r3=1_split=0'
ggml_metal_library_compile_pipeline: loaded kernel_mul_mv_q2_0_f32_nsg=2_ne12=1_r2=1_r3=1_split=0     0x7b3a485c00 | th_max = 1024 | th_width =   32
  MUL_MAT(type_a=q2_0,type_b=f32,m=16,n=1,k=256,bs=[1,1],nr=[1,1],per=[0,1,2,3],k_v=0,o=1,src_overlap=0,m_v=0,pad=0): [1;32mOK[0m
ggml_metal_library_compile_pipeline: compiling pipeline: base = 'kernel_mul_mv_ext_q2_0_f32_r1_2', name = 'kernel_mul_mv_ext_q2_0_f32_r1_2_nsg=2_nxpsg=16_ne12=1_r2=1_r3=1'
ggml_metal_library_compile_pipeline: loaded kernel_mul_mv_ext_q2_0_f32_r1_2_nsg=2_nxpsg=16_ne12=1_r2=1_r3=1     0x7b3a485880 | th_max = 1024 | th_width =   32
  MUL_MAT(type_a=q2_0,type_b=f32,m=16,n=2,k=256,bs=[1,1],nr=[1,1],per=[0,1,2,3],k_v=0,o=1,src_overlap=0,m_v=0,pad=0): [1;32mOK[0m
ggml_metal_library_compile_pipeline: compiling pipeline: base = 'kernel_mul_mv_mma_q2_0_f32_nt1_rt1', name = 'kernel_mul_mv_mma_q2_0_f32_nt1_rt1_nsg=4_ne12=1_r2=1_r3=1_ne00=0_add=0'
ggml_metal_library_compile_pipeline: loaded kernel_mul_mv_mma_q2_0_f32_nt1_rt1_nsg=4_ne12=1_r2=1_r3=1_ne00=0_add=0     0x7b3a485f80 | th_max = 1024 | th_width =   32
  MUL_MAT(type_a=q2_0,type_b=f32,m=16,n=3,k=256,bs=[1,1],nr=[1,1],per=[0,1,2,3],k_v=0,o=1,src_overlap=0,m_v=0,pad=0): [1;32mOK[0m
  MUL_MAT(type_a=q2_0,type_b=f32,m=16,n=4,k=256,bs=[1,1],nr=[1,1],per=[0,1,2,3],k_v=0,o=1,src_overlap=0,m_v=0,pad=0): [1;32mOK[0m
  MUL_MAT(type_a=q2_0,type_b=f32,m=16,n=5,k=256,bs=[1,1],nr=[1,1],per=[0,1,2,3],k_v=0,o=1,src_overlap=0,m_v=0,pad=0): [1;32mOK[0m
  MUL_MAT(type_a=q2_0,type_b=f32,m=16,n=6,k=256,bs=[1,1],nr=[1,1],per=[0,1,2,3],k_v=0,o=1,src_overlap=0,m_v=0,pad=0): [1;32mOK[0m
  MUL_MAT(type_a=q2_0,type_b=f32,m=16,n=7,k=256,bs=[1,1],nr=[1,1],per=[0,1,2,3],k_v=0,o=1,src_overlap=0,m_v=0,pad=0): [1;32mOK[0m
  MUL_MAT(type_a=q2_0,type_b=f32,m=16,n=8,k=256,bs=[1,1],nr=[1,1],per=[0,1,2,3],k_v=0,o=1,src_overlap=0,m_v=0,pad=0): [1;32mOK[0m
ggml_metal_library_compile_pipeline: compiling pipeline: base = 'kernel_mul_mv_mma_q2_0_f32_nt1_rt2', name = 'kernel_mul_mv_mma_q2_0_f32_nt1_rt2_nsg=4_ne12=1_r2=1_r3=1_ne00=0_add=0'
ggml_metal_library_compile_pipeline: loaded kernel_mul_mv_mma_q2_0_f32_nt1_rt2_nsg=4_ne12=1_r2=1_r3=1_ne00=0_add=0     0x7b3a486a00 | th_max = 1024 | th_width =   32
  MUL_MAT(type_a=q2_0,type_b=f32,m=16,n=9,k=256,bs=[1,1],nr=[1,1],per=[0,1,2,3],k_v=0,o=1,src_overlap=0,m_v=0,pad=0): [1;32mOK[0m
  MUL_MAT(type_a=q2_0,type_b=f32,m=16,n=1,k=4096,bs=[1,1],nr=[1,1],per=[0,1,2,3],k_v=0,o=1,src_overlap=0,m_v=0,pad=0): [1;32mOK[0m
ggml_metal_library_compile_pipeline: compiling pipeline: base = 'kernel_mul_mv_mma_q2_0_f32_nt1_rt1', name = 'kernel_mul_mv_mma_q2_0_f32_nt1_rt1_nsg=32_ne12=1_r2=1_r3=1_ne00=0_add=0'
ggml_metal_library_compile_pipeline: loaded kernel_mul_mv_mma_q2_0_f32_nt1_rt1_nsg=32_ne12=1_r2=1_r3=1_ne00=0_add=0     0x7b3a486680 | th_max = 1024 | th_width =   32
  MUL_MAT(type_a=q2_0,type_b=f32,m=16,n=8,k=4096,bs=[1,1],nr=[1,1],per=[0,1,2,3],k_v=0,o=1,src_overlap=0,m_v=0,pad=0): [1;32mOK[0m
ggml_metal_library_compile_pipeline: compiling pipeline: base = 'kernel_mul_mv_q3_K_f32', name = 'kernel_mul_mv_q3_K_f32_nsg=2_ne12=1_r2=1_r3=1_split=0'
ggml_metal_library_compile_pipeline: loaded kernel_mul_mv_q3_K_f32_nsg=2_ne12=1_r2=1_r3=1_split=0     0x7b3a486d80 | th_max = 1024 | th_width =   32
  MUL_MAT(type_a=q3_K,type_b=f32,m=16,n=1,k=256,bs=[1,1],nr=[1,1],per=[0,1,2,3],k_v=0,o=1,src_overlap=0,m_v=0,pad=0): [1;32mOK[0m
ggml_metal_library_compile_pipeline: compiling pipeline: base = 'kernel_mul_mv_mma_q3_K_f32_nt1_rt1', name = 'kernel_mul_mv_mma_q3_K_f32_nt1_rt1_nsg=4_ne12=1_r2=1_r3=1_ne00=0_add=0'
ggml_metal_library_compile_pipeline: loaded kernel_mul_mv_mma_q3_K_f32_nt1_rt1_nsg=4_ne12=1_r2=1_r3=1_ne00=0_add=0     0x7b3a486300 | th_max = 1024 | th_width =   32
  MUL_MAT(type_a=q3_K,type_b=f32,m=16,n=2,k=256,bs=[1,1],nr=[1,1],per=[0,1,2,3],k_v=0,o=1,src_overlap=0,m_v=0,pad=0): [1;32mOK[0m
  MUL_MAT(type_a=q3_K,type_b=f32,m=16,n=3,k=256,bs=[1,1],nr=[1,1],per=[0,1,2,3],k_v=0,o=1,src_overlap=0,m_v=0,pad=0): [1;32mOK[0m
  MUL_MAT(type_a=q3_K,type_b=f32,m=16,n=4,k=256,bs=[1,1],nr=[1,1],per=[0,1,2,3],k_v=0,o=1,src_overlap=0,m_v=0,pad=0): [1;32mOK[0m
  MUL_MAT(type_a=q3_K,type_b=f32,m=16,n=5,k=256,bs=[1,1],nr=[1,1],per=[0,1,2,3],k_v=0,o=1,src_overlap=0,m_v=0,pad=0): [1;32mOK[0m
  MUL_MAT(type_a=q3_K,type_b=f32,m=16,n=6,k=256,bs=[1,1],nr=[1,1],per=[0,1,2,3],k_v=0,o=1,src_overlap=0,m_v=0,pad=0): [1;32mOK[0m
  MUL_MAT(type_a=q3_K,type_b=f32,m=16,n=7,k=256,bs=[1,1],nr=[1,1],per=[0,1,2,3],k_v=0,o=1,src_overlap=0,m_v=0,pad=0): [1;32mOK[0m
  MUL_MAT(type_a=q3_K,type_b=f32,m=16,n=8,k=256,bs=[1,1],nr=[1,1],per=[0,1,2,3],k_v=0,o=1,src_overlap=0,m_v=0,pad=0): [1;32mOK[0m
ggml_metal_library_compile_pipeline: compiling pipeline: base = 'kernel_mul_mv_mma_q3_K_f32_nt1_rt2', name = 'kernel_mul_mv_mma_q3_K_f32_nt1_rt2_nsg=4_ne12=1_r2=1_r3=1_ne00=0_add=0'
ggml_metal_library_compile_pipeline: loaded kernel_mul_mv_mma_q3_K_f32_nt1_rt2_nsg=4_ne12=1_r2=1_r3=1_ne00=0_add=0     0x7b3a487100 | th_max = 1024 | th_width =   32
  MUL_MAT(type_a=q3_K,type_b=f32,m=16,n=9,k=256,bs=[1,1],nr=[1,1],per=[0,1,2,3],k_v=0,o=1,src_overlap=0,m_v=0,pad=0): [1;32mOK[0m
  MUL_MAT(type_a=q3_K,type_b=f32,m=16,n=1,k=4096,bs=[1,1],nr=[1,1],per=[0,1,2,3],k_v=0,o=1,src_overlap=0,m_v=0,pad=0): [1;32mOK[0m
ggml_metal_library_compile_pipeline: compiling pipeline: base = 'kernel_mul_mv_mma_q3_K_f32_nt1_rt1', name = 'kernel_mul_mv_mma_q3_K_f32_nt1_rt1_nsg=32_ne12=1_r2=1_r3=1_ne00=0_add=0'
ggml_metal_library_compile_pipeline: loaded kernel_mul_mv_mma_q3_K_f32_nt1_rt1_nsg=32_ne12=1_r2=1_r3=1_ne00=0_add=0     0x7b3a487800 | th_max = 1024 | th_width =   32
  MUL_MAT(type_a=q3_K,type_b=f32,m=16,n=8,k=4096,bs=[1,1],nr=[1,1],per=[0,1,2,3],k_v=0,o=1,src_overlap=0,m_v=0,pad=0): [1;32mOK[0m
ggml_metal_library_compile_pipeline: compiling pipeline: base = 'kernel_mul_mv_q5_K_f32', name = 'kernel_mul_mv_q5_K_f32_nsg=2_ne12=1_r2=1_r3=1_split=0'
ggml_metal_library_compile_pipeline: loaded kernel_mul_mv_q5_K_f32_nsg=2_ne12=1_r2=1_r3=1_split=0     0x7b3a55c380 | th_max = 1024 | th_width =   32
  MUL_MAT(type_a=q5_K,type_b=f32,m=16,n=1,k=256,bs=[1,1],nr=[1,1],per=[0,1,2,3],k_v=0,o=1,src_overlap=0,m_v=0,pad=0): [1;32mOK[0m
ggml_metal_library_compile_pipeline: compiling pipeline: base = 'kernel_mul_mv_mma_q5_K_f32_nt1_rt1', name = 'kernel_mul_mv_mma_q5_K_f32_nt1_rt1_nsg=4_ne12=1_r2=1_r3=1_ne00=256_add=0'
ggml_metal_library_compile_pipeline: loaded kernel_mul_mv_mma_q5_K_f32_nt1_rt1_nsg=4_ne12=1_r2=1_r3=1_ne00=256_add=0     0x7b3a55c700 | th_max = 1024 | th_width =   32
  MUL_MAT(type_a=q5_K,type_b=f32,m=16,n=2,k=256,bs=[1,1],nr=[1,1],per=[0,1,2,3],k_v=0,o=1,src_overlap=0,m_v=0,pad=0): [1;32mOK[0m
  MUL_MAT(type_a=q5_K,type_b=f32,m=16,n=3,k=256,bs=[1,1],nr=[1,1],per=[0,1,2,3],k_v=0,o=1,src_overlap=0,m_v=0,pad=0): [1;32mOK[0m
  MUL_MAT(type_a=q5_K,type_b=f32,m=16,n=4,k=256,bs=[1,1],nr=[1,1],per=[0,1,2,3],k_v=0,o=1,src_overlap=0,m_v=0,pad=0): [1;32mOK[0m
  MUL_MAT(type_a=q5_K,type_b=f32,m=16,n=5,k=256,bs=[1,1],nr=[1,1],per=[0,1,2,3],k_v=0,o=1,src_overlap=0,m_v=0,pad=0): [1;32mOK[0m
  MUL_MAT(type_a=q5_K,type_b=f32,m=16,n=6,k=256,bs=[1,1],nr=[1,1],per=[0,1,2,3],k_v=0,o=1,src_overlap=0,m_v=0,pad=0): [1;32mOK[0m
  MUL_MAT(type_a=q5_K,type_b=f32,m=16,n=7,k=256,bs=[1,1],nr=[1,1],per=[0,1,2,3],k_v=0,o=1,src_overlap=0,m_v=0,pad=0): [1;32mOK[0m
  MUL_MAT(type_a=q5_K,type_b=f32,m=16,n=8,k=256,bs=[1,1],nr=[1,1],per=[0,1,2,3],k_v=0,o=1,src_overlap=0,m_v=0,pad=0): [1;32mOK[0m
ggml_metal_library_compile_pipeline: compiling pipeline: base = 'kernel_mul_mv_mma_q5_K_f32_nt1_rt2', name = 'kernel_mul_mv_mma_q5_K_f32_nt1_rt2_nsg=4_ne12=1_r2=1_r3=1_ne00=256_add=0'
ggml_metal_library_compile_pipeline: loaded kernel_mul_mv_mma_q5_K_f32_nt1_rt2_nsg=4_ne12=1_r2=1_r3=1_ne00=256_add=0     0x7b3a55c000 | th_max = 1024 | th_width =   32
  MUL_MAT(type_a=q5_K,type_b=f32,m=16,n=9,k=256,bs=[1,1],nr=[1,1],per=[0,1,2,3],k_v=0,o=1,src_overlap=0,m_v=0,pad=0): [1;32mOK[0m
  MUL_MAT(type_a=q5_K,type_b=f32,m=16,n=1,k=4096,bs=[1,1],nr=[1,1],per=[0,1,2,3],k_v=0,o=1,src_overlap=0,m_v=0,pad=0): [1;32mOK[0m
ggml_metal_library_compile_pipeline: compiling pipeline: base = 'kernel_mul_mv_mma_q5_K_f32_nt1_rt1', name = 'kernel_mul_mv_mma_q5_K_f32_nt1_rt1_nsg=32_ne12=1_r2=1_r3=1_ne00=4096_add=0'
ggml_metal_library_compile_pipeline: loaded kernel_mul_mv_mma_q5_K_f32_nt1_rt1_nsg=32_ne12=1_r2=1_r3=1_ne00=4096_add=0     0x7b3a55ce00 | th_max = 1024 | th_width =   32
  MUL_MAT(type_a=q5_K,type_b=f32,m=16,n=8,k=4096,bs=[1,1],nr=[1,1],per=[0,1,2,3],k_v=0,o=1,src_overlap=0,m_v=0,pad=0): [1;32mOK[0m
ggml_metal_library_compile_pipeline: compiling pipeline: base = 'kernel_mul_mv_iq4_nl_f32', name = 'kernel_mul_mv_iq4_nl_f32_nsg=2_ne12=1_r2=1_r3=1_split=0'
ggml_metal_library_compile_pipeline: loaded kernel_mul_mv_iq4_nl_f32_nsg=2_ne12=1_r2=1_r3=1_split=0     0x7b3a55d180 | th_max = 1024 | th_width =   32
  MUL_MAT(type_a=iq4_nl,type_b=f32,m=16,n=1,k=256,bs=[1,1],nr=[1,1],per=[0,1,2,3],k_v=0,o=1,src_overlap=0,m_v=0,pad=0): [1;32mOK[0m
ggml_metal_library_compile_pipeline: compiling pipeline: base = 'kernel_mul_mv_ext_iq4_nl_f32_r1_2', name = 'kernel_mul_mv_ext_iq4_nl_f32_r1_2_nsg=2_nxpsg=16_ne12=1_r2=1_r3=1'
ggml_metal_library_compile_pipeline: loaded kernel_mul_mv_ext_iq4_nl_f32_r1_2_nsg=2_nxpsg=16_ne12=1_r2=1_r3=1     0x7b3a55ca80 | th_max = 1024 | th_width =   32
  MUL_MAT(type_a=iq4_nl,type_b=f32,m=16,n=2,k=256,bs=[1,1],nr=[1,1],per=[0,1,2,3],k_v=0,o=1,src_overlap=0,m_v=0,pad=0): [1;32mOK[0m
ggml_metal_library_compile_pipeline: compiling pipeline: base = 'kernel_mul_mv_mma_iq4_nl_f32_nt1_rt1', name = 'kernel_mul_mv_mma_iq4_nl_f32_nt1_rt1_nsg=4_ne12=1_r2=1_r3=1_ne00=0_add=0'
ggml_metal_library_compile_pipeline: loaded kernel_mul_mv_mma_iq4_nl_f32_nt1_rt1_nsg=4_ne12=1_r2=1_r3=1_ne00=0_add=0     0x7b3a55d500 | th_max = 1024 | th_width =   32
  MUL_MAT(type_a=iq4_nl,type_b=f32,m=16,n=3,k=256,bs=[1,1],nr=[1,1],per=[0,1,2,3],k_v=0,o=1,src_overlap=0,m_v=0,pad=0): [1;32mOK[0m
  MUL_MAT(type_a=iq4_nl,type_b=f32,m=16,n=4,k=256,bs=[1,1],nr=[1,1],per=[0,1,2,3],k_v=0,o=1,src_overlap=0,m_v=0,pad=0): [1;32mOK[0m
  MUL_MAT(type_a=iq4_nl,type_b=f32,m=16,n=5,k=256,bs=[1,1],nr=[1,1],per=[0,1,2,3],k_v=0,o=1,src_overlap=0,m_v=0,pad=0): [1;32mOK[0m
  MUL_MAT(type_a=iq4_nl,type_b=f32,m=16,n=6,k=256,bs=[1,1],nr=[1,1],per=[0,1,2,3],k_v=0,o=1,src_overlap=0,m_v=0,pad=0): [1;32mOK[0m
  MUL_MAT(type_a=iq4_nl,type_b=f32,m=16,n=7,k=256,bs=[1,1],nr=[1,1],per=[0,1,2,3],k_v=0,o=1,src_overlap=0,m_v=0,pad=0): [1;32mOK[0m
  MUL_MAT(type_a=iq4_nl,type_b=f32,m=16,n=8,k=256,bs=[1,1],nr=[1,1],per=[0,1,2,3],k_v=0,o=1,src_overlap=0,m_v=0,pad=0): [1;32mOK[0m
ggml_metal_library_compile_pipeline: compiling pipeline: base = 'kernel_mul_mv_mma_iq4_nl_f32_nt1_rt2', name = 'kernel_mul_mv_mma_iq4_nl_f32_nt1_rt2_nsg=4_ne12=1_r2=1_r3=1_ne00=0_add=0'
ggml_metal_library_compile_pipeline: loaded kernel_mul_mv_mma_iq4_nl_f32_nt1_rt2_nsg=4_ne12=1_r2=1_r3=1_ne00=0_add=0     0x7b3a55df80 | th_max = 1024 | th_width =   32
  MUL_MAT(type_a=iq4_nl,type_b=f32,m=16,n=9,k=256,bs=[1,1],nr=[1,1],per=[0,1,2,3],k_v=0,o=1,src_overlap=0,m_v=0,pad=0): [1;32mOK[0m
  MUL_MAT(type_a=iq4_nl,type_b=f32,m=16,n=1,k=4096,bs=[1,1],nr=[1,1],per=[0,1,2,3],k_v=0,o=1,src_overlap=0,m_v=0,pad=0): [1;32mOK[0m
ggml_metal_library_compile_pipeline: compiling pipeline: base = 'kernel_mul_mv_mma_iq4_nl_f32_nt1_rt1', name = 'kernel_mul_mv_mma_iq4_nl_f32_nt1_rt1_nsg=32_ne12=1_r2=1_r3=1_ne00=0_add=0'
ggml_metal_library_compile_pipeline: loaded kernel_mul_mv_mma_iq4_nl_f32_nt1_rt1_nsg=32_ne12=1_r2=1_r3=1_ne00=0_add=0     0x7b3a55dc00 | th_max = 1024 | th_width =   32
  MUL_MAT(type_a=iq4_nl,type_b=f32,m=16,n=8,k=4096,bs=[1,1],nr=[1,1],per=[0,1,2,3],k_v=0,o=1,src_overlap=0,m_v=0,pad=0): [1;32mOK[0m
ggml_metal_library_compile_pipeline: compiling pipeline: base = 'kernel_mul_mv_iq4_xs_f32', name = 'kernel_mul_mv_iq4_xs_f32_nsg=2_ne12=1_r2=1_r3=1_split=0'
ggml_metal_library_compile_pipeline: loaded kernel_mul_mv_iq4_xs_f32_nsg=2_ne12=1_r2=1_r3=1_split=0     0x7b3a55e300 | th_max = 1024 | th_width =   32
  MUL_MAT(type_a=iq4_xs,type_b=f32,m=16,n=1,k=256,bs=[1,1],nr=[1,1],per=[0,1,2,3],k_v=0,o=1,src_overlap=0,m_v=0,pad=0): [1;32mOK[0m
ggml_metal_library_compile_pipeline: compiling pipeline: base = 'kernel_mul_mv_mma_iq4_xs_f32_nt1_rt1', name = 'kernel_mul_mv_mma_iq4_xs_f32_nt1_rt1_nsg=4_ne12=1_r2=1_r3=1_ne00=0_add=0'
ggml_metal_library_compile_pipeline: loaded kernel_mul_mv_mma_iq4_xs_f32_nt1_rt1_nsg=4_ne12=1_r2=1_r3=1_ne00=0_add=0     0x7b3a55d880 | th_max = 1024 | th_width =   32
  MUL_MAT(type_a=iq4_xs,type_b=f32,m=16,n=2,k=256,bs=[1,1],nr=[1,1],per=[0,1,2,3],k_v=0,o=1,src_overlap=0,m_v=0,pad=0): [1;32mOK[0m
  MUL_MAT(type_a=iq4_xs,type_b=f32,m=16,n=3,k=256,bs=[1,1],nr=[1,1],per=[0,1,2,3],k_v=0,o=1,src_overlap=0,m_v=0,pad=0): [1;32mOK[0m
  MUL_MAT(type_a=iq4_xs,type_b=f32,m=16,n=4,k=256,bs=[1,1],nr=[1,1],per=[0,1,2,3],k_v=0,o=1,src_overlap=0,m_v=0,pad=0): [1;32mOK[0m
  MUL_MAT(type_a=iq4_xs,type_b=f32,m=16,n=5,k=256,bs=[1,1],nr=[1,1],per=[0,1,2,3],k_v=0,o=1,src_overlap=0,m_v=0,pad=0): [1;32mOK[0m
  MUL_MAT(type_a=iq4_xs,type_b=f32,m=16,n=6,k=256,bs=[1,1],nr=[1,1],per=[0,1,2,3],k_v=0,o=1,src_overlap=0,m_v=0,pad=0): [1;32mOK[0m
  MUL_MAT(type_a=iq4_xs,type_b=f32,m=16,n=7,k=256,bs=[1,1],nr=[1,1],per=[0,1,2,3],k_v=0,o=1,src_overlap=0,m_v=0,pad=0): [1;32mOK[0m
  MUL_MAT(type_a=iq4_xs,type_b=f32,m=16,n=8,k=256,bs=[1,1],nr=[1,1],per=[0,1,2,3],k_v=0,o=1,src_overlap=0,m_v=0,pad=0): [1;32mOK[0m
ggml_metal_library_compile_pipeline: compiling pipeline: base = 'kernel_mul_mv_mma_iq4_xs_f32_nt1_rt2', name = 'kernel_mul_mv_mma_iq4_xs_f32_nt1_rt2_nsg=4_ne12=1_r2=1_r3=1_ne00=0_add=0'
ggml_metal_library_compile_pipeline: loaded kernel_mul_mv_mma_iq4_xs_f32_nt1_rt2_nsg=4_ne12=1_r2=1_r3=1_ne00=0_add=0     0x7b3a55e680 | th_max = 1024 | th_width =   32
  MUL_MAT(type_a=iq4_xs,type_b=f32,m=16,n=9,k=256,bs=[1,1],nr=[1,1],per=[0,1,2,3],k_v=0,o=1,src_overlap=0,m_v=0,pad=0): [1;32mOK[0m
  MUL_MAT(type_a=iq4_xs,type_b=f32,m=16,n=1,k=4096,bs=[1,1],nr=[1,1],per=[0,1,2,3],k_v=0,o=1,src_overlap=0,m_v=0,pad=0): [1;32mOK[0m
ggml_metal_library_compile_pipeline: compiling pipeline: base = 'kernel_mul_mv_mma_iq4_xs_f32_nt1_rt1', name = 'kernel_mul_mv_mma_iq4_xs_f32_nt1_rt1_nsg=32_ne12=1_r2=1_r3=1_ne00=0_add=0'
ggml_metal_library_compile_pipeline: loaded kernel_mul_mv_mma_iq4_xs_f32_nt1_rt1_nsg=32_ne12=1_r2=1_r3=1_ne00=0_add=0     0x7b3a55ed80 | th_max = 1024 | th_width =   32
  MUL_MAT(type_a=iq4_xs,type_b=f32,m=16,n=8,k=4096,bs=[1,1],nr=[1,1],per=[0,1,2,3],k_v=0,o=1,src_overlap=0,m_v=0,pad=0): [1;32mOK[0m
  MUL_MAT(type_a=q5_K,type_b=f32,m=4096,n=1,k=1024,bs=[1,1],nr=[1,1],per=[0,1,2,3],k_v=0,o=1,src_overlap=0,m_v=0,pad=0): [1;32mOK[0m
  MUL_MAT(type_a=q5_K,type_b=f32,m=1023,n=1,k=4096,bs=[1,1],nr=[1,1],per=[0,1,2,3],k_v=0,o=1,src_overlap=0,m_v=0,pad=0): [1;32mOK[0m
ggml_metal_library_compile_pipeline: compiling pipeline: base = 'kernel_mul_mv_mma_q5_K_f32_nt4_rt1', name = 'kernel_mul_mv_mma_q5_K_f32_nt4_rt1_nsg=16_ne12=1_r2=1_r3=1_ne00=1024_add=0'
ggml_metal_library_compile_pipeline: loaded kernel_mul_mv_mma_q5_K_f32_nt4_rt1_nsg=16_ne12=1_r2=1_r3=1_ne00=1024_add=0     0x7b3a55f480 | th_max = 1024 | th_width =   32
  MUL_MAT(type_a=q5_K,type_b=f32,m=4096,n=2,k=1024,bs=[1,1],nr=[1,1],per=[0,1,2,3],k_v=0,o=1,src_overlap=0,m_v=0,pad=0): [1;32mOK[0m
ggml_metal_library_compile_pipeline: compiling pipeline: base = 'kernel_mul_mv_mma_q5_K_f32_nt1_rt1', name = 'kernel_mul_mv_mma_q5_K_f32_nt1_rt1_nsg=16_ne12=1_r2=1_r3=1_ne00=4096_add=0'
ggml_metal_library_compile_pipeline: loaded kernel_mul_mv_mma_q5_K_f32_nt1_rt1_nsg=16_ne12=1_r2=1_r3=1_ne00=4096_add=0     0x7b3a55f100 | th_max = 1024 | th_width =   32
  MUL_MAT(type_a=q5_K,type_b=f32,m=1023,n=2,k=4096,bs=[1,1],nr=[1,1],per=[0,1,2,3],k_v=0,o=1,src_overlap=0,m_v=0,pad=0): [1;32mOK[0m
  MUL_MAT(type_a=q5_K,type_b=f32,m=4096,n=3,k=1024,bs=[1,1],nr=[1,1],per=[0,1,2,3],k_v=0,o=1,src_overlap=0,m_v=0,pad=0): [1;32mOK[0m
  MUL_MAT(type_a=q5_K,type_b=f32,m=1023,n=3,k=4096,bs=[1,1],nr=[1,1],per=[0,1,2,3],k_v=0,o=1,src_overlap=0,m_v=0,pad=0): [1;32mOK[0m
  MUL_MAT(type_a=q5_K,type_b=f32,m=4096,n=4,k=1024,bs=[1,1],nr=[1,1],per=[0,1,2,3],k_v=0,o=1,src_overlap=0,m_v=0,pad=0): [1;32mOK[0m
  MUL_MAT(type_a=q5_K,type_b=f32,m=1023,n=4,k=4096,bs=[1,1],nr=[1,1],per=[0,1,2,3],k_v=0,o=1,src_overlap=0,m_v=0,pad=0): [1;32mOK[0m
  MUL_MAT(type_a=q5_K,type_b=f32,m=4096,n=5,k=1024,bs=[1,1],nr=[1,1],per=[0,1,2,3],k_v=0,o=1,src_overlap=0,m_v=0,pad=0): [1;32mOK[0m
  MUL_MAT(type_a=q5_K,type_b=f32,m=1023,n=5,k=4096,bs=[1,1],nr=[1,1],per=[0,1,2,3],k_v=0,o=1,src_overlap=0,m_v=0,pad=0): [1;32mOK[0m
  MUL_MAT(type_a=q5_K,type_b=f32,m=4096,n=6,k=1024,bs=[1,1],nr=[1,1],per=[0,1,2,3],k_v=0,o=1,src_overlap=0,m_v=0,pad=0): [1;32mOK[0m
  MUL_MAT(type_a=q5_K,type_b=f32,m=1023,n=6,k=4096,bs=[1,1],nr=[1,1],per=[0,1,2,3],k_v=0,o=1,src_overlap=0,m_v=0,pad=0): [1;32mOK[0m
  MUL_MAT(type_a=q5_K,type_b=f32,m=4096,n=7,k=1024,bs=[1,1],nr=[1,1],per=[0,1,2,3],k_v=0,o=1,src_overlap=0,m_v=0,pad=0): [1;32mOK[0m
  MUL_MAT(type_a=q5_K,type_b=f32,m=1023,n=7,k=4096,bs=[1,1],nr=[1,1],per=[0,1,2,3],k_v=0,o=1,src_overlap=0,m_v=0,pad=0): [1;32mOK[0m
  MUL_MAT(type_a=q5_K,type_b=f32,m=4096,n=8,k=1024,bs=[1,1],nr=[1,1],per=[0,1,2,3],k_v=0,o=1,src_overlap=0,m_v=0,pad=0): [1;32mOK[0m
  MUL_MAT(type_a=q5_K,type_b=f32,m=1023,n=8,k=4096,bs=[1,1],nr=[1,1],per=[0,1,2,3],k_v=0,o=1,src_overlap=0,m_v=0,pad=0): [1;32mOK[0m
  MUL_MAT(type_a=bf16,type_b=f32,m=48,n=2,k=2560,bs=[1,1],nr=[1,1],per=[0,1,2,3],k_v=0,o=1,src_overlap=0,m_v=0,pad=0): [1;32mOK[0m
  MUL_MAT(type_a=bf16,type_b=f32,m=1000,n=2,k=1024,bs=[1,1],nr=[1,1],per=[0,1,2,3],k_v=0,o=1,src_overlap=0,m_v=0,pad=0): [1;32mOK[0m
  MUL_MAT(type_a=bf16,type_b=f32,m=3000,n=2,k=512,bs=[1,1],nr=[1,1],per=[0,1,2,3],k_v=0,o=1,src_overlap=0,m_v=0,pad=0): [1;32mOK[0m
  MUL_MAT(type_a=bf16,type_b=f32,m=4100,n=2,k=256,bs=[1,1],nr=[1,1],per=[0,1,2,3],k_v=0,o=1,src_overlap=0,m_v=0,pad=0): [1;32mOK[0m
ggml_metal_library_compile_pipeline: compiling pipeline: base = 'kernel_mul_mv_ext_bf16_f32_r1_2', name = 'kernel_mul_mv_ext_bf16_f32_r1_2_nsg=2_nxpsg=16_ne12=6_r2=2_r3=1'
ggml_metal_library_compile_pipeline: loaded kernel_mul_mv_ext_bf16_f32_r1_2_nsg=2_nxpsg=16_ne12=6_r2=2_r3=1     0x7b3a55f800 | th_max = 1024 | th_width =   32
  MUL_MAT(type_a=bf16,type_b=f32,m=64,n=2,k=256,bs=[3,2],nr=[2,1],per=[0,1,2,3],k_v=0,o=1,src_overlap=0,m_v=0,pad=0): [1;32mOK[0m
ggml_metal_library_compile_pipeline: compiling pipeline: base = 'kernel_mul_mv_bf16_f32_4', name = 'kernel_mul_mv_bf16_f32_4_nsg=1_ne12=1_r2=1_r3=1_split=0'
ggml_metal_library_compile_pipeline: loaded kernel_mul_mv_bf16_f32_4_nsg=1_ne12=1_r2=1_r3=1_split=0     0x7b3a55fb80 | th_max = 1024 | th_width =   32
  MUL_MAT(type_a=bf16,type_b=f32,m=100,n=2,k=96,bs=[1,1],nr=[1,1],per=[0,1,2,3],k_v=0,o=1,src_overlap=0,m_v=0,pad=0): [1;32mOK[0m
  MUL_MAT(type_a=q2_0,type_b=f32,m=48,n=2,k=2560,bs=[1,1],nr=[1,1],per=[0,1,2,3],k_v=0,o=1,src_overlap=0,m_v=0,pad=0): [1;32mOK[0m
  MUL_MAT(type_a=q2_0,type_b=f32,m=1000,n=2,k=1024,bs=[1,1],nr=[1,1],per=[0,1,2,3],k_v=0,o=1,src_overlap=0,m_v=0,pad=0): [1;32mOK[0m
  MUL_MAT(type_a=q2_0,type_b=f32,m=3000,n=2,k=512,bs=[1,1],nr=[1,1],per=[0,1,2,3],k_v=0,o=1,src_overlap=0,m_v=0,pad=0): [1;32mOK[0m
  MUL_MAT(type_a=q2_0,type_b=f32,m=4100,n=2,k=256,bs=[1,1],nr=[1,1],per=[0,1,2,3],k_v=0,o=1,src_overlap=0,m_v=0,pad=0): [1;32mOK[0m
ggml_metal_library_compile_pipeline: compiling pipeline: base = 'kernel_mul_mv_ext_q2_0_f32_r1_2', name = 'kernel_mul_mv_ext_q2_0_f32_r1_2_nsg=2_nxpsg=16_ne12=6_r2=2_r3=1'
ggml_metal_library_compile_pipeline: loaded kernel_mul_mv_ext_q2_0_f32_r1_2_nsg=2_nxpsg=16_ne12=6_r2=2_r3=1     0x7b3a487480 | th_max = 1024 | th_width =   32
  MUL_MAT(type_a=q2_0,type_b=f32,m=64,n=2,k=256,bs=[3,2],nr=[2,1],per=[0,1,2,3],k_v=0,o=1,src_overlap=0,m_v=0,pad=0): [1;32mOK[0m
  MUL_MAT(type_a=q3_K,type_b=f32,m=48,n=2,k=2560,bs=[1,1],nr=[1,1],per=[0,1,2,3],k_v=0,o=1,src_overlap=0,m_v=0,pad=0): [1;32mOK[0m
ggml_metal_library_compile_pipeline: compiling pipeline: base = 'kernel_mul_mv_mma_q3_K_f32_nt1_rt1', name = 'kernel_mul_mv_mma_q3_K_f32_nt1_rt1_nsg=16_ne12=1_r2=1_r3=1_ne00=0_add=0'
ggml_metal_library_compile_pipeline: loaded kernel_mul_mv_mma_q3_K_f32_nt1_rt1_nsg=16_ne12=1_r2=1_r3=1_ne00=0_add=0     0x7b3a604700 | th_max = 1024 | th_width =   32
  MUL_MAT(type_a=q3_K,type_b=f32,m=1000,n=2,k=1024,bs=[1,1],nr=[1,1],per=[0,1,2,3],k_v=0,o=1,src_overlap=0,m_v=0,pad=0): [1;32mOK[0m
ggml_metal_library_compile_pipeline: compiling pipeline: base = 'kernel_mul_mv_mma_q3_K_f32_nt2_rt1', name = 'kernel_mul_mv_mma_q3_K_f32_nt2_rt1_nsg=8_ne12=1_r2=1_r3=1_ne00=0_add=0'
ggml_metal_library_compile_pipeline: loaded kernel_mul_mv_mma_q3_K_f32_nt2_rt1_nsg=8_ne12=1_r2=1_r3=1_ne00=0_add=0     0x7b3a604000 | th_max = 1024 | th_width =   32
  MUL_MAT(type_a=q3_K,type_b=f32,m=3000,n=2,k=512,bs=[1,1],nr=[1,1],per=[0,1,2,3],k_v=0,o=1,src_overlap=0,m_v=0,pad=0): [1;32mOK[0m
ggml_metal_library_compile_pipeline: compiling pipeline: base = 'kernel_mul_mv_mma_q3_K_f32_nt4_rt1', name = 'kernel_mul_mv_mma_q3_K_f32_nt4_rt1_nsg=4_ne12=1_r2=1_r3=1_ne00=0_add=0'
ggml_metal_library_compile_pipeline: loaded kernel_mul_mv_mma_q3_K_f32_nt4_rt1_nsg=4_ne12=1_r2=1_r3=1_ne00=0_add=0     0x7b3a604380 | th_max = 1024 | th_width =   32
  MUL_MAT(type_a=q3_K,type_b=f32,m=4100,n=2,k=256,bs=[1,1],nr=[1,1],per=[0,1,2,3],k_v=0,o=1,src_overlap=0,m_v=0,pad=0): [1;32mOK[0m
ggml_metal_library_compile_pipeline: compiling pipeline: base = 'kernel_mul_mv_mma_q3_K_f32_nt1_rt1', name = 'kernel_mul_mv_mma_q3_K_f32_nt1_rt1_nsg=4_ne12=6_r2=2_r3=1_ne00=0_add=0'
ggml_metal_library_compile_pipeline: loaded kernel_mul_mv_mma_q3_K_f32_nt1_rt1_nsg=4_ne12=6_r2=2_r3=1_ne00=0_add=0     0x7b3a604a80 | th_max = 1024 | th_width =   32
  MUL_MAT(type_a=q3_K,type_b=f32,m=64,n=2,k=256,bs=[3,2],nr=[2,1],per=[0,1,2,3],k_v=0,o=1,src_overlap=0,m_v=0,pad=0): [1;32mOK[0m
ggml_metal_library_compile_pipeline: compiling pipeline: base = 'kernel_mul_mv_mma_q5_K_f32_nt1_rt1', name = 'kernel_mul_mv_mma_q5_K_f32_nt1_rt1_nsg=32_ne12=1_r2=1_r3=1_ne00=2560_add=0'
ggml_metal_library_compile_pipeline: loaded kernel_mul_mv_mma_q5_K_f32_nt1_rt1_nsg=32_ne12=1_r2=1_r3=1_ne00=2560_add=0     0x7b3a604e00 | th_max = 1024 | th_width =   32
  MUL_MAT(type_a=q5_K,type_b=f32,m=48,n=2,k=2560,bs=[1,1],nr=[1,1],per=[0,1,2,3],k_v=0,o=1,src_overlap=0,m_v=0,pad=0): [1;32mOK[0m
ggml_metal_library_compile_pipeline: compiling pipeline: base = 'kernel_mul_mv_mma_q5_K_f32_nt1_rt1', name = 'kernel_mul_mv_mma_q5_K_f32_nt1_rt1_nsg=16_ne12=1_r2=1_r3=1_ne00=1024_add=0'
ggml_metal_library_compile_pipeline: loaded kernel_mul_mv_mma_q5_K_f32_nt1_rt1_nsg=16_ne12=1_r2=1_r3=1_ne00=1024_add=0     0x7b3a605180 | th_max = 1024 | th_width =   32
  MUL_MAT(type_a=q5_K,type_b=f32,m=1000,n=2,k=1024,bs=[1,1],nr=[1,1],per=[0,1,2,3],k_v=0,o=1,src_overlap=0,m_v=0,pad=0): [1;32mOK[0m
ggml_metal_library_compile_pipeline: compiling pipeline: base = 'kernel_mul_mv_mma_q5_K_f32_nt2_rt1', name = 'kernel_mul_mv_mma_q5_K_f32_nt2_rt1_nsg=8_ne12=1_r2=1_r3=1_ne00=512_add=0'
ggml_metal_library_compile_pipeline: loaded kernel_mul_mv_mma_q5_K_f32_nt2_rt1_nsg=8_ne12=1_r2=1_r3=1_ne00=512_add=0     0x7b3a605500 | th_max = 1024 | th_width =   32
  MUL_MAT(type_a=q5_K,type_b=f32,m=3000,n=2,k=512,bs=[1,1],nr=[1,1],per=[0,1,2,3],k_v=0,o=1,src_overlap=0,m_v=0,pad=0): [1;32mOK[0m
ggml_metal_library_compile_pipeline: compiling pipeline: base = 'kernel_mul_mv_mma_q5_K_f32_nt4_rt1', name = 'kernel_mul_mv_mma_q5_K_f32_nt4_rt1_nsg=4_ne12=1_r2=1_r3=1_ne00=256_add=0'
ggml_metal_library_compile_pipeline: loaded kernel_mul_mv_mma_q5_K_f32_nt4_rt1_nsg=4_ne12=1_r2=1_r3=1_ne00=256_add=0     0x7b3a605880 | th_max = 1024 | th_width =   32
  MUL_MAT(type_a=q5_K,type_b=f32,m=4100,n=2,k=256,bs=[1,1],nr=[1,1],per=[0,1,2,3],k_v=0,o=1,src_overlap=0,m_v=0,pad=0): [1;32mOK[0m
ggml_metal_library_compile_pipeline: compiling pipeline: base = 'kernel_mul_mv_mma_q5_K_f32_nt1_rt1', name = 'kernel_mul_mv_mma_q5_K_f32_nt1_rt1_nsg=4_ne12=6_r2=2_r3=1_ne00=256_add=0'
ggml_metal_library_compile_pipeline: loaded kernel_mul_mv_mma_q5_K_f32_nt1_rt1_nsg=4_ne12=6_r2=2_r3=1_ne00=256_add=0     0x7b3a605c00 | th_max = 1024 | th_width =   32
  MUL_MAT(type_a=q5_K,type_b=f32,m=64,n=2,k=256,bs=[3,2],nr=[2,1],per=[0,1,2,3],k_v=0,o=1,src_overlap=0,m_v=0,pad=0): [1;32mOK[0m
  MUL_MAT(type_a=iq4_nl,type_b=f32,m=48,n=2,k=2560,bs=[1,1],nr=[1,1],per=[0,1,2,3],k_v=0,o=1,src_overlap=0,m_v=0,pad=0): [1;32mOK[0m
  MUL_MAT(type_a=iq4_nl,type_b=f32,m=1000,n=2,k=1024,bs=[1,1],nr=[1,1],per=[0,1,2,3],k_v=0,o=1,src_overlap=0,m_v=0,pad=0): [1;32mOK[0m
  MUL_MAT(type_a=iq4_nl,type_b=f32,m=3000,n=2,k=512,bs=[1,1],nr=[1,1],per=[0,1,2,3],k_v=0,o=1,src_overlap=0,m_v=0,pad=0): [1;32mOK[0m
  MUL_MAT(type_a=iq4_nl,type_b=f32,m=4100,n=2,k=256,bs=[1,1],nr=[1,1],per=[0,1,2,3],k_v=0,o=1,src_overlap=0,m_v=0,pad=0): [1;32mOK[0m
ggml_metal_library_compile_pipeline: compiling pipeline: base = 'kernel_mul_mv_ext_iq4_nl_f32_r1_2', name = 'kernel_mul_mv_ext_iq4_nl_f32_r1_2_nsg=2_nxpsg=16_ne12=6_r2=2_r3=1'
ggml_metal_library_compile_pipeline: loaded kernel_mul_mv_ext_iq4_nl_f32_r1_2_nsg=2_nxpsg=16_ne12=6_r2=2_r3=1     0x7b3a606300 | th_max = 1024 | th_width =   32
  MUL_MAT(type_a=iq4_nl,type_b=f32,m=64,n=2,k=256,bs=[3,2],nr=[2,1],per=[0,1,2,3],k_v=0,o=1,src_overlap=0,m_v=0,pad=0): [1;32mOK[0m
  MUL_MAT(type_a=iq4_nl,type_b=f32,m=100,n=2,k=96,bs=[1,1],nr=[1,1],per=[0,1,2,3],k_v=0,o=1,src_overlap=0,m_v=0,pad=0): [1;32mOK[0m
  MUL_MAT(type_a=iq4_xs,type_b=f32,m=48,n=2,k=2560,bs=[1,1],nr=[1,1],per=[0,1,2,3],k_v=0,o=1,src_overlap=0,m_v=0,pad=0): [1;32mOK[0m
ggml_metal_library_compile_pipeline: compiling pipeline: base = 'kernel_mul_mv_mma_iq4_xs_f32_nt1_rt1', name = 'kernel_mul_mv_mma_iq4_xs_f32_nt1_rt1_nsg=16_ne12=1_r2=1_r3=1_ne00=0_add=0'
ggml_metal_library_compile_pipeline: loaded kernel_mul_mv_mma_iq4_xs_f32_nt1_rt1_nsg=16_ne12=1_r2=1_r3=1_ne00=0_add=0     0x7b3a606a00 | th_max = 1024 | th_width =   32
  MUL_MAT(type_a=iq4_xs,type_b=f32,m=1000,n=2,k=1024,bs=[1,1],nr=[1,1],per=[0,1,2,3],k_v=0,o=1,src_overlap=0,m_v=0,pad=0): [1;32mOK[0m
ggml_metal_library_compile_pipeline: compiling pipeline: base = 'kernel_mul_mv_mma_iq4_xs_f32_nt2_rt1', name = 'kernel_mul_mv_mma_iq4_xs_f32_nt2_rt1_nsg=8_ne12=1_r2=1_r3=1_ne00=0_add=0'
ggml_metal_library_compile_pipeline: loaded kernel_mul_mv_mma_iq4_xs_f32_nt2_rt1_nsg=8_ne12=1_r2=1_r3=1_ne00=0_add=0     0x7b3a606680 | th_max = 1024 | th_width =   32
  MUL_MAT(type_a=iq4_xs,type_b=f32,m=3000,n=2,k=512,bs=[1,1],nr=[1,1],per=[0,1,2,3],k_v=0,o=1,src_overlap=0,m_v=0,pad=0): [1;32mOK[0m
ggml_metal_library_compile_pipeline: compiling pipeline: base = 'kernel_mul_mv_mma_iq4_xs_f32_nt4_rt1', name = 'kernel_mul_mv_mma_iq4_xs_f32_nt4_rt1_nsg=4_ne12=1_r2=1_r3=1_ne00=0_add=0'
ggml_metal_library_compile_pipeline: loaded kernel_mul_mv_mma_iq4_xs_f32_nt4_rt1_nsg=4_ne12=1_r2=1_r3=1_ne00=0_add=0     0x7b3a605f80 | th_max = 1024 | th_width =   32
  MUL_MAT(type_a=iq4_xs,type_b=f32,m=4100,n=2,k=256,bs=[1,1],nr=[1,1],per=[0,1,2,3],k_v=0,o=1,src_overlap=0,m_v=0,pad=0): [1;32mOK[0m
ggml_metal_library_compile_pipeline: compiling pipeline: base = 'kernel_mul_mv_mma_iq4_xs_f32_nt1_rt1', name = 'kernel_mul_mv_mma_iq4_xs_f32_nt1_rt1_nsg=4_ne12=6_r2=2_r3=1_ne00=0_add=0'
ggml_metal_library_compile_pipeline: loaded kernel_mul_mv_mma_iq4_xs_f32_nt1_rt1_nsg=4_ne12=6_r2=2_r3=1_ne00=0_add=0     0x7b3a606d80 | th_max = 1024 | th_width =   32
  MUL_MAT(type_a=iq4_xs,type_b=f32,m=64,n=2,k=256,bs=[3,2],nr=[2,1],per=[0,1,2,3],k_v=0,o=1,src_overlap=0,m_v=0,pad=0): [1;32mOK[0m
ggml_metal_library_compile_pipeline: compiling pipeline: base = 'kernel_mul_mv_mma_q5_K_f32_nt4_rt1', name = 'kernel_mul_mv_mma_q5_K_f32_nt4_rt1_nsg=8_ne12=1_r2=1_r3=1_ne00=512_add=0'
ggml_metal_library_compile_pipeline: loaded kernel_mul_mv_mma_q5_K_f32_nt4_rt1_nsg=8_ne12=1_r2=1_r3=1_ne00=512_add=0     0x7b3a607100 | th_max = 1024 | th_width =   32
  MUL_MAT(type_a=q5_K,type_b=f32,m=8192,n=2,k=512,bs=[1,1],nr=[1,1],per=[0,1,2,3],k_v=0,o=1,src_overlap=0,m_v=0,pad=0): [1;32mOK[0m
  MUL_MAT(type_a=q5_K,type_b=f32,m=1000,n=2,k=1024,bs=[1,1],nr=[1,1],per=[0,1,2,3],k_v=1280,o=1,src_overlap=0,m_v=0,pad=0): [1;32mOK[0m
  MUL_MAT(type_a=q5_K,type_b=f32,m=1000,n=2,k=1024,bs=[1,1],nr=[1,1],per=[0,1,2,3],k_v=0,o=1,src_overlap=0,m_v=0,pad=0,src1=[0,1]): [1;32mOK[0m
  MUL_MAT(type_a=bf16,type_b=f32,m=48,n=3,k=2560,bs=[1,1],nr=[1,1],per=[0,1,2,3],k_v=0,o=1,src_overlap=0,m_v=0,pad=0): [1;32mOK[0m
  MUL_MAT(type_a=bf16,type_b=f32,m=1000,n=3,k=1024,bs=[1,1],nr=[1,1],per=[0,1,2,3],k_v=0,o=1,src_overlap=0,m_v=0,pad=0): [1;32mOK[0m
  MUL_MAT(type_a=bf16,type_b=f32,m=3000,n=3,k=512,bs=[1,1],nr=[1,1],per=[0,1,2,3],k_v=0,o=1,src_overlap=0,m_v=0,pad=0): [1;32mOK[0m
  MUL_MAT(type_a=bf16,type_b=f32,m=4100,n=3,k=256,bs=[1,1],nr=[1,1],per=[0,1,2,3],k_v=0,o=1,src_overlap=0,m_v=0,pad=0): [1;32mOK[0m
ggml_metal_library_compile_pipeline: compiling pipeline: base = 'kernel_mul_mv_ext_bf16_f32_r1_3', name = 'kernel_mul_mv_ext_bf16_f32_r1_3_nsg=2_nxpsg=8_ne12=6_r2=2_r3=1'
ggml_metal_library_compile_pipeline: loaded kernel_mul_mv_ext_bf16_f32_r1_3_nsg=2_nxpsg=8_ne12=6_r2=2_r3=1     0x7b3a607800 | th_max = 1024 | th_width =   32
  MUL_MAT(type_a=bf16,type_b=f32,m=64,n=3,k=256,bs=[3,2],nr=[2,1],per=[0,1,2,3],k_v=0,o=1,src_overlap=0,m_v=0,pad=0): [1;32mOK[0m
  MUL_MAT(type_a=bf16,type_b=f32,m=100,n=3,k=96,bs=[1,1],nr=[1,1],per=[0,1,2,3],k_v=0,o=1,src_overlap=0,m_v=0,pad=0): [1;32mOK[0m
  MUL_MAT(type_a=q2_0,type_b=f32,m=48,n=3,k=2560,bs=[1,1],nr=[1,1],per=[0,1,2,3],k_v=0,o=1,src_overlap=0,m_v=0,pad=0): [1;32mOK[0m
ggml_metal_library_compile_pipeline: compiling pipeline: base = 'kernel_mul_mv_mma_q2_0_f32_nt1_rt1', name = 'kernel_mul_mv_mma_q2_0_f32_nt1_rt1_nsg=16_ne12=1_r2=1_r3=1_ne00=0_add=0'
ggml_metal_library_compile_pipeline: loaded kernel_mul_mv_mma_q2_0_f32_nt1_rt1_nsg=16_ne12=1_r2=1_r3=1_ne00=0_add=0     0x7b3a607b80 | th_max = 1024 | th_width =   32
  MUL_MAT(type_a=q2_0,type_b=f32,m=1000,n=3,k=1024,bs=[1,1],nr=[1,1],per=[0,1,2,3],k_v=0,o=1,src_overlap=0,m_v=0,pad=0): [1;32mOK[0m
ggml_metal_library_compile_pipeline: compiling pipeline: base = 'kernel_mul_mv_mma_q2_0_f32_nt2_rt1', name = 'kernel_mul_mv_mma_q2_0_f32_nt2_rt1_nsg=8_ne12=1_r2=1_r3=1_ne00=0_add=0'
ggml_metal_library_compile_pipeline: loaded kernel_mul_mv_mma_q2_0_f32_nt2_rt1_nsg=8_ne12=1_r2=1_r3=1_ne00=0_add=0     0x7b3a607480 | th_max = 1024 | th_width =   32
  MUL_MAT(type_a=q2_0,type_b=f32,m=3000,n=3,k=512,bs=[1,1],nr=[1,1],per=[0,1,2,3],k_v=0,o=1,src_overlap=0,m_v=0,pad=0): [1;32mOK[0m
ggml_metal_library_compile_pipeline: compiling pipeline: base = 'kernel_mul_mv_mma_q2_0_f32_nt4_rt1', name = 'kernel_mul_mv_mma_q2_0_f32_nt4_rt1_nsg=4_ne12=1_r2=1_r3=1_ne00=0_add=0'
ggml_metal_library_compile_pipeline: loaded kernel_mul_mv_mma_q2_0_f32_nt4_rt1_nsg=4_ne12=1_r2=1_r3=1_ne00=0_add=0     0x7b3a634380 | th_max = 1024 | th_width =   32
  MUL_MAT(type_a=q2_0,type_b=f32,m=4100,n=3,k=256,bs=[1,1],nr=[1,1],per=[0,1,2,3],k_v=0,o=1,src_overlap=0,m_v=0,pad=0): [1;32mOK[0m
ggml_metal_library_compile_pipeline: compiling pipeline: base = 'kernel_mul_mv_mma_q2_0_f32_nt1_rt1', name = 'kernel_mul_mv_mma_q2_0_f32_nt1_rt1_nsg=4_ne12=6_r2=2_r3=1_ne00=0_add=0'
ggml_metal_library_compile_pipeline: loaded kernel_mul_mv_mma_q2_0_f32_nt1_rt1_nsg=4_ne12=6_r2=2_r3=1_ne00=0_add=0     0x7b3a634700 | th_max = 1024 | th_width =   32
  MUL_MAT(type_a=q2_0,type_b=f32,m=64,n=3,k=256,bs=[3,2],nr=[2,1],per=[0,1,2,3],k_v=0,o=1,src_overlap=0,m_v=0,pad=0): [1;32mOK[0m
  MUL_MAT(type_a=q3_K,type_b=f32,m=48,n=3,k=2560,bs=[1,1],nr=[1,1],per=[0,1,2,3],k_v=0,o=1,src_overlap=0,m_v=0,pad=0): [1;32mOK[0m
  MUL_MAT(type_a=q3_K,type_b=f32,m=1000,n=3,k=1024,bs=[1,1],nr=[1,1],per=[0,1,2,3],k_v=0,o=1,src_overlap=0,m_v=0,pad=0): [1;32mOK[0m
  MUL_MAT(type_a=q3_K,type_b=f32,m=3000,n=3,k=512,bs=[1,1],nr=[1,1],per=[0,1,2,3],k_v=0,o=1,src_overlap=0,m_v=0,pad=0): [1;32mOK[0m
  MUL_MAT(type_a=q3_K,type_b=f32,m=4100,n=3,k=256,bs=[1,1],nr=[1,1],per=[0,1,2,3],k_v=0,o=1,src_overlap=0,m_v=0,pad=0): [1;32mOK[0m
  MUL_MAT(type_a=q3_K,type_b=f32,m=64,n=3,k=256,bs=[3,2],nr=[2,1],per=[0,1,2,3],k_v=0,o=1,src_overlap=0,m_v=0,pad=0): [1;32mOK[0m
  MUL_MAT(type_a=q5_K,type_b=f32,m=48,n=3,k=2560,bs=[1,1],nr=[1,1],per=[0,1,2,3],k_v=0,o=1,src_overlap=0,m_v=0,pad=0): [1;32mOK[0m
  MUL_MAT(type_a=q5_K,type_b=f32,m=1000,n=3,k=1024,bs=[1,1],nr=[1,1],per=[0,1,2,3],k_v=0,o=1,src_overlap=0,m_v=0,pad=0): [1;32mOK[0m
  MUL_MAT(type_a=q5_K,type_b=f32,m=3000,n=3,k=512,bs=[1,1],nr=[1,1],per=[0,1,2,3],k_v=0,o=1,src_overlap=0,m_v=0,pad=0): [1;32mOK[0m
  MUL_MAT(type_a=q5_K,type_b=f32,m=4100,n=3,k=256,bs=[1,1],nr=[1,1],per=[0,1,2,3],k_v=0,o=1,src_overlap=0,m_v=0,pad=0): [1;32mOK[0m
  MUL_MAT(type_a=q5_K,type_b=f32,m=64,n=3,k=256,bs=[3,2],nr=[2,1],per=[0,1,2,3],k_v=0,o=1,src_overlap=0,m_v=0,pad=0): [1;32mOK[0m
  MUL_MAT(type_a=iq4_nl,type_b=f32,m=48,n=3,k=2560,bs=[1,1],nr=[1,1],per=[0,1,2,3],k_v=0,o=1,src_overlap=0,m_v=0,pad=0): [1;32mOK[0m
ggml_metal_library_compile_pipeline: compiling pipeline: base = 'kernel_mul_mv_mma_iq4_nl_f32_nt1_rt1', name = 'kernel_mul_mv_mma_iq4_nl_f32_nt1_rt1_nsg=16_ne12=1_r2=1_r3=1_ne00=0_add=0'
ggml_metal_library_compile_pipeline: loaded kernel_mul_mv_mma_iq4_nl_f32_nt1_rt1_nsg=16_ne12=1_r2=1_r3=1_ne00=0_add=0     0x7b3a634e00 | th_max = 1024 | th_width =   32
  MUL_MAT(type_a=iq4_nl,type_b=f32,m=1000,n=3,k=1024,bs=[1,1],nr=[1,1],per=[0,1,2,3],k_v=0,o=1,src_overlap=0,m_v=0,pad=0): [1;32mOK[0m
ggml_metal_library_compile_pipeline: compiling pipeline: base = 'kernel_mul_mv_mma_iq4_nl_f32_nt2_rt1', name = 'kernel_mul_mv_mma_iq4_nl_f32_nt2_rt1_nsg=8_ne12=1_r2=1_r3=1_ne00=0_add=0'
ggml_metal_library_compile_pipeline: loaded kernel_mul_mv_mma_iq4_nl_f32_nt2_rt1_nsg=8_ne12=1_r2=1_r3=1_ne00=0_add=0     0x7b3a634000 | th_max = 1024 | th_width =   32
  MUL_MAT(type_a=iq4_nl,type_b=f32,m=3000,n=3,k=512,bs=[1,1],nr=[1,1],per=[0,1,2,3],k_v=0,o=1,src_overlap=0,m_v=0,pad=0): [1;32mOK[0m
ggml_metal_library_compile_pipeline: compiling pipeline: base = 'kernel_mul_mv_mma_iq4_nl_f32_nt4_rt1', name = 'kernel_mul_mv_mma_iq4_nl_f32_nt4_rt1_nsg=4_ne12=1_r2=1_r3=1_ne00=0_add=0'
ggml_metal_library_compile_pipeline: loaded kernel_mul_mv_mma_iq4_nl_f32_nt4_rt1_nsg=4_ne12=1_r2=1_r3=1_ne00=0_add=0     0x7b3a634a80 | th_max = 1024 | th_width =   32
  MUL_MAT(type_a=iq4_nl,type_b=f32,m=4100,n=3,k=256,bs=[1,1],nr=[1,1],per=[0,1,2,3],k_v=0,o=1,src_overlap=0,m_v=0,pad=0): [1;32mOK[0m
ggml_metal_library_compile_pipeline: compiling pipeline: base = 'kernel_mul_mv_mma_iq4_nl_f32_nt1_rt1', name = 'kernel_mul_mv_mma_iq4_nl_f32_nt1_rt1_nsg=4_ne12=6_r2=2_r3=1_ne00=0_add=0'
ggml_metal_library_compile_pipeline: loaded kernel_mul_mv_mma_iq4_nl_f32_nt1_rt1_nsg=4_ne12=6_r2=2_r3=1_ne00=0_add=0     0x7b3a635180 | th_max = 1024 | th_width =   32
  MUL_MAT(type_a=iq4_nl,type_b=f32,m=64,n=3,k=256,bs=[3,2],nr=[2,1],per=[0,1,2,3],k_v=0,o=1,src_overlap=0,m_v=0,pad=0): [1;32mOK[0m
  MUL_MAT(type_a=iq4_nl,type_b=f32,m=100,n=3,k=96,bs=[1,1],nr=[1,1],per=[0,1,2,3],k_v=0,o=1,src_overlap=0,m_v=0,pad=0): [1;32mOK[0m
  MUL_MAT(type_a=iq4_xs,type_b=f32,m=48,n=3,k=2560,bs=[1,1],nr=[1,1],per=[0,1,2,3],k_v=0,o=1,src_overlap=0,m_v=0,pad=0): [1;32mOK[0m
  MUL_MAT(type_a=iq4_xs,type_b=f32,m=1000,n=3,k=1024,bs=[1,1],nr=[1,1],per=[0,1,2,3],k_v=0,o=1,src_overlap=0,m_v=0,pad=0): [1;32mOK[0m
  MUL_MAT(type_a=iq4_xs,type_b=f32,m=3000,n=3,k=512,bs=[1,1],nr=[1,1],per=[0,1,2,3],k_v=0,o=1,src_overlap=0,m_v=0,pad=0): [1;32mOK[0m
  MUL_MAT(type_a=iq4_xs,type_b=f32,m=4100,n=3,k=256,bs=[1,1],nr=[1,1],per=[0,1,2,3],k_v=0,o=1,src_overlap=0,m_v=0,pad=0): [1;32mOK[0m
  MUL_MAT(type_a=iq4_xs,type_b=f32,m=64,n=3,k=256,bs=[3,2],nr=[2,1],per=[0,1,2,3],k_v=0,o=1,src_overlap=0,m_v=0,pad=0): [1;32mOK[0m
  MUL_MAT(type_a=q5_K,type_b=f32,m=8192,n=3,k=512,bs=[1,1],nr=[1,1],per=[0,1,2,3],k_v=0,o=1,src_overlap=0,m_v=0,pad=0): [1;32mOK[0m
  MUL_MAT(type_a=q5_K,type_b=f32,m=1000,n=3,k=1024,bs=[1,1],nr=[1,1],per=[0,1,2,3],k_v=1280,o=1,src_overlap=0,m_v=0,pad=0): [1;32mOK[0m
  MUL_MAT(type_a=q5_K,type_b=f32,m=1000,n=3,k=1024,bs=[1,1],nr=[1,1],per=[0,1,2,3],k_v=0,o=1,src_overlap=0,m_v=0,pad=0,src1=[0,1]): [1;32mOK[0m
  MUL_MAT(type_a=bf16,type_b=f32,m=48,n=5,k=2560,bs=[1,1],nr=[1,1],per=[0,1,2,3],k_v=0,o=1,src_overlap=0,m_v=0,pad=0): [1;32mOK[0m
ggml_metal_library_compile_pipeline: compiling pipeline: base = 'kernel_mul_mv_mma_bf16_f32_nt1_rt1', name = 'kernel_mul_mv_mma_bf16_f32_nt1_rt1_nsg=16_ne12=1_r2=1_r3=1_ne00=0_add=0'
ggml_metal_library_compile_pipeline: loaded kernel_mul_mv_mma_bf16_f32_nt1_rt1_nsg=16_ne12=1_r2=1_r3=1_ne00=0_add=0     0x7b3a635880 | th_max = 1024 | th_width =   32
  MUL_MAT(type_a=bf16,type_b=f32,m=1000,n=5,k=1024,bs=[1,1],nr=[1,1],per=[0,1,2,3],k_v=0,o=1,src_overlap=0,m_v=0,pad=0): [1;32mOK[0m
ggml_metal_library_compile_pipeline: compiling pipeline: base = 'kernel_mul_mv_mma_bf16_f32_nt2_rt1', name = 'kernel_mul_mv_mma_bf16_f32_nt2_rt1_nsg=8_ne12=1_r2=1_r3=1_ne00=0_add=0'
ggml_metal_library_compile_pipeline: loaded kernel_mul_mv_mma_bf16_f32_nt2_rt1_nsg=8_ne12=1_r2=1_r3=1_ne00=0_add=0     0x7b3a635500 | th_max = 1024 | th_width =   32
  MUL_MAT(type_a=bf16,type_b=f32,m=3000,n=5,k=512,bs=[1,1],nr=[1,1],per=[0,1,2,3],k_v=0,o=1,src_overlap=0,m_v=0,pad=0): [1;32mOK[0m
ggml_metal_library_compile_pipeline: compiling pipeline: base = 'kernel_mul_mv_mma_bf16_f32_nt4_rt1', name = 'kernel_mul_mv_mma_bf16_f32_nt4_rt1_nsg=4_ne12=1_r2=1_r3=1_ne00=0_add=0'
ggml_metal_library_compile_pipeline: loaded kernel_mul_mv_mma_bf16_f32_nt4_rt1_nsg=4_ne12=1_r2=1_r3=1_ne00=0_add=0     0x7b3a635c00 | th_max = 1024 | th_width =   32
  MUL_MAT(type_a=bf16,type_b=f32,m=4100,n=5,k=256,bs=[1,1],nr=[1,1],per=[0,1,2,3],k_v=0,o=1,src_overlap=0,m_v=0,pad=0): [1;32mOK[0m
ggml_metal_library_compile_pipeline: compiling pipeline: base = 'kernel_mul_mv_mma_bf16_f32_nt1_rt1', name = 'kernel_mul_mv_mma_bf16_f32_nt1_rt1_nsg=4_ne12=6_r2=2_r3=1_ne00=0_add=0'
ggml_metal_library_compile_pipeline: loaded kernel_mul_mv_mma_bf16_f32_nt1_rt1_nsg=4_ne12=6_r2=2_r3=1_ne00=0_add=0     0x7b3a636680 | th_max = 1024 | th_width =   32
  MUL_MAT(type_a=bf16,type_b=f32,m=64,n=5,k=256,bs=[3,2],nr=[2,1],per=[0,1,2,3],k_v=0,o=1,src_overlap=0,m_v=0,pad=0): [1;32mOK[0m
  MUL_MAT(type_a=bf16,type_b=f32,m=100,n=5,k=96,bs=[1,1],nr=[1,1],per=[0,1,2,3],k_v=0,o=1,src_overlap=0,m_v=0,pad=0): [1;32mOK[0m
  MUL_MAT(type_a=q2_0,type_b=f32,m=48,n=5,k=2560,bs=[1,1],nr=[1,1],per=[0,1,2,3],k_v=0,o=1,src_overlap=0,m_v=0,pad=0): [1;32mOK[0m
  MUL_MAT(type_a=q2_0,type_b=f32,m=1000,n=5,k=1024,bs=[1,1],nr=[1,1],per=[0,1,2,3],k_v=0,o=1,src_overlap=0,m_v=0,pad=0): [1;32mOK[0m
  MUL_MAT(type_a=q2_0,type_b=f32,m=3000,n=5,k=512,bs=[1,1],nr=[1,1],per=[0,1,2,3],k_v=0,o=1,src_overlap=0,m_v=0,pad=0): [1;32mOK[0m
  MUL_MAT(type_a=q2_0,type_b=f32,m=4100,n=5,k=256,bs=[1,1],nr=[1,1],per=[0,1,2,3],k_v=0,o=1,src_overlap=0,m_v=0,pad=0): [1;32mOK[0m
  MUL_MAT(type_a=q2_0,type_b=f32,m=64,n=5,k=256,bs=[3,2],nr=[2,1],per=[0,1,2,3],k_v=0,o=1,src_overlap=0,m_v=0,pad=0): [1;32mOK[0m
  MUL_MAT(type_a=q3_K,type_b=f32,m=48,n=5,k=2560,bs=[1,1],nr=[1,1],per=[0,1,2,3],k_v=0,o=1,src_overlap=0,m_v=0,pad=0): [1;32mOK[0m
  MUL_MAT(type_a=q3_K,type_b=f32,m=1000,n=5,k=1024,bs=[1,1],nr=[1,1],per=[0,1,2,3],k_v=0,o=1,src_overlap=0,m_v=0,pad=0): [1;32mOK[0m
  MUL_MAT(type_a=q3_K,type_b=f32,m=3000,n=5,k=512,bs=[1,1],nr=[1,1],per=[0,1,2,3],k_v=0,o=1,src_overlap=0,m_v=0,pad=0): [1;32mOK[0m
  MUL_MAT(type_a=q3_K,type_b=f32,m=4100,n=5,k=256,bs=[1,1],nr=[1,1],per=[0,1,2,3],k_v=0,o=1,src_overlap=0,m_v=0,pad=0): [1;32mOK[0m
  MUL_MAT(type_a=q3_K,type_b=f32,m=64,n=5,k=256,bs=[3,2],nr=[2,1],per=[0,1,2,3],k_v=0,o=1,src_overlap=0,m_v=0,pad=0): [1;32mOK[0m
  MUL_MAT(type_a=q5_K,type_b=f32,m=48,n=5,k=2560,bs=[1,1],nr=[1,1],per=[0,1,2,3],k_v=0,o=1,src_overlap=0,m_v=0,pad=0): [1;32mOK[0m
  MUL_MAT(type_a=q5_K,type_b=f32,m=1000,n=5,k=1024,bs=[1,1],nr=[1,1],per=[0,1,2,3],k_v=0,o=1,src_overlap=0,m_v=0,pad=0): [1;32mOK[0m
  MUL_MAT(type_a=q5_K,type_b=f32,m=3000,n=5,k=512,bs=[1,1],nr=[1,1],per=[0,1,2,3],k_v=0,o=1,src_overlap=0,m_v=0,pad=0): [1;32mOK[0m
  MUL_MAT(type_a=q5_K,type_b=f32,m=4100,n=5,k=256,bs=[1,1],nr=[1,1],per=[0,1,2,3],k_v=0,o=1,src_overlap=0,m_v=0,pad=0): [1;32mOK[0m
  MUL_MAT(type_a=q5_K,type_b=f32,m=64,n=5,k=256,bs=[3,2],nr=[2,1],per=[0,1,2,3],k_v=0,o=1,src_overlap=0,m_v=0,pad=0): [1;32mOK[0m
  MUL_MAT(type_a=iq4_nl,type_b=f32,m=48,n=5,k=2560,bs=[1,1],nr=[1,1],per=[0,1,2,3],k_v=0,o=1,src_overlap=0,m_v=0,pad=0): [1;32mOK[0m
  MUL_MAT(type_a=iq4_nl,type_b=f32,m=1000,n=5,k=1024,bs=[1,1],nr=[1,1],per=[0,1,2,3],k_v=0,o=1,src_overlap=0,m_v=0,pad=0): [1;32mOK[0m
  MUL_MAT(type_a=iq4_nl,type_b=f32,m=3000,n=5,k=512,bs=[1,1],nr=[1,1],per=[0,1,2,3],k_v=0,o=1,src_overlap=0,m_v=0,pad=0): [1;32mOK[0m
  MUL_MAT(type_a=iq4_nl,type_b=f32,m=4100,n=5,k=256,bs=[1,1],nr=[1,1],per=[0,1,2,3],k_v=0,o=1,src_overlap=0,m_v=0,pad=0): [1;32mOK[0m
  MUL_MAT(type_a=iq4_nl,type_b=f32,m=64,n=5,k=256,bs=[3,2],nr=[2,1],per=[0,1,2,3],k_v=0,o=1,src_overlap=0,m_v=0,pad=0): [1;32mOK[0m
  MUL_MAT(type_a=iq4_nl,type_b=f32,m=100,n=5,k=96,bs=[1,1],nr=[1,1],per=[0,1,2,3],k_v=0,o=1,src_overlap=0,m_v=0,pad=0): [1;32mOK[0m
  MUL_MAT(type_a=iq4_xs,type_b=f32,m=48,n=5,k=2560,bs=[1,1],nr=[1,1],per=[0,1,2,3],k_v=0,o=1,src_overlap=0,m_v=0,pad=0): [1;32mOK[0m
  MUL_MAT(type_a=iq4_xs,type_b=f32,m=1000,n=5,k=1024,bs=[1,1],nr=[1,1],per=[0,1,2,3],k_v=0,o=1,src_overlap=0,m_v=0,pad=0): [1;32mOK[0m
  MUL_MAT(type_a=iq4_xs,type_b=f32,m=3000,n=5,k=512,bs=[1,1],nr=[1,1],per=[0,1,2,3],k_v=0,o=1,src_overlap=0,m_v=0,pad=0): [1;32mOK[0m
  MUL_MAT(type_a=iq4_xs,type_b=f32,m=4100,n=5,k=256,bs=[1,1],nr=[1,1],per=[0,1,2,3],k_v=0,o=1,src_overlap=0,m_v=0,pad=0): [1;32mOK[0m
  MUL_MAT(type_a=iq4_xs,type_b=f32,m=64,n=5,k=256,bs=[3,2],nr=[2,1],per=[0,1,2,3],k_v=0,o=1,src_overlap=0,m_v=0,pad=0): [1;32mOK[0m
  MUL_MAT(type_a=q5_K,type_b=f32,m=8192,n=5,k=512,bs=[1,1],nr=[1,1],per=[0,1,2,3],k_v=0,o=1,src_overlap=0,m_v=0,pad=0): [1;32mOK[0m
  MUL_MAT(type_a=q5_K,type_b=f32,m=1000,n=5,k=1024,bs=[1,1],nr=[1,1],per=[0,1,2,3],k_v=1280,o=1,src_overlap=0,m_v=0,pad=0): [1;32mOK[0m
  MUL_MAT(type_a=q5_K,type_b=f32,m=1000,n=5,k=1024,bs=[1,1],nr=[1,1],per=[0,1,2,3],k_v=0,o=1,src_overlap=0,m_v=0,pad=0,src1=[0,1]): [1;32mOK[0m
  MUL_MAT(type_a=bf16,type_b=f32,m=48,n=8,k=2560,bs=[1,1],nr=[1,1],per=[0,1,2,3],k_v=0,o=1,src_overlap=0,m_v=0,pad=0): [1;32mOK[0m
  MUL_MAT(type_a=bf16,type_b=f32,m=1000,n=8,k=1024,bs=[1,1],nr=[1,1],per=[0,1,2,3],k_v=0,o=1,src_overlap=0,m_v=0,pad=0): [1;32mOK[0m
  MUL_MAT(type_a=bf16,type_b=f32,m=3000,n=8,k=512,bs=[1,1],nr=[1,1],per=[0,1,2,3],k_v=0,o=1,src_overlap=0,m_v=0,pad=0): [1;32mOK[0m
  MUL_MAT(type_a=bf16,type_b=f32,m=4100,n=8,k=256,bs=[1,1],nr=[1,1],per=[0,1,2,3],k_v=0,o=1,src_overlap=0,m_v=0,pad=0): [1;32mOK[0m
  MUL_MAT(type_a=bf16,type_b=f32,m=64,n=8,k=256,bs=[3,2],nr=[2,1],per=[0,1,2,3],k_v=0,o=1,src_overlap=0,m_v=0,pad=0): [1;32mOK[0m
  MUL_MAT(type_a=bf16,type_b=f32,m=100,n=8,k=96,bs=[1,1],nr=[1,1],per=[0,1,2,3],k_v=0,o=1,src_overlap=0,m_v=0,pad=0): [1;32mOK[0m
  MUL_MAT(type_a=q2_0,type_b=f32,m=48,n=8,k=2560,bs=[1,1],nr=[1,1],per=[0,1,2,3],k_v=0,o=1,src_overlap=0,m_v=0,pad=0): [1;32mOK[0m
  MUL_MAT(type_a=q2_0,type_b=f32,m=1000,n=8,k=1024,bs=[1,1],nr=[1,1],per=[0,1,2,3],k_v=0,o=1,src_overlap=0,m_v=0,pad=0): [1;32mOK[0m
  MUL_MAT(type_a=q2_0,type_b=f32,m=3000,n=8,k=512,bs=[1,1],nr=[1,1],per=[0,1,2,3],k_v=0,o=1,src_overlap=0,m_v=0,pad=0): [1;32mOK[0m
  MUL_MAT(type_a=q2_0,type_b=f32,m=4100,n=8,k=256,bs=[1,1],nr=[1,1],per=[0,1,2,3],k_v=0,o=1,src_overlap=0,m_v=0,pad=0): [1;32mOK[0m
  MUL_MAT(type_a=q2_0,type_b=f32,m=64,n=8,k=256,bs=[3,2],nr=[2,1],per=[0,1,2,3],k_v=0,o=1,src_overlap=0,m_v=0,pad=0): [1;32mOK[0m
  MUL_MAT(type_a=q3_K,type_b=f32,m=48,n=8,k=2560,bs=[1,1],nr=[1,1],per=[0,1,2,3],k_v=0,o=1,src_overlap=0,m_v=0,pad=0): [1;32mOK[0m
  MUL_MAT(type_a=q3_K,type_b=f32,m=1000,n=8,k=1024,bs=[1,1],nr=[1,1],per=[0,1,2,3],k_v=0,o=1,src_overlap=0,m_v=0,pad=0): [1;32mOK[0m
  MUL_MAT(type_a=q3_K,type_b=f32,m=3000,n=8,k=512,bs=[1,1],nr=[1,1],per=[0,1,2,3],k_v=0,o=1,src_overlap=0,m_v=0,pad=0): [1;32mOK[0m
  MUL_MAT(type_a=q3_K,type_b=f32,m=4100,n=8,k=256,bs=[1,1],nr=[1,1],per=[0,1,2,3],k_v=0,o=1,src_overlap=0,m_v=0,pad=0): [1;32mOK[0m
  MUL_MAT(type_a=q3_K,type_b=f32,m=64,n=8,k=256,bs=[3,2],nr=[2,1],per=[0,1,2,3],k_v=0,o=1,src_overlap=0,m_v=0,pad=0): [1;32mOK[0m
  MUL_MAT(type_a=q5_K,type_b=f32,m=48,n=8,k=2560,bs=[1,1],nr=[1,1],per=[0,1,2,3],k_v=0,o=1,src_overlap=0,m_v=0,pad=0): [1;32mOK[0m
  MUL_MAT(type_a=q5_K,type_b=f32,m=1000,n=8,k=1024,bs=[1,1],nr=[1,1],per=[0,1,2,3],k_v=0,o=1,src_overlap=0,m_v=0,pad=0): [1;32mOK[0m
  MUL_MAT(type_a=q5_K,type_b=f32,m=3000,n=8,k=512,bs=[1,1],nr=[1,1],per=[0,1,2,3],k_v=0,o=1,src_overlap=0,m_v=0,pad=0): [1;32mOK[0m
  MUL_MAT(type_a=q5_K,type_b=f32,m=4100,n=8,k=256,bs=[1,1],nr=[1,1],per=[0,1,2,3],k_v=0,o=1,src_overlap=0,m_v=0,pad=0): [1;32mOK[0m
  MUL_MAT(type_a=q5_K,type_b=f32,m=64,n=8,k=256,bs=[3,2],nr=[2,1],per=[0,1,2,3],k_v=0,o=1,src_overlap=0,m_v=0,pad=0): [1;32mOK[0m
  MUL_MAT(type_a=iq4_nl,type_b=f32,m=48,n=8,k=2560,bs=[1,1],nr=[1,1],per=[0,1,2,3],k_v=0,o=1,src_overlap=0,m_v=0,pad=0): [1;32mOK[0m
  MUL_MAT(type_a=iq4_nl,type_b=f32,m=1000,n=8,k=1024,bs=[1,1],nr=[1,1],per=[0,1,2,3],k_v=0,o=1,src_overlap=0,m_v=0,pad=0): [1;32mOK[0m
  MUL_MAT(type_a=iq4_nl,type_b=f32,m=3000,n=8,k=512,bs=[1,1],nr=[1,1],per=[0,1,2,3],k_v=0,o=1,src_overlap=0,m_v=0,pad=0): [1;32mOK[0m
  MUL_MAT(type_a=iq4_nl,type_b=f32,m=4100,n=8,k=256,bs=[1,1],nr=[1,1],per=[0,1,2,3],k_v=0,o=1,src_overlap=0,m_v=0,pad=0): [1;32mOK[0m
  MUL_MAT(type_a=iq4_nl,type_b=f32,m=64,n=8,k=256,bs=[3,2],nr=[2,1],per=[0,1,2,3],k_v=0,o=1,src_overlap=0,m_v=0,pad=0): [1;32mOK[0m
  MUL_MAT(type_a=iq4_nl,type_b=f32,m=100,n=8,k=96,bs=[1,1],nr=[1,1],per=[0,1,2,3],k_v=0,o=1,src_overlap=0,m_v=0,pad=0): [1;32mOK[0m
  MUL_MAT(type_a=iq4_xs,type_b=f32,m=48,n=8,k=2560,bs=[1,1],nr=[1,1],per=[0,1,2,3],k_v=0,o=1,src_overlap=0,m_v=0,pad=0): [1;32mOK[0m
  MUL_MAT(type_a=iq4_xs,type_b=f32,m=1000,n=8,k=1024,bs=[1,1],nr=[1,1],per=[0,1,2,3],k_v=0,o=1,src_overlap=0,m_v=0,pad=0): [1;32mOK[0m
  MUL_MAT(type_a=iq4_xs,type_b=f32,m=3000,n=8,k=512,bs=[1,1],nr=[1,1],per=[0,1,2,3],k_v=0,o=1,src_overlap=0,m_v=0,pad=0): [1;32mOK[0m
  MUL_MAT(type_a=iq4_xs,type_b=f32,m=4100,n=8,k=256,bs=[1,1],nr=[1,1],per=[0,1,2,3],k_v=0,o=1,src_overlap=0,m_v=0,pad=0): [1;32mOK[0m
  MUL_MAT(type_a=iq4_xs,type_b=f32,m=64,n=8,k=256,bs=[3,2],nr=[2,1],per=[0,1,2,3],k_v=0,o=1,src_overlap=0,m_v=0,pad=0): [1;32mOK[0m
  MUL_MAT(type_a=q5_K,type_b=f32,m=8192,n=8,k=512,bs=[1,1],nr=[1,1],per=[0,1,2,3],k_v=0,o=1,src_overlap=0,m_v=0,pad=0): [1;32mOK[0m
  MUL_MAT(type_a=q5_K,type_b=f32,m=1000,n=8,k=1024,bs=[1,1],nr=[1,1],per=[0,1,2,3],k_v=1280,o=1,src_overlap=0,m_v=0,pad=0): [1;32mOK[0m
  MUL_MAT(type_a=q5_K,type_b=f32,m=1000,n=8,k=1024,bs=[1,1],nr=[1,1],per=[0,1,2,3],k_v=0,o=1,src_overlap=0,m_v=0,pad=0,src1=[0,1]): [1;32mOK[0m
ggml_metal_library_compile_pipeline: compiling pipeline: base = 'kernel_mul_mv_mma_bf16_f32_nt1_rt2', name = 'kernel_mul_mv_mma_bf16_f32_nt1_rt2_nsg=32_ne12=1_r2=1_r3=1_ne00=0_add=0'
ggml_metal_library_compile_pipeline: loaded kernel_mul_mv_mma_bf16_f32_nt1_rt2_nsg=32_ne12=1_r2=1_r3=1_ne00=0_add=0     0x7b3a635f80 | th_max = 1024 | th_width =   32
  MUL_MAT(type_a=bf16,type_b=f32,m=48,n=9,k=2560,bs=[1,1],nr=[1,1],per=[0,1,2,3],k_v=0,o=1,src_overlap=0,m_v=0,pad=0): [1;32mOK[0m
ggml_metal_library_compile_pipeline: compiling pipeline: base = 'kernel_mul_mv_mma_bf16_f32_nt1_rt2', name = 'kernel_mul_mv_mma_bf16_f32_nt1_rt2_nsg=16_ne12=1_r2=1_r3=1_ne00=0_add=0'
ggml_metal_library_compile_pipeline: loaded kernel_mul_mv_mma_bf16_f32_nt1_rt2_nsg=16_ne12=1_r2=1_r3=1_ne00=0_add=0     0x7b3a636300 | th_max = 1024 | th_width =   32
  MUL_MAT(type_a=bf16,type_b=f32,m=1000,n=9,k=1024,bs=[1,1],nr=[1,1],per=[0,1,2,3],k_v=0,o=1,src_overlap=0,m_v=0,pad=0): [1;32mOK[0m
ggml_metal_library_compile_pipeline: compiling pipeline: base = 'kernel_mul_mv_mma_bf16_f32_nt2_rt2', name = 'kernel_mul_mv_mma_bf16_f32_nt2_rt2_nsg=8_ne12=1_r2=1_r3=1_ne00=0_add=0'
ggml_metal_library_compile_pipeline: loaded kernel_mul_mv_mma_bf16_f32_nt2_rt2_nsg=8_ne12=1_r2=1_r3=1_ne00=0_add=0     0x7b3a636a00 | th_max = 1024 | th_width =   32
  MUL_MAT(type_a=bf16,type_b=f32,m=3000,n=9,k=512,bs=[1,1],nr=[1,1],per=[0,1,2,3],k_v=0,o=1,src_overlap=0,m_v=0,pad=0): [1;32mOK[0m
ggml_metal_library_compile_pipeline: compiling pipeline: base = 'kernel_mul_mv_mma_bf16_f32_nt4_rt2', name = 'kernel_mul_mv_mma_bf16_f32_nt4_rt2_nsg=4_ne12=1_r2=1_r3=1_ne00=0_add=0'
ggml_metal_library_compile_pipeline: loaded kernel_mul_mv_mma_bf16_f32_nt4_rt2_nsg=4_ne12=1_r2=1_r3=1_ne00=0_add=0     0x7b3a636d80 | th_max = 1024 | th_width =   32
  MUL_MAT(type_a=bf16,type_b=f32,m=4100,n=9,k=256,bs=[1,1],nr=[1,1],per=[0,1,2,3],k_v=0,o=1,src_overlap=0,m_v=0,pad=0): [1;32mOK[0m
ggml_metal_library_compile_pipeline: compiling pipeline: base = 'kernel_mul_mv_mma_bf16_f32_nt1_rt2', name = 'kernel_mul_mv_mma_bf16_f32_nt1_rt2_nsg=4_ne12=6_r2=2_r3=1_ne00=0_add=0'
ggml_metal_library_compile_pipeline: loaded kernel_mul_mv_mma_bf16_f32_nt1_rt2_nsg=4_ne12=6_r2=2_r3=1_ne00=0_add=0     0x7b3a637800 | th_max = 1024 | th_width =   32
  MUL_MAT(type_a=bf16,type_b=f32,m=64,n=9,k=256,bs=[3,2],nr=[2,1],per=[0,1,2,3],k_v=0,o=1,src_overlap=0,m_v=0,pad=0): [1;32mOK[0m
ggml_metal_library_compile_pipeline: compiling pipeline: base = 'kernel_mul_mm_bf16_f32', name = 'kernel_mul_mm_bf16_f32_bci=0_bco=1_ne12=1_ne13=1_r2=1_r3=1'
ggml_metal_library_compile_pipeline: loaded kernel_mul_mm_bf16_f32_bci=0_bco=1_ne12=1_ne13=1_r2=1_r3=1     0x7b3a637100 | th_max = 1024 | th_width =   32
  MUL_MAT(type_a=bf16,type_b=f32,m=100,n=9,k=96,bs=[1,1],nr=[1,1],per=[0,1,2,3],k_v=0,o=1,src_overlap=0,m_v=0,pad=0): [1;32mOK[0m
ggml_metal_library_compile_pipeline: compiling pipeline: base = 'kernel_mul_mv_mma_q2_0_f32_nt1_rt2', name = 'kernel_mul_mv_mma_q2_0_f32_nt1_rt2_nsg=32_ne12=1_r2=1_r3=1_ne00=0_add=0'
ggml_metal_library_compile_pipeline: loaded kernel_mul_mv_mma_q2_0_f32_nt1_rt2_nsg=32_ne12=1_r2=1_r3=1_ne00=0_add=0     0x7b3a637b80 | th_max = 1024 | th_width =   32
  MUL_MAT(type_a=q2_0,type_b=f32,m=48,n=9,k=2560,bs=[1,1],nr=[1,1],per=[0,1,2,3],k_v=0,o=1,src_overlap=0,m_v=0,pad=0): [1;32mOK[0m
ggml_metal_library_compile_pipeline: compiling pipeline: base = 'kernel_mul_mv_mma_q2_0_f32_nt1_rt2', name = 'kernel_mul_mv_mma_q2_0_f32_nt1_rt2_nsg=16_ne12=1_r2=1_r3=1_ne00=0_add=0'
ggml_metal_library_compile_pipeline: loaded kernel_mul_mv_mma_q2_0_f32_nt1_rt2_nsg=16_ne12=1_r2=1_r3=1_ne00=0_add=0     0x7b3a637480 | th_max = 1024 | th_width =   32
  MUL_MAT(type_a=q2_0,type_b=f32,m=1000,n=9,k=1024,bs=[1,1],nr=[1,1],per=[0,1,2,3],k_v=0,o=1,src_overlap=0,m_v=0,pad=0): [1;32mOK[0m
ggml_metal_library_compile_pipeline: compiling pipeline: base = 'kernel_mul_mv_mma_q2_0_f32_nt2_rt2', name = 'kernel_mul_mv_mma_q2_0_f32_nt2_rt2_nsg=8_ne12=1_r2=1_r3=1_ne00=0_add=0'
ggml_metal_library_compile_pipeline: loaded kernel_mul_mv_mma_q2_0_f32_nt2_rt2_nsg=8_ne12=1_r2=1_r3=1_ne00=0_add=0     0x7b3a640380 | th_max = 1024 | th_width =   32
  MUL_MAT(type_a=q2_0,type_b=f32,m=3000,n=9,k=512,bs=[1,1],nr=[1,1],per=[0,1,2,3],k_v=0,o=1,src_overlap=0,m_v=0,pad=0): [1;32mOK[0m
ggml_metal_library_compile_pipeline: compiling pipeline: base = 'kernel_mul_mv_mma_q2_0_f32_nt4_rt2', name = 'kernel_mul_mv_mma_q2_0_f32_nt4_rt2_nsg=4_ne12=1_r2=1_r3=1_ne00=0_add=0'
ggml_metal_library_compile_pipeline: loaded kernel_mul_mv_mma_q2_0_f32_nt4_rt2_nsg=4_ne12=1_r2=1_r3=1_ne00=0_add=0     0x7b3a640700 | th_max = 1024 | th_width =   32
  MUL_MAT(type_a=q2_0,type_b=f32,m=4100,n=9,k=256,bs=[1,1],nr=[1,1],per=[0,1,2,3],k_v=0,o=1,src_overlap=0,m_v=0,pad=0): [1;32mOK[0m
ggml_metal_library_compile_pipeline: compiling pipeline: base = 'kernel_mul_mv_mma_q2_0_f32_nt1_rt2', name = 'kernel_mul_mv_mma_q2_0_f32_nt1_rt2_nsg=4_ne12=6_r2=2_r3=1_ne00=0_add=0'
ggml_metal_library_compile_pipeline: loaded kernel_mul_mv_mma_q2_0_f32_nt1_rt2_nsg=4_ne12=6_r2=2_r3=1_ne00=0_add=0     0x7b3a640000 | th_max = 1024 | th_width =   32
  MUL_MAT(type_a=q2_0,type_b=f32,m=64,n=9,k=256,bs=[3,2],nr=[2,1],per=[0,1,2,3],k_v=0,o=1,src_overlap=0,m_v=0,pad=0): [1;32mOK[0m
ggml_metal_library_compile_pipeline: compiling pipeline: base = 'kernel_mul_mv_mma_q3_K_f32_nt1_rt2', name = 'kernel_mul_mv_mma_q3_K_f32_nt1_rt2_nsg=32_ne12=1_r2=1_r3=1_ne00=0_add=0'
ggml_metal_library_compile_pipeline: loaded kernel_mul_mv_mma_q3_K_f32_nt1_rt2_nsg=32_ne12=1_r2=1_r3=1_ne00=0_add=0     0x7b3a640a80 | th_max = 1024 | th_width =   32
  MUL_MAT(type_a=q3_K,type_b=f32,m=48,n=9,k=2560,bs=[1,1],nr=[1,1],per=[0,1,2,3],k_v=0,o=1,src_overlap=0,m_v=0,pad=0): [1;32mOK[0m
ggml_metal_library_compile_pipeline: compiling pipeline: base = 'kernel_mul_mv_mma_q3_K_f32_nt1_rt2', name = 'kernel_mul_mv_mma_q3_K_f32_nt1_rt2_nsg=16_ne12=1_r2=1_r3=1_ne00=0_add=0'
ggml_metal_library_compile_pipeline: loaded kernel_mul_mv_mma_q3_K_f32_nt1_rt2_nsg=16_ne12=1_r2=1_r3=1_ne00=0_add=0     0x7b3a640e00 | th_max = 1024 | th_width =   32
  MUL_MAT(type_a=q3_K,type_b=f32,m=1000,n=9,k=1024,bs=[1,1],nr=[1,1],per=[0,1,2,3],k_v=0,o=1,src_overlap=0,m_v=0,pad=0): [1;32mOK[0m
ggml_metal_library_compile_pipeline: compiling pipeline: base = 'kernel_mul_mv_mma_q3_K_f32_nt2_rt2', name = 'kernel_mul_mv_mma_q3_K_f32_nt2_rt2_nsg=8_ne12=1_r2=1_r3=1_ne00=0_add=0'
ggml_metal_library_compile_pipeline: loaded kernel_mul_mv_mma_q3_K_f32_nt2_rt2_nsg=8_ne12=1_r2=1_r3=1_ne00=0_add=0     0x7b3a641180 | th_max = 1024 | th_width =   32
  MUL_MAT(type_a=q3_K,type_b=f32,m=3000,n=9,k=512,bs=[1,1],nr=[1,1],per=[0,1,2,3],k_v=0,o=1,src_overlap=0,m_v=0,pad=0): [1;32mOK[0m
ggml_metal_library_compile_pipeline: compiling pipeline: base = 'kernel_mul_mv_mma_q3_K_f32_nt4_rt2', name = 'kernel_mul_mv_mma_q3_K_f32_nt4_rt2_nsg=4_ne12=1_r2=1_r3=1_ne00=0_add=0'
ggml_metal_library_compile_pipeline: loaded kernel_mul_mv_mma_q3_K_f32_nt4_rt2_nsg=4_ne12=1_r2=1_r3=1_ne00=0_add=0     0x7b3a641500 | th_max = 1024 | th_width =   32
  MUL_MAT(type_a=q3_K,type_b=f32,m=4100,n=9,k=256,bs=[1,1],nr=[1,1],per=[0,1,2,3],k_v=0,o=1,src_overlap=0,m_v=0,pad=0): [1;32mOK[0m
ggml_metal_library_compile_pipeline: compiling pipeline: base = 'kernel_mul_mv_mma_q3_K_f32_nt1_rt2', name = 'kernel_mul_mv_mma_q3_K_f32_nt1_rt2_nsg=4_ne12=6_r2=2_r3=1_ne00=0_add=0'
ggml_metal_library_compile_pipeline: loaded kernel_mul_mv_mma_q3_K_f32_nt1_rt2_nsg=4_ne12=6_r2=2_r3=1_ne00=0_add=0     0x7b3a641880 | th_max = 1024 | th_width =   32
  MUL_MAT(type_a=q3_K,type_b=f32,m=64,n=9,k=256,bs=[3,2],nr=[2,1],per=[0,1,2,3],k_v=0,o=1,src_overlap=0,m_v=0,pad=0): [1;32mOK[0m
ggml_metal_library_compile_pipeline: compiling pipeline: base = 'kernel_mul_mv_mma_q5_K_f32_nt1_rt2', name = 'kernel_mul_mv_mma_q5_K_f32_nt1_rt2_nsg=32_ne12=1_r2=1_r3=1_ne00=2560_add=0'
ggml_metal_library_compile_pipeline: loaded kernel_mul_mv_mma_q5_K_f32_nt1_rt2_nsg=32_ne12=1_r2=1_r3=1_ne00=2560_add=0     0x7b3a641c00 | th_max = 1024 | th_width =   32
  MUL_MAT(type_a=q5_K,type_b=f32,m=48,n=9,k=2560,bs=[1,1],nr=[1,1],per=[0,1,2,3],k_v=0,o=1,src_overlap=0,m_v=0,pad=0): [1;32mOK[0m
ggml_metal_library_compile_pipeline: compiling pipeline: base = 'kernel_mul_mv_mma_q5_K_f32_nt1_rt2', name = 'kernel_mul_mv_mma_q5_K_f32_nt1_rt2_nsg=16_ne12=1_r2=1_r3=1_ne00=1024_add=0'
ggml_metal_library_compile_pipeline: loaded kernel_mul_mv_mma_q5_K_f32_nt1_rt2_nsg=16_ne12=1_r2=1_r3=1_ne00=1024_add=0     0x7b3a641f80 | th_max = 1024 | th_width =   32
  MUL_MAT(type_a=q5_K,type_b=f32,m=1000,n=9,k=1024,bs=[1,1],nr=[1,1],per=[0,1,2,3],k_v=0,o=1,src_overlap=0,m_v=0,pad=0): [1;32mOK[0m
ggml_metal_library_compile_pipeline: compiling pipeline: base = 'kernel_mul_mv_mma_q5_K_f32_nt2_rt2', name = 'kernel_mul_mv_mma_q5_K_f32_nt2_rt2_nsg=8_ne12=1_r2=1_r3=1_ne00=512_add=0'
ggml_metal_library_compile_pipeline: loaded kernel_mul_mv_mma_q5_K_f32_nt2_rt2_nsg=8_ne12=1_r2=1_r3=1_ne00=512_add=0     0x7b3a642300 | th_max = 1024 | th_width =   32
  MUL_MAT(type_a=q5_K,type_b=f32,m=3000,n=9,k=512,bs=[1,1],nr=[1,1],per=[0,1,2,3],k_v=0,o=1,src_overlap=0,m_v=0,pad=0): [1;32mOK[0m
ggml_metal_library_compile_pipeline: compiling pipeline: base = 'kernel_mul_mv_mma_q5_K_f32_nt4_rt2', name = 'kernel_mul_mv_mma_q5_K_f32_nt4_rt2_nsg=4_ne12=1_r2=1_r3=1_ne00=256_add=0'
ggml_metal_library_compile_pipeline: loaded kernel_mul_mv_mma_q5_K_f32_nt4_rt2_nsg=4_ne12=1_r2=1_r3=1_ne00=256_add=0     0x7b3a642680 | th_max = 1024 | th_width =   32
  MUL_MAT(type_a=q5_K,type_b=f32,m=4100,n=9,k=256,bs=[1,1],nr=[1,1],per=[0,1,2,3],k_v=0,o=1,src_overlap=0,m_v=0,pad=0): [1;32mOK[0m
ggml_metal_library_compile_pipeline: compiling pipeline: base = 'kernel_mul_mv_mma_q5_K_f32_nt1_rt2', name = 'kernel_mul_mv_mma_q5_K_f32_nt1_rt2_nsg=4_ne12=6_r2=2_r3=1_ne00=256_add=0'
ggml_metal_library_compile_pipeline: loaded kernel_mul_mv_mma_q5_K_f32_nt1_rt2_nsg=4_ne12=6_r2=2_r3=1_ne00=256_add=0     0x7b3a642a00 | th_max = 1024 | th_width =   32
  MUL_MAT(type_a=q5_K,type_b=f32,m=64,n=9,k=256,bs=[3,2],nr=[2,1],per=[0,1,2,3],k_v=0,o=1,src_overlap=0,m_v=0,pad=0): [1;32mOK[0m
ggml_metal_library_compile_pipeline: compiling pipeline: base = 'kernel_mul_mv_mma_iq4_nl_f32_nt1_rt2', name = 'kernel_mul_mv_mma_iq4_nl_f32_nt1_rt2_nsg=32_ne12=1_r2=1_r3=1_ne00=0_add=0'
ggml_metal_library_compile_pipeline: loaded kernel_mul_mv_mma_iq4_nl_f32_nt1_rt2_nsg=32_ne12=1_r2=1_r3=1_ne00=0_add=0     0x7b3a642d80 | th_max = 1024 | th_width =   32
  MUL_MAT(type_a=iq4_nl,type_b=f32,m=48,n=9,k=2560,bs=[1,1],nr=[1,1],per=[0,1,2,3],k_v=0,o=1,src_overlap=0,m_v=0,pad=0): [1;32mOK[0m
ggml_metal_library_compile_pipeline: compiling pipeline: base = 'kernel_mul_mv_mma_iq4_nl_f32_nt1_rt2', name = 'kernel_mul_mv_mma_iq4_nl_f32_nt1_rt2_nsg=16_ne12=1_r2=1_r3=1_ne00=0_add=0'
ggml_metal_library_compile_pipeline: loaded kernel_mul_mv_mma_iq4_nl_f32_nt1_rt2_nsg=16_ne12=1_r2=1_r3=1_ne00=0_add=0     0x7b3a643100 | th_max = 1024 | th_width =   32
  MUL_MAT(type_a=iq4_nl,type_b=f32,m=1000,n=9,k=1024,bs=[1,1],nr=[1,1],per=[0,1,2,3],k_v=0,o=1,src_overlap=0,m_v=0,pad=0): [1;32mOK[0m
ggml_metal_library_compile_pipeline: compiling pipeline: base = 'kernel_mul_mv_mma_iq4_nl_f32_nt2_rt2', name = 'kernel_mul_mv_mma_iq4_nl_f32_nt2_rt2_nsg=8_ne12=1_r2=1_r3=1_ne00=0_add=0'
ggml_metal_library_compile_pipeline: loaded kernel_mul_mv_mma_iq4_nl_f32_nt2_rt2_nsg=8_ne12=1_r2=1_r3=1_ne00=0_add=0     0x7b3a643480 | th_max = 1024 | th_width =   32
  MUL_MAT(type_a=iq4_nl,type_b=f32,m=3000,n=9,k=512,bs=[1,1],nr=[1,1],per=[0,1,2,3],k_v=0,o=1,src_overlap=0,m_v=0,pad=0): [1;32mOK[0m
ggml_metal_library_compile_pipeline: compiling pipeline: base = 'kernel_mul_mv_mma_iq4_nl_f32_nt4_rt2', name = 'kernel_mul_mv_mma_iq4_nl_f32_nt4_rt2_nsg=4_ne12=1_r2=1_r3=1_ne00=0_add=0'
ggml_metal_library_compile_pipeline: loaded kernel_mul_mv_mma_iq4_nl_f32_nt4_rt2_nsg=4_ne12=1_r2=1_r3=1_ne00=0_add=0     0x7b3a643800 | th_max = 1024 | th_width =   32
  MUL_MAT(type_a=iq4_nl,type_b=f32,m=4100,n=9,k=256,bs=[1,1],nr=[1,1],per=[0,1,2,3],k_v=0,o=1,src_overlap=0,m_v=0,pad=0): [1;32mOK[0m
ggml_metal_library_compile_pipeline: compiling pipeline: base = 'kernel_mul_mv_mma_iq4_nl_f32_nt1_rt2', name = 'kernel_mul_mv_mma_iq4_nl_f32_nt1_rt2_nsg=4_ne12=6_r2=2_r3=1_ne00=0_add=0'
ggml_metal_library_compile_pipeline: loaded kernel_mul_mv_mma_iq4_nl_f32_nt1_rt2_nsg=4_ne12=6_r2=2_r3=1_ne00=0_add=0     0x7b3a643b80 | th_max = 1024 | th_width =   32
  MUL_MAT(type_a=iq4_nl,type_b=f32,m=64,n=9,k=256,bs=[3,2],nr=[2,1],per=[0,1,2,3],k_v=0,o=1,src_overlap=0,m_v=0,pad=0): [1;32mOK[0m
ggml_metal_library_compile_pipeline: compiling pipeline: base = 'kernel_mul_mm_iq4_nl_f32', name = 'kernel_mul_mm_iq4_nl_f32_bci=0_bco=1_ne12=1_ne13=1_r2=1_r3=1'
ggml_metal_library_compile_pipeline: loaded kernel_mul_mm_iq4_nl_f32_bci=0_bco=1_ne12=1_ne13=1_r2=1_r3=1     0x7b3a670380 | th_max = 1024 | th_width =   32
  MUL_MAT(type_a=iq4_nl,type_b=f32,m=100,n=9,k=96,bs=[1,1],nr=[1,1],per=[0,1,2,3],k_v=0,o=1,src_overlap=0,m_v=0,pad=0): [1;32mOK[0m
ggml_metal_library_compile_pipeline: compiling pipeline: base = 'kernel_mul_mv_mma_iq4_xs_f32_nt1_rt2', name = 'kernel_mul_mv_mma_iq4_xs_f32_nt1_rt2_nsg=32_ne12=1_r2=1_r3=1_ne00=0_add=0'
ggml_metal_library_compile_pipeline: loaded kernel_mul_mv_mma_iq4_xs_f32_nt1_rt2_nsg=32_ne12=1_r2=1_r3=1_ne00=0_add=0     0x7b3a670700 | th_max = 1024 | th_width =   32
  MUL_MAT(type_a=iq4_xs,type_b=f32,m=48,n=9,k=2560,bs=[1,1],nr=[1,1],per=[0,1,2,3],k_v=0,o=1,src_overlap=0,m_v=0,pad=0): [1;32mOK[0m
ggml_metal_library_compile_pipeline: compiling pipeline: base = 'kernel_mul_mv_mma_iq4_xs_f32_nt1_rt2', name = 'kernel_mul_mv_mma_iq4_xs_f32_nt1_rt2_nsg=16_ne12=1_r2=1_r3=1_ne00=0_add=0'
ggml_metal_library_compile_pipeline: loaded kernel_mul_mv_mma_iq4_xs_f32_nt1_rt2_nsg=16_ne12=1_r2=1_r3=1_ne00=0_add=0     0x7b3a670000 | th_max = 1024 | th_width =   32
  MUL_MAT(type_a=iq4_xs,type_b=f32,m=1000,n=9,k=1024,bs=[1,1],nr=[1,1],per=[0,1,2,3],k_v=0,o=1,src_overlap=0,m_v=0,pad=0): [1;32mOK[0m
ggml_metal_library_compile_pipeline: compiling pipeline: base = 'kernel_mul_mv_mma_iq4_xs_f32_nt2_rt2', name = 'kernel_mul_mv_mma_iq4_xs_f32_nt2_rt2_nsg=8_ne12=1_r2=1_r3=1_ne00=0_add=0'
ggml_metal_library_compile_pipeline: loaded kernel_mul_mv_mma_iq4_xs_f32_nt2_rt2_nsg=8_ne12=1_r2=1_r3=1_ne00=0_add=0     0x7b3a670a80 | th_max = 1024 | th_width =   32
  MUL_MAT(type_a=iq4_xs,type_b=f32,m=3000,n=9,k=512,bs=[1,1],nr=[1,1],per=[0,1,2,3],k_v=0,o=1,src_overlap=0,m_v=0,pad=0): [1;32mOK[0m
ggml_metal_library_compile_pipeline: compiling pipeline: base = 'kernel_mul_mv_mma_iq4_xs_f32_nt4_rt2', name = 'kernel_mul_mv_mma_iq4_xs_f32_nt4_rt2_nsg=4_ne12=1_r2=1_r3=1_ne00=0_add=0'
ggml_metal_library_compile_pipeline: loaded kernel_mul_mv_mma_iq4_xs_f32_nt4_rt2_nsg=4_ne12=1_r2=1_r3=1_ne00=0_add=0     0x7b3a670e00 | th_max = 1024 | th_width =   32
  MUL_MAT(type_a=iq4_xs,type_b=f32,m=4100,n=9,k=256,bs=[1,1],nr=[1,1],per=[0,1,2,3],k_v=0,o=1,src_overlap=0,m_v=0,pad=0): [1;32mOK[0m
ggml_metal_library_compile_pipeline: compiling pipeline: base = 'kernel_mul_mv_mma_iq4_xs_f32_nt1_rt2', name = 'kernel_mul_mv_mma_iq4_xs_f32_nt1_rt2_nsg=4_ne12=6_r2=2_r3=1_ne00=0_add=0'
ggml_metal_library_compile_pipeline: loaded kernel_mul_mv_mma_iq4_xs_f32_nt1_rt2_nsg=4_ne12=6_r2=2_r3=1_ne00=0_add=0     0x7b3a671180 | th_max = 1024 | th_width =   32
  MUL_MAT(type_a=iq4_xs,type_b=f32,m=64,n=9,k=256,bs=[3,2],nr=[2,1],per=[0,1,2,3],k_v=0,o=1,src_overlap=0,m_v=0,pad=0): [1;32mOK[0m
ggml_metal_library_compile_pipeline: compiling pipeline: base = 'kernel_mul_mv_mma_q5_K_f32_nt4_rt2', name = 'kernel_mul_mv_mma_q5_K_f32_nt4_rt2_nsg=8_ne12=1_r2=1_r3=1_ne00=512_add=0'
ggml_metal_library_compile_pipeline: loaded kernel_mul_mv_mma_q5_K_f32_nt4_rt2_nsg=8_ne12=1_r2=1_r3=1_ne00=512_add=0     0x7b3a671500 | th_max = 1024 | th_width =   32
  MUL_MAT(type_a=q5_K,type_b=f32,m=8192,n=9,k=512,bs=[1,1],nr=[1,1],per=[0,1,2,3],k_v=0,o=1,src_overlap=0,m_v=0,pad=0): [1;32mOK[0m
  MUL_MAT(type_a=q5_K,type_b=f32,m=1000,n=9,k=1024,bs=[1,1],nr=[1,1],per=[0,1,2,3],k_v=1280,o=1,src_overlap=0,m_v=0,pad=0): [1;32mOK[0m
  MUL_MAT(type_a=q5_K,type_b=f32,m=1000,n=9,k=1024,bs=[1,1],nr=[1,1],per=[0,1,2,3],k_v=0,o=1,src_overlap=0,m_v=0,pad=0,src1=[0,1]): [1;32mOK[0m
  MUL_MAT(type_a=bf16,type_b=f32,m=48,n=13,k=2560,bs=[1,1],nr=[1,1],per=[0,1,2,3],k_v=0,o=1,src_overlap=0,m_v=0,pad=0): [1;32mOK[0m
  MUL_MAT(type_a=bf16,type_b=f32,m=1000,n=13,k=1024,bs=[1,1],nr=[1,1],per=[0,1,2,3],k_v=0,o=1,src_overlap=0,m_v=0,pad=0): [1;32mOK[0m
  MUL_MAT(type_a=bf16,type_b=f32,m=3000,n=13,k=512,bs=[1,1],nr=[1,1],per=[0,1,2,3],k_v=0,o=1,src_overlap=0,m_v=0,pad=0): [1;32mOK[0m
  MUL_MAT(type_a=bf16,type_b=f32,m=4100,n=13,k=256,bs=[1,1],nr=[1,1],per=[0,1,2,3],k_v=0,o=1,src_overlap=0,m_v=0,pad=0): [1;32mOK[0m
  MUL_MAT(type_a=bf16,type_b=f32,m=64,n=13,k=256,bs=[3,2],nr=[2,1],per=[0,1,2,3],k_v=0,o=1,src_overlap=0,m_v=0,pad=0): [1;32mOK[0m
  MUL_MAT(type_a=bf16,type_b=f32,m=100,n=13,k=96,bs=[1,1],nr=[1,1],per=[0,1,2,3],k_v=0,o=1,src_overlap=0,m_v=0,pad=0): [1;32mOK[0m
  MUL_MAT(type_a=q2_0,type_b=f32,m=48,n=13,k=2560,bs=[1,1],nr=[1,1],per=[0,1,2,3],k_v=0,o=1,src_overlap=0,m_v=0,pad=0): [1;32mOK[0m
  MUL_MAT(type_a=q2_0,type_b=f32,m=1000,n=13,k=1024,bs=[1,1],nr=[1,1],per=[0,1,2,3],k_v=0,o=1,src_overlap=0,m_v=0,pad=0): [1;32mOK[0m
  MUL_MAT(type_a=q2_0,type_b=f32,m=3000,n=13,k=512,bs=[1,1],nr=[1,1],per=[0,1,2,3],k_v=0,o=1,src_overlap=0,m_v=0,pad=0): [1;32mOK[0m
  MUL_MAT(type_a=q2_0,type_b=f32,m=4100,n=13,k=256,bs=[1,1],nr=[1,1],per=[0,1,2,3],k_v=0,o=1,src_overlap=0,m_v=0,pad=0): [1;32mOK[0m
  MUL_MAT(type_a=q2_0,type_b=f32,m=64,n=13,k=256,bs=[3,2],nr=[2,1],per=[0,1,2,3],k_v=0,o=1,src_overlap=0,m_v=0,pad=0): [1;32mOK[0m
  MUL_MAT(type_a=q3_K,type_b=f32,m=48,n=13,k=2560,bs=[1,1],nr=[1,1],per=[0,1,2,3],k_v=0,o=1,src_overlap=0,m_v=0,pad=0): [1;32mOK[0m
  MUL_MAT(type_a=q3_K,type_b=f32,m=1000,n=13,k=1024,bs=[1,1],nr=[1,1],per=[0,1,2,3],k_v=0,o=1,src_overlap=0,m_v=0,pad=0): [1;32mOK[0m
  MUL_MAT(type_a=q3_K,type_b=f32,m=3000,n=13,k=512,bs=[1,1],nr=[1,1],per=[0,1,2,3],k_v=0,o=1,src_overlap=0,m_v=0,pad=0): [1;32mOK[0m
  MUL_MAT(type_a=q3_K,type_b=f32,m=4100,n=13,k=256,bs=[1,1],nr=[1,1],per=[0,1,2,3],k_v=0,o=1,src_overlap=0,m_v=0,pad=0): [1;32mOK[0m
  MUL_MAT(type_a=q3_K,type_b=f32,m=64,n=13,k=256,bs=[3,2],nr=[2,1],per=[0,1,2,3],k_v=0,o=1,src_overlap=0,m_v=0,pad=0): [1;32mOK[0m
  MUL_MAT(type_a=q5_K,type_b=f32,m=48,n=13,k=2560,bs=[1,1],nr=[1,1],per=[0,1,2,3],k_v=0,o=1,src_overlap=0,m_v=0,pad=0): [1;32mOK[0m
  MUL_MAT(type_a=q5_K,type_b=f32,m=1000,n=13,k=1024,bs=[1,1],nr=[1,1],per=[0,1,2,3],k_v=0,o=1,src_overlap=0,m_v=0,pad=0): [1;32mOK[0m
  MUL_MAT(type_a=q5_K,type_b=f32,m=3000,n=13,k=512,bs=[1,1],nr=[1,1],per=[0,1,2,3],k_v=0,o=1,src_overlap=0,m_v=0,pad=0): [1;32mOK[0m
  MUL_MAT(type_a=q5_K,type_b=f32,m=4100,n=13,k=256,bs=[1,1],nr=[1,1],per=[0,1,2,3],k_v=0,o=1,src_overlap=0,m_v=0,pad=0): [1;32mOK[0m
  MUL_MAT(type_a=q5_K,type_b=f32,m=64,n=13,k=256,bs=[3,2],nr=[2,1],per=[0,1,2,3],k_v=0,o=1,src_overlap=0,m_v=0,pad=0): [1;32mOK[0m
  MUL_MAT(type_a=iq4_nl,type_b=f32,m=48,n=13,k=2560,bs=[1,1],nr=[1,1],per=[0,1,2,3],k_v=0,o=1,src_overlap=0,m_v=0,pad=0): [1;32mOK[0m
  MUL_MAT(type_a=iq4_nl,type_b=f32,m=1000,n=13,k=1024,bs=[1,1],nr=[1,1],per=[0,1,2,3],k_v=0,o=1,src_overlap=0,m_v=0,pad=0): [1;32mOK[0m
  MUL_MAT(type_a=iq4_nl,type_b=f32,m=3000,n=13,k=512,bs=[1,1],nr=[1,1],per=[0,1,2,3],k_v=0,o=1,src_overlap=0,m_v=0,pad=0): [1;32mOK[0m
  MUL_MAT(type_a=iq4_nl,type_b=f32,m=4100,n=13,k=256,bs=[1,1],nr=[1,1],per=[0,1,2,3],k_v=0,o=1,src_overlap=0,m_v=0,pad=0): [1;32mOK[0m
  MUL_MAT(type_a=iq4_nl,type_b=f32,m=64,n=13,k=256,bs=[3,2],nr=[2,1],per=[0,1,2,3],k_v=0,o=1,src_overlap=0,m_v=0,pad=0): [1;32mOK[0m
  MUL_MAT(type_a=iq4_nl,type_b=f32,m=100,n=13,k=96,bs=[1,1],nr=[1,1],per=[0,1,2,3],k_v=0,o=1,src_overlap=0,m_v=0,pad=0): [1;32mOK[0m
  MUL_MAT(type_a=iq4_xs,type_b=f32,m=48,n=13,k=2560,bs=[1,1],nr=[1,1],per=[0,1,2,3],k_v=0,o=1,src_overlap=0,m_v=0,pad=0): [1;32mOK[0m
  MUL_MAT(type_a=iq4_xs,type_b=f32,m=1000,n=13,k=1024,bs=[1,1],nr=[1,1],per=[0,1,2,3],k_v=0,o=1,src_overlap=0,m_v=0,pad=0): [1;32mOK[0m
  MUL_MAT(type_a=iq4_xs,type_b=f32,m=3000,n=13,k=512,bs=[1,1],nr=[1,1],per=[0,1,2,3],k_v=0,o=1,src_overlap=0,m_v=0,pad=0): [1;32mOK[0m
  MUL_MAT(type_a=iq4_xs,type_b=f32,m=4100,n=13,k=256,bs=[1,1],nr=[1,1],per=[0,1,2,3],k_v=0,o=1,src_overlap=0,m_v=0,pad=0): [1;32mOK[0m
  MUL_MAT(type_a=iq4_xs,type_b=f32,m=64,n=13,k=256,bs=[3,2],nr=[2,1],per=[0,1,2,3],k_v=0,o=1,src_overlap=0,m_v=0,pad=0): [1;32mOK[0m
  MUL_MAT(type_a=q5_K,type_b=f32,m=8192,n=13,k=512,bs=[1,1],nr=[1,1],per=[0,1,2,3],k_v=0,o=1,src_overlap=0,m_v=0,pad=0): [1;32mOK[0m
  MUL_MAT(type_a=q5_K,type_b=f32,m=1000,n=13,k=1024,bs=[1,1],nr=[1,1],per=[0,1,2,3],k_v=1280,o=1,src_overlap=0,m_v=0,pad=0): [1;32mOK[0m
  MUL_MAT(type_a=q5_K,type_b=f32,m=1000,n=13,k=1024,bs=[1,1],nr=[1,1],per=[0,1,2,3],k_v=0,o=1,src_overlap=0,m_v=0,pad=0,src1=[0,1]): [1;32mOK[0m
  MUL_MAT(type_a=bf16,type_b=f32,m=48,n=16,k=2560,bs=[1,1],nr=[1,1],per=[0,1,2,3],k_v=0,o=1,src_overlap=0,m_v=0,pad=0): [1;32mOK[0m
  MUL_MAT(type_a=bf16,type_b=f32,m=1000,n=16,k=1024,bs=[1,1],nr=[1,1],per=[0,1,2,3],k_v=0,o=1,src_overlap=0,m_v=0,pad=0): [1;32mOK[0m
  MUL_MAT(type_a=bf16,type_b=f32,m=3000,n=16,k=512,bs=[1,1],nr=[1,1],per=[0,1,2,3],k_v=0,o=1,src_overlap=0,m_v=0,pad=0): [1;32mOK[0m
  MUL_MAT(type_a=bf16,type_b=f32,m=4100,n=16,k=256,bs=[1,1],nr=[1,1],per=[0,1,2,3],k_v=0,o=1,src_overlap=0,m_v=0,pad=0): [1;32mOK[0m
  MUL_MAT(type_a=bf16,type_b=f32,m=64,n=16,k=256,bs=[3,2],nr=[2,1],per=[0,1,2,3],k_v=0,o=1,src_overlap=0,m_v=0,pad=0): [1;32mOK[0m
  MUL_MAT(type_a=bf16,type_b=f32,m=100,n=16,k=96,bs=[1,1],nr=[1,1],per=[0,1,2,3],k_v=0,o=1,src_overlap=0,m_v=0,pad=0): [1;32mOK[0m
  MUL_MAT(type_a=q2_0,type_b=f32,m=48,n=16,k=2560,bs=[1,1],nr=[1,1],per=[0,1,2,3],k_v=0,o=1,src_overlap=0,m_v=0,pad=0): [1;32mOK[0m
  MUL_MAT(type_a=q2_0,type_b=f32,m=1000,n=16,k=1024,bs=[1,1],nr=[1,1],per=[0,1,2,3],k_v=0,o=1,src_overlap=0,m_v=0,pad=0): [1;32mOK[0m
  MUL_MAT(type_a=q2_0,type_b=f32,m=3000,n=16,k=512,bs=[1,1],nr=[1,1],per=[0,1,2,3],k_v=0,o=1,src_overlap=0,m_v=0,pad=0): [1;32mOK[0m
  MUL_MAT(type_a=q2_0,type_b=f32,m=4100,n=16,k=256,bs=[1,1],nr=[1,1],per=[0,1,2,3],k_v=0,o=1,src_overlap=0,m_v=0,pad=0): [1;32mOK[0m
  MUL_MAT(type_a=q2_0,type_b=f32,m=64,n=16,k=256,bs=[3,2],nr=[2,1],per=[0,1,2,3],k_v=0,o=1,src_overlap=0,m_v=0,pad=0): [1;32mOK[0m
  MUL_MAT(type_a=q3_K,type_b=f32,m=48,n=16,k=2560,bs=[1,1],nr=[1,1],per=[0,1,2,3],k_v=0,o=1,src_overlap=0,m_v=0,pad=0): [1;32mOK[0m
  MUL_MAT(type_a=q3_K,type_b=f32,m=1000,n=16,k=1024,bs=[1,1],nr=[1,1],per=[0,1,2,3],k_v=0,o=1,src_overlap=0,m_v=0,pad=0): [1;32mOK[0m
  MUL_MAT(type_a=q3_K,type_b=f32,m=3000,n=16,k=512,bs=[1,1],nr=[1,1],per=[0,1,2,3],k_v=0,o=1,src_overlap=0,m_v=0,pad=0): [1;32mOK[0m
  MUL_MAT(type_a=q3_K,type_b=f32,m=4100,n=16,k=256,bs=[1,1],nr=[1,1],per=[0,1,2,3],k_v=0,o=1,src_overlap=0,m_v=0,pad=0): [1;32mOK[0m
  MUL_MAT(type_a=q3_K,type_b=f32,m=64,n=16,k=256,bs=[3,2],nr=[2,1],per=[0,1,2,3],k_v=0,o=1,src_overlap=0,m_v=0,pad=0): [1;32mOK[0m
  MUL_MAT(type_a=q5_K,type_b=f32,m=48,n=16,k=2560,bs=[1,1],nr=[1,1],per=[0,1,2,3],k_v=0,o=1,src_overlap=0,m_v=0,pad=0): [1;32mOK[0m
  MUL_MAT(type_a=q5_K,type_b=f32,m=1000,n=16,k=1024,bs=[1,1],nr=[1,1],per=[0,1,2,3],k_v=0,o=1,src_overlap=0,m_v=0,pad=0): [1;32mOK[0m
  MUL_MAT(type_a=q5_K,type_b=f32,m=3000,n=16,k=512,bs=[1,1],nr=[1,1],per=[0,1,2,3],k_v=0,o=1,src_overlap=0,m_v=0,pad=0): [1;32mOK[0m
  MUL_MAT(type_a=q5_K,type_b=f32,m=4100,n=16,k=256,bs=[1,1],nr=[1,1],per=[0,1,2,3],k_v=0,o=1,src_overlap=0,m_v=0,pad=0): [1;32mOK[0m
  MUL_MAT(type_a=q5_K,type_b=f32,m=64,n=16,k=256,bs=[3,2],nr=[2,1],per=[0,1,2,3],k_v=0,o=1,src_overlap=0,m_v=0,pad=0): [1;32mOK[0m
  MUL_MAT(type_a=iq4_nl,type_b=f32,m=48,n=16,k=2560,bs=[1,1],nr=[1,1],per=[0,1,2,3],k_v=0,o=1,src_overlap=0,m_v=0,pad=0): [1;32mOK[0m
  MUL_MAT(type_a=iq4_nl,type_b=f32,m=1000,n=16,k=1024,bs=[1,1],nr=[1,1],per=[0,1,2,3],k_v=0,o=1,src_overlap=0,m_v=0,pad=0): [1;32mOK[0m
  MUL_MAT(type_a=iq4_nl,type_b=f32,m=3000,n=16,k=512,bs=[1,1],nr=[1,1],per=[0,1,2,3],k_v=0,o=1,src_overlap=0,m_v=0,pad=0): [1;32mOK[0m
  MUL_MAT(type_a=iq4_nl,type_b=f32,m=4100,n=16,k=256,bs=[1,1],nr=[1,1],per=[0,1,2,3],k_v=0,o=1,src_overlap=0,m_v=0,pad=0): [1;32mOK[0m
  MUL_MAT(type_a=iq4_nl,type_b=f32,m=64,n=16,k=256,bs=[3,2],nr=[2,1],per=[0,1,2,3],k_v=0,o=1,src_overlap=0,m_v=0,pad=0): [1;32mOK[0m
  MUL_MAT(type_a=iq4_nl,type_b=f32,m=100,n=16,k=96,bs=[1,1],nr=[1,1],per=[0,1,2,3],k_v=0,o=1,src_overlap=0,m_v=0,pad=0): [1;32mOK[0m
  MUL_MAT(type_a=iq4_xs,type_b=f32,m=48,n=16,k=2560,bs=[1,1],nr=[1,1],per=[0,1,2,3],k_v=0,o=1,src_overlap=0,m_v=0,pad=0): [1;32mOK[0m
  MUL_MAT(type_a=iq4_xs,type_b=f32,m=1000,n=16,k=1024,bs=[1,1],nr=[1,1],per=[0,1,2,3],k_v=0,o=1,src_overlap=0,m_v=0,pad=0): [1;32mOK[0m
  MUL_MAT(type_a=iq4_xs,type_b=f32,m=3000,n=16,k=512,bs=[1,1],nr=[1,1],per=[0,1,2,3],k_v=0,o=1,src_overlap=0,m_v=0,pad=0): [1;32mOK[0m
  MUL_MAT(type_a=iq4_xs,type_b=f32,m=4100,n=16,k=256,bs=[1,1],nr=[1,1],per=[0,1,2,3],k_v=0,o=1,src_overlap=0,m_v=0,pad=0): [1;32mOK[0m
  MUL_MAT(type_a=iq4_xs,type_b=f32,m=64,n=16,k=256,bs=[3,2],nr=[2,1],per=[0,1,2,3],k_v=0,o=1,src_overlap=0,m_v=0,pad=0): [1;32mOK[0m
  MUL_MAT(type_a=q5_K,type_b=f32,m=8192,n=16,k=512,bs=[1,1],nr=[1,1],per=[0,1,2,3],k_v=0,o=1,src_overlap=0,m_v=0,pad=0): [1;32mOK[0m
  MUL_MAT(type_a=q5_K,type_b=f32,m=1000,n=16,k=1024,bs=[1,1],nr=[1,1],per=[0,1,2,3],k_v=1280,o=1,src_overlap=0,m_v=0,pad=0): [1;32mOK[0m
  MUL_MAT(type_a=q5_K,type_b=f32,m=1000,n=16,k=1024,bs=[1,1],nr=[1,1],per=[0,1,2,3],k_v=0,o=1,src_overlap=0,m_v=0,pad=0,src1=[0,1]): [1;32mOK[0m
  MUL_MAT(type_a=q2_0,type_b=f32,m=16,n=1,k=256,bs=[1,1],nr=[1,1],per=[0,1,2,3],k_v=0,o=1,src_overlap=0,m_v=0,pad=0): [1;32mOK[0m
ggml_metal_library_compile_pipeline: compiling pipeline: base = 'kernel_mul_mv_q2_0_f32', name = 'kernel_mul_mv_q2_0_f32_nsg=2_ne12=2_r2=2_r3=1_split=0'
ggml_metal_library_compile_pipeline: loaded kernel_mul_mv_q2_0_f32_nsg=2_ne12=2_r2=2_r3=1_split=0     0x7b3a671880 | th_max = 1024 | th_width =   32
  MUL_MAT(type_a=q2_0,type_b=f32,m=16,n=1,k=256,bs=[1,1],nr=[2,1],per=[0,1,2,3],k_v=0,o=1,src_overlap=0,m_v=0,pad=0): [1;32mOK[0m
ggml_metal_library_compile_pipeline: compiling pipeline: base = 'kernel_mul_mv_q2_0_f32', name = 'kernel_mul_mv_q2_0_f32_nsg=2_ne12=1_r2=1_r3=2_split=0'
ggml_metal_library_compile_pipeline: loaded kernel_mul_mv_q2_0_f32_nsg=2_ne12=1_r2=1_r3=2_split=0     0x7b3a671c00 | th_max = 1024 | th_width =   32
  MUL_MAT(type_a=q2_0,type_b=f32,m=16,n=1,k=256,bs=[1,1],nr=[1,2],per=[0,1,2,3],k_v=0,o=1,src_overlap=0,m_v=0,pad=0): [1;32mOK[0m
ggml_metal_library_compile_pipeline: compiling pipeline: base = 'kernel_mul_mv_q2_0_f32', name = 'kernel_mul_mv_q2_0_f32_nsg=2_ne12=3_r2=1_r3=1_split=0'
ggml_metal_library_compile_pipeline: loaded kernel_mul_mv_q2_0_f32_nsg=2_ne12=3_r2=1_r3=1_split=0     0x7b3a671f80 | th_max = 1024 | th_width =   32
  MUL_MAT(type_a=q2_0,type_b=f32,m=16,n=1,k=256,bs=[3,1],nr=[1,1],per=[0,1,2,3],k_v=0,o=1,src_overlap=0,m_v=0,pad=0): [1;32mOK[0m
ggml_metal_library_compile_pipeline: compiling pipeline: base = 'kernel_mul_mv_q2_0_f32', name = 'kernel_mul_mv_q2_0_f32_nsg=2_ne12=6_r2=2_r3=1_split=0'
ggml_metal_library_compile_pipeline: loaded kernel_mul_mv_q2_0_f32_nsg=2_ne12=6_r2=2_r3=1_split=0     0x7b3a672300 | th_max = 1024 | th_width =   32
  MUL_MAT(type_a=q2_0,type_b=f32,m=16,n=1,k=256,bs=[3,1],nr=[2,1],per=[0,1,2,3],k_v=0,o=1,src_overlap=0,m_v=0,pad=0): [1;32mOK[0m
  MUL_MAT(type_a=q2_0,type_b=f32,m=16,n=1,k=256,bs=[3,2],nr=[1,1],per=[0,1,2,3],k_v=0,o=1,src_overlap=0,m_v=0,pad=0): [1;32mOK[0m
  MUL_MAT(type_a=q2_0,type_b=f32,m=16,n=1,k=256,bs=[3,2],nr=[2,1],per=[0,1,2,3],k_v=0,o=1,src_overlap=0,m_v=0,pad=0): [1;32mOK[0m
ggml_metal_library_compile_pipeline: compiling pipeline: base = 'kernel_mul_mv_q2_0_f32', name = 'kernel_mul_mv_q2_0_f32_nsg=2_ne12=3_r2=1_r3=2_split=0'
ggml_metal_library_compile_pipeline: loaded kernel_mul_mv_q2_0_f32_nsg=2_ne12=3_r2=1_r3=2_split=0     0x7b3a672d80 | th_max = 1024 | th_width =   32
  MUL_MAT(type_a=q2_0,type_b=f32,m=16,n=1,k=256,bs=[3,2],nr=[1,2],per=[0,1,2,3],k_v=0,o=1,src_overlap=0,m_v=0,pad=0): [1;32mOK[0m
ggml_metal_library_compile_pipeline: compiling pipeline: base = 'kernel_mul_mv_q2_0_f32', name = 'kernel_mul_mv_q2_0_f32_nsg=2_ne12=6_r2=2_r3=2_split=0'
ggml_metal_library_compile_pipeline: loaded kernel_mul_mv_q2_0_f32_nsg=2_ne12=6_r2=2_r3=2_split=0     0x7b3a672680 | th_max = 1024 | th_width =   32
  MUL_MAT(type_a=q2_0,type_b=f32,m=16,n=1,k=256,bs=[3,2],nr=[2,2],per=[0,1,2,3],k_v=0,o=1,src_overlap=0,m_v=0,pad=0): [1;32mOK[0m
ggml_metal_library_compile_pipeline: compiling pipeline: base = 'kernel_mul_mv_mma_q2_0_f32_nt1_rt1', name = 'kernel_mul_mv_mma_q2_0_f32_nt1_rt1_nsg=4_ne12=6_r2=2_r3=2_ne00=0_add=0'
ggml_metal_library_compile_pipeline: loaded kernel_mul_mv_mma_q2_0_f32_nt1_rt1_nsg=4_ne12=6_r2=2_r3=2_ne00=0_add=0     0x7b3a672a00 | th_max = 1024 | th_width =   32
  MUL_MAT(type_a=q2_0,type_b=f32,m=16,n=4,k=256,bs=[3,2],nr=[2,2],per=[0,1,2,3],k_v=0,o=1,src_overlap=0,m_v=0,pad=0): [1;32mOK[0m
  MUL_MAT(type_a=q2_0,type_b=f32,m=16,n=16,k=256,bs=[1,1],nr=[1,1],per=[0,1,2,3],k_v=0,o=1,src_overlap=0,m_v=0,pad=0): [1;32mOK[0m
ggml_metal_library_compile_pipeline: compiling pipeline: base = 'kernel_mul_mv_mma_q2_0_f32_nt1_rt2', name = 'kernel_mul_mv_mma_q2_0_f32_nt1_rt2_nsg=4_ne12=2_r2=2_r3=1_ne00=0_add=0'
ggml_metal_library_compile_pipeline: loaded kernel_mul_mv_mma_q2_0_f32_nt1_rt2_nsg=4_ne12=2_r2=2_r3=1_ne00=0_add=0     0x7b3a673480 | th_max = 1024 | th_width =   32
  MUL_MAT(type_a=q2_0,type_b=f32,m=16,n=16,k=256,bs=[1,1],nr=[2,1],per=[0,1,2,3],k_v=0,o=1,src_overlap=0,m_v=0,pad=0): [1;32mOK[0m
ggml_metal_library_compile_pipeline: compiling pipeline: base = 'kernel_mul_mv_mma_q2_0_f32_nt1_rt2', name = 'kernel_mul_mv_mma_q2_0_f32_nt1_rt2_nsg=4_ne12=1_r2=1_r3=2_ne00=0_add=0'
ggml_metal_library_compile_pipeline: loaded kernel_mul_mv_mma_q2_0_f32_nt1_rt2_nsg=4_ne12=1_r2=1_r3=2_ne00=0_add=0     0x7b3a673800 | th_max = 1024 | th_width =   32
  MUL_MAT(type_a=q2_0,type_b=f32,m=16,n=16,k=256,bs=[1,1],nr=[1,2],per=[0,1,2,3],k_v=0,o=1,src_overlap=0,m_v=0,pad=0): [1;32mOK[0m
ggml_metal_library_compile_pipeline: compiling pipeline: base = 'kernel_mul_mv_mma_q2_0_f32_nt1_rt2', name = 'kernel_mul_mv_mma_q2_0_f32_nt1_rt2_nsg=4_ne12=3_r2=1_r3=1_ne00=0_add=0'
ggml_metal_library_compile_pipeline: loaded kernel_mul_mv_mma_q2_0_f32_nt1_rt2_nsg=4_ne12=3_r2=1_r3=1_ne00=0_add=0     0x7b3a673100 | th_max = 1024 | th_width =   32
  MUL_MAT(type_a=q2_0,type_b=f32,m=16,n=16,k=256,bs=[3,1],nr=[1,1],per=[0,1,2,3],k_v=0,o=1,src_overlap=0,m_v=0,pad=0): [1;32mOK[0m
  MUL_MAT(type_a=q2_0,type_b=f32,m=16,n=16,k=256,bs=[3,1],nr=[2,1],per=[0,1,2,3],k_v=0,o=1,src_overlap=0,m_v=0,pad=0): [1;32mOK[0m
  MUL_MAT(type_a=q2_0,type_b=f32,m=16,n=16,k=256,bs=[3,2],nr=[1,1],per=[0,1,2,3],k_v=0,o=1,src_overlap=0,m_v=0,pad=0): [1;32mOK[0m
  MUL_MAT(type_a=q2_0,type_b=f32,m=16,n=16,k=256,bs=[3,2],nr=[2,1],per=[0,1,2,3],k_v=0,o=1,src_overlap=0,m_v=0,pad=0): [1;32mOK[0m
ggml_metal_library_compile_pipeline: compiling pipeline: base = 'kernel_mul_mv_mma_q2_0_f32_nt1_rt2', name = 'kernel_mul_mv_mma_q2_0_f32_nt1_rt2_nsg=4_ne12=3_r2=1_r3=2_ne00=0_add=0'
ggml_metal_library_compile_pipeline: loaded kernel_mul_mv_mma_q2_0_f32_nt1_rt2_nsg=4_ne12=3_r2=1_r3=2_ne00=0_add=0     0x7b3a673b80 | th_max = 1024 | th_width =   32
  MUL_MAT(type_a=q2_0,type_b=f32,m=16,n=16,k=256,bs=[3,2],nr=[1,2],per=[0,1,2,3],k_v=0,o=1,src_overlap=0,m_v=0,pad=0): [1;32mOK[0m
ggml_metal_library_compile_pipeline: compiling pipeline: base = 'kernel_mul_mv_mma_q2_0_f32_nt1_rt2', name = 'kernel_mul_mv_mma_q2_0_f32_nt1_rt2_nsg=4_ne12=6_r2=2_r3=2_ne00=0_add=0'
ggml_metal_library_compile_pipeline: loaded kernel_mul_mv_mma_q2_0_f32_nt1_rt2_nsg=4_ne12=6_r2=2_r3=2_ne00=0_add=0     0x7b3a6b4380 | th_max = 1024 | th_width =   32
  MUL_MAT(type_a=q2_0,type_b=f32,m=16,n=16,k=256,bs=[3,2],nr=[2,2],per=[0,1,2,3],k_v=0,o=1,src_overlap=0,m_v=0,pad=0): [1;32mOK[0m
ggml_metal_library_compile_pipeline: compiling pipeline: base = 'kernel_mul_mv_q2_0_f32', name = 'kernel_mul_mv_q2_0_f32_nsg=2_ne12=2_r2=1_r3=1_split=0'
ggml_metal_library_compile_pipeline: loaded kernel_mul_mv_q2_0_f32_nsg=2_ne12=2_r2=1_r3=1_split=0     0x7b3a6b4000 | th_max = 1024 | th_width =   32
  MUL_MAT(type_a=q2_0,type_b=f32,m=16,n=1,k=256,bs=[2,3],nr=[1,1],per=[0,2,1,3],k_v=0,o=1,src_overlap=0,m_v=0,pad=0): [1;32mOK[0m
  MUL_MAT(type_a=q2_0,type_b=f32,m=16,n=1,k=256,bs=[2,3],nr=[1,1],per=[0,1,3,2],k_v=0,o=1,src_overlap=0,m_v=0,pad=0): [1;32mOK[0m
  MUL_MAT(type_a=q2_0,type_b=f32,m=16,n=1,k=256,bs=[2,3],nr=[1,1],per=[0,3,2,1],k_v=0,o=1,src_overlap=0,m_v=0,pad=0): [1;32mOK[0m
ggml_metal_library_compile_pipeline: compiling pipeline: base = 'kernel_mul_mv_mma_q2_0_f32_nt1_rt1', name = 'kernel_mul_mv_mma_q2_0_f32_nt1_rt1_nsg=4_ne12=2_r2=1_r3=1_ne00=0_add=0'
ggml_metal_library_compile_pipeline: loaded kernel_mul_mv_mma_q2_0_f32_nt1_rt1_nsg=4_ne12=2_r2=1_r3=1_ne00=0_add=0     0x7b3a6b4e00 | th_max = 1024 | th_width =   32
  MUL_MAT(type_a=q2_0,type_b=f32,m=16,n=4,k=256,bs=[2,3],nr=[1,1],per=[0,3,2,1],k_v=0,o=1,src_overlap=0,m_v=0,pad=0): [1;32mOK[0m
  MUL_MAT(type_a=q2_0,type_b=f32,m=16,n=8,k=256,bs=[2,3],nr=[1,1],per=[0,2,1,3],k_v=0,o=1,src_overlap=0,m_v=0,pad=0): [1;32mOK[0m
  MUL_MAT(type_a=q2_0,type_b=f32,m=16,n=8,k=256,bs=[2,3],nr=[1,1],per=[0,1,3,2],k_v=0,o=1,src_overlap=0,m_v=0,pad=0): [1;32mOK[0m
  MUL_MAT(type_a=q2_0,type_b=f32,m=16,n=8,k=256,bs=[2,3],nr=[1,1],per=[0,3,2,1],k_v=0,o=1,src_overlap=0,m_v=0,pad=0): [1;32mOK[0m
ggml_metal_library_compile_pipeline: compiling pipeline: base = 'kernel_mul_mv_mma_q2_0_f32_nt1_rt2', name = 'kernel_mul_mv_mma_q2_0_f32_nt1_rt2_nsg=4_ne12=2_r2=1_r3=1_ne00=0_add=0'
ggml_metal_library_compile_pipeline: loaded kernel_mul_mv_mma_q2_0_f32_nt1_rt2_nsg=4_ne12=2_r2=1_r3=1_ne00=0_add=0     0x7b3a6b4700 | th_max = 1024 | th_width =   32
  MUL_MAT(type_a=q2_0,type_b=f32,m=16,n=16,k=256,bs=[2,3],nr=[1,1],per=[0,2,1,3],k_v=0,o=1,src_overlap=0,m_v=0,pad=0): [1;32mOK[0m
  MUL_MAT(type_a=q2_0,type_b=f32,m=16,n=16,k=256,bs=[2,3],nr=[1,1],per=[0,1,3,2],k_v=0,o=1,src_overlap=0,m_v=0,pad=0): [1;32mOK[0m
  MUL_MAT(type_a=q2_0,type_b=f32,m=16,n=16,k=256,bs=[2,3],nr=[1,1],per=[0,3,2,1],k_v=0,o=1,src_overlap=0,m_v=0,pad=0): [1;32mOK[0m
  MUL_MAT(type_a=q2_0,type_b=f32,m=16,n=1,k=1024,bs=[3,2],nr=[1,1],per=[0,1,2,3],k_v=0,o=1,src_overlap=0,m_v=0,pad=0): [1;32mOK[0m
ggml_metal_library_compile_pipeline: compiling pipeline: base = 'kernel_mul_mv_mma_q2_0_f32_nt1_rt1', name = 'kernel_mul_mv_mma_q2_0_f32_nt1_rt1_nsg=16_ne12=3_r2=1_r3=1_ne00=0_add=0'
ggml_metal_library_compile_pipeline: loaded kernel_mul_mv_mma_q2_0_f32_nt1_rt1_nsg=16_ne12=3_r2=1_r3=1_ne00=0_add=0     0x7b3a6b5500 | th_max = 1024 | th_width =   32
  MUL_MAT(type_a=q2_0,type_b=f32,m=16,n=8,k=1024,bs=[3,2],nr=[1,1],per=[0,1,2,3],k_v=0,o=1,src_overlap=0,m_v=0,pad=0): [1;32mOK[0m
ggml_metal_library_compile_pipeline: compiling pipeline: base = 'kernel_mul_mv_mma_q2_0_f32_nt1_rt2', name = 'kernel_mul_mv_mma_q2_0_f32_nt1_rt2_nsg=16_ne12=3_r2=1_r3=1_ne00=0_add=0'
ggml_metal_library_compile_pipeline: loaded kernel_mul_mv_mma_q2_0_f32_nt1_rt2_nsg=16_ne12=3_r2=1_r3=1_ne00=0_add=0     0x7b3a6b5180 | th_max = 1024 | th_width =   32
  MUL_MAT(type_a=q2_0,type_b=f32,m=16,n=16,k=1024,bs=[3,2],nr=[1,1],per=[0,1,2,3],k_v=0,o=1,src_overlap=0,m_v=0,pad=0): [1;32mOK[0m
ggml_metal_library_compile_pipeline: compiling pipeline: base = 'kernel_mul_mv_mma_q2_0_f32_nt1_rt1', name = 'kernel_mul_mv_mma_q2_0_f32_nt1_rt1_nsg=4_ne12=1536_r2=1_r3=1_ne00=0_add=0'
ggml_metal_library_compile_pipeline: loaded kernel_mul_mv_mma_q2_0_f32_nt1_rt1_nsg=4_ne12=1536_r2=1_r3=1_ne00=0_add=0     0x7b3a6b4a80 | th_max = 1024 | th_width =   32
  MUL_MAT(type_a=q2_0,type_b=f32,m=16,n=8,k=256,bs=[1536,1],nr=[1,1],per=[0,1,2,3],k_v=0,o=1,src_overlap=0,m_v=0,pad=0): [1;32mOK[0m
ggml_metal_library_compile_pipeline: compiling pipeline: base = 'kernel_mul_mv_bf16_f32_4', name = 'kernel_mul_mv_bf16_f32_4_nsg=2_ne12=2_r2=1_r3=1_split=0'
ggml_metal_library_compile_pipeline: loaded kernel_mul_mv_bf16_f32_4_nsg=2_ne12=2_r2=1_r3=1_split=0     0x7b3a6b5880 | th_max = 1024 | th_width =   32
  MUL_MAT(type_a=bf16,type_b=f32,m=16,n=1,k=256,bs=[2,3],nr=[1,1],per=[0,2,1,3],k_v=0,o=1,src_overlap=0,m_v=0,pad=0): [1;32mOK[0m
  MUL_MAT(type_a=bf16,type_b=f32,m=16,n=1,k=256,bs=[2,3],nr=[1,1],per=[0,1,3,2],k_v=0,o=1,src_overlap=0,m_v=0,pad=0): [1;32mOK[0m
  MUL_MAT(type_a=bf16,type_b=f32,m=16,n=1,k=256,bs=[2,3],nr=[1,1],per=[0,3,2,1],k_v=0,o=1,src_overlap=0,m_v=0,pad=0): [1;32mOK[0m
ggml_metal_library_compile_pipeline: compiling pipeline: base = 'kernel_mul_mv_mma_bf16_f32_nt1_rt1', name = 'kernel_mul_mv_mma_bf16_f32_nt1_rt1_nsg=4_ne12=2_r2=1_r3=1_ne00=0_add=0'
ggml_metal_library_compile_pipeline: loaded kernel_mul_mv_mma_bf16_f32_nt1_rt1_nsg=4_ne12=2_r2=1_r3=1_ne00=0_add=0     0x7b3a6b6300 | th_max = 1024 | th_width =   32
  MUL_MAT(type_a=bf16,type_b=f32,m=16,n=8,k=256,bs=[2,3],nr=[1,1],per=[0,2,1,3],k_v=0,o=1,src_overlap=0,m_v=0,pad=0): [1;32mOK[0m
  MUL_MAT(type_a=bf16,type_b=f32,m=16,n=8,k=256,bs=[2,3],nr=[1,1],per=[0,1,3,2],k_v=0,o=1,src_overlap=0,m_v=0,pad=0): [1;32mOK[0m
  MUL_MAT(type_a=bf16,type_b=f32,m=16,n=8,k=256,bs=[2,3],nr=[1,1],per=[0,3,2,1],k_v=0,o=1,src_overlap=0,m_v=0,pad=0): [1;32mOK[0m
ggml_metal_library_compile_pipeline: compiling pipeline: base = 'kernel_mul_mv_mma_bf16_f32_nt1_rt2', name = 'kernel_mul_mv_mma_bf16_f32_nt1_rt2_nsg=4_ne12=2_r2=1_r3=1_ne00=0_add=0'
ggml_metal_library_compile_pipeline: loaded kernel_mul_mv_mma_bf16_f32_nt1_rt2_nsg=4_ne12=2_r2=1_r3=1_ne00=0_add=0     0x7b3a6b6680 | th_max = 1024 | th_width =   32
  MUL_MAT(type_a=bf16,type_b=f32,m=16,n=16,k=256,bs=[2,3],nr=[1,1],per=[0,2,1,3],k_v=0,o=1,src_overlap=0,m_v=0,pad=0): [1;32mOK[0m
  MUL_MAT(type_a=bf16,type_b=f32,m=16,n=16,k=256,bs=[2,3],nr=[1,1],per=[0,1,3,2],k_v=0,o=1,src_overlap=0,m_v=0,pad=0): [1;32mOK[0m
  MUL_MAT(type_a=bf16,type_b=f32,m=16,n=16,k=256,bs=[2,3],nr=[1,1],per=[0,3,2,1],k_v=0,o=1,src_overlap=0,m_v=0,pad=0): [1;32mOK[0m
  MUL_MAT(type_a=q2_0,type_b=f32,m=16,n=1,k=64,bs=[1,1],nr=[1,1],per=[0,1,2,3],k_v=0,o=1,src_overlap=0,m_v=0,pad=0): [1;32mOK[0m
  MUL_MAT(type_a=q2_0,type_b=f32,m=16,n=1,k=256,bs=[1,1],nr=[1,1],per=[0,1,2,3],k_v=0,o=1,src_overlap=0,m_v=0,pad=0): [1;32mOK[0m
  MUL_MAT(type_a=q3_K,type_b=f32,m=16,n=1,k=256,bs=[1,1],nr=[1,1],per=[0,1,2,3],k_v=0,o=1,src_overlap=0,m_v=0,pad=0): [1;32mOK[0m
  MUL_MAT(type_a=q5_K,type_b=f32,m=16,n=1,k=256,bs=[1,1],nr=[1,1],per=[0,1,2,3],k_v=0,o=1,src_overlap=0,m_v=0,pad=0): [1;32mOK[0m
  MUL_MAT(type_a=iq4_nl,type_b=f32,m=16,n=1,k=32,bs=[1,1],nr=[1,1],per=[0,1,2,3],k_v=0,o=1,src_overlap=0,m_v=0,pad=0): [1;32mOK[0m
  MUL_MAT(type_a=iq4_nl,type_b=f32,m=16,n=1,k=256,bs=[1,1],nr=[1,1],per=[0,1,2,3],k_v=0,o=1,src_overlap=0,m_v=0,pad=0): [1;32mOK[0m
  MUL_MAT(type_a=iq4_xs,type_b=f32,m=16,n=1,k=256,bs=[1,1],nr=[1,1],per=[0,1,2,3],k_v=0,o=1,src_overlap=0,m_v=0,pad=0): [1;32mOK[0m
ggml_metal_library_compile_pipeline: compiling pipeline: base = 'kernel_mul_mv_bf16_f32_short', name = 'kernel_mul_mv_bf16_f32_short_nsg=1_ne12=1_r2=1_r3=1_split=0'
ggml_metal_library_compile_pipeline: loaded kernel_mul_mv_bf16_f32_short_nsg=1_ne12=1_r2=1_r3=1_split=0     0x7b3a6b5f80 | th_max = 1024 | th_width =   32
  MUL_MAT(type_a=bf16,type_b=f32,m=16,n=1,k=1,bs=[1,1],nr=[1,1],per=[0,1,2,3],k_v=0,o=1,src_overlap=0,m_v=0,pad=0): [1;32mOK[0m
  MUL_MAT(type_a=bf16,type_b=f32,m=16,n=1,k=256,bs=[1,1],nr=[1,1],per=[0,1,2,3],k_v=0,o=1,src_overlap=0,m_v=0,pad=0): [1;32mOK[0m
  MUL_MAT(type_a=bf16,type_b=f32,m=1056,n=1,k=128,bs=[1,1],nr=[1,1],per=[0,2,1,3],k_v=0,o=1,src_overlap=0,m_v=0,pad=0): [1;32mOK[0m
  MUL_MAT(type_a=bf16,type_b=f32,m=128,n=1,k=1056,bs=[1,1],nr=[1,1],per=[0,1,2,3],k_v=2112,o=1,src_overlap=0,m_v=0,pad=0): [1;32mOK[0m
ggml_metal_library_compile_pipeline: compiling pipeline: base = 'kernel_mul_mv_bf16_f32', name = 'kernel_mul_mv_bf16_f32_nsg=2_ne12=1_r2=1_r3=1_split=0'
ggml_metal_library_compile_pipeline: loaded kernel_mul_mv_bf16_f32_nsg=2_ne12=1_r2=1_r3=1_split=0     0x7b3a6b5c00 | th_max = 1024 | th_width =   32
  MUL_MAT(type_a=bf16,type_b=f32,m=1056,n=1,k=129,bs=[1,1],nr=[1,1],per=[0,2,1,3],k_v=0,o=1,src_overlap=0,m_v=0,pad=0): [1;32mOK[0m
ggml_metal_library_compile_pipeline: compiling pipeline: base = 'kernel_mul_mv_bf16_f32', name = 'kernel_mul_mv_bf16_f32_nsg=4_ne12=1_r2=1_r3=1_split=0'
ggml_metal_library_compile_pipeline: loaded kernel_mul_mv_bf16_f32_nsg=4_ne12=1_r2=1_r3=1_split=0     0x7b3a6b7100 | th_max = 1024 | th_width =   32
  MUL_MAT(type_a=bf16,type_b=f32,m=128,n=1,k=1057,bs=[1,1],nr=[1,1],per=[0,1,2,3],k_v=2113,o=1,src_overlap=0,m_v=0,pad=0): [1;32mOK[0m
  MUL_MAT(type_a=bf16,type_b=f32,m=1057,n=1,k=128,bs=[1,1],nr=[1,1],per=[0,2,1,3],k_v=0,o=1,src_overlap=0,m_v=0,pad=0): [1;32mOK[0m
  MUL_MAT(type_a=bf16,type_b=f32,m=129,n=1,k=1056,bs=[1,1],nr=[1,1],per=[0,1,2,3],k_v=2112,o=1,src_overlap=0,m_v=0,pad=0): [1;32mOK[0m
  MUL_MAT(type_a=bf16,type_b=f32,m=1057,n=1,k=129,bs=[1,1],nr=[1,1],per=[0,2,1,3],k_v=0,o=1,src_overlap=0,m_v=0,pad=0): [1;32mOK[0m
  MUL_MAT(type_a=bf16,type_b=f32,m=129,n=1,k=1057,bs=[1,1],nr=[1,1],per=[0,1,2,3],k_v=2113,o=1,src_overlap=0,m_v=0,pad=0): [1;32mOK[0m
ggml_metal_library_compile_pipeline: compiling pipeline: base = 'kernel_mul_mv_bf16_f32_4', name = 'kernel_mul_mv_bf16_f32_4_nsg=1_ne12=4_r2=4_r3=1_split=0'
ggml_metal_library_compile_pipeline: loaded kernel_mul_mv_bf16_f32_4_nsg=1_ne12=4_r2=4_r3=1_split=0     0x7b3a6b7480 | th_max = 1024 | th_width =   32
  MUL_MAT(type_a=bf16,type_b=f32,m=1056,n=1,k=128,bs=[1,1],nr=[4,1],per=[0,2,1,3],k_v=0,o=1,src_overlap=0,m_v=0,pad=0): [1;32mOK[0m
ggml_metal_library_compile_pipeline: compiling pipeline: base = 'kernel_mul_mv_bf16_f32_4', name = 'kernel_mul_mv_bf16_f32_4_nsg=4_ne12=4_r2=4_r3=1_split=0'
ggml_metal_library_compile_pipeline: loaded kernel_mul_mv_bf16_f32_4_nsg=4_ne12=4_r2=4_r3=1_split=0     0x7b3a6b7800 | th_max = 1024 | th_width =   32
  MUL_MAT(type_a=bf16,type_b=f32,m=128,n=1,k=1056,bs=[1,1],nr=[4,1],per=[0,1,2,3],k_v=2112,o=1,src_overlap=0,m_v=0,pad=0): [1;32mOK[0m
ggml_metal_library_compile_pipeline: compiling pipeline: base = 'kernel_mul_mv_bf16_f32', name = 'kernel_mul_mv_bf16_f32_nsg=2_ne12=4_r2=4_r3=1_split=0'
ggml_metal_library_compile_pipeline: loaded kernel_mul_mv_bf16_f32_nsg=2_ne12=4_r2=4_r3=1_split=0     0x7b3a6b7b80 | th_max = 1024 | th_width =   32
  MUL_MAT(type_a=bf16,type_b=f32,m=1056,n=1,k=129,bs=[1,1],nr=[4,1],per=[0,2,1,3],k_v=0,o=1,src_overlap=0,m_v=0,pad=0): [1;32mOK[0m
ggml_metal_library_compile_pipeline: compiling pipeline: base = 'kernel_mul_mv_bf16_f32', name = 'kernel_mul_mv_bf16_f32_nsg=4_ne12=4_r2=4_r3=1_split=0'
ggml_metal_library_compile_pipeline: loaded kernel_mul_mv_bf16_f32_nsg=4_ne12=4_r2=4_r3=1_split=0     0x7b3a487b80 | th_max = 1024 | th_width =   32
  MUL_MAT(type_a=bf16,type_b=f32,m=128,n=1,k=1057,bs=[1,1],nr=[4,1],per=[0,1,2,3],k_v=2113,o=1,src_overlap=0,m_v=0,pad=0): [1;32mOK[0m
  MUL_MAT(type_a=bf16,type_b=f32,m=1057,n=1,k=128,bs=[1,1],nr=[4,1],per=[0,2,1,3],k_v=0,o=1,src_overlap=0,m_v=0,pad=0): [1;32mOK[0m
  MUL_MAT(type_a=bf16,type_b=f32,m=129,n=1,k=1056,bs=[1,1],nr=[4,1],per=[0,1,2,3],k_v=2112,o=1,src_overlap=0,m_v=0,pad=0): [1;32mOK[0m
  MUL_MAT(type_a=bf16,type_b=f32,m=1057,n=1,k=129,bs=[1,1],nr=[4,1],per=[0,2,1,3],k_v=0,o=1,src_overlap=0,m_v=0,pad=0): [1;32mOK[0m
  MUL_MAT(type_a=bf16,type_b=f32,m=129,n=1,k=1057,bs=[1,1],nr=[4,1],per=[0,1,2,3],k_v=2113,o=1,src_overlap=0,m_v=0,pad=0): [1;32mOK[0m
ggml_metal_library_compile_pipeline: compiling pipeline: base = 'kernel_mul_mv_bf16_f32_4', name = 'kernel_mul_mv_bf16_f32_4_nsg=1_ne12=2_r2=1_r3=1_split=0'
ggml_metal_library_compile_pipeline: loaded kernel_mul_mv_bf16_f32_4_nsg=1_ne12=2_r2=1_r3=1_split=0     0x7b3a55ea00 | th_max = 1024 | th_width =   32
  MUL_MAT(type_a=bf16,type_b=f32,m=1056,n=1,k=128,bs=[2,1],nr=[1,1],per=[0,2,1,3],k_v=0,o=1,src_overlap=0,m_v=0,pad=0): [1;32mOK[0m
ggml_metal_library_compile_pipeline: compiling pipeline: base = 'kernel_mul_mv_bf16_f32_4', name = 'kernel_mul_mv_bf16_f32_4_nsg=4_ne12=2_r2=1_r3=1_split=0'
ggml_metal_library_compile_pipeline: loaded kernel_mul_mv_bf16_f32_4_nsg=4_ne12=2_r2=1_r3=1_split=0     0x7b3a6d8000 | th_max = 1024 | th_width =   32
  MUL_MAT(type_a=bf16,type_b=f32,m=128,n=1,k=1056,bs=[2,1],nr=[1,1],per=[0,1,2,3],k_v=2112,o=1,src_overlap=0,m_v=0,pad=0): [1;32mOK[0m
ggml_metal_library_compile_pipeline: compiling pipeline: base = 'kernel_mul_mv_bf16_f32', name = 'kernel_mul_mv_bf16_f32_nsg=2_ne12=2_r2=1_r3=1_split=0'
ggml_metal_library_compile_pipeline: loaded kernel_mul_mv_bf16_f32_nsg=2_ne12=2_r2=1_r3=1_split=0     0x7b3a6d8a80 | th_max = 1024 | th_width =   32
  MUL_MAT(type_a=bf16,type_b=f32,m=1056,n=1,k=129,bs=[2,1],nr=[1,1],per=[0,2,1,3],k_v=0,o=1,src_overlap=0,m_v=0,pad=0): [1;32mOK[0m
ggml_metal_library_compile_pipeline: compiling pipeline: base = 'kernel_mul_mv_bf16_f32', name = 'kernel_mul_mv_bf16_f32_nsg=4_ne12=2_r2=1_r3=1_split=0'
ggml_metal_library_compile_pipeline: loaded kernel_mul_mv_bf16_f32_nsg=4_ne12=2_r2=1_r3=1_split=0     0x7b3a6d8e00 | th_max = 1024 | th_width =   32
  MUL_MAT(type_a=bf16,type_b=f32,m=128,n=1,k=1057,bs=[2,1],nr=[1,1],per=[0,1,2,3],k_v=2113,o=1,src_overlap=0,m_v=0,pad=0): [1;32mOK[0m
  MUL_MAT(type_a=bf16,type_b=f32,m=1057,n=1,k=128,bs=[2,1],nr=[1,1],per=[0,2,1,3],k_v=0,o=1,src_overlap=0,m_v=0,pad=0): [1;32mOK[0m
  MUL_MAT(type_a=bf16,type_b=f32,m=129,n=1,k=1056,bs=[2,1],nr=[1,1],per=[0,1,2,3],k_v=2112,o=1,src_overlap=0,m_v=0,pad=0): [1;32mOK[0m
  MUL_MAT(type_a=bf16,type_b=f32,m=1057,n=1,k=129,bs=[2,1],nr=[1,1],per=[0,2,1,3],k_v=0,o=1,src_overlap=0,m_v=0,pad=0): [1;32mOK[0m
  MUL_MAT(type_a=bf16,type_b=f32,m=129,n=1,k=1057,bs=[2,1],nr=[1,1],per=[0,1,2,3],k_v=2113,o=1,src_overlap=0,m_v=0,pad=0): [1;32mOK[0m
ggml_metal_library_compile_pipeline: compiling pipeline: base = 'kernel_mul_mv_bf16_f32_4', name = 'kernel_mul_mv_bf16_f32_4_nsg=1_ne12=8_r2=4_r3=1_split=0'
ggml_metal_library_compile_pipeline: loaded kernel_mul_mv_bf16_f32_4_nsg=1_ne12=8_r2=4_r3=1_split=0     0x7b3a6d9180 | th_max = 1024 | th_width =   32
  MUL_MAT(type_a=bf16,type_b=f32,m=1056,n=1,k=128,bs=[2,1],nr=[4,1],per=[0,2,1,3],k_v=0,o=1,src_overlap=0,m_v=0,pad=0): [1;32mOK[0m
ggml_metal_library_compile_pipeline: compiling pipeline: base = 'kernel_mul_mv_bf16_f32_4', name = 'kernel_mul_mv_bf16_f32_4_nsg=4_ne12=8_r2=4_r3=1_split=0'
ggml_metal_library_compile_pipeline: loaded kernel_mul_mv_bf16_f32_4_nsg=4_ne12=8_r2=4_r3=1_split=0     0x7b3a6d9500 | th_max = 1024 | th_width =   32
  MUL_MAT(type_a=bf16,type_b=f32,m=128,n=1,k=1056,bs=[2,1],nr=[4,1],per=[0,1,2,3],k_v=2112,o=1,src_overlap=0,m_v=0,pad=0): [1;32mOK[0m
ggml_metal_library_compile_pipeline: compiling pipeline: base = 'kernel_mul_mv_bf16_f32', name = 'kernel_mul_mv_bf16_f32_nsg=2_ne12=8_r2=4_r3=1_split=0'
ggml_metal_library_compile_pipeline: loaded kernel_mul_mv_bf16_f32_nsg=2_ne12=8_r2=4_r3=1_split=0     0x7b3a6d9880 | th_max = 1024 | th_width =   32
  MUL_MAT(type_a=bf16,type_b=f32,m=1056,n=1,k=129,bs=[2,1],nr=[4,1],per=[0,2,1,3],k_v=0,o=1,src_overlap=0,m_v=0,pad=0): [1;32mOK[0m
ggml_metal_library_compile_pipeline: compiling pipeline: base = 'kernel_mul_mv_bf16_f32', name = 'kernel_mul_mv_bf16_f32_nsg=4_ne12=8_r2=4_r3=1_split=0'
ggml_metal_library_compile_pipeline: loaded kernel_mul_mv_bf16_f32_nsg=4_ne12=8_r2=4_r3=1_split=0     0x7b3a6d9c00 | th_max = 1024 | th_width =   32
  MUL_MAT(type_a=bf16,type_b=f32,m=128,n=1,k=1057,bs=[2,1],nr=[4,1],per=[0,1,2,3],k_v=2113,o=1,src_overlap=0,m_v=0,pad=0): [1;32mOK[0m
  MUL_MAT(type_a=bf16,type_b=f32,m=1057,n=1,k=128,bs=[2,1],nr=[4,1],per=[0,2,1,3],k_v=0,o=1,src_overlap=0,m_v=0,pad=0): [1;32mOK[0m
  MUL_MAT(type_a=bf16,type_b=f32,m=129,n=1,k=1056,bs=[2,1],nr=[4,1],per=[0,1,2,3],k_v=2112,o=1,src_overlap=0,m_v=0,pad=0): [1;32mOK[0m
  MUL_MAT(type_a=bf16,type_b=f32,m=1057,n=1,k=129,bs=[2,1],nr=[4,1],per=[0,2,1,3],k_v=0,o=1,src_overlap=0,m_v=0,pad=0): [1;32mOK[0m
  MUL_MAT(type_a=bf16,type_b=f32,m=129,n=1,k=1057,bs=[2,1],nr=[4,1],per=[0,1,2,3],k_v=2113,o=1,src_overlap=0,m_v=0,pad=0): [1;32mOK[0m
ggml_metal_library_compile_pipeline: compiling pipeline: base = 'kernel_mul_mv_bf16_f32_4', name = 'kernel_mul_mv_bf16_f32_4_nsg=1_ne12=4_r2=1_r3=1_split=0'
ggml_metal_library_compile_pipeline: loaded kernel_mul_mv_bf16_f32_4_nsg=1_ne12=4_r2=1_r3=1_split=0     0x7b3a6d9f80 | th_max = 1024 | th_width =   32
  MUL_MAT(type_a=bf16,type_b=f32,m=1056,n=1,k=128,bs=[4,1],nr=[1,1],per=[0,2,1,3],k_v=0,o=1,src_overlap=0,m_v=0,pad=0): [1;32mOK[0m
ggml_metal_library_compile_pipeline: compiling pipeline: base = 'kernel_mul_mv_bf16_f32_4', name = 'kernel_mul_mv_bf16_f32_4_nsg=4_ne12=4_r2=1_r3=1_split=0'
ggml_metal_library_compile_pipeline: loaded kernel_mul_mv_bf16_f32_4_nsg=4_ne12=4_r2=1_r3=1_split=0     0x7b3a6da300 | th_max = 1024 | th_width =   32
  MUL_MAT(type_a=bf16,type_b=f32,m=128,n=1,k=1056,bs=[4,1],nr=[1,1],per=[0,1,2,3],k_v=2112,o=1,src_overlap=0,m_v=0,pad=0): [1;32mOK[0m
ggml_metal_library_compile_pipeline: compiling pipeline: base = 'kernel_mul_mv_bf16_f32', name = 'kernel_mul_mv_bf16_f32_nsg=2_ne12=4_r2=1_r3=1_split=0'
ggml_metal_library_compile_pipeline: loaded kernel_mul_mv_bf16_f32_nsg=2_ne12=4_r2=1_r3=1_split=0     0x7b3a6da680 | th_max = 1024 | th_width =   32
  MUL_MAT(type_a=bf16,type_b=f32,m=1056,n=1,k=129,bs=[4,1],nr=[1,1],per=[0,2,1,3],k_v=0,o=1,src_overlap=0,m_v=0,pad=0): [1;32mOK[0m
ggml_metal_library_compile_pipeline: compiling pipeline: base = 'kernel_mul_mv_bf16_f32', name = 'kernel_mul_mv_bf16_f32_nsg=4_ne12=4_r2=1_r3=1_split=0'
ggml_metal_library_compile_pipeline: loaded kernel_mul_mv_bf16_f32_nsg=4_ne12=4_r2=1_r3=1_split=0     0x7b3a6daa00 | th_max = 1024 | th_width =   32
  MUL_MAT(type_a=bf16,type_b=f32,m=128,n=1,k=1057,bs=[4,1],nr=[1,1],per=[0,1,2,3],k_v=2113,o=1,src_overlap=0,m_v=0,pad=0): [1;32mOK[0m
  MUL_MAT(type_a=bf16,type_b=f32,m=1057,n=1,k=128,bs=[4,1],nr=[1,1],per=[0,2,1,3],k_v=0,o=1,src_overlap=0,m_v=0,pad=0): [1;32mOK[0m
  MUL_MAT(type_a=bf16,type_b=f32,m=129,n=1,k=1056,bs=[4,1],nr=[1,1],per=[0,1,2,3],k_v=2112,o=1,src_overlap=0,m_v=0,pad=0): [1;32mOK[0m
  MUL_MAT(type_a=bf16,type_b=f32,m=1057,n=1,k=129,bs=[4,1],nr=[1,1],per=[0,2,1,3],k_v=0,o=1,src_overlap=0,m_v=0,pad=0): [1;32mOK[0m
  MUL_MAT(type_a=bf16,type_b=f32,m=129,n=1,k=1057,bs=[4,1],nr=[1,1],per=[0,1,2,3],k_v=2113,o=1,src_overlap=0,m_v=0,pad=0): [1;32mOK[0m
ggml_metal_library_compile_pipeline: compiling pipeline: base = 'kernel_mul_mv_bf16_f32_4', name = 'kernel_mul_mv_bf16_f32_4_nsg=1_ne12=16_r2=4_r3=1_split=0'
ggml_metal_library_compile_pipeline: loaded kernel_mul_mv_bf16_f32_4_nsg=1_ne12=16_r2=4_r3=1_split=0     0x7b3a6dad80 | th_max = 1024 | th_width =   32
  MUL_MAT(type_a=bf16,type_b=f32,m=1056,n=1,k=128,bs=[4,1],nr=[4,1],per=[0,2,1,3],k_v=0,o=1,src_overlap=0,m_v=0,pad=0): [1;32mOK[0m
ggml_metal_library_compile_pipeline: compiling pipeline: base = 'kernel_mul_mv_bf16_f32_4', name = 'kernel_mul_mv_bf16_f32_4_nsg=4_ne12=16_r2=4_r3=1_split=0'
ggml_metal_library_compile_pipeline: loaded kernel_mul_mv_bf16_f32_4_nsg=4_ne12=16_r2=4_r3=1_split=0     0x7b3a6db100 | th_max = 1024 | th_width =   32
  MUL_MAT(type_a=bf16,type_b=f32,m=128,n=1,k=1056,bs=[4,1],nr=[4,1],per=[0,1,2,3],k_v=2112,o=1,src_overlap=0,m_v=0,pad=0): [1;32mOK[0m
ggml_metal_library_compile_pipeline: compiling pipeline: base = 'kernel_mul_mv_bf16_f32', name = 'kernel_mul_mv_bf16_f32_nsg=2_ne12=16_r2=4_r3=1_split=0'
ggml_metal_library_compile_pipeline: loaded kernel_mul_mv_bf16_f32_nsg=2_ne12=16_r2=4_r3=1_split=0     0x7b3a6db480 | th_max = 1024 | th_width =   32
  MUL_MAT(type_a=bf16,type_b=f32,m=1056,n=1,k=129,bs=[4,1],nr=[4,1],per=[0,2,1,3],k_v=0,o=1,src_overlap=0,m_v=0,pad=0): [1;32mOK[0m
ggml_metal_library_compile_pipeline: compiling pipeline: base = 'kernel_mul_mv_bf16_f32', name = 'kernel_mul_mv_bf16_f32_nsg=4_ne12=16_r2=4_r3=1_split=0'
ggml_metal_library_compile_pipeline: loaded kernel_mul_mv_bf16_f32_nsg=4_ne12=16_r2=4_r3=1_split=0     0x7b3a6db800 | th_max = 1024 | th_width =   32
  MUL_MAT(type_a=bf16,type_b=f32,m=128,n=1,k=1057,bs=[4,1],nr=[4,1],per=[0,1,2,3],k_v=2113,o=1,src_overlap=0,m_v=0,pad=0): [1;32mOK[0m
  MUL_MAT(type_a=bf16,type_b=f32,m=1057,n=1,k=128,bs=[4,1],nr=[4,1],per=[0,2,1,3],k_v=0,o=1,src_overlap=0,m_v=0,pad=0): [1;32mOK[0m
  MUL_MAT(type_a=bf16,type_b=f32,m=129,n=1,k=1056,bs=[4,1],nr=[4,1],per=[0,1,2,3],k_v=2112,o=1,src_overlap=0,m_v=0,pad=0): [1;32mOK[0m
  MUL_MAT(type_a=bf16,type_b=f32,m=1057,n=1,k=129,bs=[4,1],nr=[4,1],per=[0,2,1,3],k_v=0,o=1,src_overlap=0,m_v=0,pad=0): [1;32mOK[0m
  MUL_MAT(type_a=bf16,type_b=f32,m=129,n=1,k=1057,bs=[4,1],nr=[4,1],per=[0,1,2,3],k_v=2113,o=1,src_overlap=0,m_v=0,pad=0): [1;32mOK[0m
ggml_metal_library_compile_pipeline: compiling pipeline: base = 'kernel_mul_mv_bf16_f32_4', name = 'kernel_mul_mv_bf16_f32_4_nsg=1_ne12=8_r2=1_r3=1_split=0'
ggml_metal_library_compile_pipeline: loaded kernel_mul_mv_bf16_f32_4_nsg=1_ne12=8_r2=1_r3=1_split=0     0x7b3a6dbb80 | th_max = 1024 | th_width =   32
  MUL_MAT(type_a=bf16,type_b=f32,m=1056,n=1,k=128,bs=[8,1],nr=[1,1],per=[0,2,1,3],k_v=0,o=1,src_overlap=0,m_v=0,pad=0): [1;32mOK[0m
ggml_metal_library_compile_pipeline: compiling pipeline: base = 'kernel_mul_mv_bf16_f32_4', name = 'kernel_mul_mv_bf16_f32_4_nsg=4_ne12=8_r2=1_r3=1_split=0'
ggml_metal_library_compile_pipeline: loaded kernel_mul_mv_bf16_f32_4_nsg=4_ne12=8_r2=1_r3=1_split=0     0x7b3a6d8700 | th_max = 1024 | th_width =   32
  MUL_MAT(type_a=bf16,type_b=f32,m=128,n=1,k=1056,bs=[8,1],nr=[1,1],per=[0,1,2,3],k_v=2112,o=1,src_overlap=0,m_v=0,pad=0): [1;32mOK[0m
ggml_metal_library_compile_pipeline: compiling pipeline: base = 'kernel_mul_mv_bf16_f32', name = 'kernel_mul_mv_bf16_f32_nsg=2_ne12=8_r2=1_r3=1_split=0'
ggml_metal_library_compile_pipeline: loaded kernel_mul_mv_bf16_f32_nsg=2_ne12=8_r2=1_r3=1_split=0     0x7b3a6d8380 | th_max = 1024 | th_width =   32
  MUL_MAT(type_a=bf16,type_b=f32,m=1056,n=1,k=129,bs=[8,1],nr=[1,1],per=[0,2,1,3],k_v=0,o=1,src_overlap=0,m_v=0,pad=0): [1;32mOK[0m
ggml_metal_library_compile_pipeline: compiling pipeline: base = 'kernel_mul_mv_bf16_f32', name = 'kernel_mul_mv_bf16_f32_nsg=4_ne12=8_r2=1_r3=1_split=0'
ggml_metal_library_compile_pipeline: loaded kernel_mul_mv_bf16_f32_nsg=4_ne12=8_r2=1_r3=1_split=0     0x7b3a6e0000 | th_max = 1024 | th_width =   32
  MUL_MAT(type_a=bf16,type_b=f32,m=128,n=1,k=1057,bs=[8,1],nr=[1,1],per=[0,1,2,3],k_v=2113,o=1,src_overlap=0,m_v=0,pad=0): [1;32mOK[0m
  MUL_MAT(type_a=bf16,type_b=f32,m=1057,n=1,k=128,bs=[8,1],nr=[1,1],per=[0,2,1,3],k_v=0,o=1,src_overlap=0,m_v=0,pad=0): [1;32mOK[0m
  MUL_MAT(type_a=bf16,type_b=f32,m=129,n=1,k=1056,bs=[8,1],nr=[1,1],per=[0,1,2,3],k_v=2112,o=1,src_overlap=0,m_v=0,pad=0): [1;32mOK[0m
  MUL_MAT(type_a=bf16,type_b=f32,m=1057,n=1,k=129,bs=[8,1],nr=[1,1],per=[0,2,1,3],k_v=0,o=1,src_overlap=0,m_v=0,pad=0): [1;32mOK[0m
  MUL_MAT(type_a=bf16,type_b=f32,m=129,n=1,k=1057,bs=[8,1],nr=[1,1],per=[0,1,2,3],k_v=2113,o=1,src_overlap=0,m_v=0,pad=0): [1;32mOK[0m
ggml_metal_library_compile_pipeline: compiling pipeline: base = 'kernel_mul_mv_bf16_f32_4', name = 'kernel_mul_mv_bf16_f32_4_nsg=1_ne12=32_r2=4_r3=1_split=0'
ggml_metal_library_compile_pipeline: loaded kernel_mul_mv_bf16_f32_4_nsg=1_ne12=32_r2=4_r3=1_split=0     0x7b3a6e0a80 | th_max = 1024 | th_width =   32
  MUL_MAT(type_a=bf16,type_b=f32,m=1056,n=1,k=128,bs=[8,1],nr=[4,1],per=[0,2,1,3],k_v=0,o=1,src_overlap=0,m_v=0,pad=0): [1;32mOK[0m
ggml_metal_library_compile_pipeline: compiling pipeline: base = 'kernel_mul_mv_bf16_f32_4', name = 'kernel_mul_mv_bf16_f32_4_nsg=4_ne12=32_r2=4_r3=1_split=0'
ggml_metal_library_compile_pipeline: loaded kernel_mul_mv_bf16_f32_4_nsg=4_ne12=32_r2=4_r3=1_split=0     0x7b3a6e0e00 | th_max = 1024 | th_width =   32
  MUL_MAT(type_a=bf16,type_b=f32,m=128,n=1,k=1056,bs=[8,1],nr=[4,1],per=[0,1,2,3],k_v=2112,o=1,src_overlap=0,m_v=0,pad=0): [1;32mOK[0m
ggml_metal_library_compile_pipeline: compiling pipeline: base = 'kernel_mul_mv_bf16_f32', name = 'kernel_mul_mv_bf16_f32_nsg=2_ne12=32_r2=4_r3=1_split=0'
ggml_metal_library_compile_pipeline: loaded kernel_mul_mv_bf16_f32_nsg=2_ne12=32_r2=4_r3=1_split=0     0x7b3a6e1180 | th_max = 1024 | th_width =   32
  MUL_MAT(type_a=bf16,type_b=f32,m=1056,n=1,k=129,bs=[8,1],nr=[4,1],per=[0,2,1,3],k_v=0,o=1,src_overlap=0,m_v=0,pad=0): [1;32mOK[0m
ggml_metal_library_compile_pipeline: compiling pipeline: base = 'kernel_mul_mv_bf16_f32', name = 'kernel_mul_mv_bf16_f32_nsg=4_ne12=32_r2=4_r3=1_split=0'
ggml_metal_library_compile_pipeline: loaded kernel_mul_mv_bf16_f32_nsg=4_ne12=32_r2=4_r3=1_split=0     0x7b3a6e1500 | th_max = 1024 | th_width =   32
  MUL_MAT(type_a=bf16,type_b=f32,m=128,n=1,k=1057,bs=[8,1],nr=[4,1],per=[0,1,2,3],k_v=2113,o=1,src_overlap=0,m_v=0,pad=0): [1;32mOK[0m
  MUL_MAT(type_a=bf16,type_b=f32,m=1057,n=1,k=128,bs=[8,1],nr=[4,1],per=[0,2,1,3],k_v=0,o=1,src_overlap=0,m_v=0,pad=0): [1;32mOK[0m
  MUL_MAT(type_a=bf16,type_b=f32,m=129,n=1,k=1056,bs=[8,1],nr=[4,1],per=[0,1,2,3],k_v=2112,o=1,src_overlap=0,m_v=0,pad=0): [1;32mOK[0m
  MUL_MAT(type_a=bf16,type_b=f32,m=1057,n=1,k=129,bs=[8,1],nr=[4,1],per=[0,2,1,3],k_v=0,o=1,src_overlap=0,m_v=0,pad=0): [1;32mOK[0m
  MUL_MAT(type_a=bf16,type_b=f32,m=129,n=1,k=1057,bs=[8,1],nr=[4,1],per=[0,1,2,3],k_v=2113,o=1,src_overlap=0,m_v=0,pad=0): [1;32mOK[0m
  MUL_MAT(type_a=bf16,type_b=f32,m=1056,n=1,k=128,bs=[1,3],nr=[1,1],per=[0,2,1,3],k_v=0,o=1,src_overlap=0,m_v=0,pad=0): [1;32mOK[0m
  MUL_MAT(type_a=bf16,type_b=f32,m=128,n=1,k=1056,bs=[1,3],nr=[1,1],per=[0,1,2,3],k_v=2112,o=1,src_overlap=0,m_v=0,pad=0): [1;32mOK[0m
  MUL_MAT(type_a=bf16,type_b=f32,m=1056,n=1,k=129,bs=[1,3],nr=[1,1],per=[0,2,1,3],k_v=0,o=1,src_overlap=0,m_v=0,pad=0): [1;32mOK[0m
  MUL_MAT(type_a=bf16,type_b=f32,m=128,n=1,k=1057,bs=[1,3],nr=[1,1],per=[0,1,2,3],k_v=2113,o=1,src_overlap=0,m_v=0,pad=0): [1;32mOK[0m
  MUL_MAT(type_a=bf16,type_b=f32,m=1057,n=1,k=128,bs=[1,3],nr=[1,1],per=[0,2,1,3],k_v=0,o=1,src_overlap=0,m_v=0,pad=0): [1;32mOK[0m
  MUL_MAT(type_a=bf16,type_b=f32,m=129,n=1,k=1056,bs=[1,3],nr=[1,1],per=[0,1,2,3],k_v=2112,o=1,src_overlap=0,m_v=0,pad=0): [1;32mOK[0m
  MUL_MAT(type_a=bf16,type_b=f32,m=1057,n=1,k=129,bs=[1,3],nr=[1,1],per=[0,2,1,3],k_v=0,o=1,src_overlap=0,m_v=0,pad=0): [1;32mOK[0m
  MUL_MAT(type_a=bf16,type_b=f32,m=129,n=1,k=1057,bs=[1,3],nr=[1,1],per=[0,1,2,3],k_v=2113,o=1,src_overlap=0,m_v=0,pad=0): [1;32mOK[0m
  MUL_MAT(type_a=bf16,type_b=f32,m=1056,n=1,k=128,bs=[1,3],nr=[4,1],per=[0,2,1,3],k_v=0,o=1,src_overlap=0,m_v=0,pad=0): [1;32mOK[0m
  MUL_MAT(type_a=bf16,type_b=f32,m=128,n=1,k=1056,bs=[1,3],nr=[4,1],per=[0,1,2,3],k_v=2112,o=1,src_overlap=0,m_v=0,pad=0): [1;32mOK[0m
  MUL_MAT(type_a=bf16,type_b=f32,m=1056,n=1,k=129,bs=[1,3],nr=[4,1],per=[0,2,1,3],k_v=0,o=1,src_overlap=0,m_v=0,pad=0): [1;32mOK[0m
  MUL_MAT(type_a=bf16,type_b=f32,m=128,n=1,k=1057,bs=[1,3],nr=[4,1],per=[0,1,2,3],k_v=2113,o=1,src_overlap=0,m_v=0,pad=0): [1;32mOK[0m
  MUL_MAT(type_a=bf16,type_b=f32,m=1057,n=1,k=128,bs=[1,3],nr=[4,1],per=[0,2,1,3],k_v=0,o=1,src_overlap=0,m_v=0,pad=0): [1;32mOK[0m
  MUL_MAT(type_a=bf16,type_b=f32,m=129,n=1,k=1056,bs=[1,3],nr=[4,1],per=[0,1,2,3],k_v=2112,o=1,src_overlap=0,m_v=0,pad=0): [1;32mOK[0m
  MUL_MAT(type_a=bf16,type_b=f32,m=1057,n=1,k=129,bs=[1,3],nr=[4,1],per=[0,2,1,3],k_v=0,o=1,src_overlap=0,m_v=0,pad=0): [1;32mOK[0m
  MUL_MAT(type_a=bf16,type_b=f32,m=129,n=1,k=1057,bs=[1,3],nr=[4,1],per=[0,1,2,3],k_v=2113,o=1,src_overlap=0,m_v=0,pad=0): [1;32mOK[0m
  MUL_MAT(type_a=bf16,type_b=f32,m=1056,n=1,k=128,bs=[2,3],nr=[1,1],per=[0,2,1,3],k_v=0,o=1,src_overlap=0,m_v=0,pad=0): [1;32mOK[0m
  MUL_MAT(type_a=bf16,type_b=f32,m=128,n=1,k=1056,bs=[2,3],nr=[1,1],per=[0,1,2,3],k_v=2112,o=1,src_overlap=0,m_v=0,pad=0): [1;32mOK[0m
  MUL_MAT(type_a=bf16,type_b=f32,m=1056,n=1,k=129,bs=[2,3],nr=[1,1],per=[0,2,1,3],k_v=0,o=1,src_overlap=0,m_v=0,pad=0): [1;32mOK[0m
  MUL_MAT(type_a=bf16,type_b=f32,m=128,n=1,k=1057,bs=[2,3],nr=[1,1],per=[0,1,2,3],k_v=2113,o=1,src_overlap=0,m_v=0,pad=0): [1;32mOK[0m
  MUL_MAT(type_a=bf16,type_b=f32,m=1057,n=1,k=128,bs=[2,3],nr=[1,1],per=[0,2,1,3],k_v=0,o=1,src_overlap=0,m_v=0,pad=0): [1;32mOK[0m
  MUL_MAT(type_a=bf16,type_b=f32,m=129,n=1,k=1056,bs=[2,3],nr=[1,1],per=[0,1,2,3],k_v=2112,o=1,src_overlap=0,m_v=0,pad=0): [1;32mOK[0m
  MUL_MAT(type_a=bf16,type_b=f32,m=1057,n=1,k=129,bs=[2,3],nr=[1,1],per=[0,2,1,3],k_v=0,o=1,src_overlap=0,m_v=0,pad=0): [1;32mOK[0m
  MUL_MAT(type_a=bf16,type_b=f32,m=129,n=1,k=1057,bs=[2,3],nr=[1,1],per=[0,1,2,3],k_v=2113,o=1,src_overlap=0,m_v=0,pad=0): [1;32mOK[0m
  MUL_MAT(type_a=bf16,type_b=f32,m=1056,n=1,k=128,bs=[2,3],nr=[4,1],per=[0,2,1,3],k_v=0,o=1,src_overlap=0,m_v=0,pad=0): [1;32mOK[0m
  MUL_MAT(type_a=bf16,type_b=f32,m=128,n=1,k=1056,bs=[2,3],nr=[4,1],per=[0,1,2,3],k_v=2112,o=1,src_overlap=0,m_v=0,pad=0): [1;32mOK[0m
  MUL_MAT(type_a=bf16,type_b=f32,m=1056,n=1,k=129,bs=[2,3],nr=[4,1],per=[0,2,1,3],k_v=0,o=1,src_overlap=0,m_v=0,pad=0): [1;32mOK[0m
  MUL_MAT(type_a=bf16,type_b=f32,m=128,n=1,k=1057,bs=[2,3],nr=[4,1],per=[0,1,2,3],k_v=2113,o=1,src_overlap=0,m_v=0,pad=0): [1;32mOK[0m
  MUL_MAT(type_a=bf16,type_b=f32,m=1057,n=1,k=128,bs=[2,3],nr=[4,1],per=[0,2,1,3],k_v=0,o=1,src_overlap=0,m_v=0,pad=0): [1;32mOK[0m
  MUL_MAT(type_a=bf16,type_b=f32,m=129,n=1,k=1056,bs=[2,3],nr=[4,1],per=[0,1,2,3],k_v=2112,o=1,src_overlap=0,m_v=0,pad=0): [1;32mOK[0m
  MUL_MAT(type_a=bf16,type_b=f32,m=1057,n=1,k=129,bs=[2,3],nr=[4,1],per=[0,2,1,3],k_v=0,o=1,src_overlap=0,m_v=0,pad=0): [1;32mOK[0m
  MUL_MAT(type_a=bf16,type_b=f32,m=129,n=1,k=1057,bs=[2,3],nr=[4,1],per=[0,1,2,3],k_v=2113,o=1,src_overlap=0,m_v=0,pad=0): [1;32mOK[0m
  MUL_MAT(type_a=bf16,type_b=f32,m=1056,n=1,k=128,bs=[4,3],nr=[1,1],per=[0,2,1,3],k_v=0,o=1,src_overlap=0,m_v=0,pad=0): [1;32mOK[0m
  MUL_MAT(type_a=bf16,type_b=f32,m=128,n=1,k=1056,bs=[4,3],nr=[1,1],per=[0,1,2,3],k_v=2112,o=1,src_overlap=0,m_v=0,pad=0): [1;32mOK[0m
  MUL_MAT(type_a=bf16,type_b=f32,m=1056,n=1,k=129,bs=[4,3],nr=[1,1],per=[0,2,1,3],k_v=0,o=1,src_overlap=0,m_v=0,pad=0): [1;32mOK[0m
  MUL_MAT(type_a=bf16,type_b=f32,m=128,n=1,k=1057,bs=[4,3],nr=[1,1],per=[0,1,2,3],k_v=2113,o=1,src_overlap=0,m_v=0,pad=0): [1;32mOK[0m
  MUL_MAT(type_a=bf16,type_b=f32,m=1057,n=1,k=128,bs=[4,3],nr=[1,1],per=[0,2,1,3],k_v=0,o=1,src_overlap=0,m_v=0,pad=0): [1;32mOK[0m
  MUL_MAT(type_a=bf16,type_b=f32,m=129,n=1,k=1056,bs=[4,3],nr=[1,1],per=[0,1,2,3],k_v=2112,o=1,src_overlap=0,m_v=0,pad=0): [1;32mOK[0m
  MUL_MAT(type_a=bf16,type_b=f32,m=1057,n=1,k=129,bs=[4,3],nr=[1,1],per=[0,2,1,3],k_v=0,o=1,src_overlap=0,m_v=0,pad=0): [1;32mOK[0m
  MUL_MAT(type_a=bf16,type_b=f32,m=129,n=1,k=1057,bs=[4,3],nr=[1,1],per=[0,1,2,3],k_v=2113,o=1,src_overlap=0,m_v=0,pad=0): [1;32mOK[0m
  MUL_MAT(type_a=bf16,type_b=f32,m=1056,n=1,k=128,bs=[4,3],nr=[4,1],per=[0,2,1,3],k_v=0,o=1,src_overlap=0,m_v=0,pad=0): [1;32mOK[0m
  MUL_MAT(type_a=bf16,type_b=f32,m=128,n=1,k=1056,bs=[4,3],nr=[4,1],per=[0,1,2,3],k_v=2112,o=1,src_overlap=0,m_v=0,pad=0): [1;32mOK[0m
  MUL_MAT(type_a=bf16,type_b=f32,m=1056,n=1,k=129,bs=[4,3],nr=[4,1],per=[0,2,1,3],k_v=0,o=1,src_overlap=0,m_v=0,pad=0): [1;32mOK[0m
  MUL_MAT(type_a=bf16,type_b=f32,m=128,n=1,k=1057,bs=[4,3],nr=[4,1],per=[0,1,2,3],k_v=2113,o=1,src_overlap=0,m_v=0,pad=0): [1;32mOK[0m
  MUL_MAT(type_a=bf16,type_b=f32,m=1057,n=1,k=128,bs=[4,3],nr=[4,1],per=[0,2,1,3],k_v=0,o=1,src_overlap=0,m_v=0,pad=0): [1;32mOK[0m
  MUL_MAT(type_a=bf16,type_b=f32,m=129,n=1,k=1056,bs=[4,3],nr=[4,1],per=[0,1,2,3],k_v=2112,o=1,src_overlap=0,m_v=0,pad=0): [1;32mOK[0m
  MUL_MAT(type_a=bf16,type_b=f32,m=1057,n=1,k=129,bs=[4,3],nr=[4,1],per=[0,2,1,3],k_v=0,o=1,src_overlap=0,m_v=0,pad=0): [1;32mOK[0m
  MUL_MAT(type_a=bf16,type_b=f32,m=129,n=1,k=1057,bs=[4,3],nr=[4,1],per=[0,1,2,3],k_v=2113,o=1,src_overlap=0,m_v=0,pad=0): [1;32mOK[0m
  MUL_MAT(type_a=bf16,type_b=f32,m=1056,n=1,k=128,bs=[8,3],nr=[1,1],per=[0,2,1,3],k_v=0,o=1,src_overlap=0,m_v=0,pad=0): [1;32mOK[0m
  MUL_MAT(type_a=bf16,type_b=f32,m=128,n=1,k=1056,bs=[8,3],nr=[1,1],per=[0,1,2,3],k_v=2112,o=1,src_overlap=0,m_v=0,pad=0): [1;32mOK[0m
  MUL_MAT(type_a=bf16,type_b=f32,m=1056,n=1,k=129,bs=[8,3],nr=[1,1],per=[0,2,1,3],k_v=0,o=1,src_overlap=0,m_v=0,pad=0): [1;32mOK[0m
  MUL_MAT(type_a=bf16,type_b=f32,m=128,n=1,k=1057,bs=[8,3],nr=[1,1],per=[0,1,2,3],k_v=2113,o=1,src_overlap=0,m_v=0,pad=0): [1;32mOK[0m
  MUL_MAT(type_a=bf16,type_b=f32,m=1057,n=1,k=128,bs=[8,3],nr=[1,1],per=[0,2,1,3],k_v=0,o=1,src_overlap=0,m_v=0,pad=0): [1;32mOK[0m
  MUL_MAT(type_a=bf16,type_b=f32,m=129,n=1,k=1056,bs=[8,3],nr=[1,1],per=[0,1,2,3],k_v=2112,o=1,src_overlap=0,m_v=0,pad=0): [1;32mOK[0m
  MUL_MAT(type_a=bf16,type_b=f32,m=1057,n=1,k=129,bs=[8,3],nr=[1,1],per=[0,2,1,3],k_v=0,o=1,src_overlap=0,m_v=0,pad=0): [1;32mOK[0m
  MUL_MAT(type_a=bf16,type_b=f32,m=129,n=1,k=1057,bs=[8,3],nr=[1,1],per=[0,1,2,3],k_v=2113,o=1,src_overlap=0,m_v=0,pad=0): [1;32mOK[0m
  MUL_MAT(type_a=bf16,type_b=f32,m=1056,n=1,k=128,bs=[8,3],nr=[4,1],per=[0,2,1,3],k_v=0,o=1,src_overlap=0,m_v=0,pad=0): [1;32mOK[0m
  MUL_MAT(type_a=bf16,type_b=f32,m=128,n=1,k=1056,bs=[8,3],nr=[4,1],per=[0,1,2,3],k_v=2112,o=1,src_overlap=0,m_v=0,pad=0): [1;32mOK[0m
  MUL_MAT(type_a=bf16,type_b=f32,m=1056,n=1,k=129,bs=[8,3],nr=[4,1],per=[0,2,1,3],k_v=0,o=1,src_overlap=0,m_v=0,pad=0): [1;32mOK[0m
  MUL_MAT(type_a=bf16,type_b=f32,m=128,n=1,k=1057,bs=[8,3],nr=[4,1],per=[0,1,2,3],k_v=2113,o=1,src_overlap=0,m_v=0,pad=0): [1;32mOK[0m
  MUL_MAT(type_a=bf16,type_b=f32,m=1057,n=1,k=128,bs=[8,3],nr=[4,1],per=[0,2,1,3],k_v=0,o=1,src_overlap=0,m_v=0,pad=0): [1;32mOK[0m
  MUL_MAT(type_a=bf16,type_b=f32,m=129,n=1,k=1056,bs=[8,3],nr=[4,1],per=[0,1,2,3],k_v=2112,o=1,src_overlap=0,m_v=0,pad=0): [1;32mOK[0m
  MUL_MAT(type_a=bf16,type_b=f32,m=1057,n=1,k=129,bs=[8,3],nr=[4,1],per=[0,2,1,3],k_v=0,o=1,src_overlap=0,m_v=0,pad=0): [1;32mOK[0m
  MUL_MAT(type_a=bf16,type_b=f32,m=129,n=1,k=1057,bs=[8,3],nr=[4,1],per=[0,1,2,3],k_v=2113,o=1,src_overlap=0,m_v=0,pad=0): [1;32mOK[0m
ggml_metal_library_compile_pipeline: compiling pipeline: base = 'kernel_mul_mv_id_bf16_f32', name = 'kernel_mul_mv_id_bf16_f32_nsg=1_split=0'
ggml_metal_library_compile_pipeline: loaded kernel_mul_mv_id_bf16_f32_nsg=1_split=0      0x7b3a6e0380 | th_max = 1024 | th_width =   32
  MUL_MAT_ID(type_a=bf16,type_b=f32,n_mats=4,n_used=2,b=0,m=64,n=16,k=3,amax=1.000000,m_v=0): [1;32mOK[0m
ggml_metal_library_compile_pipeline: compiling pipeline: base = 'kernel_mul_mv_id_q2_0_f32', name = 'kernel_mul_mv_id_q2_0_f32_nsg=2_split=0'
ggml_metal_library_compile_pipeline: loaded kernel_mul_mv_id_q2_0_f32_nsg=2_split=0      0x7b3a6e1880 | th_max = 1024 | th_width =   32
  MUL_MAT_ID(type_a=q2_0,type_b=f32,n_mats=4,n_used=2,b=0,m=64,n=16,k=192,amax=1.000000,m_v=0): [1;32mOK[0m
ggml_metal_library_compile_pipeline: compiling pipeline: base = 'kernel_mul_mv_id_q3_K_f32', name = 'kernel_mul_mv_id_q3_K_f32_nsg=2_split=0'
ggml_metal_library_compile_pipeline: loaded kernel_mul_mv_id_q3_K_f32_nsg=2_split=0      0x7b3a6e0700 | th_max = 1024 | th_width =   32
  MUL_MAT_ID(type_a=q3_K,type_b=f32,n_mats=4,n_used=2,b=0,m=64,n=16,k=768,amax=1.000000,m_v=0): [1;32mOK[0m
ggml_metal_library_compile_pipeline: compiling pipeline: base = 'kernel_mul_mv_id_q5_K_f32', name = 'kernel_mul_mv_id_q5_K_f32_nsg=2_split=0'
ggml_metal_library_compile_pipeline: loaded kernel_mul_mv_id_q5_K_f32_nsg=2_split=0      0x7b3a6e1c00 | th_max = 1024 | th_width =   32
  MUL_MAT_ID(type_a=q5_K,type_b=f32,n_mats=4,n_used=2,b=0,m=64,n=16,k=768,amax=1.000000,m_v=0): [1;32mOK[0m
ggml_metal_library_compile_pipeline: compiling pipeline: base = 'kernel_mul_mv_id_iq4_nl_f32', name = 'kernel_mul_mv_id_iq4_nl_f32_nsg=2_split=0'
ggml_metal_library_compile_pipeline: loaded kernel_mul_mv_id_iq4_nl_f32_nsg=2_split=0     0x7b3a6e1f80 | th_max = 1024 | th_width =   32
  MUL_MAT_ID(type_a=iq4_nl,type_b=f32,n_mats=4,n_used=2,b=0,m=64,n=16,k=96,amax=1.000000,m_v=0): [1;32mOK[0m
ggml_metal_library_compile_pipeline: compiling pipeline: base = 'kernel_mul_mv_id_iq4_xs_f32', name = 'kernel_mul_mv_id_iq4_xs_f32_nsg=2_split=0'
ggml_metal_library_compile_pipeline: loaded kernel_mul_mv_id_iq4_xs_f32_nsg=2_split=0     0x7b3a6e2300 | th_max = 1024 | th_width =   32
  MUL_MAT_ID(type_a=iq4_xs,type_b=f32,n_mats=4,n_used=2,b=0,m=64,n=16,k=768,amax=1.000000,m_v=0): [1;32mOK[0m
  MUL_MAT_ID(type_a=q2_0,type_b=f32,n_mats=4,n_used=1,b=0,m=512,n=1,k=256,amax=1.000000,m_v=0): [1;32mOK[0m
  MUL_MAT_ID(type_a=q2_0,type_b=f32,n_mats=4,n_used=1,b=0,m=512,n=4,k=256,amax=1.000000,m_v=0): [1;32mOK[0m
  MUL_MAT_ID(type_a=q2_0,type_b=f32,n_mats=4,n_used=1,b=0,m=512,n=5,k=256,amax=1.000000,m_v=0): [1;32mOK[0m
ggml_metal_library_compile_pipeline: compiling pipeline: base = 'kernel_mul_mm_id_map0_ne20_1', name = 'kernel_mul_mm_id_map0_ne20_1_ne02=4'
ggml_metal_library_compile_pipeline: loaded kernel_mul_mm_id_map0_ne20_1_ne02=4          0x7b3a6e2680 | th_max = 1024 | th_width =   32
ggml_metal_library_compile_pipeline: compiling pipeline: base = 'kernel_mul_mm_id_q2_0_f32', name = 'kernel_mul_mm_id_q2_0_f32_bci=0_amax=0'
ggml_metal_library_compile_pipeline: loaded kernel_mul_mm_id_q2_0_f32_bci=0_amax=0       0x7b3a6e3100 | th_max = 1024 | th_width =   32
  MUL_MAT_ID(type_a=q2_0,type_b=f32,n_mats=4,n_used=1,b=0,m=512,n=32,k=256,amax=1.000000,m_v=0): [1;32mOK[0m
  MUL_MAT_ID(type_a=q2_0,type_b=f32,n_mats=4,n_used=1,b=1,m=512,n=1,k=256,amax=1.000000,m_v=0): [1;32mOK[0m
  MUL_MAT_ID(type_a=q2_0,type_b=f32,n_mats=4,n_used=1,b=1,m=512,n=4,k=256,amax=1.000000,m_v=0): [1;32mOK[0m
  MUL_MAT_ID(type_a=q2_0,type_b=f32,n_mats=4,n_used=1,b=1,m=512,n=5,k=256,amax=1.000000,m_v=0): [1;32mOK[0m
  MUL_MAT_ID(type_a=q2_0,type_b=f32,n_mats=4,n_used=1,b=1,m=512,n=32,k=256,amax=1.000000,m_v=0): [1;32mOK[0m
  MUL_MAT_ID(type_a=q2_0,type_b=f32,n_mats=4,n_used=2,b=0,m=512,n=1,k=256,amax=1.000000,m_v=0): [1;32mOK[0m
  MUL_MAT_ID(type_a=q2_0,type_b=f32,n_mats=4,n_used=2,b=0,m=512,n=4,k=256,amax=1.000000,m_v=0): [1;32mOK[0m
  MUL_MAT_ID(type_a=q2_0,type_b=f32,n_mats=4,n_used=2,b=0,m=512,n=5,k=256,amax=1.000000,m_v=0): [1;32mOK[0m
ggml_metal_library_compile_pipeline: compiling pipeline: base = 'kernel_mul_mm_id_map0_ne20_2', name = 'kernel_mul_mm_id_map0_ne20_2_ne02=4'
ggml_metal_library_compile_pipeline: loaded kernel_mul_mm_id_map0_ne20_2_ne02=4          0x7b3a6e2d80 | th_max = 1024 | th_width =   32
  MUL_MAT_ID(type_a=q2_0,type_b=f32,n_mats=4,n_used=2,b=0,m=512,n=32,k=256,amax=1.000000,m_v=0): [1;32mOK[0m
  MUL_MAT_ID(type_a=q2_0,type_b=f32,n_mats=4,n_used=2,b=1,m=512,n=1,k=256,amax=1.000000,m_v=0): [1;32mOK[0m
  MUL_MAT_ID(type_a=q2_0,type_b=f32,n_mats=4,n_used=2,b=1,m=512,n=4,k=256,amax=1.000000,m_v=0): [1;32mOK[0m
  MUL_MAT_ID(type_a=q2_0,type_b=f32,n_mats=4,n_used=2,b=1,m=512,n=5,k=256,amax=1.000000,m_v=0): [1;32mOK[0m
  MUL_MAT_ID(type_a=q2_0,type_b=f32,n_mats=4,n_used=2,b=1,m=512,n=32,k=256,amax=1.000000,m_v=0): [1;32mOK[0m
  MUL_MAT_ID(type_a=q2_0,type_b=f32,n_mats=4,n_used=4,b=0,m=512,n=1,k=256,amax=1.000000,m_v=0): [1;32mOK[0m
  MUL_MAT_ID(type_a=q2_0,type_b=f32,n_mats=4,n_used=4,b=0,m=512,n=4,k=256,amax=1.000000,m_v=0): [1;32mOK[0m
  MUL_MAT_ID(type_a=q2_0,type_b=f32,n_mats=4,n_used=4,b=0,m=512,n=5,k=256,amax=1.000000,m_v=0): [1;32mOK[0m
ggml_metal_library_compile_pipeline: compiling pipeline: base = 'kernel_mul_mm_id_map0_ne20_4', name = 'kernel_mul_mm_id_map0_ne20_4_ne02=4'
ggml_metal_library_compile_pipeline: loaded kernel_mul_mm_id_map0_ne20_4_ne02=4          0x7b3a6e3480 | th_max = 1024 | th_width =   32
  MUL_MAT_ID(type_a=q2_0,type_b=f32,n_mats=4,n_used=4,b=0,m=512,n=32,k=256,amax=1.000000,m_v=0): [1;32mOK[0m
  MUL_MAT_ID(type_a=q2_0,type_b=f32,n_mats=4,n_used=4,b=1,m=512,n=1,k=256,amax=1.000000,m_v=0): [1;32mOK[0m
  MUL_MAT_ID(type_a=q2_0,type_b=f32,n_mats=4,n_used=4,b=1,m=512,n=4,k=256,amax=1.000000,m_v=0): [1;32mOK[0m
  MUL_MAT_ID(type_a=q2_0,type_b=f32,n_mats=4,n_used=4,b=1,m=512,n=5,k=256,amax=1.000000,m_v=0): [1;32mOK[0m
  MUL_MAT_ID(type_a=q2_0,type_b=f32,n_mats=4,n_used=4,b=1,m=512,n=32,k=256,amax=1.000000,m_v=0): [1;32mOK[0m
  MUL_MAT_ID(type_a=q2_0,type_b=f32,n_mats=8,n_used=1,b=0,m=512,n=1,k=256,amax=1.000000,m_v=0): [1;32mOK[0m
  MUL_MAT_ID(type_a=q2_0,type_b=f32,n_mats=8,n_used=1,b=0,m=512,n=4,k=256,amax=1.000000,m_v=0): [1;32mOK[0m
  MUL_MAT_ID(type_a=q2_0,type_b=f32,n_mats=8,n_used=1,b=0,m=512,n=5,k=256,amax=1.000000,m_v=0): [1;32mOK[0m
ggml_metal_library_compile_pipeline: compiling pipeline: base = 'kernel_mul_mm_id_map0_ne20_1', name = 'kernel_mul_mm_id_map0_ne20_1_ne02=8'
ggml_metal_library_compile_pipeline: loaded kernel_mul_mm_id_map0_ne20_1_ne02=8          0x7b3a6e2a00 | th_max = 1024 | th_width =   32
  MUL_MAT_ID(type_a=q2_0,type_b=f32,n_mats=8,n_used=1,b=0,m=512,n=32,k=256,amax=1.000000,m_v=0): [1;32mOK[0m
  MUL_MAT_ID(type_a=q2_0,type_b=f32,n_mats=8,n_used=1,b=1,m=512,n=1,k=256,amax=1.000000,m_v=0): [1;32mOK[0m
  MUL_MAT_ID(type_a=q2_0,type_b=f32,n_mats=8,n_used=1,b=1,m=512,n=4,k=256,amax=1.000000,m_v=0): [1;32mOK[0m
  MUL_MAT_ID(type_a=q2_0,type_b=f32,n_mats=8,n_used=1,b=1,m=512,n=5,k=256,amax=1.000000,m_v=0): [1;32mOK[0m
  MUL_MAT_ID(type_a=q2_0,type_b=f32,n_mats=8,n_used=1,b=1,m=512,n=32,k=256,amax=1.000000,m_v=0): [1;32mOK[0m
  MUL_MAT_ID(type_a=q2_0,type_b=f32,n_mats=8,n_used=2,b=0,m=512,n=1,k=256,amax=1.000000,m_v=0): [1;32mOK[0m
  MUL_MAT_ID(type_a=q2_0,type_b=f32,n_mats=8,n_used=2,b=0,m=512,n=4,k=256,amax=1.000000,m_v=0): [1;32mOK[0m
  MUL_MAT_ID(type_a=q2_0,type_b=f32,n_mats=8,n_used=2,b=0,m=512,n=5,k=256,amax=1.000000,m_v=0): [1;32mOK[0m
ggml_metal_library_compile_pipeline: compiling pipeline: base = 'kernel_mul_mm_id_map0_ne20_2', name = 'kernel_mul_mm_id_map0_ne20_2_ne02=8'
ggml_metal_library_compile_pipeline: loaded kernel_mul_mm_id_map0_ne20_2_ne02=8          0x7b3a6b6d80 | th_max = 1024 | th_width =   32
  MUL_MAT_ID(type_a=q2_0,type_b=f32,n_mats=8,n_used=2,b=0,m=512,n=32,k=256,amax=1.000000,m_v=0): [1;32mOK[0m
  MUL_MAT_ID(type_a=q2_0,type_b=f32,n_mats=8,n_used=2,b=1,m=512,n=1,k=256,amax=1.000000,m_v=0): [1;32mOK[0m
  MUL_MAT_ID(type_a=q2_0,type_b=f32,n_mats=8,n_used=2,b=1,m=512,n=4,k=256,amax=1.000000,m_v=0): [1;32mOK[0m
  MUL_MAT_ID(type_a=q2_0,type_b=f32,n_mats=8,n_used=2,b=1,m=512,n=5,k=256,amax=1.000000,m_v=0): [1;32mOK[0m
  MUL_MAT_ID(type_a=q2_0,type_b=f32,n_mats=8,n_used=2,b=1,m=512,n=32,k=256,amax=1.000000,m_v=0): [1;32mOK[0m
  MUL_MAT_ID(type_a=q2_0,type_b=f32,n_mats=8,n_used=4,b=0,m=512,n=1,k=256,amax=1.000000,m_v=0): [1;32mOK[0m
  MUL_MAT_ID(type_a=q2_0,type_b=f32,n_mats=8,n_used=4,b=0,m=512,n=4,k=256,amax=1.000000,m_v=0): [1;32mOK[0m
  MUL_MAT_ID(type_a=q2_0,type_b=f32,n_mats=8,n_used=4,b=0,m=512,n=5,k=256,amax=1.000000,m_v=0): [1;32mOK[0m
ggml_metal_library_compile_pipeline: compiling pipeline: base = 'kernel_mul_mm_id_map0_ne20_4', name = 'kernel_mul_mm_id_map0_ne20_4_ne02=8'
ggml_metal_library_compile_pipeline: loaded kernel_mul_mm_id_map0_ne20_4_ne02=8          0x7b3a6e3b80 | th_max = 1024 | th_width =   32
  MUL_MAT_ID(type_a=q2_0,type_b=f32,n_mats=8,n_used=4,b=0,m=512,n=32,k=256,amax=1.000000,m_v=0): [1;32mOK[0m
  MUL_MAT_ID(type_a=q2_0,type_b=f32,n_mats=8,n_used=4,b=1,m=512,n=1,k=256,amax=1.000000,m_v=0): [1;32mOK[0m
  MUL_MAT_ID(type_a=q2_0,type_b=f32,n_mats=8,n_used=4,b=1,m=512,n=4,k=256,amax=1.000000,m_v=0): [1;32mOK[0m
  MUL_MAT_ID(type_a=q2_0,type_b=f32,n_mats=8,n_used=4,b=1,m=512,n=5,k=256,amax=1.000000,m_v=0): [1;32mOK[0m
  MUL_MAT_ID(type_a=q2_0,type_b=f32,n_mats=8,n_used=4,b=1,m=512,n=32,k=256,amax=1.000000,m_v=0): [1;32mOK[0m
  MUL_MAT_ID(type_a=q2_0,type_b=f32,n_mats=4,n_used=2,b=0,m=512,n=1,k=256,amax=1.000000,m_v=0): [1;32mOK[0m
  MUL_MAT_ID(type_a=q2_0,type_b=f32,n_mats=4,n_used=2,b=0,m=512,n=32,k=256,amax=1.000000,m_v=0): [1;32mOK[0m
  MUL_MAT_ID(type_a=q3_K,type_b=f32,n_mats=4,n_used=2,b=0,m=512,n=1,k=256,amax=1.000000,m_v=0): [1;32mOK[0m
ggml_metal_library_compile_pipeline: compiling pipeline: base = 'kernel_mul_mm_id_q3_K_f32', name = 'kernel_mul_mm_id_q3_K_f32_bci=0_amax=0'
ggml_metal_library_compile_pipeline: loaded kernel_mul_mm_id_q3_K_f32_bci=0_amax=0       0x7b3a704380 | th_max = 1024 | th_width =   32
  MUL_MAT_ID(type_a=q3_K,type_b=f32,n_mats=4,n_used=2,b=0,m=512,n=32,k=256,amax=1.000000,m_v=0): [1;32mOK[0m
  MUL_MAT_ID(type_a=q5_K,type_b=f32,n_mats=4,n_used=2,b=0,m=512,n=1,k=256,amax=1.000000,m_v=0): [1;32mOK[0m
ggml_metal_library_compile_pipeline: compiling pipeline: base = 'kernel_mul_mm_id_q5_K_f32', name = 'kernel_mul_mm_id_q5_K_f32_bci=0_amax=0'
ggml_metal_library_compile_pipeline: loaded kernel_mul_mm_id_q5_K_f32_bci=0_amax=0       0x7b3a704700 | th_max = 1024 | th_width =   32
  MUL_MAT_ID(type_a=q5_K,type_b=f32,n_mats=4,n_used=2,b=0,m=512,n=32,k=256,amax=1.000000,m_v=0): [1;32mOK[0m
  MUL_MAT_ID(type_a=iq4_nl,type_b=f32,n_mats=4,n_used=2,b=0,m=512,n=1,k=256,amax=1.000000,m_v=0): [1;32mOK[0m
ggml_metal_library_compile_pipeline: compiling pipeline: base = 'kernel_mul_mm_id_iq4_nl_f32', name = 'kernel_mul_mm_id_iq4_nl_f32_bci=0_amax=0'
ggml_metal_library_compile_pipeline: loaded kernel_mul_mm_id_iq4_nl_f32_bci=0_amax=0     0x7b3a704000 | th_max = 1024 | th_width =   32
  MUL_MAT_ID(type_a=iq4_nl,type_b=f32,n_mats=4,n_used=2,b=0,m=512,n=32,k=256,amax=1.000000,m_v=0): [1;32mOK[0m
  MUL_MAT_ID(type_a=iq4_xs,type_b=f32,n_mats=4,n_used=2,b=0,m=512,n=1,k=256,amax=1.000000,m_v=0): [1;32mOK[0m
ggml_metal_library_compile_pipeline: compiling pipeline: base = 'kernel_mul_mm_id_iq4_xs_f32', name = 'kernel_mul_mm_id_iq4_xs_f32_bci=0_amax=0'
ggml_metal_library_compile_pipeline: loaded kernel_mul_mm_id_iq4_xs_f32_bci=0_amax=0     0x7b3a704a80 | th_max = 1024 | th_width =   32
  MUL_MAT_ID(type_a=iq4_xs,type_b=f32,n_mats=4,n_used=2,b=0,m=512,n=32,k=256,amax=1.000000,m_v=0): [1;32mOK[0m
ggml_metal_library_compile_pipeline: compiling pipeline: base = 'kernel_mul_mv_id_bf16_f32_4', name = 'kernel_mul_mv_id_bf16_f32_4_nsg=2_split=0'
ggml_metal_library_compile_pipeline: loaded kernel_mul_mv_id_bf16_f32_4_nsg=2_split=0     0x7b3a705180 | th_max = 1024 | th_width =   32
  MUL_MAT_ID(type_a=bf16,type_b=f32,n_mats=4,n_used=2,b=0,m=512,n=1,k=256,amax=1.000000,m_v=0): [1;32mOK[0m
ggml_metal_library_compile_pipeline: compiling pipeline: base = 'kernel_mul_mm_id_bf16_f32', name = 'kernel_mul_mm_id_bf16_f32_bci=0_amax=0'
ggml_metal_library_compile_pipeline: loaded kernel_mul_mm_id_bf16_f32_bci=0_amax=0       0x7b3a704e00 | th_max = 1024 | th_width =   32
  MUL_MAT_ID(type_a=bf16,type_b=f32,n_mats=4,n_used=2,b=0,m=512,n=32,k=256,amax=1.000000,m_v=0): [1;32mOK[0m
ggml_metal_free: deallocating
  572/572 tests passed
  Backend MTL0: [1;32mOK[0m
Backend 2/3: BLAS
  Skipping
Backend 3/3: CPU
  Skipping
3/3 backends passed
[1;32mOK[0m
